product_id,handle,title,online_store_url,desktop_http_status,desktop_final_url,desktop_x_robots_tag,desktop_meta_robots,desktop_title,desktop_blocked_reasons,desktop_error,mobile_http_status,mobile_final_url,mobile_x_robots_tag,mobile_meta_robots,mobile_title,mobile_blocked_reasons,mobile_error,blocked_on_either
6529286981,casual-family-matching-outfits-mother-and-daughter-tees-father-and-son-t-shirts-mommy-and-baby-clothes-family-clothing,Family Matching Peppa Pig Cotton T-Shirt,https://www.dresslikemommy.com/products/casual-family-matching-outfits-mother-and-daughter-tees-father-and-son-t-shirts-mommy-and-baby-clothes-family-clothing,200,https://www.dresslikemommy.com/products/casual-family-matching-outfits-mother-and-daughter-tees-father-and-son-t-shirts-mommy-and-baby-clothes-family-clothing,,,Family Matching Sets - Matching Style | Dress Like Mommy,,,200,https://www.dresslikemommy.com/products/casual-family-matching-outfits-mother-and-daughter-tees-father-and-son-t-shirts-mommy-and-baby-clothes-family-clothing,,,Family Matching Sets - Matching Style | Dress Like Mommy,,,false
548423041054,mommy-and-me-matching-floral-long-sleeve-maxi-dresses-with-pockets,Matching Floral Long-Sleeve Maxi Dresses with Pockets | DLM,https://www.dresslikemommy.com/products/mommy-and-me-matching-floral-long-sleeve-maxi-dresses-with-pockets,200,https://www.dresslikemommy.com/products/mommy-and-me-matching-floral-long-sleeve-maxi-dresses-with-pockets,,,Mommy and Me Maxi Dresses - Floral Print | Dress Like Mommy,,,200,https://www.dresslikemommy.com/products/mommy-and-me-matching-floral-long-sleeve-maxi-dresses-with-pockets,,,Mommy and Me Maxi Dresses - Floral Print | Dress Like Mommy,,,false
739200696417,backless-striped-jumpsuit,Backless Striped Jumpsuit,https://www.dresslikemommy.com/products/backless-striped-jumpsuit,200,https://www.dresslikemommy.com/products/backless-striped-jumpsuit,,,Mommy and Me Jumpsuits - Striped | Dress Like Mommy,,,200,https://www.dresslikemommy.com/products/backless-striped-jumpsuit,,,Mommy and Me Jumpsuits - Striped | Dress Like Mommy,,,false
4605568483425,matching-hand-painted-family-four-t-shirt,Matching Hand-Painted Family Four T-Shirt,https://www.dresslikemommy.com/products/matching-hand-painted-family-four-t-shirt,200,https://www.dresslikemommy.com/products/matching-hand-painted-family-four-t-shirt,,,Family Matching T-Shirts - Matching Style | Dress Like Mommy,,,200,https://www.dresslikemommy.com/products/matching-hand-painted-family-four-t-shirt,,,Family Matching T-Shirts - Matching Style | Dress Like Mommy,,,false
4617147416673,father-and-child-pilot-co-pilot-matching-t-shirt-set-perfect-for-daddy-me-outfits,"Father and Child ""Pilot & Co-Pilot"" Matching T-Shir... | DLM",https://www.dresslikemommy.com/products/father-and-child-pilot-co-pilot-matching-t-shirt-set-perfect-for-daddy-me-outfits,200,https://www.dresslikemommy.com/products/father-and-child-pilot-co-pilot-matching-t-shirt-set-perfect-for-daddy-me-outfits,,,Family Matching Sets - Graphic Print | Dress Like Mommy,,,200,https://www.dresslikemommy.com/products/father-and-child-pilot-co-pilot-matching-t-shirt-set-perfect-for-daddy-me-outfits,,,Family Matching Sets - Graphic Print | Dress Like Mommy,,,false
4617229074529,daddy-me-my-best-lady-my-best-man,"Matching Daddy & Baby ""My Best Lady"" and ""My Best M... | DLM",https://www.dresslikemommy.com/products/daddy-me-my-best-lady-my-best-man,200,https://www.dresslikemommy.com/products/daddy-me-my-best-lady-my-best-man,,,Family Matching T-Shirts - Graphic Print | Dress Like Mommy,,,200,https://www.dresslikemommy.com/products/daddy-me-my-best-lady-my-best-man,,,Family Matching T-Shirts - Graphic Print | Dress Like Mommy,,,false
4618963124321,family-matching-rule-maker-rule-breaker-t-shirts,Family Matching Rule Maker Rule Breaker T-shirts,https://www.dresslikemommy.com/products/family-matching-rule-maker-rule-breaker-t-shirts,200,https://www.dresslikemommy.com/products/family-matching-rule-maker-rule-breaker-t-shirts,,,Family Matching T-Shirts - Matching Style | Dress Like Mommy,,,200,https://www.dresslikemommy.com/products/family-matching-rule-maker-rule-breaker-t-shirts,,,Family Matching T-Shirts - Matching Style | Dress Like Mommy,,,false
4727854792801,matching-mommy-me-tie-dye-jumpsuit-romper,Matching Mommy & Me Tie-dye  Jumpsuit Romper,https://www.dresslikemommy.com/products/matching-mommy-me-tie-dye-jumpsuit-romper,200,https://www.dresslikemommy.com/products/matching-mommy-me-tie-dye-jumpsuit-romper,,,Mommy and Me Rompers - Floral Print | Dress Like Mommy,,,200,https://www.dresslikemommy.com/products/matching-mommy-me-tie-dye-jumpsuit-romper,,,Mommy and Me Rompers - Floral Print | Dress Like Mommy,,,false
4727863869537,family-matching-first-time-t-shirts,Family Matching First Time T-shirts,https://www.dresslikemommy.com/products/family-matching-first-time-t-shirts,200,https://www.dresslikemommy.com/products/family-matching-first-time-t-shirts,,,Family Matching T-Shirts - Matching Style | Dress Like Mommy,,,200,https://www.dresslikemommy.com/products/family-matching-first-time-t-shirts,,,Family Matching T-Shirts - Matching Style | Dress Like Mommy,,,false
4728180637793,family-matching-best-in-the-galaxy-t-shirts,Family Matching Best In The Galaxy T-shirts,https://www.dresslikemommy.com/products/family-matching-best-in-the-galaxy-t-shirts,200,https://www.dresslikemommy.com/products/family-matching-best-in-the-galaxy-t-shirts,,,Family Matching T-Shirts - Matching Style | Dress Like Mommy,,,200,https://www.dresslikemommy.com/products/family-matching-best-in-the-galaxy-t-shirts,,,Family Matching T-Shirts - Matching Style | Dress Like Mommy,,,false
4728572346465,matching-mamas-boy-t-shirt,Matching Mama's Boy T-Shirt,https://www.dresslikemommy.com/products/matching-mamas-boy-t-shirt,200,https://www.dresslikemommy.com/products/matching-mamas-boy-t-shirt,,,Daddy and Me T-Shirts - Christmas Print | Dress Like Mommy,,,200,https://www.dresslikemommy.com/products/matching-mamas-boy-t-shirt,,,Daddy and Me T-Shirts - Christmas Print | Dress Like Mommy,,,false
4728583782497,matching-striped-patchwork-flare-sleeve-t-shirts,Matching Striped Patchwork Flare Sleeve T-shirts,https://www.dresslikemommy.com/products/matching-striped-patchwork-flare-sleeve-t-shirts,200,https://www.dresslikemommy.com/products/matching-striped-patchwork-flare-sleeve-t-shirts,,,Mommy and Me T-Shirts - Striped | Dress Like Mommy,,,200,https://www.dresslikemommy.com/products/matching-striped-patchwork-flare-sleeve-t-shirts,,,Mommy and Me T-Shirts - Striped | Dress Like Mommy,,,false
4729347833953,mother-and-daughter-classic-floral-dress,Matching Mommy & Me Floral Smocked Midi Dresses - S... | DLM,https://www.dresslikemommy.com/products/mother-and-daughter-classic-floral-dress,200,https://www.dresslikemommy.com/products/mother-and-daughter-classic-floral-dress,,,Mommy and Me Midi Dresses - Floral Print | Dress Like Mommy,,,200,https://www.dresslikemommy.com/products/mother-and-daughter-classic-floral-dress,,,Mommy and Me Midi Dresses - Floral Print | Dress Like Mommy,,,false
4799818432609,family-matching-dinosaur-sweatshirt-set-cute-what-are-you-doing-design-in-multiple-colors,"Dinosaur Sweatshirt Set - Cute ""What Are You Doing?... | DLM",https://www.dresslikemommy.com/products/family-matching-dinosaur-sweatshirt-set-cute-what-are-you-doing-design-in-multiple-colors,200,https://www.dresslikemommy.com/products/family-matching-dinosaur-sweatshirt-set-cute-what-are-you-doing-design-in-multiple-colors,,,Family Matching Shirts - Long Sleeve | Dress Like Mommy,,,200,https://www.dresslikemommy.com/products/family-matching-dinosaur-sweatshirt-set-cute-what-are-you-doing-design-in-multiple-colors,,,Family Matching Shirts - Long Sleeve | Dress Like Mommy,,,false
4802651258977,mommy-and-me-matching-floral-print-jumpsuits-sleeveless-and-long-sleeve-options,Matching Floral Print Jumpsuits - Sleeveless and Lo... | DLM,https://www.dresslikemommy.com/products/mommy-and-me-matching-floral-print-jumpsuits-sleeveless-and-long-sleeve-options,200,https://www.dresslikemommy.com/products/mommy-and-me-matching-floral-print-jumpsuits-sleeveless-and-long-sleeve-options,,,Mommy and Me Jumpsuits - Floral Print | Dress Like Mommy,,,200,https://www.dresslikemommy.com/products/mommy-and-me-matching-floral-print-jumpsuits-sleeveless-and-long-sleeve-options,,,Mommy and Me Jumpsuits - Floral Print | Dress Like Mommy,,,false
4804963958881,mommy-me-matching-sequin-stitching-long-sleeve-top,Mommy & Me Matching Sequin Stitching Long-Sleeve Top,https://www.dresslikemommy.com/products/mommy-me-matching-sequin-stitching-long-sleeve-top,200,https://www.dresslikemommy.com/products/mommy-me-matching-sequin-stitching-long-sleeve-top,,,Mommy and Me T-Shirts - Long Sleeve | Dress Like Mommy,,,200,https://www.dresslikemommy.com/products/mommy-me-matching-sequin-stitching-long-sleeve-top,,,Mommy and Me T-Shirts - Long Sleeve | Dress Like Mommy,,,false
6613901967457,matching-two-pieces-bikini-ruffle-swimsuit,Matching Two Pieces Bikini Ruffle Swimsuit,https://www.dresslikemommy.com/products/matching-two-pieces-bikini-ruffle-swimsuit,200,https://www.dresslikemommy.com/products/matching-two-pieces-bikini-ruffle-swimsuit,,,Mommy and Me Bikini Sets - Ruffle Sleeve | Dress Like Mommy,,,200,https://www.dresslikemommy.com/products/matching-two-pieces-bikini-ruffle-swimsuit,,,Mommy and Me Bikini Sets - Ruffle Sleeve | Dress Like Mommy,,,false
6613909307489,matching-mommy-me-two-piece-swimsuit,Matching Mommy & Me Two Piece Swimsuit,https://www.dresslikemommy.com/products/matching-mommy-me-two-piece-swimsuit,200,https://www.dresslikemommy.com/products/matching-mommy-me-two-piece-swimsuit,,,Mommy and Me Bikini Sets - Matching Style | Dress Like Mommy,,,200,https://www.dresslikemommy.com/products/matching-mommy-me-two-piece-swimsuit,,,Mommy and Me Bikini Sets - Matching Style | Dress Like Mommy,,,false
6613920186465,parent-child-one-piece-cut-out-bowknot-bathing-suit,Parent-Child One-Piece Cut Out Bowknot Bathing Suit,https://www.dresslikemommy.com/products/parent-child-one-piece-cut-out-bowknot-bathing-suit,200,https://www.dresslikemommy.com/products/parent-child-one-piece-cut-out-bowknot-bathing-suit,,,Mommy and Me One-Piece Swimsuits - Halloween Print | Dress Like Mommy,,,200,https://www.dresslikemommy.com/products/parent-child-one-piece-cut-out-bowknot-bathing-suit,,,Mommy and Me One-Piece Swimsuits - Halloween Print | Dress Like Mommy,,,false
6614729621601,mother-daughter-matching-beach-swimwear,Mother Daughter Matching Beach Swimwear,https://www.dresslikemommy.com/products/mother-daughter-matching-beach-swimwear,200,https://www.dresslikemommy.com/products/mother-daughter-matching-beach-swimwear,,,Mommy and Me Swimsuits - Halloween Print | Dress Like Mommy,,,200,https://www.dresslikemommy.com/products/mother-daughter-matching-beach-swimwear,,,Mommy and Me Swimsuits - Halloween Print | Dress Like Mommy,,,false
6639695331425,mommy-me-matching-solid-long-dress,Matching Mommy & Me Sleeveless Ruffle Dresses - Sof... | DLM,https://www.dresslikemommy.com/products/mommy-me-matching-solid-long-dress,200,https://www.dresslikemommy.com/products/mommy-me-matching-solid-long-dress,,,Mommy and Me Maxi Dresses - Ruffle Sleeve | Dress Like Mommy,,,200,https://www.dresslikemommy.com/products/mommy-me-matching-solid-long-dress,,,Mommy and Me Maxi Dresses - Ruffle Sleeve | Dress Like Mommy,,,false
6718945034337,mom-child-matching-two-piece-swimsuit,Mom & Child Matching Two Piece Swimsuit,https://www.dresslikemommy.com/products/mom-child-matching-two-piece-swimsuit,200,https://www.dresslikemommy.com/products/mom-child-matching-two-piece-swimsuit,,,Mommy and Me Bikini Sets - Matching Style | Dress Like Mommy,,,200,https://www.dresslikemommy.com/products/mom-child-matching-two-piece-swimsuit,,,Mommy and Me Bikini Sets - Matching Style | Dress Like Mommy,,,false
6718948147297,matching-mom-child-one-shoulder-swimsuit,Matching Mom & Child One Shoulder Swimsuit,https://www.dresslikemommy.com/products/matching-mom-child-one-shoulder-swimsuit,200,https://www.dresslikemommy.com/products/matching-mom-child-one-shoulder-swimsuit,,,Mommy and Me Swimsuits - One Shoulder | Dress Like Mommy,,,200,https://www.dresslikemommy.com/products/matching-mom-child-one-shoulder-swimsuit,,,Mommy and Me Swimsuits - One Shoulder | Dress Like Mommy,,,false
6718963056737,fashion-matching-mother-child-swimsuit,Fashion Matching Mother & Child Swimsuit,https://www.dresslikemommy.com/products/fashion-matching-mother-child-swimsuit,200,https://www.dresslikemommy.com/products/fashion-matching-mother-child-swimsuit,,,Mommy and Me Swimsuits - Matching Style | Dress Like Mommy,,,200,https://www.dresslikemommy.com/products/fashion-matching-mother-child-swimsuit,,,Mommy and Me Swimsuits - Matching Style | Dress Like Mommy,,,false
6718973378657,matching-mother-daughter-tankini,Matching Mother Daughter Tankini,https://www.dresslikemommy.com/products/matching-mother-daughter-tankini,200,https://www.dresslikemommy.com/products/matching-mother-daughter-tankini,,,Mommy and Me Tankinis - Matching Style | Dress Like Mommy,,,200,https://www.dresslikemommy.com/products/matching-mother-daughter-tankini,,,Mommy and Me Tankinis - Matching Style | Dress Like Mommy,,,false
6718977540193,matching-mother-daughter-one-piece-swimsuit,Matching Mother Daughter One-Piece Swimsuit,https://www.dresslikemommy.com/products/matching-mother-daughter-one-piece-swimsuit,200,https://www.dresslikemommy.com/products/matching-mother-daughter-one-piece-swimsuit,,,Mommy and Me One-Piece Swimsuits - One-Piece | Dress Like Mommy,,,200,https://www.dresslikemommy.com/products/matching-mother-daughter-one-piece-swimsuit,,,Mommy and Me One-Piece Swimsuits - One-Piece | Dress Like Mommy,,,false
6719046254689,matching-mother-daughter-tankini-swimsuit,Matching Mother Daughter Tankini Swimsuit,https://www.dresslikemommy.com/products/matching-mother-daughter-tankini-swimsuit,200,https://www.dresslikemommy.com/products/matching-mother-daughter-tankini-swimsuit,,,Mommy and Me Tankinis - Matching Style | Dress Like Mommy,,,200,https://www.dresslikemommy.com/products/matching-mother-daughter-tankini-swimsuit,,,Mommy and Me Tankinis - Matching Style | Dress Like Mommy,,,false
6719055233121,daddy-mommy-and-me-family-swimsuit,Daddy Mommy and Me Family Swimsuit,https://www.dresslikemommy.com/products/daddy-mommy-and-me-family-swimsuit,200,https://www.dresslikemommy.com/products/daddy-mommy-and-me-family-swimsuit,,,Family Matching Swimsuits - Floral Print | Dress Like Mommy,,,200,https://www.dresslikemommy.com/products/daddy-mommy-and-me-family-swimsuit,,,Family Matching Swimsuits - Floral Print | Dress Like Mommy,,,false
6719185682529,family-matching-swimwear-bathing-suit,Family Matching Swimwear Bathing Suit,https://www.dresslikemommy.com/products/family-matching-swimwear-bathing-suit,200,https://www.dresslikemommy.com/products/family-matching-swimwear-bathing-suit,,,Family Matching Swimsuits - Floral Print | Dress Like Mommy,,,200,https://www.dresslikemommy.com/products/family-matching-swimwear-bathing-suit,,,Family Matching Swimsuits - Floral Print | Dress Like Mommy,,,false
6719188336737,family-matching-leopard-print-swimwear,Family Matching Leopard Print Swimwear,https://www.dresslikemommy.com/products/family-matching-leopard-print-swimwear,200,https://www.dresslikemommy.com/products/family-matching-leopard-print-swimwear,,,Family Matching Swimsuits - Animal Print | Dress Like Mommy,,,200,https://www.dresslikemommy.com/products/family-matching-leopard-print-swimwear,,,Family Matching Swimsuits - Animal Print | Dress Like Mommy,,,false
6719192399969,family-matching-polka-dots-swimsuits,Family Matching Polka Dots Swimsuits,https://www.dresslikemommy.com/products/family-matching-polka-dots-swimsuits,200,https://www.dresslikemommy.com/products/family-matching-polka-dots-swimsuits,,,Family Matching Swimsuits - Polka Dot Print | Dress Like Mommy,,,200,https://www.dresslikemommy.com/products/family-matching-polka-dots-swimsuits,,,Family Matching Swimsuits - Polka Dot Print | Dress Like Mommy,,,false
6719764463713,matching-mommy-and-me-hollow-out-bikini,Matching Mommy And Me Hollow Out Bikini,https://www.dresslikemommy.com/products/matching-mommy-and-me-hollow-out-bikini,200,https://www.dresslikemommy.com/products/matching-mommy-and-me-hollow-out-bikini,,,Mommy and Me Bikini Sets - Halloween Print | Dress Like Mommy,,,200,https://www.dresslikemommy.com/products/matching-mommy-and-me-hollow-out-bikini,,,Mommy and Me Bikini Sets - Halloween Print | Dress Like Mommy,,,false
6719768002657,matching-mermaid-scale-print-bikini,Matching Mermaid Scale Print Bikini,https://www.dresslikemommy.com/products/matching-mermaid-scale-print-bikini,200,https://www.dresslikemommy.com/products/matching-mermaid-scale-print-bikini,,,Mommy and Me Bikini Sets - Mermaid Scale | Dress Like Mommy,,,200,https://www.dresslikemommy.com/products/matching-mermaid-scale-print-bikini,,,Mommy and Me Bikini Sets - Mermaid Scale | Dress Like Mommy,,,false
6719774720097,matching-mommy-me-orange-print-swimsuit,Matching Mommy & Me Orange Print Swimsuit,https://www.dresslikemommy.com/products/matching-mommy-me-orange-print-swimsuit,200,https://www.dresslikemommy.com/products/matching-mommy-me-orange-print-swimsuit,,,Mommy and Me Swimsuits - Orange | Dress Like Mommy,,,200,https://www.dresslikemommy.com/products/matching-mommy-me-orange-print-swimsuit,,,Mommy and Me Swimsuits - Orange | Dress Like Mommy,,,false
6719792873569,matching-mommy-me-sunflower-print-swimsuit,Matching Mommy & Me Sunflower Print Swimsuit,https://www.dresslikemommy.com/products/matching-mommy-me-sunflower-print-swimsuit,200,https://www.dresslikemommy.com/products/matching-mommy-me-sunflower-print-swimsuit,,,Mommy and Me Swimsuits - Floral Print | Dress Like Mommy,,,200,https://www.dresslikemommy.com/products/matching-mommy-me-sunflower-print-swimsuit,,,Mommy and Me Swimsuits - Floral Print | Dress Like Mommy,,,false
6722659221601,matching-mommy-me-leaves-print-swimsuit,Matching Mommy & Me Leaves Print Swimsuit,https://www.dresslikemommy.com/products/matching-mommy-me-leaves-print-swimsuit,200,https://www.dresslikemommy.com/products/matching-mommy-me-leaves-print-swimsuit,,,Mommy and Me Swimsuits - Tropical Print | Dress Like Mommy,,,200,https://www.dresslikemommy.com/products/matching-mommy-me-leaves-print-swimsuit,,,Mommy and Me Swimsuits - Tropical Print | Dress Like Mommy,,,false
6722771124321,mommy-me-leaf-print-open-waist-swimsuit,Mommy & Me Leaf Print Open Waist Swimsuit,https://www.dresslikemommy.com/products/mommy-me-leaf-print-open-waist-swimsuit,200,https://www.dresslikemommy.com/products/mommy-me-leaf-print-open-waist-swimsuit,,,Mommy and Me Swimsuits - Tropical Print | Dress Like Mommy,,,200,https://www.dresslikemommy.com/products/mommy-me-leaf-print-open-waist-swimsuit,,,Mommy and Me Swimsuits - Tropical Print | Dress Like Mommy,,,false
6722792390753,mommy-me-striped-one-piece-swimsuit,Mommy & Me  Striped One Piece Swimsuit,https://www.dresslikemommy.com/products/mommy-me-striped-one-piece-swimsuit,200,https://www.dresslikemommy.com/products/mommy-me-striped-one-piece-swimsuit,,,Mommy and Me One-Piece Swimsuits - Striped | Dress Like Mommy,,,200,https://www.dresslikemommy.com/products/mommy-me-striped-one-piece-swimsuit,,,Mommy and Me One-Piece Swimsuits - Striped | Dress Like Mommy,,,false
6722836463713,mommy-me-matching-floral-one-piece-swimsuit,Mommy & Me Matching Floral One Piece Swimsuit,https://www.dresslikemommy.com/products/mommy-me-matching-floral-one-piece-swimsuit,200,https://www.dresslikemommy.com/products/mommy-me-matching-floral-one-piece-swimsuit,,,Mommy and Me One-Piece Swimsuits - Floral Print | Dress Like Mommy,,,200,https://www.dresslikemommy.com/products/mommy-me-matching-floral-one-piece-swimsuit,,,Mommy and Me One-Piece Swimsuits - Floral Print | Dress Like Mommy,,,false
6722843476065,mommy-me-matching-tribal-print-one-piece-swimsuit,Mommy & Me Matching Tribal Print One Piece Swimsuit,https://www.dresslikemommy.com/products/mommy-me-matching-tribal-print-one-piece-swimsuit,200,https://www.dresslikemommy.com/products/mommy-me-matching-tribal-print-one-piece-swimsuit,,,Mommy and Me One-Piece Swimsuits - Halloween Print | Dress Like Mommy,,,200,https://www.dresslikemommy.com/products/mommy-me-matching-tribal-print-one-piece-swimsuit,,,Mommy and Me One-Piece Swimsuits - Halloween Print | Dress Like Mommy,,,false
6723019669601,mommy-me-matching-leopard-print-two-piece-swimsuit,Mommy & Me Matching Leopard Print Two Piece Swimsuit,https://www.dresslikemommy.com/products/mommy-me-matching-leopard-print-two-piece-swimsuit,200,https://www.dresslikemommy.com/products/mommy-me-matching-leopard-print-two-piece-swimsuit,,,Mommy and Me Bikini Sets - Animal Print | Dress Like Mommy,,,200,https://www.dresslikemommy.com/products/mommy-me-matching-leopard-print-two-piece-swimsuit,,,Mommy and Me Bikini Sets - Animal Print | Dress Like Mommy,,,false
6723038609505,mommy-me-flamingo-print-striped-swimsuit,Mommy & Me Flamingo Print Striped Swimsuit,https://www.dresslikemommy.com/products/mommy-me-flamingo-print-striped-swimsuit,200,https://www.dresslikemommy.com/products/mommy-me-flamingo-print-striped-swimsuit,,,Mommy and Me Swimsuits - Striped | Dress Like Mommy,,,200,https://www.dresslikemommy.com/products/mommy-me-flamingo-print-striped-swimsuit,,,Mommy and Me Swimsuits - Striped | Dress Like Mommy,,,false
6724261019745,matching-mother-daughter-one-shoulder-swimsuit,Matching Mother Daughter One Shoulder Swimsuit,https://www.dresslikemommy.com/products/matching-mother-daughter-one-shoulder-swimsuit,200,https://www.dresslikemommy.com/products/matching-mother-daughter-one-shoulder-swimsuit,,,Mommy and Me Swimsuits - One Shoulder | Dress Like Mommy,,,200,https://www.dresslikemommy.com/products/matching-mother-daughter-one-shoulder-swimsuit,,,Mommy and Me Swimsuits - One Shoulder | Dress Like Mommy,,,false
6724262297697,cute-mother-daughter-matching-swimsuits,Cute Mother Daughter Matching Swimsuits,https://www.dresslikemommy.com/products/cute-mother-daughter-matching-swimsuits,200,https://www.dresslikemommy.com/products/cute-mother-daughter-matching-swimsuits,,,Mommy and Me Swimsuits - Christmas Print | Dress Like Mommy,,,200,https://www.dresslikemommy.com/products/cute-mother-daughter-matching-swimsuits,,,Mommy and Me Swimsuits - Christmas Print | Dress Like Mommy,,,false
6724293689441,matching-mother-child-ruffles-swimsuit,Matching Mother Child Ruffles Swimsuit,https://www.dresslikemommy.com/products/matching-mother-child-ruffles-swimsuit,200,https://www.dresslikemommy.com/products/matching-mother-child-ruffles-swimsuit,,,Mommy and Me Swimsuits - Ruffle Sleeve | Dress Like Mommy,,,200,https://www.dresslikemommy.com/products/matching-mother-child-ruffles-swimsuit,,,Mommy and Me Swimsuits - Ruffle Sleeve | Dress Like Mommy,,,false
6826238607457,couple-matching-shirts-mr-and-mrs-wedding-gift-anniversary,Couple Matching Shirts Mr and Mrs Wedding Gift Anniversary,https://www.dresslikemommy.com/products/couple-matching-shirts-mr-and-mrs-wedding-gift-anniversary,200,https://www.dresslikemommy.com/products/couple-matching-shirts-mr-and-mrs-wedding-gift-anniversary,,,Matching Couple T-Shirts - Mr & Mrs Graphic | Dress Like Mommy,,,200,https://www.dresslikemommy.com/products/couple-matching-shirts-mr-and-mrs-wedding-gift-anniversary,,,Matching Couple T-Shirts - Mr & Mrs Graphic | Dress Like Mommy,,,false
6826336583777,matching-tshirt-i-have-everything-i-need-i-am-everything,Matching Tshirt I Have Everything I Need I AM Everything,https://www.dresslikemommy.com/products/matching-tshirt-i-have-everything-i-need-i-am-everything,200,https://www.dresslikemommy.com/products/matching-tshirt-i-have-everything-i-need-i-am-everything,,,Matching Couple T-Shirts - Matching Style | Dress Like Mommy,,,200,https://www.dresslikemommy.com/products/matching-tshirt-i-have-everything-i-need-i-am-everything,,,Matching Couple T-Shirts - Matching Style | Dress Like Mommy,,,false
6835971424353,matching-love-heart-printing-couple-t-shirts,Matching Love Heart Printing Couple T-Shirts,https://www.dresslikemommy.com/products/matching-love-heart-printing-couple-t-shirts,200,https://www.dresslikemommy.com/products/matching-love-heart-printing-couple-t-shirts,,,Matching Couple T-Shirts - Heart Print | Dress Like Mommy,,,200,https://www.dresslikemommy.com/products/matching-love-heart-printing-couple-t-shirts,,,Matching Couple T-Shirts - Heart Print | Dress Like Mommy,,,false
6841759727713,couple-matching-t-shirt-funny-beard-butt,Couple Matching T-shirt Funny BEARD BUTT,https://www.dresslikemommy.com/products/couple-matching-t-shirt-funny-beard-butt,200,https://www.dresslikemommy.com/products/couple-matching-t-shirt-funny-beard-butt,,,Matching Couple T-Shirts - Cartoon Print | Dress Like Mommy,,,200,https://www.dresslikemommy.com/products/couple-matching-t-shirt-funny-beard-butt,,,Matching Couple T-Shirts - Cartoon Print | Dress Like Mommy,,,false
6841761300577,matching-couple-t-shirt-lo-ve,Matching Couple T-Shirt LO VE,https://www.dresslikemommy.com/products/matching-couple-t-shirt-lo-ve,200,https://www.dresslikemommy.com/products/matching-couple-t-shirt-lo-ve,,,Matching Couple T-Shirts - Love Graphic | Dress Like Mommy,,,200,https://www.dresslikemommy.com/products/matching-couple-t-shirt-lo-ve,,,Matching Couple T-Shirts - Love Graphic | Dress Like Mommy,,,false
6841768247393,couple-t-shirt-power-couple-short-sleeve-t-shirts,Couple T Shirt POWER COUPLE Short Sleeve T Shirts,https://www.dresslikemommy.com/products/couple-t-shirt-power-couple-short-sleeve-t-shirts,200,https://www.dresslikemommy.com/products/couple-t-shirt-power-couple-short-sleeve-t-shirts,,,Matching Couple T-Shirts - Short Sleeve | Dress Like Mommy,,,200,https://www.dresslikemommy.com/products/couple-t-shirt-power-couple-short-sleeve-t-shirts,,,Matching Couple T-Shirts - Short Sleeve | Dress Like Mommy,,,false
6841780994145,couple-matching-queen-king-hearts-t-shirts,Couple Matching Queen King Hearts T-shirts,https://www.dresslikemommy.com/products/couple-matching-queen-king-hearts-t-shirts,200,https://www.dresslikemommy.com/products/couple-matching-queen-king-hearts-t-shirts,,,Matching Couple T-Shirts - Queen King Graphic | Dress Like Mommy,,,200,https://www.dresslikemommy.com/products/couple-matching-queen-king-hearts-t-shirts,,,Matching Couple T-Shirts - Queen King Graphic | Dress Like Mommy,,,false
6853246877793,mommy-daughter-matching-tie-dye-dress,Matching Mommy & Me Pastel Tie-Dye Ruffle Dresses -... | DLM,https://www.dresslikemommy.com/products/mommy-daughter-matching-tie-dye-dress,200,https://www.dresslikemommy.com/products/mommy-daughter-matching-tie-dye-dress,,,Mommy and Me Maxi Dresses - Tie-Dye Print | Dress Like Mommy,,,200,https://www.dresslikemommy.com/products/mommy-daughter-matching-tie-dye-dress,,,Mommy and Me Maxi Dresses - Tie-Dye Print | Dress Like Mommy,,,false
6949019385953,one-piece-swimsuit-with-swim-skirt-for-women-and-girls,One-Piece Swimsuit with Swim Skirt for Women and Girls,https://www.dresslikemommy.com/products/one-piece-swimsuit-with-swim-skirt-for-women-and-girls,200,https://www.dresslikemommy.com/products/one-piece-swimsuit-with-swim-skirt-for-women-and-girls,,,Mommy and Me One-Piece Swimsuits - One-Piece | Dress Like Mommy,,,200,https://www.dresslikemommy.com/products/one-piece-swimsuit-with-swim-skirt-for-women-and-girls,,,Mommy and Me One-Piece Swimsuits - One-Piece | Dress Like Mommy,,,false
6949538529377,matching-mommy-and-me-two-piece-tankini-swimsuit-set,Matching Mommy and Me Two-Piece Tankini Swimsuit Set,https://www.dresslikemommy.com/products/matching-mommy-and-me-two-piece-tankini-swimsuit-set,200,https://www.dresslikemommy.com/products/matching-mommy-and-me-two-piece-tankini-swimsuit-set,,,Mommy and Me Tankinis - Matching Style | Dress Like Mommy,,,200,https://www.dresslikemommy.com/products/matching-mommy-and-me-two-piece-tankini-swimsuit-set,,,Mommy and Me Tankinis - Matching Style | Dress Like Mommy,,,false
6979394142305,family-matching-set-cute-and-stylish-outfits-for-mothers-fathers-and-children,"Set - Cute and Stylish Outfits for Mothers, Fathers... | DLM",https://www.dresslikemommy.com/products/family-matching-set-cute-and-stylish-outfits-for-mothers-fathers-and-children,200,https://www.dresslikemommy.com/products/family-matching-set-cute-and-stylish-outfits-for-mothers-fathers-and-children,,,Family Matching Sets - Floral Print | Dress Like Mommy,,,200,https://www.dresslikemommy.com/products/family-matching-set-cute-and-stylish-outfits-for-mothers-fathers-and-children,,,Family Matching Sets - Floral Print | Dress Like Mommy,,,false
7000802328673,tropical-family-matching-outfits,Tropical Family Matching Outfits,https://www.dresslikemommy.com/products/tropical-family-matching-outfits,200,https://www.dresslikemommy.com/products/tropical-family-matching-outfits,,,Family Matching Sets - Tropical Print | Dress Like Mommy,,,200,https://www.dresslikemommy.com/products/tropical-family-matching-outfits,,,Family Matching Sets - Tropical Print | Dress Like Mommy,,,false
7000878055521,family-matching-dress-and-t-shirt-set-summer-fun-for-the-whole-family,Dress and T-Shirt Set - Summer Fun for the Whole Fa... | DLM,https://www.dresslikemommy.com/products/family-matching-dress-and-t-shirt-set-summer-fun-for-the-whole-family,200,https://www.dresslikemommy.com/products/family-matching-dress-and-t-shirt-set-summer-fun-for-the-whole-family,,,Family Matching T-Shirts - Floral Print | Dress Like Mommy,,,200,https://www.dresslikemommy.com/products/family-matching-dress-and-t-shirt-set-summer-fun-for-the-whole-family,,,Family Matching T-Shirts - Floral Print | Dress Like Mommy,,,false
7000905384033,family-matching-beach-dress-and-shirt-set-light-blue-floral-hawaiian-print,Beach Dress and Shirt Set - Light Blue Floral Hawai... | DLM,https://www.dresslikemommy.com/products/family-matching-beach-dress-and-shirt-set-light-blue-floral-hawaiian-print,200,https://www.dresslikemommy.com/products/family-matching-beach-dress-and-shirt-set-light-blue-floral-hawaiian-print,,,Family Matching Shirts - Blue Floral Print | Dress Like Mommy,,,200,https://www.dresslikemommy.com/products/family-matching-beach-dress-and-shirt-set-light-blue-floral-hawaiian-print,,,Family Matching Shirts - Blue Floral Print | Dress Like Mommy,,,false
7000989958241,family-matching-outfits-white-dresses-with-green-leaves-and-matching-shirts,Outfits - White Dresses with Green Leaves and Match... | DLM,https://www.dresslikemommy.com/products/family-matching-outfits-white-dresses-with-green-leaves-and-matching-shirts,200,https://www.dresslikemommy.com/products/family-matching-outfits-white-dresses-with-green-leaves-and-matching-shirts,,,Family Matching Sets - White Green Tropical Print | Dress Like Mommy,,,200,https://www.dresslikemommy.com/products/family-matching-outfits-white-dresses-with-green-leaves-and-matching-shirts,,,Family Matching Sets - White Green Tropical Print | Dress Like Mommy,,,false
7000997134433,family-matching-hawaiian-shirt-and-floral-dress,Family Matching Hawaiian Shirt and Floral Dress,https://www.dresslikemommy.com/products/family-matching-hawaiian-shirt-and-floral-dress,200,https://www.dresslikemommy.com/products/family-matching-hawaiian-shirt-and-floral-dress,,,Family Matching Shirts - Floral Print | Dress Like Mommy,,,200,https://www.dresslikemommy.com/products/family-matching-hawaiian-shirt-and-floral-dress,,,Family Matching Shirts - Floral Print | Dress Like Mommy,,,false
7001270583393,family-matching-outfits-the-perfect-way-to-show-your-aloha-spirit,Outfits: The Perfect Way to Show Your Aloha Spirit | DLM,https://www.dresslikemommy.com/products/family-matching-outfits-the-perfect-way-to-show-your-aloha-spirit,200,https://www.dresslikemommy.com/products/family-matching-outfits-the-perfect-way-to-show-your-aloha-spirit,,,Family Matching Sets - Floral Print | Dress Like Mommy,,,200,https://www.dresslikemommy.com/products/family-matching-outfits-the-perfect-way-to-show-your-aloha-spirit,,,Family Matching Sets - Floral Print | Dress Like Mommy,,,false
7001273991265,family-matching-dresses-and-t-shirts-show-your-family-spirit,Dresses and T-Shirts: Show Your Family Spirit | DLM,https://www.dresslikemommy.com/products/family-matching-dresses-and-t-shirts-show-your-family-spirit,200,https://www.dresslikemommy.com/products/family-matching-dresses-and-t-shirts-show-your-family-spirit,,,Family Matching T-Shirts - Matching Style | Dress Like Mommy,,,200,https://www.dresslikemommy.com/products/family-matching-dresses-and-t-shirts-show-your-family-spirit,,,Family Matching T-Shirts - Matching Style | Dress Like Mommy,,,false
7001395626081,linen-and-cotton-matching-outfits-with-a-touch-of-elegance,Linen and Cotton Matching Outfits with a Touch of Elegance,https://www.dresslikemommy.com/products/linen-and-cotton-matching-outfits-with-a-touch-of-elegance,200,https://www.dresslikemommy.com/products/linen-and-cotton-matching-outfits-with-a-touch-of-elegance,,,Family Matching Sets - Striped | Dress Like Mommy,,,200,https://www.dresslikemommy.com/products/linen-and-cotton-matching-outfits-with-a-touch-of-elegance,,,Family Matching Sets - Striped | Dress Like Mommy,,,false
7001402933345,memorable-family-matching-outfits-create-lasting-memories,Memorable Family Matching Outfits - Create Lasting Memories,https://www.dresslikemommy.com/products/memorable-family-matching-outfits-create-lasting-memories,200,https://www.dresslikemommy.com/products/memorable-family-matching-outfits-create-lasting-memories,,,Family Matching Sets - Matching Style | Dress Like Mommy,,,200,https://www.dresslikemommy.com/products/memorable-family-matching-outfits-create-lasting-memories,,,Family Matching Sets - Matching Style | Dress Like Mommy,,,false
7001404178529,family-matching-outfits-summer-boho-chic-dress-and-shirt,Family Matching Outfits: Summer Boho Chic Dress and Shirt,https://www.dresslikemommy.com/products/family-matching-outfits-summer-boho-chic-dress-and-shirt,200,https://www.dresslikemommy.com/products/family-matching-outfits-summer-boho-chic-dress-and-shirt,,,Family Matching Sets - Floral Print | Dress Like Mommy,,,200,https://www.dresslikemommy.com/products/family-matching-outfits-summer-boho-chic-dress-and-shirt,,,Family Matching Sets - Floral Print | Dress Like Mommy,,,false
7001406832737,family-matching-outfits-floral-dresses-and-shorts-with-a-touch-of-fun,Outfits - Floral Dresses and Shorts with a Touch of... | DLM,https://www.dresslikemommy.com/products/family-matching-outfits-floral-dresses-and-shorts-with-a-touch-of-fun,200,https://www.dresslikemommy.com/products/family-matching-outfits-floral-dresses-and-shorts-with-a-touch-of-fun,,,Family Matching Sets - Floral Print | Dress Like Mommy,,,200,https://www.dresslikemommy.com/products/family-matching-outfits-floral-dresses-and-shorts-with-a-touch-of-fun,,,Family Matching Sets - Floral Print | Dress Like Mommy,,,false
7001409257569,make-a-splash-with-this-family-matching-floral-outfit,Make a Splash with This Family Matching Floral Outfit,https://www.dresslikemommy.com/products/make-a-splash-with-this-family-matching-floral-outfit,200,https://www.dresslikemommy.com/products/make-a-splash-with-this-family-matching-floral-outfit,,,Family Matching Sets - Floral Print | Dress Like Mommy,,,200,https://www.dresslikemommy.com/products/make-a-splash-with-this-family-matching-floral-outfit,,,Family Matching Sets - Floral Print | Dress Like Mommy,,,false
7001411027041,stylish-and-comfortable-family-matching-outfits,Stylish and Comfortable Family Matching Outfits,https://www.dresslikemommy.com/products/stylish-and-comfortable-family-matching-outfits,200,https://www.dresslikemommy.com/products/stylish-and-comfortable-family-matching-outfits,,,Family Matching Sets - Floral Print | Dress Like Mommy,,,200,https://www.dresslikemommy.com/products/stylish-and-comfortable-family-matching-outfits,,,Family Matching Sets - Floral Print | Dress Like Mommy,,,false
7001877119073,tropical-vibes-matching-family-hawaiian-shirt-and-floral-dress,Tropical Vibes: Hawaiian Shirt and Floral Dress | DLM,https://www.dresslikemommy.com/products/tropical-vibes-matching-family-hawaiian-shirt-and-floral-dress,200,https://www.dresslikemommy.com/products/tropical-vibes-matching-family-hawaiian-shirt-and-floral-dress,,,Family Matching Shirts - Floral Print | Dress Like Mommy,,,200,https://www.dresslikemommy.com/products/tropical-vibes-matching-family-hawaiian-shirt-and-floral-dress,,,Family Matching Shirts - Floral Print | Dress Like Mommy,,,false
7001880166497,boho-chic-family-matching-outfit-flowy-skirts-and-paisley-shirts,Boho Chic Outfit - Flowy Skirts and Paisley Shirts | DLM,https://www.dresslikemommy.com/products/boho-chic-family-matching-outfit-flowy-skirts-and-paisley-shirts,200,https://www.dresslikemommy.com/products/boho-chic-family-matching-outfit-flowy-skirts-and-paisley-shirts,,,Family Matching Sets - Short Sleeve | Dress Like Mommy,,,200,https://www.dresslikemommy.com/products/boho-chic-family-matching-outfit-flowy-skirts-and-paisley-shirts,,,Family Matching Sets - Short Sleeve | Dress Like Mommy,,,false
7001892683873,family-matching-floral-shirt-and-dress-a-charming-and-coordinated-look,Floral Shirt and Dress - A Charming and Coordinated... | DLM,https://www.dresslikemommy.com/products/family-matching-floral-shirt-and-dress-a-charming-and-coordinated-look,200,https://www.dresslikemommy.com/products/family-matching-floral-shirt-and-dress-a-charming-and-coordinated-look,,,Family Matching Shirts - Wrap Skirt | Dress Like Mommy,,,200,https://www.dresslikemommy.com/products/family-matching-floral-shirt-and-dress-a-charming-and-coordinated-look,,,Family Matching Shirts - Wrap Skirt | Dress Like Mommy,,,false
7001898975329,family-matching-shirt-and-dress-set-yellow-floral-for-a-springtime-look,Shirt and Dress Set: Yellow Floral for a Springtime... | DLM,https://www.dresslikemommy.com/products/family-matching-shirt-and-dress-set-yellow-floral-for-a-springtime-look,200,https://www.dresslikemommy.com/products/family-matching-shirt-and-dress-set-yellow-floral-for-a-springtime-look,,,Family Matching Shirts - Yellow Floral Print | Dress Like Mommy,,,200,https://www.dresslikemommy.com/products/family-matching-shirt-and-dress-set-yellow-floral-for-a-springtime-look,,,Family Matching Shirts - Yellow Floral Print | Dress Like Mommy,,,false
7014160367713,parent-child-rainbow-bear-autumn-sweater,Mother-Daughter Matching Rainbow Striped Sweater wi... | DLM,https://www.dresslikemommy.com/products/parent-child-rainbow-bear-autumn-sweater,200,https://www.dresslikemommy.com/products/parent-child-rainbow-bear-autumn-sweater,,,Mommy and Me Sweaters - Cartoon Print | Dress Like Mommy,,,200,https://www.dresslikemommy.com/products/parent-child-rainbow-bear-autumn-sweater,,,Mommy and Me Sweaters - Cartoon Print | Dress Like Mommy,,,false
7014263914593,mother-daughter-matching-floral-knit-sweater-vest-pink-brown-retro-style,Mother-Daughter Matching Floral Knit Sweater Vest -... | DLM,https://www.dresslikemommy.com/products/mother-daughter-matching-floral-knit-sweater-vest-pink-brown-retro-style,200,https://www.dresslikemommy.com/products/mother-daughter-matching-floral-knit-sweater-vest-pink-brown-retro-style,,,Mommy and Me Sweaters - Pink Floral Print | Dress Like Mommy,,,200,https://www.dresslikemommy.com/products/mother-daughter-matching-floral-knit-sweater-vest-pink-brown-retro-style,,,Mommy and Me Sweaters - Pink Floral Print | Dress Like Mommy,,,false
7014564462689,mommy-and-me-unicorn-sweater-fall-and-winter,Mommy and Me Unicorn Sweater - Fall and Winter,https://www.dresslikemommy.com/products/mommy-and-me-unicorn-sweater-fall-and-winter,200,https://www.dresslikemommy.com/products/mommy-and-me-unicorn-sweater-fall-and-winter,,,Mommy and Me Sweaters - Long Sleeve | Dress Like Mommy,,,200,https://www.dresslikemommy.com/products/mommy-and-me-unicorn-sweater-fall-and-winter,,,Mommy and Me Sweaters - Long Sleeve | Dress Like Mommy,,,false
7014645301345,mother-daughter-matching-trendy-loose-knitwear-sweater,Mother Daughter Matching Trendy Loose Knitwear Sweater,https://www.dresslikemommy.com/products/mother-daughter-matching-trendy-loose-knitwear-sweater,200,https://www.dresslikemommy.com/products/mother-daughter-matching-trendy-loose-knitwear-sweater,,,Mommy and Me Sweaters - Long Sleeve | Dress Like Mommy,,,200,https://www.dresslikemommy.com/products/mother-daughter-matching-trendy-loose-knitwear-sweater,,,Mommy and Me Sweaters - Long Sleeve | Dress Like Mommy,,,false
7014656147553,mommy-and-me-checkered-sweater-vest-matching-family-outfits,Checkered Sweater Vest - Outfits | Mommy and Me | DLM,https://www.dresslikemommy.com/products/mommy-and-me-checkered-sweater-vest-matching-family-outfits,200,https://www.dresslikemommy.com/products/mommy-and-me-checkered-sweater-vest-matching-family-outfits,,,Family Matching Sets - Plaid Print | Dress Like Mommy,,,200,https://www.dresslikemommy.com/products/mommy-and-me-checkered-sweater-vest-matching-family-outfits,,,Family Matching Sets - Plaid Print | Dress Like Mommy,,,false
7014672040033,mother-daughter-trendy-knitted-sweater-style-for-fall,Mother-Daughter Trendy Knitted Sweater Style for Fall,https://www.dresslikemommy.com/products/mother-daughter-trendy-knitted-sweater-style-for-fall,200,https://www.dresslikemommy.com/products/mother-daughter-trendy-knitted-sweater-style-for-fall,,,Mommy and Me Sweaters - Long Sleeve | Dress Like Mommy,,,200,https://www.dresslikemommy.com/products/mother-daughter-trendy-knitted-sweater-style-for-fall,,,Mommy and Me Sweaters - Long Sleeve | Dress Like Mommy,,,false
7107978395745,mommy-and-me-matching-light-blue-halter-neck-tiered-dresses,Mommy and Me Matching Light Blue Halter Neck Tiered Dresses,https://www.dresslikemommy.com/products/mommy-and-me-matching-light-blue-halter-neck-tiered-dresses,200,https://www.dresslikemommy.com/products/mommy-and-me-matching-light-blue-halter-neck-tiered-dresses,,,Mommy and Me Maxi Dresses - Blue | Dress Like Mommy,,,200,https://www.dresslikemommy.com/products/mommy-and-me-matching-light-blue-halter-neck-tiered-dresses,,,Mommy and Me Maxi Dresses - Blue | Dress Like Mommy,,,false
7108009197665,mommy-and-me-matching-pink-tie-dye-pleated-maxi-dresses-with-adjustable-straps,Matching Pink Tie-Dye Pleated Maxi Dresses with Adj... | DLM,https://www.dresslikemommy.com/products/mommy-and-me-matching-pink-tie-dye-pleated-maxi-dresses-with-adjustable-straps,200,https://www.dresslikemommy.com/products/mommy-and-me-matching-pink-tie-dye-pleated-maxi-dresses-with-adjustable-straps,,,Mommy and Me Maxi Dresses - Pink Tie-Dye Print | Dress Like Mommy,,,200,https://www.dresslikemommy.com/products/mommy-and-me-matching-pink-tie-dye-pleated-maxi-dresses-with-adjustable-straps,,,Mommy and Me Maxi Dresses - Pink Tie-Dye Print | Dress Like Mommy,,,false
7108045897825,mommy-and-me-matching-silver-asymmetrical-chiffon-dresses-with-strappy-backs,Matching Silver Asymmetrical Chiffon Dresses with S... | DLM,https://www.dresslikemommy.com/products/mommy-and-me-matching-silver-asymmetrical-chiffon-dresses-with-strappy-backs,200,https://www.dresslikemommy.com/products/mommy-and-me-matching-silver-asymmetrical-chiffon-dresses-with-strappy-backs,,,Mommy and Me Midi Dresses - Silver | Dress Like Mommy,,,200,https://www.dresslikemommy.com/products/mommy-and-me-matching-silver-asymmetrical-chiffon-dresses-with-strappy-backs,,,Mommy and Me Midi Dresses - Silver | Dress Like Mommy,,,false
7108071063649,elegant-black-ruffle-dress-chic-sleeveless-layered-dress-for-mother-and-daughter-perfect-for-parties-and-events,Elegant Black Ruffle Dress - Chic Sleeveless Layere... | DLM,https://www.dresslikemommy.com/products/elegant-black-ruffle-dress-chic-sleeveless-layered-dress-for-mother-and-daughter-perfect-for-parties-and-events,200,https://www.dresslikemommy.com/products/elegant-black-ruffle-dress-chic-sleeveless-layered-dress-for-mother-and-daughter-perfect-for-parties-and-events,,,Mommy and Me Mini Dresses - Black | Dress Like Mommy,,,200,https://www.dresslikemommy.com/products/elegant-black-ruffle-dress-chic-sleeveless-layered-dress-for-mother-and-daughter-perfect-for-parties-and-events,,,Mommy and Me Mini Dresses - Black | Dress Like Mommy,,,false
7108104061025,chic-family-matching-sleeveless-dresses-ruffled-hem-mother-daughter-summer-outfit,Matching Sequin Lace Tulle Dresses with Crisscross ... | DLM,https://www.dresslikemommy.com/products/chic-family-matching-sleeveless-dresses-ruffled-hem-mother-daughter-summer-outfit,200,https://www.dresslikemommy.com/products/chic-family-matching-sleeveless-dresses-ruffled-hem-mother-daughter-summer-outfit,,,Family Matching Sets - Ruffle Sleeve | Dress Like Mommy,,,200,https://www.dresslikemommy.com/products/chic-family-matching-sleeveless-dresses-ruffled-hem-mother-daughter-summer-outfit,,,Family Matching Sets - Ruffle Sleeve | Dress Like Mommy,,,false
7108125753441,elegant-chiffon-sleeveless-dress-with-sequin-detail-mother-and-daughter-matching-outfits,Elegant Chiffon Sleeveless Dress with Sequin Detail... | DLM,https://www.dresslikemommy.com/products/elegant-chiffon-sleeveless-dress-with-sequin-detail-mother-and-daughter-matching-outfits,200,https://www.dresslikemommy.com/products/elegant-chiffon-sleeveless-dress-with-sequin-detail-mother-and-daughter-matching-outfits,,,Mommy and Me Matching Sets - Matching Style | Dress Like Mommy,,,200,https://www.dresslikemommy.com/products/elegant-chiffon-sleeveless-dress-with-sequin-detail-mother-and-daughter-matching-outfits,,,Mommy and Me Matching Sets - Matching Style | Dress Like Mommy,,,false
7108141383777,elegant-mother-daughter-matching-summer-dress-ruffled-layered-chiffon-with-sequin-embellishments,Elegant Mother & Daughter Matching Summer Dress - R... | DLM,https://www.dresslikemommy.com/products/elegant-mother-daughter-matching-summer-dress-ruffled-layered-chiffon-with-sequin-embellishments,200,https://www.dresslikemommy.com/products/elegant-mother-daughter-matching-summer-dress-ruffled-layered-chiffon-with-sequin-embellishments,,,Mommy and Me Midi Dresses - Ruffle Sleeve | Dress Like Mommy,,,200,https://www.dresslikemommy.com/products/elegant-mother-daughter-matching-summer-dress-ruffled-layered-chiffon-with-sequin-embellishments,,,Mommy and Me Midi Dresses - Ruffle Sleeve | Dress Like Mommy,,,false
7108928766049,elegant-chocolate-brown-monokini-for-mother-daughter-duo-sleek-halter-neckline-with-playful-polka-dot-tie-sides,Elegant Chocolate Brown Monokini for Mother & Daugh... | DLM,https://www.dresslikemommy.com/products/elegant-chocolate-brown-monokini-for-mother-daughter-duo-sleek-halter-neckline-with-playful-polka-dot-tie-sides,200,https://www.dresslikemommy.com/products/elegant-chocolate-brown-monokini-for-mother-daughter-duo-sleek-halter-neckline-with-playful-polka-dot-tie-sides,,,Mommy and Me Swimsuits - Brown Polka Dot Print | Dress Like Mommy,,,200,https://www.dresslikemommy.com/products/elegant-chocolate-brown-monokini-for-mother-daughter-duo-sleek-halter-neckline-with-playful-polka-dot-tie-sides,,,Mommy and Me Swimsuits - Brown Polka Dot Print | Dress Like Mommy,,,false
7108938039393,chic-one-shoulder-striped-ruffle-swimsuit-for-women-and-girls-elegant-monokini-with-side-tie,Chic One-Shoulder Striped Ruffle Swimsuit for Women... | DLM,https://www.dresslikemommy.com/products/chic-one-shoulder-striped-ruffle-swimsuit-for-women-and-girls-elegant-monokini-with-side-tie,200,https://www.dresslikemommy.com/products/chic-one-shoulder-striped-ruffle-swimsuit-for-women-and-girls-elegant-monokini-with-side-tie,,,Mommy and Me Swimsuits - One Shoulder | Dress Like Mommy,,,200,https://www.dresslikemommy.com/products/chic-one-shoulder-striped-ruffle-swimsuit-for-women-and-girls-elegant-monokini-with-side-tie,,,Mommy and Me Swimsuits - One Shoulder | Dress Like Mommy,,,false
7108942397537,chic-mother-daughter-one-shoulder-swimsuit-with-playful-ruffles-and-contrasting-stripes-nylon-polyester-blend,Chic Mother-Daughter One-Shoulder Swimsuit with Pla... | DLM,https://www.dresslikemommy.com/products/chic-mother-daughter-one-shoulder-swimsuit-with-playful-ruffles-and-contrasting-stripes-nylon-polyester-blend,200,https://www.dresslikemommy.com/products/chic-mother-daughter-one-shoulder-swimsuit-with-playful-ruffles-and-contrasting-stripes-nylon-polyester-blend,,,Mommy and Me Swimsuits - One Shoulder | Dress Like Mommy,,,200,https://www.dresslikemommy.com/products/chic-mother-daughter-one-shoulder-swimsuit-with-playful-ruffles-and-contrasting-stripes-nylon-polyester-blend,,,Mommy and Me Swimsuits - One Shoulder | Dress Like Mommy,,,false
7108948820065,enchanting-mermaid-scales-two-piece-swimsuit-set-for-mother-and-daughter-rainbow-hues-with-flirty-skirt-detail,Enchanting Mermaid Scales Two-Piece Swimsuit Set fo... | DLM,https://www.dresslikemommy.com/products/enchanting-mermaid-scales-two-piece-swimsuit-set-for-mother-and-daughter-rainbow-hues-with-flirty-skirt-detail,200,https://www.dresslikemommy.com/products/enchanting-mermaid-scales-two-piece-swimsuit-set-for-mother-and-daughter-rainbow-hues-with-flirty-skirt-detail,,,Mommy and Me Bikini Sets - Mermaid Scale | Dress Like Mommy,,,200,https://www.dresslikemommy.com/products/enchanting-mermaid-scales-two-piece-swimsuit-set-for-mother-and-daughter-rainbow-hues-with-flirty-skirt-detail,,,Mommy and Me Bikini Sets - Mermaid Scale | Dress Like Mommy,,,false
7108951605345,chic-ocean-blue-mother-daughter-swimsuit-duo-stylish-ruffle-top-with-paisley-high-waisted-bottoms,Chic Ocean Blue Mother-Daughter Swimsuit Duo Stylis... | DLM,https://www.dresslikemommy.com/products/chic-ocean-blue-mother-daughter-swimsuit-duo-stylish-ruffle-top-with-paisley-high-waisted-bottoms,200,https://www.dresslikemommy.com/products/chic-ocean-blue-mother-daughter-swimsuit-duo-stylish-ruffle-top-with-paisley-high-waisted-bottoms,,,Mommy and Me Swimsuits - Blue | Dress Like Mommy,,,200,https://www.dresslikemommy.com/products/chic-ocean-blue-mother-daughter-swimsuit-duo-stylish-ruffle-top-with-paisley-high-waisted-bottoms,,,Mommy and Me Swimsuits - Blue | Dress Like Mommy,,,false
7108953604193,royal-blue-high-neck-halter-swimsuit-set-with-paisley-print-bottoms-elegant-family-beachwear,Royal Blue High-Neck Halter Swimsuit Set with Paisl... | DLM,https://www.dresslikemommy.com/products/royal-blue-high-neck-halter-swimsuit-set-with-paisley-print-bottoms-elegant-family-beachwear,200,https://www.dresslikemommy.com/products/royal-blue-high-neck-halter-swimsuit-set-with-paisley-print-bottoms-elegant-family-beachwear,,,Family Matching Swimsuits - Blue | Dress Like Mommy,,,200,https://www.dresslikemommy.com/products/royal-blue-high-neck-halter-swimsuit-set-with-paisley-print-bottoms-elegant-family-beachwear,,,Family Matching Swimsuits - Blue | Dress Like Mommy,,,false
7108958519393,vibrant-one-shoulder-rainbow-trim-swimsuit-set-chic-monochrome-blue-with-colorful-accents-for-mother-daughter,Vibrant One-Shoulder Rainbow Trim Swimsuit Set - Ch... | DLM,https://www.dresslikemommy.com/products/vibrant-one-shoulder-rainbow-trim-swimsuit-set-chic-monochrome-blue-with-colorful-accents-for-mother-daughter,200,https://www.dresslikemommy.com/products/vibrant-one-shoulder-rainbow-trim-swimsuit-set-chic-monochrome-blue-with-colorful-accents-for-mother-daughter,,,Mommy and Me Swimsuits - One Shoulder | Dress Like Mommy,,,200,https://www.dresslikemommy.com/products/vibrant-one-shoulder-rainbow-trim-swimsuit-set-chic-monochrome-blue-with-colorful-accents-for-mother-daughter,,,Mommy and Me Swimsuits - One Shoulder | Dress Like Mommy,,,false
7108962254945,chic-tropical-ruffle-one-piece-swimsuit-lush-botanical-print-with-elegant-solid-trim-for-mother-child,Chic Tropical Ruffle One-Piece Swimsuit - Lush Bota... | DLM,https://www.dresslikemommy.com/products/chic-tropical-ruffle-one-piece-swimsuit-lush-botanical-print-with-elegant-solid-trim-for-mother-child,200,https://www.dresslikemommy.com/products/chic-tropical-ruffle-one-piece-swimsuit-lush-botanical-print-with-elegant-solid-trim-for-mother-child,,,Mommy and Me One-Piece Swimsuits - Tropical Print | Dress Like Mommy,,,200,https://www.dresslikemommy.com/products/chic-tropical-ruffle-one-piece-swimsuit-lush-botanical-print-with-elegant-solid-trim-for-mother-child,,,Mommy and Me One-Piece Swimsuits - Tropical Print | Dress Like Mommy,,,false
7108969037921,vibrant-halter-neck-one-piece-swimsuit-with-waist-tie-detail-mother-daughter-matching-swimwear-in-exquisite-baroque-print,Vibrant Halter Neck One-Piece Swimsuit with Waist T... | DLM,https://www.dresslikemommy.com/products/vibrant-halter-neck-one-piece-swimsuit-with-waist-tie-detail-mother-daughter-matching-swimwear-in-exquisite-baroque-print,200,https://www.dresslikemommy.com/products/vibrant-halter-neck-one-piece-swimsuit-with-waist-tie-detail-mother-daughter-matching-swimwear-in-exquisite-baroque-print,,,Mommy and Me One-Piece Swimsuits - One-Piece | Dress Like Mommy,,,200,https://www.dresslikemommy.com/products/vibrant-halter-neck-one-piece-swimsuit-with-waist-tie-detail-mother-daughter-matching-swimwear-in-exquisite-baroque-print,,,Mommy and Me One-Piece Swimsuits - One-Piece | Dress Like Mommy,,,false
7108984799329,chic-leopard-print-one-piece-swimsuit-with-ruffle-accent-timeless-mother-daughter-beachwear,Chic Leopard Print One-Piece Swimsuit with Ruffle A... | DLM,https://www.dresslikemommy.com/products/chic-leopard-print-one-piece-swimsuit-with-ruffle-accent-timeless-mother-daughter-beachwear,200,https://www.dresslikemommy.com/products/chic-leopard-print-one-piece-swimsuit-with-ruffle-accent-timeless-mother-daughter-beachwear,,,Mommy and Me One-Piece Swimsuits - Animal Print | Dress Like Mommy,,,200,https://www.dresslikemommy.com/products/chic-leopard-print-one-piece-swimsuit-with-ruffle-accent-timeless-mother-daughter-beachwear,,,Mommy and Me One-Piece Swimsuits - Animal Print | Dress Like Mommy,,,false
7108986404961,modern-monochrome-one-shoulder-swimsuit-with-animal-print-ruffle-elegant-poolside-duo-for-mother-and-child,Modern Monochrome One-Shoulder Swimsuit with Animal... | DLM,https://www.dresslikemommy.com/products/modern-monochrome-one-shoulder-swimsuit-with-animal-print-ruffle-elegant-poolside-duo-for-mother-and-child,200,https://www.dresslikemommy.com/products/modern-monochrome-one-shoulder-swimsuit-with-animal-print-ruffle-elegant-poolside-duo-for-mother-and-child,,,Mommy and Me Swimsuits - One Shoulder | Dress Like Mommy,,,200,https://www.dresslikemommy.com/products/modern-monochrome-one-shoulder-swimsuit-with-animal-print-ruffle-elegant-poolside-duo-for-mother-and-child,,,Mommy and Me Swimsuits - One Shoulder | Dress Like Mommy,,,false
7108988764257,elegant-blue-and-white-floral-one-piece-swimsuit-timeless-style-for-mother-and-daughter,Elegant Blue and White Floral One-Piece Swimsuit - ... | DLM,https://www.dresslikemommy.com/products/elegant-blue-and-white-floral-one-piece-swimsuit-timeless-style-for-mother-and-daughter,200,https://www.dresslikemommy.com/products/elegant-blue-and-white-floral-one-piece-swimsuit-timeless-style-for-mother-and-daughter,,,Mommy and Me One-Piece Swimsuits - Floral Print | Dress Like Mommy,,,200,https://www.dresslikemommy.com/products/elegant-blue-and-white-floral-one-piece-swimsuit-timeless-style-for-mother-and-daughter,,,Mommy and Me One-Piece Swimsuits - Floral Print | Dress Like Mommy,,,false
7108992860257,chic-striped-one-piece-swimsuit-with-playful-ruffle-detail-a-duo-of-elegance-for-mother-daughter,Chic Striped One-Piece Swimsuit with Playful Ruffle... | DLM,https://www.dresslikemommy.com/products/chic-striped-one-piece-swimsuit-with-playful-ruffle-detail-a-duo-of-elegance-for-mother-daughter,200,https://www.dresslikemommy.com/products/chic-striped-one-piece-swimsuit-with-playful-ruffle-detail-a-duo-of-elegance-for-mother-daughter,,,Mommy and Me One-Piece Swimsuits - Striped | Dress Like Mommy,,,200,https://www.dresslikemommy.com/products/chic-striped-one-piece-swimsuit-with-playful-ruffle-detail-a-duo-of-elegance-for-mother-daughter,,,Mommy and Me One-Piece Swimsuits - Striped | Dress Like Mommy,,,false
7108996530273,elegant-tropical-high-waisted-swimsuit-set-for-mother-and-daughter-radiant-red-halter-neck-design,Elegant Tropical High-Waisted Swimsuit Set for Moth... | DLM,https://www.dresslikemommy.com/products/elegant-tropical-high-waisted-swimsuit-set-for-mother-and-daughter-radiant-red-halter-neck-design,200,https://www.dresslikemommy.com/products/elegant-tropical-high-waisted-swimsuit-set-for-mother-and-daughter-radiant-red-halter-neck-design,,,Mommy and Me Swimsuits - Red Floral Print | Dress Like Mommy,,,200,https://www.dresslikemommy.com/products/elegant-tropical-high-waisted-swimsuit-set-for-mother-and-daughter-radiant-red-halter-neck-design,,,Mommy and Me Swimsuits - Red Floral Print | Dress Like Mommy,,,false
7108998987873,tropical-one-shoulder-ruffle-swimsuit-for-women-and-girls-vibrant-floral-print-asymmetrical-design-family-matching-swimwear,Tropical One-Shoulder Ruffle Swimsuit for Women and... | DLM,https://www.dresslikemommy.com/products/tropical-one-shoulder-ruffle-swimsuit-for-women-and-girls-vibrant-floral-print-asymmetrical-design-family-matching-swimwear,200,https://www.dresslikemommy.com/products/tropical-one-shoulder-ruffle-swimsuit-for-women-and-girls-vibrant-floral-print-asymmetrical-design-family-matching-swimwear,,,Family Matching Swimsuits - One Shoulder | Dress Like Mommy,,,200,https://www.dresslikemommy.com/products/tropical-one-shoulder-ruffle-swimsuit-for-women-and-girls-vibrant-floral-print-asymmetrical-design-family-matching-swimwear,,,Family Matching Swimsuits - One Shoulder | Dress Like Mommy,,,false
7109072257121,chic-tropical-floral-high-neck-swimsuit-set-for-women-and-girls-zippered-sleeveless-quick-dry-swimwear,Chic Tropical Floral High-Neck Swimsuit Set for Wom... | DLM,https://www.dresslikemommy.com/products/chic-tropical-floral-high-neck-swimsuit-set-for-women-and-girls-zippered-sleeveless-quick-dry-swimwear,200,https://www.dresslikemommy.com/products/chic-tropical-floral-high-neck-swimsuit-set-for-women-and-girls-zippered-sleeveless-quick-dry-swimwear,,,Mommy and Me Swimsuits - Floral Print | Dress Like Mommy,,,200,https://www.dresslikemommy.com/products/chic-tropical-floral-high-neck-swimsuit-set-for-women-and-girls-zippered-sleeveless-quick-dry-swimwear,,,Mommy and Me Swimsuits - Floral Print | Dress Like Mommy,,,false
7109083267169,elegant-long-sleeve-leopard-print-swimsuit-for-mother-and-daughter,Elegant Long-Sleeve Leopard Print Swimsuit for Moth... | DLM,https://www.dresslikemommy.com/products/elegant-long-sleeve-leopard-print-swimsuit-for-mother-and-daughter,200,https://www.dresslikemommy.com/products/elegant-long-sleeve-leopard-print-swimsuit-for-mother-and-daughter,,,Mommy and Me Swimsuits - Animal Print | Dress Like Mommy,,,200,https://www.dresslikemommy.com/products/elegant-long-sleeve-leopard-print-swimsuit-for-mother-and-daughter,,,Mommy and Me Swimsuits - Animal Print | Dress Like Mommy,,,false
7109084807265,mother-daughter-pastel-mermaid-scales-swimsuit-with-frill-detail,Mother & Daughter Pastel Mermaid Scales Swimsuit wi... | DLM,https://www.dresslikemommy.com/products/mother-daughter-pastel-mermaid-scales-swimsuit-with-frill-detail,200,https://www.dresslikemommy.com/products/mother-daughter-pastel-mermaid-scales-swimsuit-with-frill-detail,,,Mommy and Me Swimsuits - Mermaid Scale | Dress Like Mommy,,,200,https://www.dresslikemommy.com/products/mother-daughter-pastel-mermaid-scales-swimsuit-with-frill-detail,,,Mommy and Me Swimsuits - Mermaid Scale | Dress Like Mommy,,,false
7109117280353,chic-pink-mermaid-scales-tankini-set-for-mother-and-daughter,Chic Pink Mermaid Scales Tankini Set for Mother and Daughter,https://www.dresslikemommy.com/products/chic-pink-mermaid-scales-tankini-set-for-mother-and-daughter,200,https://www.dresslikemommy.com/products/chic-pink-mermaid-scales-tankini-set-for-mother-and-daughter,,,Mommy and Me Tankinis - Mermaid Scale | Dress Like Mommy,,,200,https://www.dresslikemommy.com/products/chic-pink-mermaid-scales-tankini-set-for-mother-and-daughter,,,Mommy and Me Tankinis - Mermaid Scale | Dress Like Mommy,,,false
7109119705185,nautical-charm-flamingo-print-one-piece-swimsuits-for-mother-daughter,Nautical Charm Flamingo Print One-Piece Swimsuits f... | DLM,https://www.dresslikemommy.com/products/nautical-charm-flamingo-print-one-piece-swimsuits-for-mother-daughter,200,https://www.dresslikemommy.com/products/nautical-charm-flamingo-print-one-piece-swimsuits-for-mother-daughter,,,Mommy and Me One-Piece Swimsuits - Striped | Dress Like Mommy,,,200,https://www.dresslikemommy.com/products/nautical-charm-flamingo-print-one-piece-swimsuits-for-mother-daughter,,,Mommy and Me One-Piece Swimsuits - Striped | Dress Like Mommy,,,false
7109122097249,chic-floral-ruffle-one-shoulder-swimsuit-for-women-and-girls-elegant-asymmetrical-swimwear-set-in-vibrant-tropics-print,Chic Floral Ruffle One-Shoulder Swimsuit for Women ... | DLM,https://www.dresslikemommy.com/products/chic-floral-ruffle-one-shoulder-swimsuit-for-women-and-girls-elegant-asymmetrical-swimwear-set-in-vibrant-tropics-print,200,https://www.dresslikemommy.com/products/chic-floral-ruffle-one-shoulder-swimsuit-for-women-and-girls-elegant-asymmetrical-swimwear-set-in-vibrant-tropics-print,,,Mommy and Me Swimsuits - One Shoulder | Dress Like Mommy,,,200,https://www.dresslikemommy.com/products/chic-floral-ruffle-one-shoulder-swimsuit-for-women-and-girls-elegant-asymmetrical-swimwear-set-in-vibrant-tropics-print,,,Mommy and Me Swimsuits - One Shoulder | Dress Like Mommy,,,false
7109123670113,modern-cow-print-tankini-swimsuit-set-for-mother-and-daughter-stylish-high-waisted-swimwear-with-ruffle-detail,Modern Cow Print Tankini Swimsuit Set for Mother an... | DLM,https://www.dresslikemommy.com/products/modern-cow-print-tankini-swimsuit-set-for-mother-and-daughter-stylish-high-waisted-swimwear-with-ruffle-detail,200,https://www.dresslikemommy.com/products/modern-cow-print-tankini-swimsuit-set-for-mother-and-daughter-stylish-high-waisted-swimwear-with-ruffle-detail,,,Mommy and Me Tankinis - Animal Print | Dress Like Mommy,,,200,https://www.dresslikemommy.com/products/modern-cow-print-tankini-swimsuit-set-for-mother-and-daughter-stylish-high-waisted-swimwear-with-ruffle-detail,,,Mommy and Me Tankinis - Animal Print | Dress Like Mommy,,,false
7109125537889,chic-tropical-one-shoulder-ruffle-swimsuit-set-for-mother-and-daughter-vibrant-floral-pattern-with-comfort-stretch,Chic Tropical One-Shoulder Ruffle Swimsuit Set for ... | DLM,https://www.dresslikemommy.com/products/chic-tropical-one-shoulder-ruffle-swimsuit-set-for-mother-and-daughter-vibrant-floral-pattern-with-comfort-stretch,200,https://www.dresslikemommy.com/products/chic-tropical-one-shoulder-ruffle-swimsuit-set-for-mother-and-daughter-vibrant-floral-pattern-with-comfort-stretch,,,Mommy and Me Swimsuits - One Shoulder | Dress Like Mommy,,,200,https://www.dresslikemommy.com/products/chic-tropical-one-shoulder-ruffle-swimsuit-set-for-mother-and-daughter-vibrant-floral-pattern-with-comfort-stretch,,,Mommy and Me Swimsuits - One Shoulder | Dress Like Mommy,,,false
7109267947617,chic-color-block-one-piece-swimsuit-for-mother-daughter-vibrant-sleek-beachwear,Chic Color-Block One-Piece Swimsuit for Mother & Da... | DLM,https://www.dresslikemommy.com/products/chic-color-block-one-piece-swimsuit-for-mother-daughter-vibrant-sleek-beachwear,200,https://www.dresslikemommy.com/products/chic-color-block-one-piece-swimsuit-for-mother-daughter-vibrant-sleek-beachwear,,,Mommy and Me One-Piece Swimsuits - Color Block | Dress Like Mommy,,,200,https://www.dresslikemommy.com/products/chic-color-block-one-piece-swimsuit-for-mother-daughter-vibrant-sleek-beachwear,,,Mommy and Me One-Piece Swimsuits - Color Block | Dress Like Mommy,,,false
7109292130401,chic-mother-daughter-two-piece-swimsuit-family-matching-swimwear-in-vibrant-colors,Chic Mother-Daughter Two-Piece Swimsuit - Swimwear ... | DLM,https://www.dresslikemommy.com/products/chic-mother-daughter-two-piece-swimsuit-family-matching-swimwear-in-vibrant-colors,200,https://www.dresslikemommy.com/products/chic-mother-daughter-two-piece-swimsuit-family-matching-swimwear-in-vibrant-colors,,,Family Matching Bikini Sets - One-Piece | Dress Like Mommy,,,200,https://www.dresslikemommy.com/products/chic-mother-daughter-two-piece-swimsuit-family-matching-swimwear-in-vibrant-colors,,,Family Matching Bikini Sets - One-Piece | Dress Like Mommy,,,false
7109298487393,chic-two-piece-swimsuit-set-ruffle-detail-top-and-high-waisted-bottoms-in-four-vibrant-colors,Chic Two-Piece Swimsuit Set Ruffle Detail Top and H... | DLM,https://www.dresslikemommy.com/products/chic-two-piece-swimsuit-set-ruffle-detail-top-and-high-waisted-bottoms-in-four-vibrant-colors,200,https://www.dresslikemommy.com/products/chic-two-piece-swimsuit-set-ruffle-detail-top-and-high-waisted-bottoms-in-four-vibrant-colors,,,Mommy and Me Bikini Sets - Tropical Print | Dress Like Mommy,,,200,https://www.dresslikemommy.com/products/chic-two-piece-swimsuit-set-ruffle-detail-top-and-high-waisted-bottoms-in-four-vibrant-colors,,,Mommy and Me Bikini Sets - Tropical Print | Dress Like Mommy,,,false
7109443256417,mommy-me-vibrant-duo-tone-one-piece-swimsuit-with-ring-accent-family-matching-swimwear-collection,"Mommy & Me"" Vibrant Duo-Tone One-Piece Swimsuit wit... | DLM",https://www.dresslikemommy.com/products/mommy-me-vibrant-duo-tone-one-piece-swimsuit-with-ring-accent-family-matching-swimwear-collection,200,https://www.dresslikemommy.com/products/mommy-me-vibrant-duo-tone-one-piece-swimsuit-with-ring-accent-family-matching-swimwear-collection,,,Family Matching One-Piece Swimsuits - One-Piece | Dress Like Mommy,,,200,https://www.dresslikemommy.com/products/mommy-me-vibrant-duo-tone-one-piece-swimsuit-with-ring-accent-family-matching-swimwear-collection,,,Family Matching One-Piece Swimsuits - One-Piece | Dress Like Mommy,,,false
7109454135393,chic-two-piece-swimsuit-with-skirt-family-matching-swimwear-for-mother-and-daughter-available-in-blue-green-black,Chic Two-Piece Swimsuit with Skirt Swimwear for Mot... | DLM,https://www.dresslikemommy.com/products/chic-two-piece-swimsuit-with-skirt-family-matching-swimwear-for-mother-and-daughter-available-in-blue-green-black,200,https://www.dresslikemommy.com/products/chic-two-piece-swimsuit-with-skirt-family-matching-swimwear-for-mother-and-daughter-available-in-blue-green-black,,,Family Matching Bikini Sets - Blue Green Floral | Dress Like Mommy,,,200,https://www.dresslikemommy.com/products/chic-two-piece-swimsuit-with-skirt-family-matching-swimwear-for-mother-and-daughter-available-in-blue-green-black,,,Family Matching Bikini Sets - Blue Green Floral | Dress Like Mommy,,,false
7109472288865,chic-mother-daughter-matching-swimsuit-set-with-floral-cover-up-family-beachwear-collection,Chic Mother-Daughter Matching Swimsuit Set with Flo... | DLM,https://www.dresslikemommy.com/products/chic-mother-daughter-matching-swimsuit-set-with-floral-cover-up-family-beachwear-collection,200,https://www.dresslikemommy.com/products/chic-mother-daughter-matching-swimsuit-set-with-floral-cover-up-family-beachwear-collection,,,Family Matching Swimsuits - Floral Print | Dress Like Mommy,,,200,https://www.dresslikemommy.com/products/chic-mother-daughter-matching-swimsuit-set-with-floral-cover-up-family-beachwear-collection,,,Family Matching Swimsuits - Floral Print | Dress Like Mommy,,,false
7109481431137,chic-family-bonding-mother-daughter-matching-swimsuit-set-with-long-sleeved-cover-up,Chic Family Bonding - Mother & Daughter Matching Sw... | DLM,https://www.dresslikemommy.com/products/chic-family-bonding-mother-daughter-matching-swimsuit-set-with-long-sleeved-cover-up,200,https://www.dresslikemommy.com/products/chic-family-bonding-mother-daughter-matching-swimsuit-set-with-long-sleeved-cover-up,,,Family Matching Swimsuits - Long Sleeve | Dress Like Mommy,,,200,https://www.dresslikemommy.com/products/chic-family-bonding-mother-daughter-matching-swimsuit-set-with-long-sleeved-cover-up,,,Family Matching Swimsuits - Long Sleeve | Dress Like Mommy,,,false
7109502566497,chic-family-tides-mother-daughter-matching-two-piece-swimsuit-with-skirt-vibrant-versatile-swimwear-collection,Chic Family Tides: Mother & Daughter Matching Two-P... | DLM,https://www.dresslikemommy.com/products/chic-family-tides-mother-daughter-matching-two-piece-swimsuit-with-skirt-vibrant-versatile-swimwear-collection,200,https://www.dresslikemommy.com/products/chic-family-tides-mother-daughter-matching-two-piece-swimsuit-with-skirt-vibrant-versatile-swimwear-collection,,,Family Matching Bikini Sets - Matching Style | Dress Like Mommy,,,200,https://www.dresslikemommy.com/products/chic-family-tides-mother-daughter-matching-two-piece-swimsuit-with-skirt-vibrant-versatile-swimwear-collection,,,Family Matching Bikini Sets - Matching Style | Dress Like Mommy,,,false
7109514395745,elegant-mother-daughter-matching-one-piece-swimsuit-with-patterned-mesh-skirt-family-beachwear-set,Elegant Mother Daughter Matching One-Piece Swimsuit... | DLM,https://www.dresslikemommy.com/products/elegant-mother-daughter-matching-one-piece-swimsuit-with-patterned-mesh-skirt-family-beachwear-set,200,https://www.dresslikemommy.com/products/elegant-mother-daughter-matching-one-piece-swimsuit-with-patterned-mesh-skirt-family-beachwear-set,,,Family Matching One-Piece Swimsuits - One-Piece | Dress Like Mommy,,,200,https://www.dresslikemommy.com/products/elegant-mother-daughter-matching-one-piece-swimsuit-with-patterned-mesh-skirt-family-beachwear-set,,,Family Matching One-Piece Swimsuits - One-Piece | Dress Like Mommy,,,false
7109986844769,mother-daughter-matching-swim-set-abstract-print-two-piece-high-waisted-bikini-with-wrap-skirt,Mother & Daughter Matching Swim Set - Abstract Prin... | DLM,https://www.dresslikemommy.com/products/mother-daughter-matching-swim-set-abstract-print-two-piece-high-waisted-bikini-with-wrap-skirt,200,https://www.dresslikemommy.com/products/mother-daughter-matching-swim-set-abstract-print-two-piece-high-waisted-bikini-with-wrap-skirt,,,Mommy and Me Bikini Sets - Wrap Skirt | Dress Like Mommy,,,200,https://www.dresslikemommy.com/products/mother-daughter-matching-swim-set-abstract-print-two-piece-high-waisted-bikini-with-wrap-skirt,,,Mommy and Me Bikini Sets - Wrap Skirt | Dress Like Mommy,,,false
7110356631649,father-and-son-matching-swim-trunks-tropical-floral-print-family-swimwear,Father and Son Matching Swim Trunks - Tropical Flor... | DLM,https://www.dresslikemommy.com/products/father-and-son-matching-swim-trunks-tropical-floral-print-family-swimwear,200,https://www.dresslikemommy.com/products/father-and-son-matching-swim-trunks-tropical-floral-print-family-swimwear,,,Family Matching Swim Trunks - Floral Print | Dress Like Mommy,,,200,https://www.dresslikemommy.com/products/father-and-son-matching-swim-trunks-tropical-floral-print-family-swimwear,,,Family Matching Swim Trunks - Floral Print | Dress Like Mommy,,,false
7110361874529,father-and-son-matching-swim-trunks-classic-paisley-pattern-in-blue-and-yellow,Father and Son Matching Swim Trunks - Classic Paisl... | DLM,https://www.dresslikemommy.com/products/father-and-son-matching-swim-trunks-classic-paisley-pattern-in-blue-and-yellow,200,https://www.dresslikemommy.com/products/father-and-son-matching-swim-trunks-classic-paisley-pattern-in-blue-and-yellow,,,Daddy and Me Swim Trunks - Blue Yellow | Dress Like Mommy,,,200,https://www.dresslikemommy.com/products/father-and-son-matching-swim-trunks-classic-paisley-pattern-in-blue-and-yellow,,,Daddy and Me Swim Trunks - Blue Yellow | Dress Like Mommy,,,false
7110362136673,father-and-son-matching-swim-trunks-tropical-paradise-red-and-green-print,Father and Son Matching Swim Trunks - Tropical Para... | DLM,https://www.dresslikemommy.com/products/father-and-son-matching-swim-trunks-tropical-paradise-red-and-green-print,200,https://www.dresslikemommy.com/products/father-and-son-matching-swim-trunks-tropical-paradise-red-and-green-print,,,Daddy and Me Swim Trunks - Red Green Tropical Print | Dress Like Mommy,,,200,https://www.dresslikemommy.com/products/father-and-son-matching-swim-trunks-tropical-paradise-red-and-green-print,,,Daddy and Me Swim Trunks - Red Green Tropical Print | Dress Like Mommy,,,false
7110363119713,father-and-son-matching-swim-trunks-bold-cow-print-family-beachwear,Father and Son Matching Swim Trunks - Bold Cow Prin... | DLM,https://www.dresslikemommy.com/products/father-and-son-matching-swim-trunks-bold-cow-print-family-beachwear,200,https://www.dresslikemommy.com/products/father-and-son-matching-swim-trunks-bold-cow-print-family-beachwear,,,Family Matching Swim Trunks - Animal Print | Dress Like Mommy,,,200,https://www.dresslikemommy.com/products/father-and-son-matching-swim-trunks-bold-cow-print-family-beachwear,,,Family Matching Swim Trunks - Animal Print | Dress Like Mommy,,,false
7110363775073,father-and-son-matching-swim-trunks-elegant-blue-and-white-paisley-design-quick-dry-beachwear,Father and Son Matching Swim Trunks - Elegant Blue ... | DLM,https://www.dresslikemommy.com/products/father-and-son-matching-swim-trunks-elegant-blue-and-white-paisley-design-quick-dry-beachwear,200,https://www.dresslikemommy.com/products/father-and-son-matching-swim-trunks-elegant-blue-and-white-paisley-design-quick-dry-beachwear,,,Daddy and Me Swim Trunks - Blue White | Dress Like Mommy,,,200,https://www.dresslikemommy.com/products/father-and-son-matching-swim-trunks-elegant-blue-and-white-paisley-design-quick-dry-beachwear,,,Daddy and Me Swim Trunks - Blue White | Dress Like Mommy,,,false
7110364856417,tropical-flair-father-and-son-matching-swim-trunks-flamingo-and-foliage-print,Tropical Flair Father and Son Matching Swim Trunks ... | DLM,https://www.dresslikemommy.com/products/tropical-flair-father-and-son-matching-swim-trunks-flamingo-and-foliage-print,200,https://www.dresslikemommy.com/products/tropical-flair-father-and-son-matching-swim-trunks-flamingo-and-foliage-print,,,Daddy and Me Swim Trunks - Tropical Print | Dress Like Mommy,,,200,https://www.dresslikemommy.com/products/tropical-flair-father-and-son-matching-swim-trunks-flamingo-and-foliage-print,,,Daddy and Me Swim Trunks - Tropical Print | Dress Like Mommy,,,false
7110368919649,dynamic-duo-father-and-son-matching-swim-trunks-family-beachwear-set,"Dynamic Duo"" Father and Son Matching Swim Trunks - ... | DLM",https://www.dresslikemommy.com/products/dynamic-duo-father-and-son-matching-swim-trunks-family-beachwear-set,200,https://www.dresslikemommy.com/products/dynamic-duo-father-and-son-matching-swim-trunks-family-beachwear-set,,,Family Matching Swim Trunks - Matching Style | Dress Like Mommy,,,200,https://www.dresslikemommy.com/products/dynamic-duo-father-and-son-matching-swim-trunks-family-beachwear-set,,,Family Matching Swim Trunks - Matching Style | Dress Like Mommy,,,false
7227252670561,mommy-and-me-matching-pink-sleeveless-summer-dress-elegant-sundress-for-mother-daughter,Matching Pink Sleeveless Summer Dress Elegant Sundr... | DLM,https://www.dresslikemommy.com/products/mommy-and-me-matching-pink-sleeveless-summer-dress-elegant-sundress-for-mother-daughter,200,https://www.dresslikemommy.com/products/mommy-and-me-matching-pink-sleeveless-summer-dress-elegant-sundress-for-mother-daughter,,,Mommy and Me Maxi Dresses - Pink | Dress Like Mommy,,,200,https://www.dresslikemommy.com/products/mommy-and-me-matching-pink-sleeveless-summer-dress-elegant-sundress-for-mother-daughter,,,Mommy and Me Maxi Dresses - Pink | Dress Like Mommy,,,false
7227254276193,mommy-and-me-matching-yellow-sleeveless-maxi-dress-vibrant-summer-beach-dress-for-mother-daughter,Matching Yellow Sleeveless Maxi Dress Vibrant Summe... | DLM,https://www.dresslikemommy.com/products/mommy-and-me-matching-yellow-sleeveless-maxi-dress-vibrant-summer-beach-dress-for-mother-daughter,200,https://www.dresslikemommy.com/products/mommy-and-me-matching-yellow-sleeveless-maxi-dress-vibrant-summer-beach-dress-for-mother-daughter,,,Mommy and Me Maxi Dresses - Yellow | Dress Like Mommy,,,200,https://www.dresslikemommy.com/products/mommy-and-me-matching-yellow-sleeveless-maxi-dress-vibrant-summer-beach-dress-for-mother-daughter,,,Mommy and Me Maxi Dresses - Yellow | Dress Like Mommy,,,false
7227260797025,matching-mommy-me-plaid-flannel-shirts-cozy-button-up-jackets-for-fall,Matching Mommy & Me Plaid Flannel Shirts Cozy Butto... | DLM,https://www.dresslikemommy.com/products/matching-mommy-me-plaid-flannel-shirts-cozy-button-up-jackets-for-fall,200,https://www.dresslikemommy.com/products/matching-mommy-me-plaid-flannel-shirts-cozy-button-up-jackets-for-fall,,,Mommy and Me Shirts - Plaid Flannel | Dress Like Mommy,,,200,https://www.dresslikemommy.com/products/matching-mommy-me-plaid-flannel-shirts-cozy-button-up-jackets-for-fall,,,Mommy and Me Shirts - Plaid Flannel | Dress Like Mommy,,,false
7227270299745,matching-mommy-me-sunflower-maxi-dresses-sleeveless-floral-print-summer-dress,Matching Mommy & Me Sunflower Maxi Dresses Sleevele... | DLM,https://www.dresslikemommy.com/products/matching-mommy-me-sunflower-maxi-dresses-sleeveless-floral-print-summer-dress,200,https://www.dresslikemommy.com/products/matching-mommy-me-sunflower-maxi-dresses-sleeveless-floral-print-summer-dress,,,Mommy and Me Maxi Dresses - Floral Print | Dress Like Mommy,,,200,https://www.dresslikemommy.com/products/matching-mommy-me-sunflower-maxi-dresses-sleeveless-floral-print-summer-dress,,,Mommy and Me Maxi Dresses - Floral Print | Dress Like Mommy,,,false
7227270791265,matching-mommy-me-smocked-sundresses-vibrant-floral-and-patterned-summer-dresses,Matching Mommy & Me Smocked Sundresses Vibrant Flor... | DLM,https://www.dresslikemommy.com/products/matching-mommy-me-smocked-sundresses-vibrant-floral-and-patterned-summer-dresses,200,https://www.dresslikemommy.com/products/matching-mommy-me-smocked-sundresses-vibrant-floral-and-patterned-summer-dresses,,,Mommy and Me Sundresses - Floral Print | Dress Like Mommy,,,200,https://www.dresslikemommy.com/products/matching-mommy-me-smocked-sundresses-vibrant-floral-and-patterned-summer-dresses,,,Mommy and Me Sundresses - Floral Print | Dress Like Mommy,,,false
7227355988065,matching-mommy-me-floral-strappy-back-maxi-dresses-summer-beach-outfit,Matching Mommy & Me Floral Strappy Back Maxi Dresse... | DLM,https://www.dresslikemommy.com/products/matching-mommy-me-floral-strappy-back-maxi-dresses-summer-beach-outfit,200,https://www.dresslikemommy.com/products/matching-mommy-me-floral-strappy-back-maxi-dresses-summer-beach-outfit,,,Mommy and Me Matching Sets - Floral Print | Dress Like Mommy,,,200,https://www.dresslikemommy.com/products/matching-mommy-me-floral-strappy-back-maxi-dresses-summer-beach-outfit,,,Mommy and Me Matching Sets - Floral Print | Dress Like Mommy,,,false
7227356282977,matching-mommy-me-colorful-watercolor-maxi-dresses-sleeveless-summer-dress,Matching Mommy & Me Colorful Watercolor Maxi Dresse... | DLM,https://www.dresslikemommy.com/products/matching-mommy-me-colorful-watercolor-maxi-dresses-sleeveless-summer-dress,200,https://www.dresslikemommy.com/products/matching-mommy-me-colorful-watercolor-maxi-dresses-sleeveless-summer-dress,,,Mommy and Me Maxi Dresses - Watercolor | Dress Like Mommy,,,200,https://www.dresslikemommy.com/products/matching-mommy-me-colorful-watercolor-maxi-dresses-sleeveless-summer-dress,,,Mommy and Me Maxi Dresses - Watercolor | Dress Like Mommy,,,false
7227375714401,matching-family-yellow-beach-outfits-summer-vacation-dresses-shorts-set,Yellow Beach Outfits Summer Vacation Dresses & Shor... | DLM,https://www.dresslikemommy.com/products/matching-family-yellow-beach-outfits-summer-vacation-dresses-shorts-set,200,https://www.dresslikemommy.com/products/matching-family-yellow-beach-outfits-summer-vacation-dresses-shorts-set,,,Family Matching Sets - Yellow Tropical Print | Dress Like Mommy,,,200,https://www.dresslikemommy.com/products/matching-family-yellow-beach-outfits-summer-vacation-dresses-shorts-set,,,Family Matching Sets - Yellow Tropical Print | Dress Like Mommy,,,false
7227378892897,matching-family-beach-outfits-holiday-palm-tree-print-summer-dresses-shorts-set,Beach Outfits Holiday Palm Tree Print Summer Dresse... | DLM,https://www.dresslikemommy.com/products/matching-family-beach-outfits-holiday-palm-tree-print-summer-dresses-shorts-set,200,https://www.dresslikemommy.com/products/matching-family-beach-outfits-holiday-palm-tree-print-summer-dresses-shorts-set,,,Family Matching Sets - Christmas Print | Dress Like Mommy,,,200,https://www.dresslikemommy.com/products/matching-family-beach-outfits-holiday-palm-tree-print-summer-dresses-shorts-set,,,Family Matching Sets - Christmas Print | Dress Like Mommy,,,false
7227378925665,tropical-matching-family-beach-outfits-colorful-leaf-print-summer-dresses-shorts-set,Tropical Beach Outfits Colorful Leaf Print Summer D... | DLM,https://www.dresslikemommy.com/products/tropical-matching-family-beach-outfits-colorful-leaf-print-summer-dresses-shorts-set,200,https://www.dresslikemommy.com/products/tropical-matching-family-beach-outfits-colorful-leaf-print-summer-dresses-shorts-set,,,Family Matching Sets - Tropical Print | Dress Like Mommy,,,200,https://www.dresslikemommy.com/products/tropical-matching-family-beach-outfits-colorful-leaf-print-summer-dresses-shorts-set,,,Family Matching Sets - Tropical Print | Dress Like Mommy,,,false
7227379023969,elegant-matching-family-outfits-light-blue-halter-dresses-casual-t-shirt-set-for-summer,Elegant Outfits Light Blue Halter Dresses & Casual ... | DLM,https://www.dresslikemommy.com/products/elegant-matching-family-outfits-light-blue-halter-dresses-casual-t-shirt-set-for-summer,200,https://www.dresslikemommy.com/products/elegant-matching-family-outfits-light-blue-halter-dresses-casual-t-shirt-set-for-summer,,,Family Matching Sets - Blue | Dress Like Mommy,,,200,https://www.dresslikemommy.com/products/elegant-matching-family-outfits-light-blue-halter-dresses-casual-t-shirt-set-for-summer,,,Family Matching Sets - Blue | Dress Like Mommy,,,false
7227380269153,matching-rainbow-striped-family-cardigans-cozy-good-mood-knit-sweaters-for-mom-and-kids,"Matching Rainbow Striped Family Cardigans Cozy ""Goo... | DLM",https://www.dresslikemommy.com/products/matching-rainbow-striped-family-cardigans-cozy-good-mood-knit-sweaters-for-mom-and-kids,200,https://www.dresslikemommy.com/products/matching-rainbow-striped-family-cardigans-cozy-good-mood-knit-sweaters-for-mom-and-kids,,,Family Matching Cardigans - Rainbow Stripe | Dress Like Mommy,,,200,https://www.dresslikemommy.com/products/matching-rainbow-striped-family-cardigans-cozy-good-mood-knit-sweaters-for-mom-and-kids,,,Family Matching Cardigans - Rainbow Stripe | Dress Like Mommy,,,false
7227418738785,matching-family-striped-cardigans-navy-and-red-heart-embroidery-knit-sweaters-for-mom-dad-and-kids,Striped Cardigans Navy and Red Heart Embroidery Kni... | DLM,https://www.dresslikemommy.com/products/matching-family-striped-cardigans-navy-and-red-heart-embroidery-knit-sweaters-for-mom-dad-and-kids,200,https://www.dresslikemommy.com/products/matching-family-striped-cardigans-navy-and-red-heart-embroidery-knit-sweaters-for-mom-dad-and-kids,,,Family Matching Cardigans - Navy Red Striped | Dress Like Mommy,,,200,https://www.dresslikemommy.com/products/matching-family-striped-cardigans-navy-and-red-heart-embroidery-knit-sweaters-for-mom-dad-and-kids,,,Family Matching Cardigans - Navy Red Striped | Dress Like Mommy,,,false
7227427881057,matching-mommy-and-me-bear-striped-knit-sweaters-cozy-family-outfit-with-embroidered-bear-design,Matching Bear Striped Knit Sweaters Cozy Family Out... | DLM,https://www.dresslikemommy.com/products/matching-mommy-and-me-bear-striped-knit-sweaters-cozy-family-outfit-with-embroidered-bear-design,200,https://www.dresslikemommy.com/products/matching-mommy-and-me-bear-striped-knit-sweaters-cozy-family-outfit-with-embroidered-bear-design,,,Family Matching Sets - Cartoon Print | Dress Like Mommy,,,200,https://www.dresslikemommy.com/products/matching-mommy-and-me-bear-striped-knit-sweaters-cozy-family-outfit-with-embroidered-bear-design,,,Family Matching Sets - Cartoon Print | Dress Like Mommy,,,false
7227429126241,matching-family-red-stripe-knit-sweaters-half-zip-pullover-for-mom-dad-and-kids,"Red Stripe Knit Sweaters Half-Zip Pullover for Mom,... | DLM",https://www.dresslikemommy.com/products/matching-family-red-stripe-knit-sweaters-half-zip-pullover-for-mom-dad-and-kids,200,https://www.dresslikemommy.com/products/matching-family-red-stripe-knit-sweaters-half-zip-pullover-for-mom-dad-and-kids,,,Family Matching Sweaters - Red Striped | Dress Like Mommy,,,200,https://www.dresslikemommy.com/products/matching-family-red-stripe-knit-sweaters-half-zip-pullover-for-mom-dad-and-kids,,,Family Matching Sweaters - Red Striped | Dress Like Mommy,,,false
7227431616609,matching-family-denim-jackets-classic-light-wash-jean-shirt-for-mom-dad-and-kids,Denim Jackets Classic Light-Wash Jean Shirt for Mom... | DLM,https://www.dresslikemommy.com/products/matching-family-denim-jackets-classic-light-wash-jean-shirt-for-mom-dad-and-kids,200,https://www.dresslikemommy.com/products/matching-family-denim-jackets-classic-light-wash-jean-shirt-for-mom-dad-and-kids,,,Family Matching Shirts - Matching Style | Dress Like Mommy,,,200,https://www.dresslikemommy.com/products/matching-family-denim-jackets-classic-light-wash-jean-shirt-for-mom-dad-and-kids,,,Family Matching Shirts - Matching Style | Dress Like Mommy,,,false
7227434106977,matching-family-heart-embroidery-cardigans-cream-and-red-knit-sweaters-for-parents-and-kids,Heart Embroidery Cardigans Cream and Red Knit Sweat... | DLM,https://www.dresslikemommy.com/products/matching-family-heart-embroidery-cardigans-cream-and-red-knit-sweaters-for-parents-and-kids,200,https://www.dresslikemommy.com/products/matching-family-heart-embroidery-cardigans-cream-and-red-knit-sweaters-for-parents-and-kids,,,Family Matching Cardigans - Cream Red Heart Print | Dress Like Mommy,,,200,https://www.dresslikemommy.com/products/matching-family-heart-embroidery-cardigans-cream-and-red-knit-sweaters-for-parents-and-kids,,,Family Matching Cardigans - Cream Red Heart Print | Dress Like Mommy,,,false
7227434958945,matching-mother-and-daughter-heart-knit-cardigans-cream-and-black-sweaters-for-mommy-me,Matching Mother and Daughter Heart Knit Cardigans C... | DLM,https://www.dresslikemommy.com/products/matching-mother-and-daughter-heart-knit-cardigans-cream-and-black-sweaters-for-mommy-me,200,https://www.dresslikemommy.com/products/matching-mother-and-daughter-heart-knit-cardigans-cream-and-black-sweaters-for-mommy-me,,,Mommy and Me Cardigans - Cream Black Heart Print | Dress Like Mommy,,,200,https://www.dresslikemommy.com/products/matching-mother-and-daughter-heart-knit-cardigans-cream-and-black-sweaters-for-mommy-me,,,Mommy and Me Cardigans - Cream Black Heart Print | Dress Like Mommy,,,false
7227435450465,matching-color-block-knit-sweaters-vibrant-family-pullover-for-mom-and-kids,Matching Color-Block Knit Sweaters Vibrant Family P... | DLM,https://www.dresslikemommy.com/products/matching-color-block-knit-sweaters-vibrant-family-pullover-for-mom-and-kids,200,https://www.dresslikemommy.com/products/matching-color-block-knit-sweaters-vibrant-family-pullover-for-mom-and-kids,,,Family Matching Sweaters - Color Block | Dress Like Mommy,,,200,https://www.dresslikemommy.com/products/matching-color-block-knit-sweaters-vibrant-family-pullover-for-mom-and-kids,,,Family Matching Sweaters - Color Block | Dress Like Mommy,,,false
7227436367969,matching-star-knit-sweater-dress-cozy-cream-family-outfit-for-mom-and-daughter,Matching Star Knit Sweater Dress Cozy Cream Family ... | DLM,https://www.dresslikemommy.com/products/matching-star-knit-sweater-dress-cozy-cream-family-outfit-for-mom-and-daughter,200,https://www.dresslikemommy.com/products/matching-star-knit-sweater-dress-cozy-cream-family-outfit-for-mom-and-daughter,,,Family Matching Sets - Cream | Dress Like Mommy,,,200,https://www.dresslikemommy.com/products/matching-star-knit-sweater-dress-cozy-cream-family-outfit-for-mom-and-daughter,,,Family Matching Sets - Cream | Dress Like Mommy,,,false
7227438530657,matching-mother-and-daughter-beach-dresses-elegant-cream-chiffon-maxi-dress-set,Matching Mother and Daughter Beach Dresses Elegant ... | DLM,https://www.dresslikemommy.com/products/matching-mother-and-daughter-beach-dresses-elegant-cream-chiffon-maxi-dress-set,200,https://www.dresslikemommy.com/products/matching-mother-and-daughter-beach-dresses-elegant-cream-chiffon-maxi-dress-set,,,Mommy and Me Maxi Dresses - Cream | Dress Like Mommy,,,200,https://www.dresslikemommy.com/products/matching-mother-and-daughter-beach-dresses-elegant-cream-chiffon-maxi-dress-set,,,Mommy and Me Maxi Dresses - Cream | Dress Like Mommy,,,false
7227439546465,matching-family-tropical-floral-beach-outfits-navy-and-orange-flower-print-dresses-shirts-set,Matching Tropical Floral Beach Outfits Navy and Ora... | DLM,https://www.dresslikemommy.com/products/matching-family-tropical-floral-beach-outfits-navy-and-orange-flower-print-dresses-shirts-set,200,https://www.dresslikemommy.com/products/matching-family-tropical-floral-beach-outfits-navy-and-orange-flower-print-dresses-shirts-set,,,Family Matching Sets - Navy Floral Print | Dress Like Mommy,,,200,https://www.dresslikemommy.com/products/matching-family-tropical-floral-beach-outfits-navy-and-orange-flower-print-dresses-shirts-set,,,Family Matching Sets - Navy Floral Print | Dress Like Mommy,,,false
7227620982881,matching-family-striped-fleece-hoodies-cozy-winter-pullover-for-parents-and-kids,Striped Fleece Hoodies Cozy Winter Pullover for Par... | DLM,https://www.dresslikemommy.com/products/matching-family-striped-fleece-hoodies-cozy-winter-pullover-for-parents-and-kids,200,https://www.dresslikemommy.com/products/matching-family-striped-fleece-hoodies-cozy-winter-pullover-for-parents-and-kids,,,Family Matching Hoodies - Fleece | Dress Like Mommy,,,200,https://www.dresslikemommy.com/products/matching-family-striped-fleece-hoodies-cozy-winter-pullover-for-parents-and-kids,,,Family Matching Hoodies - Fleece | Dress Like Mommy,,,false
7227624554593,matching-family-denim-button-up-shirts-casual-unisex-jean-jackets-for-parents-and-kids,Denim Button-Up Shirts Casual Unisex Jean Jackets f... | DLM,https://www.dresslikemommy.com/products/matching-family-denim-button-up-shirts-casual-unisex-jean-jackets-for-parents-and-kids,200,https://www.dresslikemommy.com/products/matching-family-denim-button-up-shirts-casual-unisex-jean-jackets-for-parents-and-kids,,,Family Matching Shirts - Matching Style | Dress Like Mommy,,,200,https://www.dresslikemommy.com/products/matching-family-denim-button-up-shirts-casual-unisex-jean-jackets-for-parents-and-kids,,,Family Matching Shirts - Matching Style | Dress Like Mommy,,,false
7227630649441,mother-daughter-matching-summer-dresses-vibrant-printed-sleeveless-maxi-dresses,Mother-Daughter Matching Summer Dresses Vibrant Pri... | DLM,https://www.dresslikemommy.com/products/mother-daughter-matching-summer-dresses-vibrant-printed-sleeveless-maxi-dresses,200,https://www.dresslikemommy.com/products/mother-daughter-matching-summer-dresses-vibrant-printed-sleeveless-maxi-dresses,,,Mommy and Me Maxi Dresses - Floral Print | Dress Like Mommy,,,200,https://www.dresslikemommy.com/products/mother-daughter-matching-summer-dresses-vibrant-printed-sleeveless-maxi-dresses,,,Mommy and Me Maxi Dresses - Floral Print | Dress Like Mommy,,,false
7228773466209,cozy-matching-black-white-striped-sweater-set-for-mom-and-daughter,Cozy Matching Black & White Striped Sweater Set for... | DLM,https://www.dresslikemommy.com/products/cozy-matching-black-white-striped-sweater-set-for-mom-and-daughter,200,https://www.dresslikemommy.com/products/cozy-matching-black-white-striped-sweater-set-for-mom-and-daughter,,,Mommy and Me Matching Sets - Black White Striped | Dress Like Mommy,,,200,https://www.dresslikemommy.com/products/cozy-matching-black-white-striped-sweater-set-for-mom-and-daughter,,,Mommy and Me Matching Sets - Black White Striped | Dress Like Mommy,,,false
7228788867169,cute-matching-mom-and-daughter-cartoon-pajama-set-fun-and-cozy-sleepwear,Cute Matching Cartoon Pajama Set - Fun and Cozy Sle... | DLM,https://www.dresslikemommy.com/products/cute-matching-mom-and-daughter-cartoon-pajama-set-fun-and-cozy-sleepwear,200,https://www.dresslikemommy.com/products/cute-matching-mom-and-daughter-cartoon-pajama-set-fun-and-cozy-sleepwear,,,Mommy and Me Pajama Sets - Cartoon Print | Dress Like Mommy,,,200,https://www.dresslikemommy.com/products/cute-matching-mom-and-daughter-cartoon-pajama-set-fun-and-cozy-sleepwear,,,Mommy and Me Pajama Sets - Cartoon Print | Dress Like Mommy,,,false
7229023846497,vibrant-rainbow-maxi-dress-set-for-mom-and-daughter-colorful-summer-matching-outfits,Vibrant Rainbow Maxi Dress Set for Colorful Summer ... | DLM,https://www.dresslikemommy.com/products/vibrant-rainbow-maxi-dress-set-for-mom-and-daughter-colorful-summer-matching-outfits,200,https://www.dresslikemommy.com/products/vibrant-rainbow-maxi-dress-set-for-mom-and-daughter-colorful-summer-matching-outfits,,,Mommy and Me Matching Sets - Rainbow Stripe | Dress Like Mommy,,,200,https://www.dresslikemommy.com/products/vibrant-rainbow-maxi-dress-set-for-mom-and-daughter-colorful-summer-matching-outfits,,,Mommy and Me Matching Sets - Rainbow Stripe | Dress Like Mommy,,,false
7229026304097,elegant-floral-off-shoulder-mommy-and-me-dress-set-perfect-for-summer-outings,Elegant Floral Off-Shoulder Dress Set Perfect for S... | DLM,https://www.dresslikemommy.com/products/elegant-floral-off-shoulder-mommy-and-me-dress-set-perfect-for-summer-outings,200,https://www.dresslikemommy.com/products/elegant-floral-off-shoulder-mommy-and-me-dress-set-perfect-for-summer-outings,,,Mommy and Me Maxi Dresses - Floral Print | Dress Like Mommy,,,200,https://www.dresslikemommy.com/products/elegant-floral-off-shoulder-mommy-and-me-dress-set-perfect-for-summer-outings,,,Mommy and Me Maxi Dresses - Floral Print | Dress Like Mommy,,,false
7229027876961,stylish-blue-sleeveless-mommy-and-me-dress-set-with-bow-detail-perfect-for-summer-outings,Stylish Blue Sleeveless Dress Set with Bow Detail P... | DLM,https://www.dresslikemommy.com/products/stylish-blue-sleeveless-mommy-and-me-dress-set-with-bow-detail-perfect-for-summer-outings,200,https://www.dresslikemommy.com/products/stylish-blue-sleeveless-mommy-and-me-dress-set-with-bow-detail-perfect-for-summer-outings,,,Mommy and Me Midi Dresses - Blue | Dress Like Mommy,,,200,https://www.dresslikemommy.com/products/stylish-blue-sleeveless-mommy-and-me-dress-set-with-bow-detail-perfect-for-summer-outings,,,Mommy and Me Midi Dresses - Blue | Dress Like Mommy,,,false
7229124673633,green-and-white-matching-family-outfits-stylish-floral-print-family-set-for-parents-and-kids,Green and White Outfits Stylish Floral Print Family... | DLM,https://www.dresslikemommy.com/products/green-and-white-matching-family-outfits-stylish-floral-print-family-set-for-parents-and-kids,200,https://www.dresslikemommy.com/products/green-and-white-matching-family-outfits-stylish-floral-print-family-set-for-parents-and-kids,,,Family Matching Sets - Green Floral Print | Dress Like Mommy,,,200,https://www.dresslikemommy.com/products/green-and-white-matching-family-outfits-stylish-floral-print-family-set-for-parents-and-kids,,,Family Matching Sets - Green Floral Print | Dress Like Mommy,,,false
7229128441953,vibrant-rainbow-family-matching-outfits-striped-t-shirts-and-yellow-overalls-set-for-family-outings,Vibrant Rainbow Outfits Striped T-Shirts and Yellow... | DLM,https://www.dresslikemommy.com/products/vibrant-rainbow-family-matching-outfits-striped-t-shirts-and-yellow-overalls-set-for-family-outings,200,https://www.dresslikemommy.com/products/vibrant-rainbow-family-matching-outfits-striped-t-shirts-and-yellow-overalls-set-for-family-outings,,,Family Matching Sets - Rainbow Stripe | Dress Like Mommy,,,200,https://www.dresslikemommy.com/products/vibrant-rainbow-family-matching-outfits-striped-t-shirts-and-yellow-overalls-set-for-family-outings,,,Family Matching Sets - Rainbow Stripe | Dress Like Mommy,,,false
7229130342497,gradient-ombre-family-matching-outfits-pink-blue-t-shirts-with-white-shorts-set,Gradient Ombre Outfits Pink & Blue T-Shirts with Wh... | DLM,https://www.dresslikemommy.com/products/gradient-ombre-family-matching-outfits-pink-blue-t-shirts-with-white-shorts-set,200,https://www.dresslikemommy.com/products/gradient-ombre-family-matching-outfits-pink-blue-t-shirts-with-white-shorts-set,,,Family Matching Sets - Pink Blue Ombre | Dress Like Mommy,,,200,https://www.dresslikemommy.com/products/gradient-ombre-family-matching-outfits-pink-blue-t-shirts-with-white-shorts-set,,,Family Matching Sets - Pink Blue Ombre | Dress Like Mommy,,,false
7229130801249,elegant-beige-chiffon-family-matching-dresses-mother-daughter-summer-outfits,Beige Chiffon Mother & Daughter Matching Summer Dresses,https://www.dresslikemommy.com/products/elegant-beige-chiffon-family-matching-dresses-mother-daughter-summer-outfits,200,https://www.dresslikemommy.com/products/elegant-beige-chiffon-family-matching-dresses-mother-daughter-summer-outfits,,,Family Matching Sets - Beige | Dress Like Mommy,,,200,https://www.dresslikemommy.com/products/elegant-beige-chiffon-family-matching-dresses-mother-daughter-summer-outfits,,,Family Matching Sets - Beige | Dress Like Mommy,,,false
7229132472417,mother-daughter-matching-navy-knit-cardigan-set-gingham-ruffle-trim-bow-accent,Mother-Daughter Matching Navy Knit Cardigan Set Gin... | DLM,https://www.dresslikemommy.com/products/mother-daughter-matching-navy-knit-cardigan-set-gingham-ruffle-trim-bow-accent,200,https://www.dresslikemommy.com/products/mother-daughter-matching-navy-knit-cardigan-set-gingham-ruffle-trim-bow-accent,,,Mommy and Me Cardigans - Navy Gingham Print | Dress Like Mommy,,,200,https://www.dresslikemommy.com/products/mother-daughter-matching-navy-knit-cardigan-set-gingham-ruffle-trim-bow-accent,,,Mommy and Me Cardigans - Navy Gingham Print | Dress Like Mommy,,,false
7229259874401,family-matching-t-shirt-set-with-colorful-heart-brushstroke-design,T-Shirt Set with Colorful Heart Brushstroke Design | DLM,https://www.dresslikemommy.com/products/family-matching-t-shirt-set-with-colorful-heart-brushstroke-design,200,https://www.dresslikemommy.com/products/family-matching-t-shirt-set-with-colorful-heart-brushstroke-design,,,Family Matching T-Shirts - Heart Print | Dress Like Mommy,,,200,https://www.dresslikemommy.com/products/family-matching-t-shirt-set-with-colorful-heart-brushstroke-design,,,Family Matching T-Shirts - Heart Print | Dress Like Mommy,,,false
7229825581153,father-baby-matching-big-trouble-and-little-trouble-t-shirt-onesie-set-playful-family-outfit,"Father & Baby Matching ""Big Trouble"" and ""Little Tr... | DLM",https://www.dresslikemommy.com/products/father-baby-matching-big-trouble-and-little-trouble-t-shirt-onesie-set-playful-family-outfit,200,https://www.dresslikemommy.com/products/father-baby-matching-big-trouble-and-little-trouble-t-shirt-onesie-set-playful-family-outfit,,,Family Matching Sets - Matching Style | Dress Like Mommy,,,200,https://www.dresslikemommy.com/products/father-baby-matching-big-trouble-and-little-trouble-t-shirt-onesie-set-playful-family-outfit,,,Family Matching Sets - Matching Style | Dress Like Mommy,,,false
7229828202593,father-baby-mr-fix-it-mr-broke-it-matching-t-shirt-onesie-set-perfect-gift-for-handy-dads,"Father & Baby ""Mr. Fix It"" & ""Mr. Broke It"" Matchin... | DLM",https://www.dresslikemommy.com/products/father-baby-mr-fix-it-mr-broke-it-matching-t-shirt-onesie-set-perfect-gift-for-handy-dads,200,https://www.dresslikemommy.com/products/father-baby-mr-fix-it-mr-broke-it-matching-t-shirt-onesie-set-perfect-gift-for-handy-dads,,,Family Matching T-Shirts - Matching Style | Dress Like Mommy,,,200,https://www.dresslikemommy.com/products/father-baby-mr-fix-it-mr-broke-it-matching-t-shirt-onesie-set-perfect-gift-for-handy-dads,,,Family Matching T-Shirts - Matching Style | Dress Like Mommy,,,false
7229835542625,father-baby-player-1-and-player-2-matching-t-shirt-onesie-set-perfect-gamer-dad-gift,"Father & Baby ""Player 1"" and ""Player 2"" Matching T-... | DLM",https://www.dresslikemommy.com/products/father-baby-player-1-and-player-2-matching-t-shirt-onesie-set-perfect-gamer-dad-gift,200,https://www.dresslikemommy.com/products/father-baby-player-1-and-player-2-matching-t-shirt-onesie-set-perfect-gamer-dad-gift,,,Family Matching T-Shirts - Graphic Print | Dress Like Mommy,,,200,https://www.dresslikemommy.com/products/father-baby-player-1-and-player-2-matching-t-shirt-onesie-set-perfect-gamer-dad-gift,,,Family Matching T-Shirts - Graphic Print | Dress Like Mommy,,,false
7230150213729,father-and-baby-matching-pizza-slice-t-shirts-whole-pizza-slice-set,"Father and Baby Matching Pizza Slice T-Shirts - ""Wh... | DLM",https://www.dresslikemommy.com/products/father-and-baby-matching-pizza-slice-t-shirts-whole-pizza-slice-set,200,https://www.dresslikemommy.com/products/father-and-baby-matching-pizza-slice-t-shirts-whole-pizza-slice-set,,,Family Matching T-Shirts - Matching Style | Dress Like Mommy,,,200,https://www.dresslikemommy.com/products/father-and-baby-matching-pizza-slice-t-shirts-whole-pizza-slice-set,,,Family Matching T-Shirts - Matching Style | Dress Like Mommy,,,false
7230151524449,father-and-baby-matching-ctrl-c-ctrl-v-t-shirt-set-copy-and-paste-duo,"Father and Baby Matching ""CTRL + C & CTRL + V"" T-Sh... | DLM",https://www.dresslikemommy.com/products/father-and-baby-matching-ctrl-c-ctrl-v-t-shirt-set-copy-and-paste-duo,200,https://www.dresslikemommy.com/products/father-and-baby-matching-ctrl-c-ctrl-v-t-shirt-set-copy-and-paste-duo,,,Family Matching T-Shirts - Matching Style | Dress Like Mommy,,,200,https://www.dresslikemommy.com/products/father-and-baby-matching-ctrl-c-ctrl-v-t-shirt-set-copy-and-paste-duo,,,Family Matching T-Shirts - Matching Style | Dress Like Mommy,,,false
7230155882593,top-dad-and-top-son-matching-t-shirt-onesie-set-inspired-family-outfit,Top Dad and Top Son Matching T-Shirt & Onesie Set -... | DLM,https://www.dresslikemommy.com/products/top-dad-and-top-son-matching-t-shirt-onesie-set-inspired-family-outfit,200,https://www.dresslikemommy.com/products/top-dad-and-top-son-matching-t-shirt-onesie-set-inspired-family-outfit,,,Family Matching Sets - Graphic Print | Dress Like Mommy,,,200,https://www.dresslikemommy.com/products/top-dad-and-top-son-matching-t-shirt-onesie-set-inspired-family-outfit,,,Family Matching Sets - Graphic Print | Dress Like Mommy,,,false
7230156701793,daddy-me-matching-family-t-shirt-set-heartfelt-father-child-bond-outfit,Daddy & Me T-Shirt Set - Heartfelt Father-Child Bon... | DLM,https://www.dresslikemommy.com/products/daddy-me-matching-family-t-shirt-set-heartfelt-father-child-bond-outfit,200,https://www.dresslikemommy.com/products/daddy-me-matching-family-t-shirt-set-heartfelt-father-child-bond-outfit,,,Family Matching Sets - Matching Style | Dress Like Mommy,,,200,https://www.dresslikemommy.com/products/daddy-me-matching-family-t-shirt-set-heartfelt-father-child-bond-outfit,,,Family Matching Sets - Matching Style | Dress Like Mommy,,,false
7230157226081,daddy-me-beer-monster-milk-monster-matching-t-shirt-set,"Daddy & Me ""Beer Monster"" & ""Milk Monster"" Matching... | DLM",https://www.dresslikemommy.com/products/daddy-me-beer-monster-milk-monster-matching-t-shirt-set,200,https://www.dresslikemommy.com/products/daddy-me-beer-monster-milk-monster-matching-t-shirt-set,,,Family Matching T-Shirts - Matching Style | Dress Like Mommy,,,200,https://www.dresslikemommy.com/products/daddy-me-beer-monster-milk-monster-matching-t-shirt-set,,,Family Matching T-Shirts - Matching Style | Dress Like Mommy,,,false
7230159028321,father-child-matching-striped-tie-t-shirt-set-dad-and-baby-toddler-outfits,Father & Child Matching Striped Tie T-Shirt Set - D... | DLM,https://www.dresslikemommy.com/products/father-child-matching-striped-tie-t-shirt-set-dad-and-baby-toddler-outfits,200,https://www.dresslikemommy.com/products/father-child-matching-striped-tie-t-shirt-set-dad-and-baby-toddler-outfits,,,Family Matching Sets - Striped | Dress Like Mommy,,,200,https://www.dresslikemommy.com/products/father-child-matching-striped-tie-t-shirt-set-dad-and-baby-toddler-outfits,,,Family Matching Sets - Striped | Dress Like Mommy,,,false
7230159618145,daddy-baby-matching-daddysaurus-and-babysaurus-t-shirt-set-fun-dinosaur-dad-and-baby-outfit,"Daddy & Baby Matching ""Daddysaurus"" and ""Babysaurus... | DLM",https://www.dresslikemommy.com/products/daddy-baby-matching-daddysaurus-and-babysaurus-t-shirt-set-fun-dinosaur-dad-and-baby-outfit,200,https://www.dresslikemommy.com/products/daddy-baby-matching-daddysaurus-and-babysaurus-t-shirt-set-fun-dinosaur-dad-and-baby-outfit,,,Family Matching Sets - Matching Style | Dress Like Mommy,,,200,https://www.dresslikemommy.com/products/daddy-baby-matching-daddysaurus-and-babysaurus-t-shirt-set-fun-dinosaur-dad-and-baby-outfit,,,Family Matching Sets - Matching Style | Dress Like Mommy,,,false
7230168727649,daddy-baby-bestie-heart-matching-t-shirt-onesie-set-adorable-father-and-child-outfit,"Daddy & Baby ""Bestie Heart"" Matching T-Shirt & Ones... | DLM",https://www.dresslikemommy.com/products/daddy-baby-bestie-heart-matching-t-shirt-onesie-set-adorable-father-and-child-outfit,200,https://www.dresslikemommy.com/products/daddy-baby-bestie-heart-matching-t-shirt-onesie-set-adorable-father-and-child-outfit,,,Daddy and Me Matching Sets - Heart Print | Dress Like Mommy,,,200,https://www.dresslikemommy.com/products/daddy-baby-bestie-heart-matching-t-shirt-onesie-set-adorable-father-and-child-outfit,,,Daddy and Me Matching Sets - Heart Print | Dress Like Mommy,,,false
7230180884577,family-matching-original-remix-encore-t-shirt-set-fun-family-outfits-for-all-ages,"""Original, Remix & Encore"" T-Shirt Set - Fun Family... | DLM",https://www.dresslikemommy.com/products/family-matching-original-remix-encore-t-shirt-set-fun-family-outfits-for-all-ages,200,https://www.dresslikemommy.com/products/family-matching-original-remix-encore-t-shirt-set-fun-family-outfits-for-all-ages,,,Family Matching Sets - Matching Style | Dress Like Mommy,,,200,https://www.dresslikemommy.com/products/family-matching-original-remix-encore-t-shirt-set-fun-family-outfits-for-all-ages,,,Family Matching Sets - Matching Style | Dress Like Mommy,,,false
7230191665249,need-more-family-matching-drink-t-shirt-set-beer-coffee-milk-juice-family-outfit,"""Need More"" Drink T-Shirt Set - Beer, Coffee, Milk ... | DLM",https://www.dresslikemommy.com/products/need-more-family-matching-drink-t-shirt-set-beer-coffee-milk-juice-family-outfit,200,https://www.dresslikemommy.com/products/need-more-family-matching-drink-t-shirt-set-beer-coffee-milk-juice-family-outfit,,,Family Matching Sets - Matching Style | Dress Like Mommy,,,200,https://www.dresslikemommy.com/products/need-more-family-matching-drink-t-shirt-set-beer-coffee-milk-juice-family-outfit,,,Family Matching Sets - Matching Style | Dress Like Mommy,,,false
7230194942049,battery-themed-matching-family-t-shirt-set-super-tired-parents-energetic-kids,Battery-Themed T-Shirt Set - Super Tired Parents & ... | DLM,https://www.dresslikemommy.com/products/battery-themed-matching-family-t-shirt-set-super-tired-parents-energetic-kids,200,https://www.dresslikemommy.com/products/battery-themed-matching-family-t-shirt-set-super-tired-parents-energetic-kids,,,Family Matching T-Shirts - Halloween Print | Dress Like Mommy,,,200,https://www.dresslikemommy.com/products/battery-themed-matching-family-t-shirt-set-super-tired-parents-energetic-kids,,,Family Matching T-Shirts - Halloween Print | Dress Like Mommy,,,false
7230323261537,matching-family-plug-lightbulb-t-shirt-set-unique-family-connection-design,"""Plug & Lightbulb"" T-Shirt Set - Unique Family Conn... | DLM",https://www.dresslikemommy.com/products/matching-family-plug-lightbulb-t-shirt-set-unique-family-connection-design,200,https://www.dresslikemommy.com/products/matching-family-plug-lightbulb-t-shirt-set-unique-family-connection-design,,,Family Matching T-Shirts - Graphic Print | Dress Like Mommy,,,200,https://www.dresslikemommy.com/products/matching-family-plug-lightbulb-t-shirt-set-unique-family-connection-design,,,Family Matching T-Shirts - Graphic Print | Dress Like Mommy,,,false
7230327128161,matching-family-love-t-shirt-set-adorable-family-heart-design,"""LOVE"" T-Shirt Set - Adorable Family Heart Design | DLM",https://www.dresslikemommy.com/products/matching-family-love-t-shirt-set-adorable-family-heart-design,200,https://www.dresslikemommy.com/products/matching-family-love-t-shirt-set-adorable-family-heart-design,,,Family Matching T-Shirts - Heart Print | Dress Like Mommy,,,200,https://www.dresslikemommy.com/products/matching-family-love-t-shirt-set-adorable-family-heart-design,,,Family Matching T-Shirts - Heart Print | Dress Like Mommy,,,false
7230332895329,matching-family-love-balloon-t-shirt-set-heart-love-design-in-4-colors,"""Love Balloon"" T-Shirt Set - Heart & Love Design in... | DLM",https://www.dresslikemommy.com/products/matching-family-love-balloon-t-shirt-set-heart-love-design-in-4-colors,200,https://www.dresslikemommy.com/products/matching-family-love-balloon-t-shirt-set-heart-love-design-in-4-colors,,,Family Matching T-Shirts - Heart Print | Dress Like Mommy,,,200,https://www.dresslikemommy.com/products/matching-family-love-balloon-t-shirt-set-heart-love-design-in-4-colors,,,Family Matching T-Shirts - Heart Print | Dress Like Mommy,,,false
7230336729185,matching-family-minimalist-heart-t-shirt-set-simple-love-design-in-4-colors,Minimalist Heart T-Shirt Set - Simple Love Design i... | DLM,https://www.dresslikemommy.com/products/matching-family-minimalist-heart-t-shirt-set-simple-love-design-in-4-colors,200,https://www.dresslikemommy.com/products/matching-family-minimalist-heart-t-shirt-set-simple-love-design-in-4-colors,,,Family Matching T-Shirts - Heart Print | Dress Like Mommy,,,200,https://www.dresslikemommy.com/products/matching-family-minimalist-heart-t-shirt-set-simple-love-design-in-4-colors,,,Family Matching T-Shirts - Heart Print | Dress Like Mommy,,,false
7230338039905,cute-family-matching-cartoon-t-shirts-sun-cloud-plant-design-in-5-colors,"Cute Cartoon T-Shirts - Sun, Cloud & Plant Design i... | DLM",https://www.dresslikemommy.com/products/cute-family-matching-cartoon-t-shirts-sun-cloud-plant-design-in-5-colors,200,https://www.dresslikemommy.com/products/cute-family-matching-cartoon-t-shirts-sun-cloud-plant-design-in-5-colors,,,Family Matching T-Shirts - Cartoon Print | Dress Like Mommy,,,200,https://www.dresslikemommy.com/products/cute-family-matching-cartoon-t-shirts-sun-cloud-plant-design-in-5-colors,,,Family Matching T-Shirts - Cartoon Print | Dress Like Mommy,,,false
7230339711073,colorful-family-matching-love-t-shirts-fun-bold-lettering-design-in-multiple-colors,"Colorful ""LOVE"" T-Shirts - Fun Bold Lettering Desig... | DLM",https://www.dresslikemommy.com/products/colorful-family-matching-love-t-shirts-fun-bold-lettering-design-in-multiple-colors,200,https://www.dresslikemommy.com/products/colorful-family-matching-love-t-shirts-fun-bold-lettering-design-in-multiple-colors,,,Family Matching T-Shirts - Heart Print | Dress Like Mommy,,,200,https://www.dresslikemommy.com/products/colorful-family-matching-love-t-shirts-fun-bold-lettering-design-in-multiple-colors,,,Family Matching T-Shirts - Heart Print | Dress Like Mommy,,,false
7230342004833,love-grows-family-matching-t-shirts-watering-can-plant-design,"""Love Grows"" T-Shirts - Watering Can & Plant Design | DLM",https://www.dresslikemommy.com/products/love-grows-family-matching-t-shirts-watering-can-plant-design,200,https://www.dresslikemommy.com/products/love-grows-family-matching-t-shirts-watering-can-plant-design,,,Family Matching T-Shirts - Heart Print | Dress Like Mommy,,,200,https://www.dresslikemommy.com/products/love-grows-family-matching-t-shirts-watering-can-plant-design,,,Family Matching T-Shirts - Heart Print | Dress Like Mommy,,,false
7230415863905,happy-flower-family-matching-t-shirts-colorful-floral-print-for-parents-kids,"""Happy Flower"" T-Shirts - Colorful Floral Print for... | DLM",https://www.dresslikemommy.com/products/happy-flower-family-matching-t-shirts-colorful-floral-print-for-parents-kids,200,https://www.dresslikemommy.com/products/happy-flower-family-matching-t-shirts-colorful-floral-print-for-parents-kids,,,Family Matching T-Shirts - Floral Print | Dress Like Mommy,,,200,https://www.dresslikemommy.com/products/happy-flower-family-matching-t-shirts-colorful-floral-print-for-parents-kids,,,Family Matching T-Shirts - Floral Print | Dress Like Mommy,,,false
7230418944097,colorful-i-love-family-matching-t-shirts-set-for-the-whole-family,"Colorful ""I Love Family"" Matching T-Shirts Set for ... | DLM",https://www.dresslikemommy.com/products/colorful-i-love-family-matching-t-shirts-set-for-the-whole-family,200,https://www.dresslikemommy.com/products/colorful-i-love-family-matching-t-shirts-set-for-the-whole-family,,,Family Matching Sets - Heart Print | Dress Like Mommy,,,200,https://www.dresslikemommy.com/products/colorful-i-love-family-matching-t-shirts-set-for-the-whole-family,,,Family Matching Sets - Heart Print | Dress Like Mommy,,,false
7230423236705,cute-dinosaur-family-matching-t-shirts-what-are-you-doing-hug-design,"Cute Dinosaur T-Shirts - ""What Are You Doing?"" Hug ... | DLM",https://www.dresslikemommy.com/products/cute-dinosaur-family-matching-t-shirts-what-are-you-doing-hug-design,200,https://www.dresslikemommy.com/products/cute-dinosaur-family-matching-t-shirts-what-are-you-doing-hug-design,,,Family Matching T-Shirts - Cartoon Print | Dress Like Mommy,,,200,https://www.dresslikemommy.com/products/cute-dinosaur-family-matching-t-shirts-what-are-you-doing-hug-design,,,Family Matching T-Shirts - Cartoon Print | Dress Like Mommy,,,false
7230424645729,beautiful-rainbow-family-matching-t-shirts-colorful-sunshine-design,Beautiful Rainbow T-Shirts - Colorful Sunshine Design | DLM,https://www.dresslikemommy.com/products/beautiful-rainbow-family-matching-t-shirts-colorful-sunshine-design,200,https://www.dresslikemommy.com/products/beautiful-rainbow-family-matching-t-shirts-colorful-sunshine-design,,,Family Matching T-Shirts - Christmas Print | Dress Like Mommy,,,200,https://www.dresslikemommy.com/products/beautiful-rainbow-family-matching-t-shirts-colorful-sunshine-design,,,Family Matching T-Shirts - Christmas Print | Dress Like Mommy,,,false
7230645239905,eternal-love-family-matching-t-shirts-colorful-heart-design,Eternal Love T-Shirts - Colorful Heart Design | DLM,https://www.dresslikemommy.com/products/eternal-love-family-matching-t-shirts-colorful-heart-design,200,https://www.dresslikemommy.com/products/eternal-love-family-matching-t-shirts-colorful-heart-design,,,Family Matching T-Shirts - Heart Print | Dress Like Mommy,,,200,https://www.dresslikemommy.com/products/eternal-love-family-matching-t-shirts-colorful-heart-design,,,Family Matching T-Shirts - Heart Print | Dress Like Mommy,,,false
7241063825505,family-matching-cable-knit-sweaters-heart-embroidered-unisex-pullovers,Cable Knit Sweaters Heart Embroidered Unisex Pullovers | DLM,https://www.dresslikemommy.com/products/family-matching-cable-knit-sweaters-heart-embroidered-unisex-pullovers,200,https://www.dresslikemommy.com/products/family-matching-cable-knit-sweaters-heart-embroidered-unisex-pullovers,,,Family Matching Sweaters - Heart Print | Dress Like Mommy,,,200,https://www.dresslikemommy.com/products/family-matching-cable-knit-sweaters-heart-embroidered-unisex-pullovers,,,Family Matching Sweaters - Heart Print | Dress Like Mommy,,,false
7241105670241,family-matching-red-cable-knit-cardigans-elegant-heart-button-design,Red Cable Knit Cardigans - Elegant Heart-Button Design | DLM,https://www.dresslikemommy.com/products/family-matching-red-cable-knit-cardigans-elegant-heart-button-design,200,https://www.dresslikemommy.com/products/family-matching-red-cable-knit-cardigans-elegant-heart-button-design,,,Family Matching Cardigans - Red Heart Print | Dress Like Mommy,,,200,https://www.dresslikemommy.com/products/family-matching-red-cable-knit-cardigans-elegant-heart-button-design,,,Family Matching Cardigans - Red Heart Print | Dress Like Mommy,,,false
7241201942625,family-matching-oversized-heart-patch-sweaters-trendy-streetwear-style,Oversized Heart Patch Sweaters - Trendy Streetwear ... | DLM,https://www.dresslikemommy.com/products/family-matching-oversized-heart-patch-sweaters-trendy-streetwear-style,200,https://www.dresslikemommy.com/products/family-matching-oversized-heart-patch-sweaters-trendy-streetwear-style,,,Family Matching Sweaters - Heart Patch | Dress Like Mommy,,,200,https://www.dresslikemommy.com/products/family-matching-oversized-heart-patch-sweaters-trendy-streetwear-style,,,Family Matching Sweaters - Heart Patch | Dress Like Mommy,,,false
7497751986273,mommy-and-me-matching-bikini-set-floral-print-two-piece-swimsuit-for-mom-daughter-matching-swimwear,Mommy and Me Matching Bikini Set – Floral Print Two-Piece Swimsuit for Mom & Daughter | Matching Swimwear,https://www.dresslikemommy.com/products/mommy-and-me-matching-bikini-set-floral-print-two-piece-swimsuit-for-mom-daughter-matching-swimwear,200,https://www.dresslikemommy.com/products/mommy-and-me-matching-bikini-set-floral-print-two-piece-swimsuit-for-mom-daughter-matching-swimwear,,,Family Matching Bikini Sets - Floral Print | Dress Like Mommy,,,200,https://www.dresslikemommy.com/products/mommy-and-me-matching-bikini-set-floral-print-two-piece-swimsuit-for-mom-daughter-matching-swimwear,,,Family Matching Bikini Sets - Floral Print | Dress Like Mommy,,,false
7502178222177,family-matching-dad-son-tropical-palm-cotton-shirts-blue,Family Matching Dad & Son Tropical Palm Cotton Shirts - Blue,https://www.dresslikemommy.com/products/family-matching-dad-son-tropical-palm-cotton-shirts-blue,200,https://www.dresslikemommy.com/products/family-matching-dad-son-tropical-palm-cotton-shirts-blue,,,Family Matching T-Shirts - Blue Tropical Print | Dress Like Mommy,,,200,https://www.dresslikemommy.com/products/family-matching-dad-son-tropical-palm-cotton-shirts-blue,,,Family Matching T-Shirts - Blue Tropical Print | Dress Like Mommy,,,false
7502187888737,matching-dad-son-tropical-cotton-button-up-shirts-teal-palm-print,Matching Dad & Son Tropical Cotton Button-Up Shirts – Teal Palm Print,https://www.dresslikemommy.com/products/matching-dad-son-tropical-cotton-button-up-shirts-teal-palm-print,200,https://www.dresslikemommy.com/products/matching-dad-son-tropical-cotton-button-up-shirts-teal-palm-print,,,Family Matching T-Shirts - Tropical Print | Dress Like Mommy,,,200,https://www.dresslikemommy.com/products/matching-dad-son-tropical-cotton-button-up-shirts-teal-palm-print,,,Family Matching T-Shirts - Tropical Print | Dress Like Mommy,,,false
7502191788129,matching-dad-son-tropical-cotton-button-up-shirts-set-navy-leaf-print-short-sleeve,"Matching Dad & Son Tropical Cotton Button-Up Shirts Set - Navy Leaf Print, Short Sleeve",https://www.dresslikemommy.com/products/matching-dad-son-tropical-cotton-button-up-shirts-set-navy-leaf-print-short-sleeve,200,https://www.dresslikemommy.com/products/matching-dad-son-tropical-cotton-button-up-shirts-set-navy-leaf-print-short-sleeve,,,Family Matching T-Shirts - Navy Tropical Print | Dress Like Mommy,,,200,https://www.dresslikemommy.com/products/matching-dad-son-tropical-cotton-button-up-shirts-set-navy-leaf-print-short-sleeve,,,Family Matching T-Shirts - Navy Tropical Print | Dress Like Mommy,,,false
7502192214113,men-s-boys-cotton-hawaiian-shirt-tropical-leaf-print-short-sleeve-button-up-green-black,"Men’s & Boys’ Cotton Hawaiian Shirt – Tropical Leaf Print, Short Sleeve Button-Up, Green/Black",https://www.dresslikemommy.com/products/men-s-boys-cotton-hawaiian-shirt-tropical-leaf-print-short-sleeve-button-up-green-black,200,https://www.dresslikemommy.com/products/men-s-boys-cotton-hawaiian-shirt-tropical-leaf-print-short-sleeve-button-up-green-black,,,Family Matching T-Shirts - Tropical Print | Dress Like Mommy,,,200,https://www.dresslikemommy.com/products/men-s-boys-cotton-hawaiian-shirt-tropical-leaf-print-short-sleeve-button-up-green-black,,,Family Matching T-Shirts - Tropical Print | Dress Like Mommy,,,false
7502765097057,matching-father-son-tropical-floral-shirt-100-cotton-short-sleeve-button-up-teal-green,"Matching Father & Son Tropical Floral Shirt – 100% Cotton, Short Sleeve Button-Up, Teal Green",https://www.dresslikemommy.com/products/matching-father-son-tropical-floral-shirt-100-cotton-short-sleeve-button-up-teal-green,200,https://www.dresslikemommy.com/products/matching-father-son-tropical-floral-shirt-100-cotton-short-sleeve-button-up-teal-green,,,Family Matching T-Shirts - Green Floral Print | Dress Like Mommy,,,200,https://www.dresslikemommy.com/products/matching-father-son-tropical-floral-shirt-100-cotton-short-sleeve-button-up-teal-green,,,Family Matching T-Shirts - Green Floral Print | Dress Like Mommy,,,false
7502765719649,men-kids-matching-tropical-leaf-print-cotton-short-sleeve-shirt-cream-green,Men & Kids Matching Tropical Leaf Print Cotton Short Sleeve Shirt – Cream/Green,https://www.dresslikemommy.com/products/men-kids-matching-tropical-leaf-print-cotton-short-sleeve-shirt-cream-green,200,https://www.dresslikemommy.com/products/men-kids-matching-tropical-leaf-print-cotton-short-sleeve-shirt-cream-green,,,Family Matching T-Shirts - Tropical Print | Dress Like Mommy,,,200,https://www.dresslikemommy.com/products/men-kids-matching-tropical-leaf-print-cotton-short-sleeve-shirt-cream-green,,,Family Matching T-Shirts - Tropical Print | Dress Like Mommy,,,false
7502765949025,daddy-and-me-matching-floral-shirts-black-rose-print-short-sleeve-button-up-set,Daddy and Me Matching Floral Shirts – Black Rose Print Short-Sleeve Button-Up Set,https://www.dresslikemommy.com/products/daddy-and-me-matching-floral-shirts-black-rose-print-short-sleeve-button-up-set,200,https://www.dresslikemommy.com/products/daddy-and-me-matching-floral-shirts-black-rose-print-short-sleeve-button-up-set,,,Family Matching T-Shirts - Black Floral Print | Dress Like Mommy,,,200,https://www.dresslikemommy.com/products/daddy-and-me-matching-floral-shirts-black-rose-print-short-sleeve-button-up-set,,,Family Matching T-Shirts - Black Floral Print | Dress Like Mommy,,,false
7502768210017,men-s-kids-matching-tropical-floral-cotton-shirt-short-sleeve-button-up-white-holiday-resort-print-dad-son,"Men’s & Kids Matching Tropical Floral Cotton Shirt – Short Sleeve Button-Up, White Holiday Resort Print (Dad & Son)",https://www.dresslikemommy.com/products/men-s-kids-matching-tropical-floral-cotton-shirt-short-sleeve-button-up-white-holiday-resort-print-dad-son,200,https://www.dresslikemommy.com/products/men-s-kids-matching-tropical-floral-cotton-shirt-short-sleeve-button-up-white-holiday-resort-print-dad-son,,,Family Matching T-Shirts - White Floral Print | Dress Like Mommy,,,200,https://www.dresslikemommy.com/products/men-s-kids-matching-tropical-floral-cotton-shirt-short-sleeve-button-up-white-holiday-resort-print-dad-son,,,Family Matching T-Shirts - White Floral Print | Dress Like Mommy,,,false
7502768439393,men-s-boys-matching-tropical-floral-cotton-short-sleeve-button-down-shirt,Men’s & Boys Matching Tropical Floral Cotton Short Sleeve Button-Down Shirt,https://www.dresslikemommy.com/products/men-s-boys-matching-tropical-floral-cotton-short-sleeve-button-down-shirt,200,https://www.dresslikemommy.com/products/men-s-boys-matching-tropical-floral-cotton-short-sleeve-button-down-shirt,,,Family Matching Button-Down Shirts - Floral Print | Dress Like Mommy,,,200,https://www.dresslikemommy.com/products/men-s-boys-matching-tropical-floral-cotton-short-sleeve-button-down-shirt,,,Family Matching Button-Down Shirts - Floral Print | Dress Like Mommy,,,false
7502769193057,matching-dad-son-navy-tropical-cotton-shirts,Matching Dad & Son Navy Tropical Cotton Shirts,https://www.dresslikemommy.com/products/matching-dad-son-navy-tropical-cotton-shirts,200,https://www.dresslikemommy.com/products/matching-dad-son-navy-tropical-cotton-shirts,,,Family Matching T-Shirts - Navy Tropical Print | Dress Like Mommy,,,200,https://www.dresslikemommy.com/products/matching-dad-son-navy-tropical-cotton-shirts,,,Family Matching T-Shirts - Navy Tropical Print | Dress Like Mommy,,,false
7502770045025,men-s-boys-matching-tropical-floral-shirt-100-cotton-short-sleeve,"Men’s & Boys Matching Tropical Floral Shirt, 100% Cotton, Short Sleeve",https://www.dresslikemommy.com/products/men-s-boys-matching-tropical-floral-shirt-100-cotton-short-sleeve,200,https://www.dresslikemommy.com/products/men-s-boys-matching-tropical-floral-shirt-100-cotton-short-sleeve,,,Family Matching T-Shirts - Floral Print | Dress Like Mommy,,,200,https://www.dresslikemommy.com/products/men-s-boys-matching-tropical-floral-shirt-100-cotton-short-sleeve,,,Family Matching T-Shirts - Floral Print | Dress Like Mommy,,,false
7502770602081,matching-dad-son-tropical-cotton-shirt-short-sleeve,Matching Dad & Son Tropical Cotton Shirt | Short Sleeve,https://www.dresslikemommy.com/products/matching-dad-son-tropical-cotton-shirt-short-sleeve,200,https://www.dresslikemommy.com/products/matching-dad-son-tropical-cotton-shirt-short-sleeve,,,Family Matching T-Shirts - Tropical Print | Dress Like Mommy,,,200,https://www.dresslikemommy.com/products/matching-dad-son-tropical-cotton-shirt-short-sleeve,,,Family Matching T-Shirts - Tropical Print | Dress Like Mommy,,,false
7502770896993,matching-men-s-and-boys-100-cotton-floral-short-sleeve-button-up-shirt-navy-multi,Matching Men’s and Boys 100% Cotton Floral Short Sleeve Button-Up Shirt – Navy Multi,https://www.dresslikemommy.com/products/matching-men-s-and-boys-100-cotton-floral-short-sleeve-button-up-shirt-navy-multi,200,https://www.dresslikemommy.com/products/matching-men-s-and-boys-100-cotton-floral-short-sleeve-button-up-shirt-navy-multi,,,Family Matching T-Shirts - Navy Floral Print | Dress Like Mommy,,,200,https://www.dresslikemommy.com/products/matching-men-s-and-boys-100-cotton-floral-short-sleeve-button-up-shirt-navy-multi,,,Family Matching T-Shirts - Navy Floral Print | Dress Like Mommy,,,false
7502771519585,men-s-kids-matching-hawaiian-shirt-blue-tropical-cotton-short-sleeve-button-up,Men’s & Kids’ Matching Hawaiian Shirt – Blue Tropical Cotton Short Sleeve Button-Up,https://www.dresslikemommy.com/products/men-s-kids-matching-hawaiian-shirt-blue-tropical-cotton-short-sleeve-button-up,200,https://www.dresslikemommy.com/products/men-s-kids-matching-hawaiian-shirt-blue-tropical-cotton-short-sleeve-button-up,,,Family Matching T-Shirts - Blue Tropical Print | Dress Like Mommy,,,200,https://www.dresslikemommy.com/products/men-s-kids-matching-hawaiian-shirt-blue-tropical-cotton-short-sleeve-button-up,,,Family Matching T-Shirts - Blue Tropical Print | Dress Like Mommy,,,false
7502771781729,men-s-boys-matching-hawaiian-shirt-tropical-leaf-rose-print-cotton-short-sleeve,"Men’s & Boys’ Matching Hawaiian Shirt – Tropical Leaf & Rose Print, Cotton, Short Sleeve",https://www.dresslikemommy.com/products/men-s-boys-matching-hawaiian-shirt-tropical-leaf-rose-print-cotton-short-sleeve,200,https://www.dresslikemommy.com/products/men-s-boys-matching-hawaiian-shirt-tropical-leaf-rose-print-cotton-short-sleeve,,,Family Matching T-Shirts - Tropical Print | Dress Like Mommy,,,200,https://www.dresslikemommy.com/products/men-s-boys-matching-hawaiian-shirt-tropical-leaf-rose-print-cotton-short-sleeve,,,Family Matching T-Shirts - Tropical Print | Dress Like Mommy,,,false
7502790656097,navy-floral-cotton-short-sleeve-button-down-shirt-for-men-boys,Navy Floral Cotton Short-Sleeve Button-Down Shirt for Men & Boys,https://www.dresslikemommy.com/products/navy-floral-cotton-short-sleeve-button-down-shirt-for-men-boys,200,https://www.dresslikemommy.com/products/navy-floral-cotton-short-sleeve-button-down-shirt-for-men-boys,,,Family Matching Button-Down Shirts - Navy Floral | Dress Like Mommy,,,200,https://www.dresslikemommy.com/products/navy-floral-cotton-short-sleeve-button-down-shirt-for-men-boys,,,Family Matching Button-Down Shirts - Navy Floral | Dress Like Mommy,,,false
7502791082081,men-s-short-sleeve-cotton-button-up-shirt-gray-paisley-print,Men’s Short Sleeve Cotton Button-Up Shirt – Gray Paisley Print,https://www.dresslikemommy.com/products/men-s-short-sleeve-cotton-button-up-shirt-gray-paisley-print,200,https://www.dresslikemommy.com/products/men-s-short-sleeve-cotton-button-up-shirt-gray-paisley-print,,,Family Matching T-Shirts - Gray | Dress Like Mommy,,,200,https://www.dresslikemommy.com/products/men-s-short-sleeve-cotton-button-up-shirt-gray-paisley-print,,,Family Matching T-Shirts - Gray | Dress Like Mommy,,,false
7502791671905,men-s-cotton-floral-short-sleeve-button-up-shirt-navy-blue,Men’s Cotton Floral Short Sleeve Button-Up Shirt – Navy Blue,https://www.dresslikemommy.com/products/men-s-cotton-floral-short-sleeve-button-up-shirt-navy-blue,200,https://www.dresslikemommy.com/products/men-s-cotton-floral-short-sleeve-button-up-shirt-navy-blue,,,Family Matching T-Shirts - Navy Floral Print | Dress Like Mommy,,,200,https://www.dresslikemommy.com/products/men-s-cotton-floral-short-sleeve-button-up-shirt-navy-blue,,,Family Matching T-Shirts - Navy Floral Print | Dress Like Mommy,,,false
7502792622177,matching-men-s-boys-cotton-floral-button-down-shirts-green-daisy-print,Matching Men’s & Boys’ Cotton Floral Button-Down Shirts – Green Daisy Print,https://www.dresslikemommy.com/products/matching-men-s-boys-cotton-floral-button-down-shirts-green-daisy-print,200,https://www.dresslikemommy.com/products/matching-men-s-boys-cotton-floral-button-down-shirts-green-daisy-print,,,Family Matching Button-Down Shirts - Green Floral | Dress Like Mommy,,,200,https://www.dresslikemommy.com/products/matching-men-s-boys-cotton-floral-button-down-shirts-green-daisy-print,,,Family Matching Button-Down Shirts - Green Floral | Dress Like Mommy,,,false
7502792949857,matching-dad-son-palm-print-cotton-button-up-shirt-pink-black,Matching Dad & Son Palm Print Cotton Button-Up Shirt (Pink/Black),https://www.dresslikemommy.com/products/matching-dad-son-palm-print-cotton-button-up-shirt-pink-black,200,https://www.dresslikemommy.com/products/matching-dad-son-palm-print-cotton-button-up-shirt-pink-black,,,Family Matching T-Shirts - Tropical Print | Dress Like Mommy,,,200,https://www.dresslikemommy.com/products/matching-dad-son-palm-print-cotton-button-up-shirt-pink-black,,,Family Matching T-Shirts - Tropical Print | Dress Like Mommy,,,false
7502793179233,matching-father-son-hawaiian-shirts-100-cotton-tropical-print,Matching Father & Son Hawaiian Shirts – 100% Cotton Tropical Print,https://www.dresslikemommy.com/products/matching-father-son-hawaiian-shirts-100-cotton-tropical-print,200,https://www.dresslikemommy.com/products/matching-father-son-hawaiian-shirts-100-cotton-tropical-print,,,Family Matching T-Shirts - Tropical Print | Dress Like Mommy,,,200,https://www.dresslikemommy.com/products/matching-father-son-hawaiian-shirts-100-cotton-tropical-print,,,Family Matching T-Shirts - Tropical Print | Dress Like Mommy,,,false
7502828601441,matching-dad-son-cotton-hawaiian-shirts-palm-print-men-kids,Matching Dad & Son Cotton Hawaiian Shirts – Palm Print (Men & Kids),https://www.dresslikemommy.com/products/matching-dad-son-cotton-hawaiian-shirts-palm-print-men-kids,200,https://www.dresslikemommy.com/products/matching-dad-son-cotton-hawaiian-shirts-palm-print-men-kids,,,Family Matching T-Shirts - Tropical Print | Dress Like Mommy,,,200,https://www.dresslikemommy.com/products/matching-dad-son-cotton-hawaiian-shirts-palm-print-men-kids,,,Family Matching T-Shirts - Tropical Print | Dress Like Mommy,,,false
7502836007009,father-son-matching-cotton-tropical-shirts-black-white-palm-print,Father & Son Matching Cotton Tropical Shirts – Black/White Palm Print,https://www.dresslikemommy.com/products/father-son-matching-cotton-tropical-shirts-black-white-palm-print,200,https://www.dresslikemommy.com/products/father-son-matching-cotton-tropical-shirts-black-white-palm-print,,,Family Matching T-Shirts - Tropical Print | Dress Like Mommy,,,200,https://www.dresslikemommy.com/products/father-son-matching-cotton-tropical-shirts-black-white-palm-print,,,Family Matching T-Shirts - Tropical Print | Dress Like Mommy,,,false
7505372282977,tropical-floral-family-matching-shirt-and-dress-outfit-set,Tropical Floral Family Matching Shirt and Dress Outfit Set,https://www.dresslikemommy.com/products/tropical-floral-family-matching-shirt-and-dress-outfit-set,200,https://www.dresslikemommy.com/products/tropical-floral-family-matching-shirt-and-dress-outfit-set,,,Family Matching Sets - Floral Print | Dress Like Mommy,,,200,https://www.dresslikemommy.com/products/tropical-floral-family-matching-shirt-and-dress-outfit-set,,,Family Matching Sets - Floral Print | Dress Like Mommy,,,false
7505374838881,tropical-palm-floral-family-matching-shirt-and-dress-set,Tropical Palm Floral Family Matching Shirt and Dress Set,https://www.dresslikemommy.com/products/tropical-palm-floral-family-matching-shirt-and-dress-set,200,https://www.dresslikemommy.com/products/tropical-palm-floral-family-matching-shirt-and-dress-set,,,Family Matching Sets - Floral Print | Dress Like Mommy,,,200,https://www.dresslikemommy.com/products/tropical-palm-floral-family-matching-shirt-and-dress-set,,,Family Matching Sets - Floral Print | Dress Like Mommy,,,false
7505375232097,blue-tropical-floral-family-matching-beach-dress-and-shirt-set,Blue Tropical Floral Family Matching Beach Dress and Shirt Set,https://www.dresslikemommy.com/products/blue-tropical-floral-family-matching-beach-dress-and-shirt-set,200,https://www.dresslikemommy.com/products/blue-tropical-floral-family-matching-beach-dress-and-shirt-set,,,Family Matching Sets - Blue Floral Print | Dress Like Mommy,,,200,https://www.dresslikemommy.com/products/blue-tropical-floral-family-matching-beach-dress-and-shirt-set,,,Family Matching Sets - Blue Floral Print | Dress Like Mommy,,,false
7510267494497,matching-family-beach-outfits-with-floral-dresses-and-shorts,Matching Family Beach Outfits with Floral Dresses and Shorts,https://www.dresslikemommy.com/products/matching-family-beach-outfits-with-floral-dresses-and-shorts,200,https://www.dresslikemommy.com/products/matching-family-beach-outfits-with-floral-dresses-and-shorts,,,Family Matching Sets - Floral Print | Dress Like Mommy,,,200,https://www.dresslikemommy.com/products/matching-family-beach-outfits-with-floral-dresses-and-shorts,,,Family Matching Sets - Floral Print | Dress Like Mommy,,,false
7510790733921,green-tropical-leaf-daddy-and-me-matching-swim-shorts-for-pool-days,Green Tropical Leaf Daddy and Me Matching Swim Shorts for Pool Days,https://www.dresslikemommy.com/products/green-tropical-leaf-daddy-and-me-matching-swim-shorts-for-pool-days,200,https://www.dresslikemommy.com/products/green-tropical-leaf-daddy-and-me-matching-swim-shorts-for-pool-days,,,Family Matching Swim Trunks - Green Christmas Print | Dress Like Mommy,,,200,https://www.dresslikemommy.com/products/green-tropical-leaf-daddy-and-me-matching-swim-shorts-for-pool-days,,,Family Matching Swim Trunks - Green Christmas Print | Dress Like Mommy,,,false
7510790996065,matching-dad-and-son-green-stripe-swim-trunks-beach-shorts,Matching Dad and Son Green Stripe Swim Trunks Beach Shorts,https://www.dresslikemommy.com/products/matching-dad-and-son-green-stripe-swim-trunks-beach-shorts,200,https://www.dresslikemommy.com/products/matching-dad-and-son-green-stripe-swim-trunks-beach-shorts,,,Family Matching Swim Trunks - Green Striped | Dress Like Mommy,,,200,https://www.dresslikemommy.com/products/matching-dad-and-son-green-stripe-swim-trunks-beach-shorts,,,Family Matching Swim Trunks - Green Striped | Dress Like Mommy,,,false
7510791159905,matching-dad-and-son-pink-black-color-block-swim-shorts,Matching Dad and Son Pink & Black Color Block Swim Shorts,https://www.dresslikemommy.com/products/matching-dad-and-son-pink-black-color-block-swim-shorts,200,https://www.dresslikemommy.com/products/matching-dad-and-son-pink-black-color-block-swim-shorts,,,Family Matching Swim Trunks - Pink Black Christmas | Dress Like Mommy,,,200,https://www.dresslikemommy.com/products/matching-dad-and-son-pink-black-color-block-swim-shorts,,,Family Matching Swim Trunks - Pink Black Christmas | Dress Like Mommy,,,false
7510791258209,matching-dad-and-son-pink-orange-chevron-swim-trunks,Matching Dad and Son Pink Orange Chevron Swim Trunks,https://www.dresslikemommy.com/products/matching-dad-and-son-pink-orange-chevron-swim-trunks,200,https://www.dresslikemommy.com/products/matching-dad-and-son-pink-orange-chevron-swim-trunks,,,Daddy and Me Swim Trunks - Pink Orange Chevron | Dress Like Mommy,,,200,https://www.dresslikemommy.com/products/matching-dad-and-son-pink-orange-chevron-swim-trunks,,,Daddy and Me Swim Trunks - Pink Orange Chevron | Dress Like Mommy,,,false
