platform,market,locale,language,theme,match_type,corrected_keyword,keyword_length,source_status,rewrite_status,review_gate,upload_status
Google Ads,ES,es-ES,Spanish,Mommy & Me Dresses,Exact,vestidos mamá e hija,20,REWRITE_RECOMMENDED,REWRITE_PACKET_READY_NATIVE_REVIEW_REQUIRED,Native-speaker signoff and country-qualified landing-language QA required before any Google Ads preview/import.,REVIEW_ONLY_NOT_UPLOAD
Google Ads,ES,es-ES,Spanish,Mommy & Me Dresses,Phrase,vestidos mamá e hija,20,REWRITE_RECOMMENDED,REWRITE_PACKET_READY_NATIVE_REVIEW_REQUIRED,Native-speaker signoff and country-qualified landing-language QA required before any Google Ads preview/import.,REVIEW_ONLY_NOT_UPLOAD
Google Ads,ES,es-ES,Spanish,Mommy & Me Dresses,Exact,vestidos madre e hija,21,REWRITE_RECOMMENDED,REWRITE_PACKET_READY_NATIVE_REVIEW_REQUIRED,Native-speaker signoff and country-qualified landing-language QA required before any Google Ads preview/import.,REVIEW_ONLY_NOT_UPLOAD
Google Ads,ES,es-ES,Spanish,Mommy & Me Dresses,Phrase,vestidos madre e hija,21,REWRITE_RECOMMENDED,REWRITE_PACKET_READY_NATIVE_REVIEW_REQUIRED,Native-speaker signoff and country-qualified landing-language QA required before any Google Ads preview/import.,REVIEW_ONLY_NOT_UPLOAD
Google Ads,ES,es-ES,Spanish,Mommy & Me Dresses,Exact,vestidos madre hija a juego,27,REWRITE_RECOMMENDED,REWRITE_PACKET_READY_NATIVE_REVIEW_REQUIRED,Native-speaker signoff and country-qualified landing-language QA required before any Google Ads preview/import.,REVIEW_ONLY_NOT_UPLOAD
Google Ads,ES,es-ES,Spanish,Mommy & Me Dresses,Phrase,vestidos madre hija a juego,27,REWRITE_RECOMMENDED,REWRITE_PACKET_READY_NATIVE_REVIEW_REQUIRED,Native-speaker signoff and country-qualified landing-language QA required before any Google Ads preview/import.,REVIEW_ONLY_NOT_UPLOAD
Google Ads,ES,es-ES,Spanish,Mommy & Me Dresses,Exact,conjuntos mamá e hija,21,REWRITE_RECOMMENDED,REWRITE_PACKET_READY_NATIVE_REVIEW_REQUIRED,Native-speaker signoff and country-qualified landing-language QA required before any Google Ads preview/import.,REVIEW_ONLY_NOT_UPLOAD
Google Ads,ES,es-ES,Spanish,Mommy & Me Dresses,Phrase,conjuntos mamá e hija,21,REWRITE_RECOMMENDED,REWRITE_PACKET_READY_NATIVE_REVIEW_REQUIRED,Native-speaker signoff and country-qualified landing-language QA required before any Google Ads preview/import.,REVIEW_ONLY_NOT_UPLOAD
Google Ads,ES,es-ES,Spanish,Mommy & Me Dresses,Exact,ropa madre e hija,17,REWRITE_RECOMMENDED,REWRITE_PACKET_READY_NATIVE_REVIEW_REQUIRED,Native-speaker signoff and country-qualified landing-language QA required before any Google Ads preview/import.,REVIEW_ONLY_NOT_UPLOAD
Google Ads,ES,es-ES,Spanish,Mommy & Me Dresses,Phrase,ropa madre e hija,17,REWRITE_RECOMMENDED,REWRITE_PACKET_READY_NATIVE_REVIEW_REQUIRED,Native-speaker signoff and country-qualified landing-language QA required before any Google Ads preview/import.,REVIEW_ONLY_NOT_UPLOAD
Google Ads,ES,es-ES,Spanish,Family Matching,Exact,ropa familiar a juego,21,REWRITE_RECOMMENDED,REWRITE_PACKET_READY_NATIVE_REVIEW_REQUIRED,Native-speaker signoff and country-qualified landing-language QA required before any Google Ads preview/import.,REVIEW_ONLY_NOT_UPLOAD
Google Ads,ES,es-ES,Spanish,Family Matching,Phrase,ropa familiar a juego,21,REWRITE_RECOMMENDED,REWRITE_PACKET_READY_NATIVE_REVIEW_REQUIRED,Native-speaker signoff and country-qualified landing-language QA required before any Google Ads preview/import.,REVIEW_ONLY_NOT_UPLOAD
Google Ads,ES,es-ES,Spanish,Family Matching,Exact,conjuntos familiares a juego,28,REWRITE_RECOMMENDED,REWRITE_PACKET_READY_NATIVE_REVIEW_REQUIRED,Native-speaker signoff and country-qualified landing-language QA required before any Google Ads preview/import.,REVIEW_ONLY_NOT_UPLOAD
Google Ads,ES,es-ES,Spanish,Family Matching,Phrase,conjuntos familiares a juego,28,REWRITE_RECOMMENDED,REWRITE_PACKET_READY_NATIVE_REVIEW_REQUIRED,Native-speaker signoff and country-qualified landing-language QA required before any Google Ads preview/import.,REVIEW_ONLY_NOT_UPLOAD
Google Ads,ES,es-ES,Spanish,Family Matching,Exact,looks familiares coordinados,28,REWRITE_RECOMMENDED,REWRITE_PACKET_READY_NATIVE_REVIEW_REQUIRED,Native-speaker signoff and country-qualified landing-language QA required before any Google Ads preview/import.,REVIEW_ONLY_NOT_UPLOAD
Google Ads,ES,es-ES,Spanish,Family Matching,Phrase,looks familiares coordinados,28,REWRITE_RECOMMENDED,REWRITE_PACKET_READY_NATIVE_REVIEW_REQUIRED,Native-speaker signoff and country-qualified landing-language QA required before any Google Ads preview/import.,REVIEW_ONLY_NOT_UPLOAD
Google Ads,ES,es-ES,Spanish,Family Matching,Exact,outfits familiares coordinados,30,REWRITE_RECOMMENDED,REWRITE_PACKET_READY_NATIVE_REVIEW_REQUIRED,Native-speaker signoff and country-qualified landing-language QA required before any Google Ads preview/import.,REVIEW_ONLY_NOT_UPLOAD
Google Ads,ES,es-ES,Spanish,Family Matching,Phrase,outfits familiares coordinados,30,REWRITE_RECOMMENDED,REWRITE_PACKET_READY_NATIVE_REVIEW_REQUIRED,Native-speaker signoff and country-qualified landing-language QA required before any Google Ads preview/import.,REVIEW_ONLY_NOT_UPLOAD
Google Ads,ES,es-ES,Spanish,Family Matching,Exact,ropa para fotos familiares,26,REWRITE_RECOMMENDED,REWRITE_PACKET_READY_NATIVE_REVIEW_REQUIRED,Native-speaker signoff and country-qualified landing-language QA required before any Google Ads preview/import.,REVIEW_ONLY_NOT_UPLOAD
Google Ads,ES,es-ES,Spanish,Family Matching,Phrase,ropa para fotos familiares,26,REWRITE_RECOMMENDED,REWRITE_PACKET_READY_NATIVE_REVIEW_REQUIRED,Native-speaker signoff and country-qualified landing-language QA required before any Google Ads preview/import.,REVIEW_ONLY_NOT_UPLOAD
Google Ads,ES,es-ES,Spanish,Matching Pajamas,Exact,pijamas familiares,18,REWRITE_RECOMMENDED,REWRITE_PACKET_READY_NATIVE_REVIEW_REQUIRED,Native-speaker signoff and country-qualified landing-language QA required before any Google Ads preview/import.,REVIEW_ONLY_NOT_UPLOAD
Google Ads,ES,es-ES,Spanish,Matching Pajamas,Phrase,pijamas familiares,18,REWRITE_RECOMMENDED,REWRITE_PACKET_READY_NATIVE_REVIEW_REQUIRED,Native-speaker signoff and country-qualified landing-language QA required before any Google Ads preview/import.,REVIEW_ONLY_NOT_UPLOAD
Google Ads,ES,es-ES,Spanish,Matching Pajamas,Exact,pijamas familiares a juego,26,REWRITE_RECOMMENDED,REWRITE_PACKET_READY_NATIVE_REVIEW_REQUIRED,Native-speaker signoff and country-qualified landing-language QA required before any Google Ads preview/import.,REVIEW_ONLY_NOT_UPLOAD
Google Ads,ES,es-ES,Spanish,Matching Pajamas,Phrase,pijamas familiares a juego,26,REWRITE_RECOMMENDED,REWRITE_PACKET_READY_NATIVE_REVIEW_REQUIRED,Native-speaker signoff and country-qualified landing-language QA required before any Google Ads preview/import.,REVIEW_ONLY_NOT_UPLOAD
Google Ads,ES,es-ES,Spanish,Matching Pajamas,Exact,pijamas madre e hija,20,REWRITE_RECOMMENDED,REWRITE_PACKET_READY_NATIVE_REVIEW_REQUIRED,Native-speaker signoff and country-qualified landing-language QA required before any Google Ads preview/import.,REVIEW_ONLY_NOT_UPLOAD
Google Ads,ES,es-ES,Spanish,Matching Pajamas,Phrase,pijamas madre e hija,20,REWRITE_RECOMMENDED,REWRITE_PACKET_READY_NATIVE_REVIEW_REQUIRED,Native-speaker signoff and country-qualified landing-language QA required before any Google Ads preview/import.,REVIEW_ONLY_NOT_UPLOAD
Google Ads,ES,es-ES,Spanish,Matching Pajamas,Exact,pijamas mamá e hija,19,REWRITE_RECOMMENDED,REWRITE_PACKET_READY_NATIVE_REVIEW_REQUIRED,Native-speaker signoff and country-qualified landing-language QA required before any Google Ads preview/import.,REVIEW_ONLY_NOT_UPLOAD
Google Ads,ES,es-ES,Spanish,Matching Pajamas,Phrase,pijamas mamá e hija,19,REWRITE_RECOMMENDED,REWRITE_PACKET_READY_NATIVE_REVIEW_REQUIRED,Native-speaker signoff and country-qualified landing-language QA required before any Google Ads preview/import.,REVIEW_ONLY_NOT_UPLOAD
Google Ads,ES,es-ES,Spanish,Matching Pajamas,Exact,pijamas para fotos familiares,29,REWRITE_RECOMMENDED,REWRITE_PACKET_READY_NATIVE_REVIEW_REQUIRED,Native-speaker signoff and country-qualified landing-language QA required before any Google Ads preview/import.,REVIEW_ONLY_NOT_UPLOAD
Google Ads,ES,es-ES,Spanish,Matching Pajamas,Phrase,pijamas para fotos familiares,29,REWRITE_RECOMMENDED,REWRITE_PACKET_READY_NATIVE_REVIEW_REQUIRED,Native-speaker signoff and country-qualified landing-language QA required before any Google Ads preview/import.,REVIEW_ONLY_NOT_UPLOAD
Google Ads,ES,es-ES,Spanish,Matching Swimwear,Exact,bañadores familiares,20,REWRITE_RECOMMENDED,REWRITE_PACKET_READY_NATIVE_REVIEW_REQUIRED,Native-speaker signoff and country-qualified landing-language QA required before any Google Ads preview/import.,REVIEW_ONLY_NOT_UPLOAD
Google Ads,ES,es-ES,Spanish,Matching Swimwear,Phrase,bañadores familiares,20,REWRITE_RECOMMENDED,REWRITE_PACKET_READY_NATIVE_REVIEW_REQUIRED,Native-speaker signoff and country-qualified landing-language QA required before any Google Ads preview/import.,REVIEW_ONLY_NOT_UPLOAD
Google Ads,ES,es-ES,Spanish,Matching Swimwear,Exact,bañadores familiares a juego,28,REWRITE_RECOMMENDED,REWRITE_PACKET_READY_NATIVE_REVIEW_REQUIRED,Native-speaker signoff and country-qualified landing-language QA required before any Google Ads preview/import.,REVIEW_ONLY_NOT_UPLOAD
Google Ads,ES,es-ES,Spanish,Matching Swimwear,Phrase,bañadores familiares a juego,28,REWRITE_RECOMMENDED,REWRITE_PACKET_READY_NATIVE_REVIEW_REQUIRED,Native-speaker signoff and country-qualified landing-language QA required before any Google Ads preview/import.,REVIEW_ONLY_NOT_UPLOAD
Google Ads,ES,es-ES,Spanish,Matching Swimwear,Exact,trajes de baño familiares,25,REWRITE_RECOMMENDED,REWRITE_PACKET_READY_NATIVE_REVIEW_REQUIRED,Native-speaker signoff and country-qualified landing-language QA required before any Google Ads preview/import.,REVIEW_ONLY_NOT_UPLOAD
Google Ads,ES,es-ES,Spanish,Matching Swimwear,Phrase,trajes de baño familiares,25,REWRITE_RECOMMENDED,REWRITE_PACKET_READY_NATIVE_REVIEW_REQUIRED,Native-speaker signoff and country-qualified landing-language QA required before any Google Ads preview/import.,REVIEW_ONLY_NOT_UPLOAD
Google Ads,ES,es-ES,Spanish,Matching Swimwear,Exact,bañadores madre e hija,22,REWRITE_RECOMMENDED,REWRITE_PACKET_READY_NATIVE_REVIEW_REQUIRED,Native-speaker signoff and country-qualified landing-language QA required before any Google Ads preview/import.,REVIEW_ONLY_NOT_UPLOAD
Google Ads,ES,es-ES,Spanish,Matching Swimwear,Phrase,bañadores madre e hija,22,REWRITE_RECOMMENDED,REWRITE_PACKET_READY_NATIVE_REVIEW_REQUIRED,Native-speaker signoff and country-qualified landing-language QA required before any Google Ads preview/import.,REVIEW_ONLY_NOT_UPLOAD
Google Ads,ES,es-ES,Spanish,Matching Swimwear,Exact,moda de baño familiar,21,REWRITE_RECOMMENDED,REWRITE_PACKET_READY_NATIVE_REVIEW_REQUIRED,Native-speaker signoff and country-qualified landing-language QA required before any Google Ads preview/import.,REVIEW_ONLY_NOT_UPLOAD
Google Ads,ES,es-ES,Spanish,Matching Swimwear,Phrase,moda de baño familiar,21,REWRITE_RECOMMENDED,REWRITE_PACKET_READY_NATIVE_REVIEW_REQUIRED,Native-speaker signoff and country-qualified landing-language QA required before any Google Ads preview/import.,REVIEW_ONLY_NOT_UPLOAD
Google Ads,ES,es-ES,Spanish,Daddy & Me,Exact,ropa papá e hijo,16,REWRITE_RECOMMENDED,REWRITE_PACKET_READY_NATIVE_REVIEW_REQUIRED,Native-speaker signoff and country-qualified landing-language QA required before any Google Ads preview/import.,REVIEW_ONLY_NOT_UPLOAD
Google Ads,ES,es-ES,Spanish,Daddy & Me,Phrase,ropa papá e hijo,16,REWRITE_RECOMMENDED,REWRITE_PACKET_READY_NATIVE_REVIEW_REQUIRED,Native-speaker signoff and country-qualified landing-language QA required before any Google Ads preview/import.,REVIEW_ONLY_NOT_UPLOAD
Google Ads,ES,es-ES,Spanish,Daddy & Me,Exact,conjuntos papá e hijo,21,REWRITE_RECOMMENDED,REWRITE_PACKET_READY_NATIVE_REVIEW_REQUIRED,Native-speaker signoff and country-qualified landing-language QA required before any Google Ads preview/import.,REVIEW_ONLY_NOT_UPLOAD
Google Ads,ES,es-ES,Spanish,Daddy & Me,Phrase,conjuntos papá e hijo,21,REWRITE_RECOMMENDED,REWRITE_PACKET_READY_NATIVE_REVIEW_REQUIRED,Native-speaker signoff and country-qualified landing-language QA required before any Google Ads preview/import.,REVIEW_ONLY_NOT_UPLOAD
Google Ads,ES,es-ES,Spanish,Daddy & Me,Exact,camisas papá e hijo,19,REWRITE_RECOMMENDED,REWRITE_PACKET_READY_NATIVE_REVIEW_REQUIRED,Native-speaker signoff and country-qualified landing-language QA required before any Google Ads preview/import.,REVIEW_ONLY_NOT_UPLOAD
Google Ads,ES,es-ES,Spanish,Daddy & Me,Phrase,camisas papá e hijo,19,REWRITE_RECOMMENDED,REWRITE_PACKET_READY_NATIVE_REVIEW_REQUIRED,Native-speaker signoff and country-qualified landing-language QA required before any Google Ads preview/import.,REVIEW_ONLY_NOT_UPLOAD
Google Ads,ES,es-ES,Spanish,Daddy & Me,Exact,looks padre e hijo,18,REWRITE_RECOMMENDED,REWRITE_PACKET_READY_NATIVE_REVIEW_REQUIRED,Native-speaker signoff and country-qualified landing-language QA required before any Google Ads preview/import.,REVIEW_ONLY_NOT_UPLOAD
Google Ads,ES,es-ES,Spanish,Daddy & Me,Phrase,looks padre e hijo,18,REWRITE_RECOMMENDED,REWRITE_PACKET_READY_NATIVE_REVIEW_REQUIRED,Native-speaker signoff and country-qualified landing-language QA required before any Google Ads preview/import.,REVIEW_ONLY_NOT_UPLOAD
Google Ads,ES,es-ES,Spanish,Daddy & Me,Exact,ropa padre e hijo a juego,25,REWRITE_RECOMMENDED,REWRITE_PACKET_READY_NATIVE_REVIEW_REQUIRED,Native-speaker signoff and country-qualified landing-language QA required before any Google Ads preview/import.,REVIEW_ONLY_NOT_UPLOAD
Google Ads,ES,es-ES,Spanish,Daddy & Me,Phrase,ropa padre e hijo a juego,25,REWRITE_RECOMMENDED,REWRITE_PACKET_READY_NATIVE_REVIEW_REQUIRED,Native-speaker signoff and country-qualified landing-language QA required before any Google Ads preview/import.,REVIEW_ONLY_NOT_UPLOAD
Google Ads,IT,it-IT,Italian,Mommy & Me Dresses,Exact,abiti mamma e figlia,20,REWRITE_RECOMMENDED,REWRITE_PACKET_READY_NATIVE_REVIEW_REQUIRED,Native-speaker signoff and country-qualified landing-language QA required before any Google Ads preview/import.,REVIEW_ONLY_NOT_UPLOAD
Google Ads,IT,it-IT,Italian,Mommy & Me Dresses,Phrase,abiti mamma e figlia,20,REWRITE_RECOMMENDED,REWRITE_PACKET_READY_NATIVE_REVIEW_REQUIRED,Native-speaker signoff and country-qualified landing-language QA required before any Google Ads preview/import.,REVIEW_ONLY_NOT_UPLOAD
Google Ads,IT,it-IT,Italian,Mommy & Me Dresses,Exact,vestiti mamma e figlia,22,REWRITE_RECOMMENDED,REWRITE_PACKET_READY_NATIVE_REVIEW_REQUIRED,Native-speaker signoff and country-qualified landing-language QA required before any Google Ads preview/import.,REVIEW_ONLY_NOT_UPLOAD
Google Ads,IT,it-IT,Italian,Mommy & Me Dresses,Phrase,vestiti mamma e figlia,22,REWRITE_RECOMMENDED,REWRITE_PACKET_READY_NATIVE_REVIEW_REQUIRED,Native-speaker signoff and country-qualified landing-language QA required before any Google Ads preview/import.,REVIEW_ONLY_NOT_UPLOAD
Google Ads,IT,it-IT,Italian,Mommy & Me Dresses,Exact,abiti madre e figlia,20,REWRITE_RECOMMENDED,REWRITE_PACKET_READY_NATIVE_REVIEW_REQUIRED,Native-speaker signoff and country-qualified landing-language QA required before any Google Ads preview/import.,REVIEW_ONLY_NOT_UPLOAD
Google Ads,IT,it-IT,Italian,Mommy & Me Dresses,Phrase,abiti madre e figlia,20,REWRITE_RECOMMENDED,REWRITE_PACKET_READY_NATIVE_REVIEW_REQUIRED,Native-speaker signoff and country-qualified landing-language QA required before any Google Ads preview/import.,REVIEW_ONLY_NOT_UPLOAD
Google Ads,IT,it-IT,Italian,Mommy & Me Dresses,Exact,look mamma e figlia,19,REWRITE_RECOMMENDED,REWRITE_PACKET_READY_NATIVE_REVIEW_REQUIRED,Native-speaker signoff and country-qualified landing-language QA required before any Google Ads preview/import.,REVIEW_ONLY_NOT_UPLOAD
Google Ads,IT,it-IT,Italian,Mommy & Me Dresses,Phrase,look mamma e figlia,19,REWRITE_RECOMMENDED,REWRITE_PACKET_READY_NATIVE_REVIEW_REQUIRED,Native-speaker signoff and country-qualified landing-language QA required before any Google Ads preview/import.,REVIEW_ONLY_NOT_UPLOAD
Google Ads,IT,it-IT,Italian,Mommy & Me Dresses,Exact,outfit mamma e figlia,21,REWRITE_RECOMMENDED,REWRITE_PACKET_READY_NATIVE_REVIEW_REQUIRED,Native-speaker signoff and country-qualified landing-language QA required before any Google Ads preview/import.,REVIEW_ONLY_NOT_UPLOAD
Google Ads,IT,it-IT,Italian,Mommy & Me Dresses,Phrase,outfit mamma e figlia,21,REWRITE_RECOMMENDED,REWRITE_PACKET_READY_NATIVE_REVIEW_REQUIRED,Native-speaker signoff and country-qualified landing-language QA required before any Google Ads preview/import.,REVIEW_ONLY_NOT_UPLOAD
Google Ads,IT,it-IT,Italian,Family Matching,Exact,outfit coordinati famiglia,26,REWRITE_RECOMMENDED,REWRITE_PACKET_READY_NATIVE_REVIEW_REQUIRED,Native-speaker signoff and country-qualified landing-language QA required before any Google Ads preview/import.,REVIEW_ONLY_NOT_UPLOAD
Google Ads,IT,it-IT,Italian,Family Matching,Phrase,outfit coordinati famiglia,26,REWRITE_RECOMMENDED,REWRITE_PACKET_READY_NATIVE_REVIEW_REQUIRED,Native-speaker signoff and country-qualified landing-language QA required before any Google Ads preview/import.,REVIEW_ONLY_NOT_UPLOAD
Google Ads,IT,it-IT,Italian,Family Matching,Exact,look coordinati famiglia,24,REWRITE_RECOMMENDED,REWRITE_PACKET_READY_NATIVE_REVIEW_REQUIRED,Native-speaker signoff and country-qualified landing-language QA required before any Google Ads preview/import.,REVIEW_ONLY_NOT_UPLOAD
Google Ads,IT,it-IT,Italian,Family Matching,Phrase,look coordinati famiglia,24,REWRITE_RECOMMENDED,REWRITE_PACKET_READY_NATIVE_REVIEW_REQUIRED,Native-speaker signoff and country-qualified landing-language QA required before any Google Ads preview/import.,REVIEW_ONLY_NOT_UPLOAD
Google Ads,IT,it-IT,Italian,Family Matching,Exact,abiti coordinati famiglia,25,REWRITE_RECOMMENDED,REWRITE_PACKET_READY_NATIVE_REVIEW_REQUIRED,Native-speaker signoff and country-qualified landing-language QA required before any Google Ads preview/import.,REVIEW_ONLY_NOT_UPLOAD
Google Ads,IT,it-IT,Italian,Family Matching,Phrase,abiti coordinati famiglia,25,REWRITE_RECOMMENDED,REWRITE_PACKET_READY_NATIVE_REVIEW_REQUIRED,Native-speaker signoff and country-qualified landing-language QA required before any Google Ads preview/import.,REVIEW_ONLY_NOT_UPLOAD
Google Ads,IT,it-IT,Italian,Family Matching,Exact,vestiti coordinati famiglia,27,REWRITE_RECOMMENDED,REWRITE_PACKET_READY_NATIVE_REVIEW_REQUIRED,Native-speaker signoff and country-qualified landing-language QA required before any Google Ads preview/import.,REVIEW_ONLY_NOT_UPLOAD
Google Ads,IT,it-IT,Italian,Family Matching,Phrase,vestiti coordinati famiglia,27,REWRITE_RECOMMENDED,REWRITE_PACKET_READY_NATIVE_REVIEW_REQUIRED,Native-speaker signoff and country-qualified landing-language QA required before any Google Ads preview/import.,REVIEW_ONLY_NOT_UPLOAD
Google Ads,IT,it-IT,Italian,Family Matching,Exact,abbigliamento famiglia coordinato,33,REWRITE_RECOMMENDED,REWRITE_PACKET_READY_NATIVE_REVIEW_REQUIRED,Native-speaker signoff and country-qualified landing-language QA required before any Google Ads preview/import.,REVIEW_ONLY_NOT_UPLOAD
Google Ads,IT,it-IT,Italian,Family Matching,Phrase,abbigliamento famiglia coordinato,33,REWRITE_RECOMMENDED,REWRITE_PACKET_READY_NATIVE_REVIEW_REQUIRED,Native-speaker signoff and country-qualified landing-language QA required before any Google Ads preview/import.,REVIEW_ONLY_NOT_UPLOAD
Google Ads,IT,it-IT,Italian,Matching Pajamas,Exact,pigiami famiglia,16,REWRITE_RECOMMENDED,REWRITE_PACKET_READY_NATIVE_REVIEW_REQUIRED,Native-speaker signoff and country-qualified landing-language QA required before any Google Ads preview/import.,REVIEW_ONLY_NOT_UPLOAD
Google Ads,IT,it-IT,Italian,Matching Pajamas,Phrase,pigiami famiglia,16,REWRITE_RECOMMENDED,REWRITE_PACKET_READY_NATIVE_REVIEW_REQUIRED,Native-speaker signoff and country-qualified landing-language QA required before any Google Ads preview/import.,REVIEW_ONLY_NOT_UPLOAD
Google Ads,IT,it-IT,Italian,Matching Pajamas,Exact,pigiami coordinati famiglia,27,REWRITE_RECOMMENDED,REWRITE_PACKET_READY_NATIVE_REVIEW_REQUIRED,Native-speaker signoff and country-qualified landing-language QA required before any Google Ads preview/import.,REVIEW_ONLY_NOT_UPLOAD
Google Ads,IT,it-IT,Italian,Matching Pajamas,Phrase,pigiami coordinati famiglia,27,REWRITE_RECOMMENDED,REWRITE_PACKET_READY_NATIVE_REVIEW_REQUIRED,Native-speaker signoff and country-qualified landing-language QA required before any Google Ads preview/import.,REVIEW_ONLY_NOT_UPLOAD
Google Ads,IT,it-IT,Italian,Matching Pajamas,Exact,pigiami mamma e figlia,22,REWRITE_RECOMMENDED,REWRITE_PACKET_READY_NATIVE_REVIEW_REQUIRED,Native-speaker signoff and country-qualified landing-language QA required before any Google Ads preview/import.,REVIEW_ONLY_NOT_UPLOAD
Google Ads,IT,it-IT,Italian,Matching Pajamas,Phrase,pigiami mamma e figlia,22,REWRITE_RECOMMENDED,REWRITE_PACKET_READY_NATIVE_REVIEW_REQUIRED,Native-speaker signoff and country-qualified landing-language QA required before any Google Ads preview/import.,REVIEW_ONLY_NOT_UPLOAD
Google Ads,IT,it-IT,Italian,Matching Pajamas,Exact,pigiami famiglia abbinati,25,REWRITE_RECOMMENDED,REWRITE_PACKET_READY_NATIVE_REVIEW_REQUIRED,Native-speaker signoff and country-qualified landing-language QA required before any Google Ads preview/import.,REVIEW_ONLY_NOT_UPLOAD
Google Ads,IT,it-IT,Italian,Matching Pajamas,Phrase,pigiami famiglia abbinati,25,REWRITE_RECOMMENDED,REWRITE_PACKET_READY_NATIVE_REVIEW_REQUIRED,Native-speaker signoff and country-qualified landing-language QA required before any Google Ads preview/import.,REVIEW_ONLY_NOT_UPLOAD
Google Ads,IT,it-IT,Italian,Matching Pajamas,Exact,pigiami per foto in famiglia,28,REWRITE_RECOMMENDED,REWRITE_PACKET_READY_NATIVE_REVIEW_REQUIRED,Native-speaker signoff and country-qualified landing-language QA required before any Google Ads preview/import.,REVIEW_ONLY_NOT_UPLOAD
Google Ads,IT,it-IT,Italian,Matching Pajamas,Phrase,pigiami per foto in famiglia,28,REWRITE_RECOMMENDED,REWRITE_PACKET_READY_NATIVE_REVIEW_REQUIRED,Native-speaker signoff and country-qualified landing-language QA required before any Google Ads preview/import.,REVIEW_ONLY_NOT_UPLOAD
Google Ads,IT,it-IT,Italian,Matching Swimwear,Exact,costumi da bagno famiglia,25,REWRITE_RECOMMENDED,REWRITE_PACKET_READY_NATIVE_REVIEW_REQUIRED,Native-speaker signoff and country-qualified landing-language QA required before any Google Ads preview/import.,REVIEW_ONLY_NOT_UPLOAD
Google Ads,IT,it-IT,Italian,Matching Swimwear,Phrase,costumi da bagno famiglia,25,REWRITE_RECOMMENDED,REWRITE_PACKET_READY_NATIVE_REVIEW_REQUIRED,Native-speaker signoff and country-qualified landing-language QA required before any Google Ads preview/import.,REVIEW_ONLY_NOT_UPLOAD
Google Ads,IT,it-IT,Italian,Matching Swimwear,Exact,costumi coordinati famiglia,27,REWRITE_RECOMMENDED,REWRITE_PACKET_READY_NATIVE_REVIEW_REQUIRED,Native-speaker signoff and country-qualified landing-language QA required before any Google Ads preview/import.,REVIEW_ONLY_NOT_UPLOAD
Google Ads,IT,it-IT,Italian,Matching Swimwear,Phrase,costumi coordinati famiglia,27,REWRITE_RECOMMENDED,REWRITE_PACKET_READY_NATIVE_REVIEW_REQUIRED,Native-speaker signoff and country-qualified landing-language QA required before any Google Ads preview/import.,REVIEW_ONLY_NOT_UPLOAD
Google Ads,IT,it-IT,Italian,Matching Swimwear,Exact,costumi mamma e figlia,22,REWRITE_RECOMMENDED,REWRITE_PACKET_READY_NATIVE_REVIEW_REQUIRED,Native-speaker signoff and country-qualified landing-language QA required before any Google Ads preview/import.,REVIEW_ONLY_NOT_UPLOAD
Google Ads,IT,it-IT,Italian,Matching Swimwear,Phrase,costumi mamma e figlia,22,REWRITE_RECOMMENDED,REWRITE_PACKET_READY_NATIVE_REVIEW_REQUIRED,Native-speaker signoff and country-qualified landing-language QA required before any Google Ads preview/import.,REVIEW_ONLY_NOT_UPLOAD
Google Ads,IT,it-IT,Italian,Matching Swimwear,Exact,moda mare famiglia,18,REWRITE_RECOMMENDED,REWRITE_PACKET_READY_NATIVE_REVIEW_REQUIRED,Native-speaker signoff and country-qualified landing-language QA required before any Google Ads preview/import.,REVIEW_ONLY_NOT_UPLOAD
Google Ads,IT,it-IT,Italian,Matching Swimwear,Phrase,moda mare famiglia,18,REWRITE_RECOMMENDED,REWRITE_PACKET_READY_NATIVE_REVIEW_REQUIRED,Native-speaker signoff and country-qualified landing-language QA required before any Google Ads preview/import.,REVIEW_ONLY_NOT_UPLOAD
Google Ads,IT,it-IT,Italian,Matching Swimwear,Exact,costumi da bagno abbinati,25,REWRITE_RECOMMENDED,REWRITE_PACKET_READY_NATIVE_REVIEW_REQUIRED,Native-speaker signoff and country-qualified landing-language QA required before any Google Ads preview/import.,REVIEW_ONLY_NOT_UPLOAD
Google Ads,IT,it-IT,Italian,Matching Swimwear,Phrase,costumi da bagno abbinati,25,REWRITE_RECOMMENDED,REWRITE_PACKET_READY_NATIVE_REVIEW_REQUIRED,Native-speaker signoff and country-qualified landing-language QA required before any Google Ads preview/import.,REVIEW_ONLY_NOT_UPLOAD
Google Ads,IT,it-IT,Italian,Daddy & Me,Exact,outfit papà e figlio,20,REWRITE_RECOMMENDED,REWRITE_PACKET_READY_NATIVE_REVIEW_REQUIRED,Native-speaker signoff and country-qualified landing-language QA required before any Google Ads preview/import.,REVIEW_ONLY_NOT_UPLOAD
Google Ads,IT,it-IT,Italian,Daddy & Me,Phrase,outfit papà e figlio,20,REWRITE_RECOMMENDED,REWRITE_PACKET_READY_NATIVE_REVIEW_REQUIRED,Native-speaker signoff and country-qualified landing-language QA required before any Google Ads preview/import.,REVIEW_ONLY_NOT_UPLOAD
Google Ads,IT,it-IT,Italian,Daddy & Me,Exact,look padre e figlio,19,REWRITE_RECOMMENDED,REWRITE_PACKET_READY_NATIVE_REVIEW_REQUIRED,Native-speaker signoff and country-qualified landing-language QA required before any Google Ads preview/import.,REVIEW_ONLY_NOT_UPLOAD
Google Ads,IT,it-IT,Italian,Daddy & Me,Phrase,look padre e figlio,19,REWRITE_RECOMMENDED,REWRITE_PACKET_READY_NATIVE_REVIEW_REQUIRED,Native-speaker signoff and country-qualified landing-language QA required before any Google Ads preview/import.,REVIEW_ONLY_NOT_UPLOAD
Google Ads,IT,it-IT,Italian,Daddy & Me,Exact,magliette papà e figlio,23,REWRITE_RECOMMENDED,REWRITE_PACKET_READY_NATIVE_REVIEW_REQUIRED,Native-speaker signoff and country-qualified landing-language QA required before any Google Ads preview/import.,REVIEW_ONLY_NOT_UPLOAD
Google Ads,IT,it-IT,Italian,Daddy & Me,Phrase,magliette papà e figlio,23,REWRITE_RECOMMENDED,REWRITE_PACKET_READY_NATIVE_REVIEW_REQUIRED,Native-speaker signoff and country-qualified landing-language QA required before any Google Ads preview/import.,REVIEW_ONLY_NOT_UPLOAD
Google Ads,IT,it-IT,Italian,Daddy & Me,Exact,camicie papà e figlio,21,REWRITE_RECOMMENDED,REWRITE_PACKET_READY_NATIVE_REVIEW_REQUIRED,Native-speaker signoff and country-qualified landing-language QA required before any Google Ads preview/import.,REVIEW_ONLY_NOT_UPLOAD
Google Ads,IT,it-IT,Italian,Daddy & Me,Phrase,camicie papà e figlio,21,REWRITE_RECOMMENDED,REWRITE_PACKET_READY_NATIVE_REVIEW_REQUIRED,Native-speaker signoff and country-qualified landing-language QA required before any Google Ads preview/import.,REVIEW_ONLY_NOT_UPLOAD
Google Ads,IT,it-IT,Italian,Daddy & Me,Exact,abbigliamento papà e figlio,27,REWRITE_RECOMMENDED,REWRITE_PACKET_READY_NATIVE_REVIEW_REQUIRED,Native-speaker signoff and country-qualified landing-language QA required before any Google Ads preview/import.,REVIEW_ONLY_NOT_UPLOAD
Google Ads,IT,it-IT,Italian,Daddy & Me,Phrase,abbigliamento papà e figlio,27,REWRITE_RECOMMENDED,REWRITE_PACKET_READY_NATIVE_REVIEW_REQUIRED,Native-speaker signoff and country-qualified landing-language QA required before any Google Ads preview/import.,REVIEW_ONLY_NOT_UPLOAD
Google Ads,RO,ro-RO,Romanian,Mommy & Me Dresses,Exact,rochii mamă și fiică,20,REWRITE_RECOMMENDED,REWRITE_PACKET_READY_NATIVE_REVIEW_REQUIRED,Native-speaker signoff and country-qualified landing-language QA required before any Google Ads preview/import.,REVIEW_ONLY_NOT_UPLOAD
Google Ads,RO,ro-RO,Romanian,Mommy & Me Dresses,Phrase,rochii mamă și fiică,20,REWRITE_RECOMMENDED,REWRITE_PACKET_READY_NATIVE_REVIEW_REQUIRED,Native-speaker signoff and country-qualified landing-language QA required before any Google Ads preview/import.,REVIEW_ONLY_NOT_UPLOAD
Google Ads,RO,ro-RO,Romanian,Mommy & Me Dresses,Exact,rochii asortate mamă și fiică,29,REWRITE_RECOMMENDED,REWRITE_PACKET_READY_NATIVE_REVIEW_REQUIRED,Native-speaker signoff and country-qualified landing-language QA required before any Google Ads preview/import.,REVIEW_ONLY_NOT_UPLOAD
Google Ads,RO,ro-RO,Romanian,Mommy & Me Dresses,Phrase,rochii asortate mamă și fiică,29,REWRITE_RECOMMENDED,REWRITE_PACKET_READY_NATIVE_REVIEW_REQUIRED,Native-speaker signoff and country-qualified landing-language QA required before any Google Ads preview/import.,REVIEW_ONLY_NOT_UPLOAD
Google Ads,RO,ro-RO,Romanian,Mommy & Me Dresses,Exact,ținute mamă și fiică,20,REWRITE_RECOMMENDED,REWRITE_PACKET_READY_NATIVE_REVIEW_REQUIRED,Native-speaker signoff and country-qualified landing-language QA required before any Google Ads preview/import.,REVIEW_ONLY_NOT_UPLOAD
Google Ads,RO,ro-RO,Romanian,Mommy & Me Dresses,Phrase,ținute mamă și fiică,20,REWRITE_RECOMMENDED,REWRITE_PACKET_READY_NATIVE_REVIEW_REQUIRED,Native-speaker signoff and country-qualified landing-language QA required before any Google Ads preview/import.,REVIEW_ONLY_NOT_UPLOAD
Google Ads,RO,ro-RO,Romanian,Mommy & Me Dresses,Exact,haine mamă și fiică,19,REWRITE_RECOMMENDED,REWRITE_PACKET_READY_NATIVE_REVIEW_REQUIRED,Native-speaker signoff and country-qualified landing-language QA required before any Google Ads preview/import.,REVIEW_ONLY_NOT_UPLOAD
Google Ads,RO,ro-RO,Romanian,Mommy & Me Dresses,Phrase,haine mamă și fiică,19,REWRITE_RECOMMENDED,REWRITE_PACKET_READY_NATIVE_REVIEW_REQUIRED,Native-speaker signoff and country-qualified landing-language QA required before any Google Ads preview/import.,REVIEW_ONLY_NOT_UPLOAD
Google Ads,RO,ro-RO,Romanian,Mommy & Me Dresses,Exact,seturi mamă și fiică,20,REWRITE_RECOMMENDED,REWRITE_PACKET_READY_NATIVE_REVIEW_REQUIRED,Native-speaker signoff and country-qualified landing-language QA required before any Google Ads preview/import.,REVIEW_ONLY_NOT_UPLOAD
Google Ads,RO,ro-RO,Romanian,Mommy & Me Dresses,Phrase,seturi mamă și fiică,20,REWRITE_RECOMMENDED,REWRITE_PACKET_READY_NATIVE_REVIEW_REQUIRED,Native-speaker signoff and country-qualified landing-language QA required before any Google Ads preview/import.,REVIEW_ONLY_NOT_UPLOAD
Google Ads,RO,ro-RO,Romanian,Family Matching,Exact,ținute de familie asortate,26,REWRITE_RECOMMENDED,REWRITE_PACKET_READY_NATIVE_REVIEW_REQUIRED,Native-speaker signoff and country-qualified landing-language QA required before any Google Ads preview/import.,REVIEW_ONLY_NOT_UPLOAD
Google Ads,RO,ro-RO,Romanian,Family Matching,Phrase,ținute de familie asortate,26,REWRITE_RECOMMENDED,REWRITE_PACKET_READY_NATIVE_REVIEW_REQUIRED,Native-speaker signoff and country-qualified landing-language QA required before any Google Ads preview/import.,REVIEW_ONLY_NOT_UPLOAD
Google Ads,RO,ro-RO,Romanian,Family Matching,Exact,haine de familie asortate,25,REWRITE_RECOMMENDED,REWRITE_PACKET_READY_NATIVE_REVIEW_REQUIRED,Native-speaker signoff and country-qualified landing-language QA required before any Google Ads preview/import.,REVIEW_ONLY_NOT_UPLOAD
Google Ads,RO,ro-RO,Romanian,Family Matching,Phrase,haine de familie asortate,25,REWRITE_RECOMMENDED,REWRITE_PACKET_READY_NATIVE_REVIEW_REQUIRED,Native-speaker signoff and country-qualified landing-language QA required before any Google Ads preview/import.,REVIEW_ONLY_NOT_UPLOAD
Google Ads,RO,ro-RO,Romanian,Family Matching,Exact,ținute coordonate pentru familie,32,REWRITE_RECOMMENDED,REWRITE_PACKET_READY_NATIVE_REVIEW_REQUIRED,Native-speaker signoff and country-qualified landing-language QA required before any Google Ads preview/import.,REVIEW_ONLY_NOT_UPLOAD
Google Ads,RO,ro-RO,Romanian,Family Matching,Phrase,ținute coordonate pentru familie,32,REWRITE_RECOMMENDED,REWRITE_PACKET_READY_NATIVE_REVIEW_REQUIRED,Native-speaker signoff and country-qualified landing-language QA required before any Google Ads preview/import.,REVIEW_ONLY_NOT_UPLOAD
Google Ads,RO,ro-RO,Romanian,Family Matching,Exact,lookuri de familie asortate,27,REWRITE_RECOMMENDED,REWRITE_PACKET_READY_NATIVE_REVIEW_REQUIRED,Native-speaker signoff and country-qualified landing-language QA required before any Google Ads preview/import.,REVIEW_ONLY_NOT_UPLOAD
Google Ads,RO,ro-RO,Romanian,Family Matching,Phrase,lookuri de familie asortate,27,REWRITE_RECOMMENDED,REWRITE_PACKET_READY_NATIVE_REVIEW_REQUIRED,Native-speaker signoff and country-qualified landing-language QA required before any Google Ads preview/import.,REVIEW_ONLY_NOT_UPLOAD
Google Ads,RO,ro-RO,Romanian,Family Matching,Exact,haine pentru poze de familie,28,REWRITE_RECOMMENDED,REWRITE_PACKET_READY_NATIVE_REVIEW_REQUIRED,Native-speaker signoff and country-qualified landing-language QA required before any Google Ads preview/import.,REVIEW_ONLY_NOT_UPLOAD
Google Ads,RO,ro-RO,Romanian,Family Matching,Phrase,haine pentru poze de familie,28,REWRITE_RECOMMENDED,REWRITE_PACKET_READY_NATIVE_REVIEW_REQUIRED,Native-speaker signoff and country-qualified landing-language QA required before any Google Ads preview/import.,REVIEW_ONLY_NOT_UPLOAD
Google Ads,RO,ro-RO,Romanian,Matching Pajamas,Exact,pijamale pentru familie,23,REWRITE_RECOMMENDED,REWRITE_PACKET_READY_NATIVE_REVIEW_REQUIRED,Native-speaker signoff and country-qualified landing-language QA required before any Google Ads preview/import.,REVIEW_ONLY_NOT_UPLOAD
Google Ads,RO,ro-RO,Romanian,Matching Pajamas,Phrase,pijamale pentru familie,23,REWRITE_RECOMMENDED,REWRITE_PACKET_READY_NATIVE_REVIEW_REQUIRED,Native-speaker signoff and country-qualified landing-language QA required before any Google Ads preview/import.,REVIEW_ONLY_NOT_UPLOAD
Google Ads,RO,ro-RO,Romanian,Matching Pajamas,Exact,pijamale asortate pentru familie,32,REWRITE_RECOMMENDED,REWRITE_PACKET_READY_NATIVE_REVIEW_REQUIRED,Native-speaker signoff and country-qualified landing-language QA required before any Google Ads preview/import.,REVIEW_ONLY_NOT_UPLOAD
Google Ads,RO,ro-RO,Romanian,Matching Pajamas,Phrase,pijamale asortate pentru familie,32,REWRITE_RECOMMENDED,REWRITE_PACKET_READY_NATIVE_REVIEW_REQUIRED,Native-speaker signoff and country-qualified landing-language QA required before any Google Ads preview/import.,REVIEW_ONLY_NOT_UPLOAD
Google Ads,RO,ro-RO,Romanian,Matching Pajamas,Exact,pijamale mamă și fiică,22,REWRITE_RECOMMENDED,REWRITE_PACKET_READY_NATIVE_REVIEW_REQUIRED,Native-speaker signoff and country-qualified landing-language QA required before any Google Ads preview/import.,REVIEW_ONLY_NOT_UPLOAD
Google Ads,RO,ro-RO,Romanian,Matching Pajamas,Phrase,pijamale mamă și fiică,22,REWRITE_RECOMMENDED,REWRITE_PACKET_READY_NATIVE_REVIEW_REQUIRED,Native-speaker signoff and country-qualified landing-language QA required before any Google Ads preview/import.,REVIEW_ONLY_NOT_UPLOAD
Google Ads,RO,ro-RO,Romanian,Matching Pajamas,Exact,pijamale mamă și copil,22,REWRITE_RECOMMENDED,REWRITE_PACKET_READY_NATIVE_REVIEW_REQUIRED,Native-speaker signoff and country-qualified landing-language QA required before any Google Ads preview/import.,REVIEW_ONLY_NOT_UPLOAD
Google Ads,RO,ro-RO,Romanian,Matching Pajamas,Phrase,pijamale mamă și copil,22,REWRITE_RECOMMENDED,REWRITE_PACKET_READY_NATIVE_REVIEW_REQUIRED,Native-speaker signoff and country-qualified landing-language QA required before any Google Ads preview/import.,REVIEW_ONLY_NOT_UPLOAD
Google Ads,RO,ro-RO,Romanian,Matching Pajamas,Exact,pijamale pentru poze de familie,31,REWRITE_RECOMMENDED,REWRITE_PACKET_READY_NATIVE_REVIEW_REQUIRED,Native-speaker signoff and country-qualified landing-language QA required before any Google Ads preview/import.,REVIEW_ONLY_NOT_UPLOAD
Google Ads,RO,ro-RO,Romanian,Matching Pajamas,Phrase,pijamale pentru poze de familie,31,REWRITE_RECOMMENDED,REWRITE_PACKET_READY_NATIVE_REVIEW_REQUIRED,Native-speaker signoff and country-qualified landing-language QA required before any Google Ads preview/import.,REVIEW_ONLY_NOT_UPLOAD
Google Ads,RO,ro-RO,Romanian,Matching Swimwear,Exact,costume de baie pentru familie,30,REWRITE_RECOMMENDED,REWRITE_PACKET_READY_NATIVE_REVIEW_REQUIRED,Native-speaker signoff and country-qualified landing-language QA required before any Google Ads preview/import.,REVIEW_ONLY_NOT_UPLOAD
Google Ads,RO,ro-RO,Romanian,Matching Swimwear,Phrase,costume de baie pentru familie,30,REWRITE_RECOMMENDED,REWRITE_PACKET_READY_NATIVE_REVIEW_REQUIRED,Native-speaker signoff and country-qualified landing-language QA required before any Google Ads preview/import.,REVIEW_ONLY_NOT_UPLOAD
Google Ads,RO,ro-RO,Romanian,Matching Swimwear,Exact,costume de baie asortate,24,REWRITE_RECOMMENDED,REWRITE_PACKET_READY_NATIVE_REVIEW_REQUIRED,Native-speaker signoff and country-qualified landing-language QA required before any Google Ads preview/import.,REVIEW_ONLY_NOT_UPLOAD
Google Ads,RO,ro-RO,Romanian,Matching Swimwear,Phrase,costume de baie asortate,24,REWRITE_RECOMMENDED,REWRITE_PACKET_READY_NATIVE_REVIEW_REQUIRED,Native-speaker signoff and country-qualified landing-language QA required before any Google Ads preview/import.,REVIEW_ONLY_NOT_UPLOAD
Google Ads,RO,ro-RO,Romanian,Matching Swimwear,Exact,costume de baie mamă și fiică,29,REWRITE_RECOMMENDED,REWRITE_PACKET_READY_NATIVE_REVIEW_REQUIRED,Native-speaker signoff and country-qualified landing-language QA required before any Google Ads preview/import.,REVIEW_ONLY_NOT_UPLOAD
Google Ads,RO,ro-RO,Romanian,Matching Swimwear,Phrase,costume de baie mamă și fiică,29,REWRITE_RECOMMENDED,REWRITE_PACKET_READY_NATIVE_REVIEW_REQUIRED,Native-speaker signoff and country-qualified landing-language QA required before any Google Ads preview/import.,REVIEW_ONLY_NOT_UPLOAD
Google Ads,RO,ro-RO,Romanian,Matching Swimwear,Exact,costume de baie pentru mamă și copil,36,REWRITE_RECOMMENDED,REWRITE_PACKET_READY_NATIVE_REVIEW_REQUIRED,Native-speaker signoff and country-qualified landing-language QA required before any Google Ads preview/import.,REVIEW_ONLY_NOT_UPLOAD
Google Ads,RO,ro-RO,Romanian,Matching Swimwear,Phrase,costume de baie pentru mamă și copil,36,REWRITE_RECOMMENDED,REWRITE_PACKET_READY_NATIVE_REVIEW_REQUIRED,Native-speaker signoff and country-qualified landing-language QA required before any Google Ads preview/import.,REVIEW_ONLY_NOT_UPLOAD
Google Ads,RO,ro-RO,Romanian,Matching Swimwear,Exact,modă de baie pentru familie,27,REWRITE_RECOMMENDED,REWRITE_PACKET_READY_NATIVE_REVIEW_REQUIRED,Native-speaker signoff and country-qualified landing-language QA required before any Google Ads preview/import.,REVIEW_ONLY_NOT_UPLOAD
Google Ads,RO,ro-RO,Romanian,Matching Swimwear,Phrase,modă de baie pentru familie,27,REWRITE_RECOMMENDED,REWRITE_PACKET_READY_NATIVE_REVIEW_REQUIRED,Native-speaker signoff and country-qualified landing-language QA required before any Google Ads preview/import.,REVIEW_ONLY_NOT_UPLOAD
Google Ads,RO,ro-RO,Romanian,Daddy & Me,Exact,ținute tată și copil,20,REWRITE_RECOMMENDED,REWRITE_PACKET_READY_NATIVE_REVIEW_REQUIRED,Native-speaker signoff and country-qualified landing-language QA required before any Google Ads preview/import.,REVIEW_ONLY_NOT_UPLOAD
Google Ads,RO,ro-RO,Romanian,Daddy & Me,Phrase,ținute tată și copil,20,REWRITE_RECOMMENDED,REWRITE_PACKET_READY_NATIVE_REVIEW_REQUIRED,Native-speaker signoff and country-qualified landing-language QA required before any Google Ads preview/import.,REVIEW_ONLY_NOT_UPLOAD
Google Ads,RO,ro-RO,Romanian,Daddy & Me,Exact,haine tată și fiu,17,REWRITE_RECOMMENDED,REWRITE_PACKET_READY_NATIVE_REVIEW_REQUIRED,Native-speaker signoff and country-qualified landing-language QA required before any Google Ads preview/import.,REVIEW_ONLY_NOT_UPLOAD
Google Ads,RO,ro-RO,Romanian,Daddy & Me,Phrase,haine tată și fiu,17,REWRITE_RECOMMENDED,REWRITE_PACKET_READY_NATIVE_REVIEW_REQUIRED,Native-speaker signoff and country-qualified landing-language QA required before any Google Ads preview/import.,REVIEW_ONLY_NOT_UPLOAD
Google Ads,RO,ro-RO,Romanian,Daddy & Me,Exact,ținute asortate tată și copil,29,REWRITE_RECOMMENDED,REWRITE_PACKET_READY_NATIVE_REVIEW_REQUIRED,Native-speaker signoff and country-qualified landing-language QA required before any Google Ads preview/import.,REVIEW_ONLY_NOT_UPLOAD
Google Ads,RO,ro-RO,Romanian,Daddy & Me,Phrase,ținute asortate tată și copil,29,REWRITE_RECOMMENDED,REWRITE_PACKET_READY_NATIVE_REVIEW_REQUIRED,Native-speaker signoff and country-qualified landing-language QA required before any Google Ads preview/import.,REVIEW_ONLY_NOT_UPLOAD
Google Ads,RO,ro-RO,Romanian,Daddy & Me,Exact,haine asortate tată și copil,28,REWRITE_RECOMMENDED,REWRITE_PACKET_READY_NATIVE_REVIEW_REQUIRED,Native-speaker signoff and country-qualified landing-language QA required before any Google Ads preview/import.,REVIEW_ONLY_NOT_UPLOAD
Google Ads,RO,ro-RO,Romanian,Daddy & Me,Phrase,haine asortate tată și copil,28,REWRITE_RECOMMENDED,REWRITE_PACKET_READY_NATIVE_REVIEW_REQUIRED,Native-speaker signoff and country-qualified landing-language QA required before any Google Ads preview/import.,REVIEW_ONLY_NOT_UPLOAD
Google Ads,RO,ro-RO,Romanian,Daddy & Me,Exact,lookuri tată și copil,21,REWRITE_RECOMMENDED,REWRITE_PACKET_READY_NATIVE_REVIEW_REQUIRED,Native-speaker signoff and country-qualified landing-language QA required before any Google Ads preview/import.,REVIEW_ONLY_NOT_UPLOAD
Google Ads,RO,ro-RO,Romanian,Daddy & Me,Phrase,lookuri tată și copil,21,REWRITE_RECOMMENDED,REWRITE_PACKET_READY_NATIVE_REVIEW_REQUIRED,Native-speaker signoff and country-qualified landing-language QA required before any Google Ads preview/import.,REVIEW_ONLY_NOT_UPLOAD
Google Ads,DE,de-DE,German,Mommy & Me Dresses,Exact,Mama-Tochter-Kleider,20,REWRITE_RECOMMENDED,REWRITE_PACKET_READY_NATIVE_REVIEW_REQUIRED,Native-speaker signoff and country-qualified landing-language QA required before any Google Ads preview/import.,REVIEW_ONLY_NOT_UPLOAD
Google Ads,DE,de-DE,German,Mommy & Me Dresses,Phrase,Mama-Tochter-Kleider,20,REWRITE_RECOMMENDED,REWRITE_PACKET_READY_NATIVE_REVIEW_REQUIRED,Native-speaker signoff and country-qualified landing-language QA required before any Google Ads preview/import.,REVIEW_ONLY_NOT_UPLOAD
Google Ads,DE,de-DE,German,Mommy & Me Dresses,Exact,Mutter-Tochter-Kleider,22,REWRITE_RECOMMENDED,REWRITE_PACKET_READY_NATIVE_REVIEW_REQUIRED,Native-speaker signoff and country-qualified landing-language QA required before any Google Ads preview/import.,REVIEW_ONLY_NOT_UPLOAD
Google Ads,DE,de-DE,German,Mommy & Me Dresses,Phrase,Mutter-Tochter-Kleider,22,REWRITE_RECOMMENDED,REWRITE_PACKET_READY_NATIVE_REVIEW_REQUIRED,Native-speaker signoff and country-qualified landing-language QA required before any Google Ads preview/import.,REVIEW_ONLY_NOT_UPLOAD
Google Ads,DE,de-DE,German,Mommy & Me Dresses,Exact,Partnerlook-Kleider,19,REWRITE_RECOMMENDED,REWRITE_PACKET_READY_NATIVE_REVIEW_REQUIRED,Native-speaker signoff and country-qualified landing-language QA required before any Google Ads preview/import.,REVIEW_ONLY_NOT_UPLOAD
Google Ads,DE,de-DE,German,Mommy & Me Dresses,Phrase,Partnerlook-Kleider,19,REWRITE_RECOMMENDED,REWRITE_PACKET_READY_NATIVE_REVIEW_REQUIRED,Native-speaker signoff and country-qualified landing-language QA required before any Google Ads preview/import.,REVIEW_ONLY_NOT_UPLOAD
Google Ads,DE,de-DE,German,Mommy & Me Dresses,Exact,Mama-Kind-Kleider,17,REWRITE_RECOMMENDED,REWRITE_PACKET_READY_NATIVE_REVIEW_REQUIRED,Native-speaker signoff and country-qualified landing-language QA required before any Google Ads preview/import.,REVIEW_ONLY_NOT_UPLOAD
Google Ads,DE,de-DE,German,Mommy & Me Dresses,Phrase,Mama-Kind-Kleider,17,REWRITE_RECOMMENDED,REWRITE_PACKET_READY_NATIVE_REVIEW_REQUIRED,Native-speaker signoff and country-qualified landing-language QA required before any Google Ads preview/import.,REVIEW_ONLY_NOT_UPLOAD
Google Ads,DE,de-DE,German,Mommy & Me Dresses,Exact,Mutter-Kind-Outfits,19,REWRITE_RECOMMENDED,REWRITE_PACKET_READY_NATIVE_REVIEW_REQUIRED,Native-speaker signoff and country-qualified landing-language QA required before any Google Ads preview/import.,REVIEW_ONLY_NOT_UPLOAD
Google Ads,DE,de-DE,German,Mommy & Me Dresses,Phrase,Mutter-Kind-Outfits,19,REWRITE_RECOMMENDED,REWRITE_PACKET_READY_NATIVE_REVIEW_REQUIRED,Native-speaker signoff and country-qualified landing-language QA required before any Google Ads preview/import.,REVIEW_ONLY_NOT_UPLOAD
Google Ads,DE,de-DE,German,Family Matching,Exact,Familien-Outfits,16,REWRITE_RECOMMENDED,REWRITE_PACKET_READY_NATIVE_REVIEW_REQUIRED,Native-speaker signoff and country-qualified landing-language QA required before any Google Ads preview/import.,REVIEW_ONLY_NOT_UPLOAD
Google Ads,DE,de-DE,German,Family Matching,Phrase,Familien-Outfits,16,REWRITE_RECOMMENDED,REWRITE_PACKET_READY_NATIVE_REVIEW_REQUIRED,Native-speaker signoff and country-qualified landing-language QA required before any Google Ads preview/import.,REVIEW_ONLY_NOT_UPLOAD
Google Ads,DE,de-DE,German,Family Matching,Exact,Partnerlook für Familien,24,REWRITE_RECOMMENDED,REWRITE_PACKET_READY_NATIVE_REVIEW_REQUIRED,Native-speaker signoff and country-qualified landing-language QA required before any Google Ads preview/import.,REVIEW_ONLY_NOT_UPLOAD
Google Ads,DE,de-DE,German,Family Matching,Phrase,Partnerlook für Familien,24,REWRITE_RECOMMENDED,REWRITE_PACKET_READY_NATIVE_REVIEW_REQUIRED,Native-speaker signoff and country-qualified landing-language QA required before any Google Ads preview/import.,REVIEW_ONLY_NOT_UPLOAD
Google Ads,DE,de-DE,German,Family Matching,Exact,Familienkleidung,16,REWRITE_RECOMMENDED,REWRITE_PACKET_READY_NATIVE_REVIEW_REQUIRED,Native-speaker signoff and country-qualified landing-language QA required before any Google Ads preview/import.,REVIEW_ONLY_NOT_UPLOAD
Google Ads,DE,de-DE,German,Family Matching,Phrase,Familienkleidung,16,REWRITE_RECOMMENDED,REWRITE_PACKET_READY_NATIVE_REVIEW_REQUIRED,Native-speaker signoff and country-qualified landing-language QA required before any Google Ads preview/import.,REVIEW_ONLY_NOT_UPLOAD
Google Ads,DE,de-DE,German,Family Matching,Exact,Familien-Look,13,REWRITE_RECOMMENDED,REWRITE_PACKET_READY_NATIVE_REVIEW_REQUIRED,Native-speaker signoff and country-qualified landing-language QA required before any Google Ads preview/import.,REVIEW_ONLY_NOT_UPLOAD
Google Ads,DE,de-DE,German,Family Matching,Phrase,Familien-Look,13,REWRITE_RECOMMENDED,REWRITE_PACKET_READY_NATIVE_REVIEW_REQUIRED,Native-speaker signoff and country-qualified landing-language QA required before any Google Ads preview/import.,REVIEW_ONLY_NOT_UPLOAD
Google Ads,DE,de-DE,German,Family Matching,Exact,abgestimmte Familien-Outfits,28,REWRITE_RECOMMENDED,REWRITE_PACKET_READY_NATIVE_REVIEW_REQUIRED,Native-speaker signoff and country-qualified landing-language QA required before any Google Ads preview/import.,REVIEW_ONLY_NOT_UPLOAD
Google Ads,DE,de-DE,German,Family Matching,Phrase,abgestimmte Familien-Outfits,28,REWRITE_RECOMMENDED,REWRITE_PACKET_READY_NATIVE_REVIEW_REQUIRED,Native-speaker signoff and country-qualified landing-language QA required before any Google Ads preview/import.,REVIEW_ONLY_NOT_UPLOAD
Google Ads,DE,de-DE,German,Matching Pajamas,Exact,Familienpyjamas,15,REWRITE_RECOMMENDED,REWRITE_PACKET_READY_NATIVE_REVIEW_REQUIRED,Native-speaker signoff and country-qualified landing-language QA required before any Google Ads preview/import.,REVIEW_ONLY_NOT_UPLOAD
Google Ads,DE,de-DE,German,Matching Pajamas,Phrase,Familienpyjamas,15,REWRITE_RECOMMENDED,REWRITE_PACKET_READY_NATIVE_REVIEW_REQUIRED,Native-speaker signoff and country-qualified landing-language QA required before any Google Ads preview/import.,REVIEW_ONLY_NOT_UPLOAD
Google Ads,DE,de-DE,German,Matching Pajamas,Exact,Partnerlook-Pyjamas,19,REWRITE_RECOMMENDED,REWRITE_PACKET_READY_NATIVE_REVIEW_REQUIRED,Native-speaker signoff and country-qualified landing-language QA required before any Google Ads preview/import.,REVIEW_ONLY_NOT_UPLOAD
Google Ads,DE,de-DE,German,Matching Pajamas,Phrase,Partnerlook-Pyjamas,19,REWRITE_RECOMMENDED,REWRITE_PACKET_READY_NATIVE_REVIEW_REQUIRED,Native-speaker signoff and country-qualified landing-language QA required before any Google Ads preview/import.,REVIEW_ONLY_NOT_UPLOAD
Google Ads,DE,de-DE,German,Matching Pajamas,Exact,Mama-Kind-Pyjamas,17,REWRITE_RECOMMENDED,REWRITE_PACKET_READY_NATIVE_REVIEW_REQUIRED,Native-speaker signoff and country-qualified landing-language QA required before any Google Ads preview/import.,REVIEW_ONLY_NOT_UPLOAD
Google Ads,DE,de-DE,German,Matching Pajamas,Phrase,Mama-Kind-Pyjamas,17,REWRITE_RECOMMENDED,REWRITE_PACKET_READY_NATIVE_REVIEW_REQUIRED,Native-speaker signoff and country-qualified landing-language QA required before any Google Ads preview/import.,REVIEW_ONLY_NOT_UPLOAD
Google Ads,DE,de-DE,German,Matching Pajamas,Exact,Familienschlafanzüge,20,REWRITE_RECOMMENDED,REWRITE_PACKET_READY_NATIVE_REVIEW_REQUIRED,Native-speaker signoff and country-qualified landing-language QA required before any Google Ads preview/import.,REVIEW_ONLY_NOT_UPLOAD
Google Ads,DE,de-DE,German,Matching Pajamas,Phrase,Familienschlafanzüge,20,REWRITE_RECOMMENDED,REWRITE_PACKET_READY_NATIVE_REVIEW_REQUIRED,Native-speaker signoff and country-qualified landing-language QA required before any Google Ads preview/import.,REVIEW_ONLY_NOT_UPLOAD
Google Ads,DE,de-DE,German,Matching Pajamas,Exact,Pyjamas für Familien,20,REWRITE_RECOMMENDED,REWRITE_PACKET_READY_NATIVE_REVIEW_REQUIRED,Native-speaker signoff and country-qualified landing-language QA required before any Google Ads preview/import.,REVIEW_ONLY_NOT_UPLOAD
Google Ads,DE,de-DE,German,Matching Pajamas,Phrase,Pyjamas für Familien,20,REWRITE_RECOMMENDED,REWRITE_PACKET_READY_NATIVE_REVIEW_REQUIRED,Native-speaker signoff and country-qualified landing-language QA required before any Google Ads preview/import.,REVIEW_ONLY_NOT_UPLOAD
Google Ads,DE,de-DE,German,Matching Swimwear,Exact,Bademode für Familien,21,REWRITE_RECOMMENDED,REWRITE_PACKET_READY_NATIVE_REVIEW_REQUIRED,Native-speaker signoff and country-qualified landing-language QA required before any Google Ads preview/import.,REVIEW_ONLY_NOT_UPLOAD
Google Ads,DE,de-DE,German,Matching Swimwear,Phrase,Bademode für Familien,21,REWRITE_RECOMMENDED,REWRITE_PACKET_READY_NATIVE_REVIEW_REQUIRED,Native-speaker signoff and country-qualified landing-language QA required before any Google Ads preview/import.,REVIEW_ONLY_NOT_UPLOAD
Google Ads,DE,de-DE,German,Matching Swimwear,Exact,Partnerlook-Bademode,20,REWRITE_RECOMMENDED,REWRITE_PACKET_READY_NATIVE_REVIEW_REQUIRED,Native-speaker signoff and country-qualified landing-language QA required before any Google Ads preview/import.,REVIEW_ONLY_NOT_UPLOAD
Google Ads,DE,de-DE,German,Matching Swimwear,Phrase,Partnerlook-Bademode,20,REWRITE_RECOMMENDED,REWRITE_PACKET_READY_NATIVE_REVIEW_REQUIRED,Native-speaker signoff and country-qualified landing-language QA required before any Google Ads preview/import.,REVIEW_ONLY_NOT_UPLOAD
Google Ads,DE,de-DE,German,Matching Swimwear,Exact,Mama-Kind-Badeanzüge,20,REWRITE_RECOMMENDED,REWRITE_PACKET_READY_NATIVE_REVIEW_REQUIRED,Native-speaker signoff and country-qualified landing-language QA required before any Google Ads preview/import.,REVIEW_ONLY_NOT_UPLOAD
Google Ads,DE,de-DE,German,Matching Swimwear,Phrase,Mama-Kind-Badeanzüge,20,REWRITE_RECOMMENDED,REWRITE_PACKET_READY_NATIVE_REVIEW_REQUIRED,Native-speaker signoff and country-qualified landing-language QA required before any Google Ads preview/import.,REVIEW_ONLY_NOT_UPLOAD
Google Ads,DE,de-DE,German,Matching Swimwear,Exact,Familien-Bademode,17,REWRITE_RECOMMENDED,REWRITE_PACKET_READY_NATIVE_REVIEW_REQUIRED,Native-speaker signoff and country-qualified landing-language QA required before any Google Ads preview/import.,REVIEW_ONLY_NOT_UPLOAD
Google Ads,DE,de-DE,German,Matching Swimwear,Phrase,Familien-Bademode,17,REWRITE_RECOMMENDED,REWRITE_PACKET_READY_NATIVE_REVIEW_REQUIRED,Native-speaker signoff and country-qualified landing-language QA required before any Google Ads preview/import.,REVIEW_ONLY_NOT_UPLOAD
Google Ads,DE,de-DE,German,Matching Swimwear,Exact,Mutter-Tochter-Badeanzüge,25,REWRITE_RECOMMENDED,REWRITE_PACKET_READY_NATIVE_REVIEW_REQUIRED,Native-speaker signoff and country-qualified landing-language QA required before any Google Ads preview/import.,REVIEW_ONLY_NOT_UPLOAD
Google Ads,DE,de-DE,German,Matching Swimwear,Phrase,Mutter-Tochter-Badeanzüge,25,REWRITE_RECOMMENDED,REWRITE_PACKET_READY_NATIVE_REVIEW_REQUIRED,Native-speaker signoff and country-qualified landing-language QA required before any Google Ads preview/import.,REVIEW_ONLY_NOT_UPLOAD
Google Ads,DE,de-DE,German,Daddy & Me,Exact,Papa-Kind-Outfits,17,REWRITE_RECOMMENDED,REWRITE_PACKET_READY_NATIVE_REVIEW_REQUIRED,Native-speaker signoff and country-qualified landing-language QA required before any Google Ads preview/import.,REVIEW_ONLY_NOT_UPLOAD
Google Ads,DE,de-DE,German,Daddy & Me,Phrase,Papa-Kind-Outfits,17,REWRITE_RECOMMENDED,REWRITE_PACKET_READY_NATIVE_REVIEW_REQUIRED,Native-speaker signoff and country-qualified landing-language QA required before any Google Ads preview/import.,REVIEW_ONLY_NOT_UPLOAD
Google Ads,DE,de-DE,German,Daddy & Me,Exact,Vater-Kind-Outfits,18,REWRITE_RECOMMENDED,REWRITE_PACKET_READY_NATIVE_REVIEW_REQUIRED,Native-speaker signoff and country-qualified landing-language QA required before any Google Ads preview/import.,REVIEW_ONLY_NOT_UPLOAD
Google Ads,DE,de-DE,German,Daddy & Me,Phrase,Vater-Kind-Outfits,18,REWRITE_RECOMMENDED,REWRITE_PACKET_READY_NATIVE_REVIEW_REQUIRED,Native-speaker signoff and country-qualified landing-language QA required before any Google Ads preview/import.,REVIEW_ONLY_NOT_UPLOAD
Google Ads,DE,de-DE,German,Daddy & Me,Exact,Vater-Sohn-Shirts,17,REWRITE_RECOMMENDED,REWRITE_PACKET_READY_NATIVE_REVIEW_REQUIRED,Native-speaker signoff and country-qualified landing-language QA required before any Google Ads preview/import.,REVIEW_ONLY_NOT_UPLOAD
Google Ads,DE,de-DE,German,Daddy & Me,Phrase,Vater-Sohn-Shirts,17,REWRITE_RECOMMENDED,REWRITE_PACKET_READY_NATIVE_REVIEW_REQUIRED,Native-speaker signoff and country-qualified landing-language QA required before any Google Ads preview/import.,REVIEW_ONLY_NOT_UPLOAD
Google Ads,DE,de-DE,German,Daddy & Me,Exact,Papa-Sohn-Shirts,16,REWRITE_RECOMMENDED,REWRITE_PACKET_READY_NATIVE_REVIEW_REQUIRED,Native-speaker signoff and country-qualified landing-language QA required before any Google Ads preview/import.,REVIEW_ONLY_NOT_UPLOAD
Google Ads,DE,de-DE,German,Daddy & Me,Phrase,Papa-Sohn-Shirts,16,REWRITE_RECOMMENDED,REWRITE_PACKET_READY_NATIVE_REVIEW_REQUIRED,Native-speaker signoff and country-qualified landing-language QA required before any Google Ads preview/import.,REVIEW_ONLY_NOT_UPLOAD
Google Ads,DE,de-DE,German,Daddy & Me,Exact,Vater-Kind-Kleidung,19,REWRITE_RECOMMENDED,REWRITE_PACKET_READY_NATIVE_REVIEW_REQUIRED,Native-speaker signoff and country-qualified landing-language QA required before any Google Ads preview/import.,REVIEW_ONLY_NOT_UPLOAD
Google Ads,DE,de-DE,German,Daddy & Me,Phrase,Vater-Kind-Kleidung,19,REWRITE_RECOMMENDED,REWRITE_PACKET_READY_NATIVE_REVIEW_REQUIRED,Native-speaker signoff and country-qualified landing-language QA required before any Google Ads preview/import.,REVIEW_ONLY_NOT_UPLOAD
Google Ads,NL,nl-NL,Dutch,Mommy & Me Dresses,Exact,mama-dochterjurken,18,REWRITE_RECOMMENDED,REWRITE_PACKET_READY_NATIVE_REVIEW_REQUIRED,Native-speaker signoff and country-qualified landing-language QA required before any Google Ads preview/import.,REVIEW_ONLY_NOT_UPLOAD
Google Ads,NL,nl-NL,Dutch,Mommy & Me Dresses,Phrase,mama-dochterjurken,18,REWRITE_RECOMMENDED,REWRITE_PACKET_READY_NATIVE_REVIEW_REQUIRED,Native-speaker signoff and country-qualified landing-language QA required before any Google Ads preview/import.,REVIEW_ONLY_NOT_UPLOAD
Google Ads,NL,nl-NL,Dutch,Mommy & Me Dresses,Exact,moeder-dochterjurken,20,REWRITE_RECOMMENDED,REWRITE_PACKET_READY_NATIVE_REVIEW_REQUIRED,Native-speaker signoff and country-qualified landing-language QA required before any Google Ads preview/import.,REVIEW_ONLY_NOT_UPLOAD
Google Ads,NL,nl-NL,Dutch,Mommy & Me Dresses,Phrase,moeder-dochterjurken,20,REWRITE_RECOMMENDED,REWRITE_PACKET_READY_NATIVE_REVIEW_REQUIRED,Native-speaker signoff and country-qualified landing-language QA required before any Google Ads preview/import.,REVIEW_ONLY_NOT_UPLOAD
Google Ads,NL,nl-NL,Dutch,Mommy & Me Dresses,Exact,bijpassende jurken,18,REWRITE_RECOMMENDED,REWRITE_PACKET_READY_NATIVE_REVIEW_REQUIRED,Native-speaker signoff and country-qualified landing-language QA required before any Google Ads preview/import.,REVIEW_ONLY_NOT_UPLOAD
Google Ads,NL,nl-NL,Dutch,Mommy & Me Dresses,Phrase,bijpassende jurken,18,REWRITE_RECOMMENDED,REWRITE_PACKET_READY_NATIVE_REVIEW_REQUIRED,Native-speaker signoff and country-qualified landing-language QA required before any Google Ads preview/import.,REVIEW_ONLY_NOT_UPLOAD
Google Ads,NL,nl-NL,Dutch,Mommy & Me Dresses,Exact,mama-dochterkleding,19,REWRITE_RECOMMENDED,REWRITE_PACKET_READY_NATIVE_REVIEW_REQUIRED,Native-speaker signoff and country-qualified landing-language QA required before any Google Ads preview/import.,REVIEW_ONLY_NOT_UPLOAD
Google Ads,NL,nl-NL,Dutch,Mommy & Me Dresses,Phrase,mama-dochterkleding,19,REWRITE_RECOMMENDED,REWRITE_PACKET_READY_NATIVE_REVIEW_REQUIRED,Native-speaker signoff and country-qualified landing-language QA required before any Google Ads preview/import.,REVIEW_ONLY_NOT_UPLOAD
Google Ads,NL,nl-NL,Dutch,Mommy & Me Dresses,Exact,moeder-dochteroutfits,21,REWRITE_RECOMMENDED,REWRITE_PACKET_READY_NATIVE_REVIEW_REQUIRED,Native-speaker signoff and country-qualified landing-language QA required before any Google Ads preview/import.,REVIEW_ONLY_NOT_UPLOAD
Google Ads,NL,nl-NL,Dutch,Mommy & Me Dresses,Phrase,moeder-dochteroutfits,21,REWRITE_RECOMMENDED,REWRITE_PACKET_READY_NATIVE_REVIEW_REQUIRED,Native-speaker signoff and country-qualified landing-language QA required before any Google Ads preview/import.,REVIEW_ONLY_NOT_UPLOAD
Google Ads,NL,nl-NL,Dutch,Family Matching,Exact,familieoutfits,14,REWRITE_RECOMMENDED,REWRITE_PACKET_READY_NATIVE_REVIEW_REQUIRED,Native-speaker signoff and country-qualified landing-language QA required before any Google Ads preview/import.,REVIEW_ONLY_NOT_UPLOAD
Google Ads,NL,nl-NL,Dutch,Family Matching,Phrase,familieoutfits,14,REWRITE_RECOMMENDED,REWRITE_PACKET_READY_NATIVE_REVIEW_REQUIRED,Native-speaker signoff and country-qualified landing-language QA required before any Google Ads preview/import.,REVIEW_ONLY_NOT_UPLOAD
Google Ads,NL,nl-NL,Dutch,Family Matching,Exact,bijpassende familiekleding,26,REWRITE_RECOMMENDED,REWRITE_PACKET_READY_NATIVE_REVIEW_REQUIRED,Native-speaker signoff and country-qualified landing-language QA required before any Google Ads preview/import.,REVIEW_ONLY_NOT_UPLOAD
Google Ads,NL,nl-NL,Dutch,Family Matching,Phrase,bijpassende familiekleding,26,REWRITE_RECOMMENDED,REWRITE_PACKET_READY_NATIVE_REVIEW_REQUIRED,Native-speaker signoff and country-qualified landing-language QA required before any Google Ads preview/import.,REVIEW_ONLY_NOT_UPLOAD
Google Ads,NL,nl-NL,Dutch,Family Matching,Exact,familielook,11,REWRITE_RECOMMENDED,REWRITE_PACKET_READY_NATIVE_REVIEW_REQUIRED,Native-speaker signoff and country-qualified landing-language QA required before any Google Ads preview/import.,REVIEW_ONLY_NOT_UPLOAD
Google Ads,NL,nl-NL,Dutch,Family Matching,Phrase,familielook,11,REWRITE_RECOMMENDED,REWRITE_PACKET_READY_NATIVE_REVIEW_REQUIRED,Native-speaker signoff and country-qualified landing-language QA required before any Google Ads preview/import.,REVIEW_ONLY_NOT_UPLOAD
Google Ads,NL,nl-NL,Dutch,Family Matching,Exact,familiekleding,14,REWRITE_RECOMMENDED,REWRITE_PACKET_READY_NATIVE_REVIEW_REQUIRED,Native-speaker signoff and country-qualified landing-language QA required before any Google Ads preview/import.,REVIEW_ONLY_NOT_UPLOAD
Google Ads,NL,nl-NL,Dutch,Family Matching,Phrase,familiekleding,14,REWRITE_RECOMMENDED,REWRITE_PACKET_READY_NATIVE_REVIEW_REQUIRED,Native-speaker signoff and country-qualified landing-language QA required before any Google Ads preview/import.,REVIEW_ONLY_NOT_UPLOAD
Google Ads,NL,nl-NL,Dutch,Family Matching,Exact,bijpassende familieoutfits,26,REWRITE_RECOMMENDED,REWRITE_PACKET_READY_NATIVE_REVIEW_REQUIRED,Native-speaker signoff and country-qualified landing-language QA required before any Google Ads preview/import.,REVIEW_ONLY_NOT_UPLOAD
Google Ads,NL,nl-NL,Dutch,Family Matching,Phrase,bijpassende familieoutfits,26,REWRITE_RECOMMENDED,REWRITE_PACKET_READY_NATIVE_REVIEW_REQUIRED,Native-speaker signoff and country-qualified landing-language QA required before any Google Ads preview/import.,REVIEW_ONLY_NOT_UPLOAD
Google Ads,NL,nl-NL,Dutch,Matching Pajamas,Exact,familiepyjama's,15,REWRITE_RECOMMENDED,REWRITE_PACKET_READY_NATIVE_REVIEW_REQUIRED,Native-speaker signoff and country-qualified landing-language QA required before any Google Ads preview/import.,REVIEW_ONLY_NOT_UPLOAD
Google Ads,NL,nl-NL,Dutch,Matching Pajamas,Phrase,familiepyjama's,15,REWRITE_RECOMMENDED,REWRITE_PACKET_READY_NATIVE_REVIEW_REQUIRED,Native-speaker signoff and country-qualified landing-language QA required before any Google Ads preview/import.,REVIEW_ONLY_NOT_UPLOAD
Google Ads,NL,nl-NL,Dutch,Matching Pajamas,Exact,bijpassende pyjama's,20,REWRITE_RECOMMENDED,REWRITE_PACKET_READY_NATIVE_REVIEW_REQUIRED,Native-speaker signoff and country-qualified landing-language QA required before any Google Ads preview/import.,REVIEW_ONLY_NOT_UPLOAD
Google Ads,NL,nl-NL,Dutch,Matching Pajamas,Phrase,bijpassende pyjama's,20,REWRITE_RECOMMENDED,REWRITE_PACKET_READY_NATIVE_REVIEW_REQUIRED,Native-speaker signoff and country-qualified landing-language QA required before any Google Ads preview/import.,REVIEW_ONLY_NOT_UPLOAD
Google Ads,NL,nl-NL,Dutch,Matching Pajamas,Exact,moeder-dochterpyjama,20,REWRITE_RECOMMENDED,REWRITE_PACKET_READY_NATIVE_REVIEW_REQUIRED,Native-speaker signoff and country-qualified landing-language QA required before any Google Ads preview/import.,REVIEW_ONLY_NOT_UPLOAD
Google Ads,NL,nl-NL,Dutch,Matching Pajamas,Phrase,moeder-dochterpyjama,20,REWRITE_RECOMMENDED,REWRITE_PACKET_READY_NATIVE_REVIEW_REQUIRED,Native-speaker signoff and country-qualified landing-language QA required before any Google Ads preview/import.,REVIEW_ONLY_NOT_UPLOAD
Google Ads,NL,nl-NL,Dutch,Matching Pajamas,Exact,mama-dochterpyjama,18,REWRITE_RECOMMENDED,REWRITE_PACKET_READY_NATIVE_REVIEW_REQUIRED,Native-speaker signoff and country-qualified landing-language QA required before any Google Ads preview/import.,REVIEW_ONLY_NOT_UPLOAD
Google Ads,NL,nl-NL,Dutch,Matching Pajamas,Phrase,mama-dochterpyjama,18,REWRITE_RECOMMENDED,REWRITE_PACKET_READY_NATIVE_REVIEW_REQUIRED,Native-speaker signoff and country-qualified landing-language QA required before any Google Ads preview/import.,REVIEW_ONLY_NOT_UPLOAD
Google Ads,NL,nl-NL,Dutch,Matching Pajamas,Exact,familiepyjama's set,19,REWRITE_RECOMMENDED,REWRITE_PACKET_READY_NATIVE_REVIEW_REQUIRED,Native-speaker signoff and country-qualified landing-language QA required before any Google Ads preview/import.,REVIEW_ONLY_NOT_UPLOAD
Google Ads,NL,nl-NL,Dutch,Matching Pajamas,Phrase,familiepyjama's set,19,REWRITE_RECOMMENDED,REWRITE_PACKET_READY_NATIVE_REVIEW_REQUIRED,Native-speaker signoff and country-qualified landing-language QA required before any Google Ads preview/import.,REVIEW_ONLY_NOT_UPLOAD
Google Ads,NL,nl-NL,Dutch,Matching Swimwear,Exact,badmode voor het gezin,22,REWRITE_RECOMMENDED,REWRITE_PACKET_READY_NATIVE_REVIEW_REQUIRED,Native-speaker signoff and country-qualified landing-language QA required before any Google Ads preview/import.,REVIEW_ONLY_NOT_UPLOAD
Google Ads,NL,nl-NL,Dutch,Matching Swimwear,Phrase,badmode voor het gezin,22,REWRITE_RECOMMENDED,REWRITE_PACKET_READY_NATIVE_REVIEW_REQUIRED,Native-speaker signoff and country-qualified landing-language QA required before any Google Ads preview/import.,REVIEW_ONLY_NOT_UPLOAD
Google Ads,NL,nl-NL,Dutch,Matching Swimwear,Exact,bijpassende badmode,19,REWRITE_RECOMMENDED,REWRITE_PACKET_READY_NATIVE_REVIEW_REQUIRED,Native-speaker signoff and country-qualified landing-language QA required before any Google Ads preview/import.,REVIEW_ONLY_NOT_UPLOAD
Google Ads,NL,nl-NL,Dutch,Matching Swimwear,Phrase,bijpassende badmode,19,REWRITE_RECOMMENDED,REWRITE_PACKET_READY_NATIVE_REVIEW_REQUIRED,Native-speaker signoff and country-qualified landing-language QA required before any Google Ads preview/import.,REVIEW_ONLY_NOT_UPLOAD
Google Ads,NL,nl-NL,Dutch,Matching Swimwear,Exact,mama-kind badmode,17,REWRITE_RECOMMENDED,REWRITE_PACKET_READY_NATIVE_REVIEW_REQUIRED,Native-speaker signoff and country-qualified landing-language QA required before any Google Ads preview/import.,REVIEW_ONLY_NOT_UPLOAD
Google Ads,NL,nl-NL,Dutch,Matching Swimwear,Phrase,mama-kind badmode,17,REWRITE_RECOMMENDED,REWRITE_PACKET_READY_NATIVE_REVIEW_REQUIRED,Native-speaker signoff and country-qualified landing-language QA required before any Google Ads preview/import.,REVIEW_ONLY_NOT_UPLOAD
Google Ads,NL,nl-NL,Dutch,Matching Swimwear,Exact,moeder-dochter badmode,22,REWRITE_RECOMMENDED,REWRITE_PACKET_READY_NATIVE_REVIEW_REQUIRED,Native-speaker signoff and country-qualified landing-language QA required before any Google Ads preview/import.,REVIEW_ONLY_NOT_UPLOAD
Google Ads,NL,nl-NL,Dutch,Matching Swimwear,Phrase,moeder-dochter badmode,22,REWRITE_RECOMMENDED,REWRITE_PACKET_READY_NATIVE_REVIEW_REQUIRED,Native-speaker signoff and country-qualified landing-language QA required before any Google Ads preview/import.,REVIEW_ONLY_NOT_UPLOAD
Google Ads,NL,nl-NL,Dutch,Matching Swimwear,Exact,familiebadmode,14,REWRITE_RECOMMENDED,REWRITE_PACKET_READY_NATIVE_REVIEW_REQUIRED,Native-speaker signoff and country-qualified landing-language QA required before any Google Ads preview/import.,REVIEW_ONLY_NOT_UPLOAD
Google Ads,NL,nl-NL,Dutch,Matching Swimwear,Phrase,familiebadmode,14,REWRITE_RECOMMENDED,REWRITE_PACKET_READY_NATIVE_REVIEW_REQUIRED,Native-speaker signoff and country-qualified landing-language QA required before any Google Ads preview/import.,REVIEW_ONLY_NOT_UPLOAD
Google Ads,NL,nl-NL,Dutch,Daddy & Me,Exact,papa-kind outfits,17,REWRITE_RECOMMENDED,REWRITE_PACKET_READY_NATIVE_REVIEW_REQUIRED,Native-speaker signoff and country-qualified landing-language QA required before any Google Ads preview/import.,REVIEW_ONLY_NOT_UPLOAD
Google Ads,NL,nl-NL,Dutch,Daddy & Me,Phrase,papa-kind outfits,17,REWRITE_RECOMMENDED,REWRITE_PACKET_READY_NATIVE_REVIEW_REQUIRED,Native-speaker signoff and country-qualified landing-language QA required before any Google Ads preview/import.,REVIEW_ONLY_NOT_UPLOAD
Google Ads,NL,nl-NL,Dutch,Daddy & Me,Exact,vader-kind kleding,18,REWRITE_RECOMMENDED,REWRITE_PACKET_READY_NATIVE_REVIEW_REQUIRED,Native-speaker signoff and country-qualified landing-language QA required before any Google Ads preview/import.,REVIEW_ONLY_NOT_UPLOAD
Google Ads,NL,nl-NL,Dutch,Daddy & Me,Phrase,vader-kind kleding,18,REWRITE_RECOMMENDED,REWRITE_PACKET_READY_NATIVE_REVIEW_REQUIRED,Native-speaker signoff and country-qualified landing-language QA required before any Google Ads preview/import.,REVIEW_ONLY_NOT_UPLOAD
Google Ads,NL,nl-NL,Dutch,Daddy & Me,Exact,vader-zoon shirts,17,REWRITE_RECOMMENDED,REWRITE_PACKET_READY_NATIVE_REVIEW_REQUIRED,Native-speaker signoff and country-qualified landing-language QA required before any Google Ads preview/import.,REVIEW_ONLY_NOT_UPLOAD
Google Ads,NL,nl-NL,Dutch,Daddy & Me,Phrase,vader-zoon shirts,17,REWRITE_RECOMMENDED,REWRITE_PACKET_READY_NATIVE_REVIEW_REQUIRED,Native-speaker signoff and country-qualified landing-language QA required before any Google Ads preview/import.,REVIEW_ONLY_NOT_UPLOAD
Google Ads,NL,nl-NL,Dutch,Daddy & Me,Exact,papa-zoon shirts,16,REWRITE_RECOMMENDED,REWRITE_PACKET_READY_NATIVE_REVIEW_REQUIRED,Native-speaker signoff and country-qualified landing-language QA required before any Google Ads preview/import.,REVIEW_ONLY_NOT_UPLOAD
Google Ads,NL,nl-NL,Dutch,Daddy & Me,Phrase,papa-zoon shirts,16,REWRITE_RECOMMENDED,REWRITE_PACKET_READY_NATIVE_REVIEW_REQUIRED,Native-speaker signoff and country-qualified landing-language QA required before any Google Ads preview/import.,REVIEW_ONLY_NOT_UPLOAD
Google Ads,NL,nl-NL,Dutch,Daddy & Me,Exact,vader-kind outfits,18,REWRITE_RECOMMENDED,REWRITE_PACKET_READY_NATIVE_REVIEW_REQUIRED,Native-speaker signoff and country-qualified landing-language QA required before any Google Ads preview/import.,REVIEW_ONLY_NOT_UPLOAD
Google Ads,NL,nl-NL,Dutch,Daddy & Me,Phrase,vader-kind outfits,18,REWRITE_RECOMMENDED,REWRITE_PACKET_READY_NATIVE_REVIEW_REQUIRED,Native-speaker signoff and country-qualified landing-language QA required before any Google Ads preview/import.,REVIEW_ONLY_NOT_UPLOAD
Google Ads,FR,fr-FR,French,Mommy & Me Dresses,Exact,robes mère-fille,16,REWRITE_RECOMMENDED,REWRITE_PACKET_READY_NATIVE_REVIEW_REQUIRED,Native-speaker signoff and country-qualified landing-language QA required before any Google Ads preview/import.,REVIEW_ONLY_NOT_UPLOAD
Google Ads,FR,fr-FR,French,Mommy & Me Dresses,Phrase,robes mère-fille,16,REWRITE_RECOMMENDED,REWRITE_PACKET_READY_NATIVE_REVIEW_REQUIRED,Native-speaker signoff and country-qualified landing-language QA required before any Google Ads preview/import.,REVIEW_ONLY_NOT_UPLOAD
Google Ads,FR,fr-FR,French,Mommy & Me Dresses,Exact,robes maman-fille,17,REWRITE_RECOMMENDED,REWRITE_PACKET_READY_NATIVE_REVIEW_REQUIRED,Native-speaker signoff and country-qualified landing-language QA required before any Google Ads preview/import.,REVIEW_ONLY_NOT_UPLOAD
Google Ads,FR,fr-FR,French,Mommy & Me Dresses,Phrase,robes maman-fille,17,REWRITE_RECOMMENDED,REWRITE_PACKET_READY_NATIVE_REVIEW_REQUIRED,Native-speaker signoff and country-qualified landing-language QA required before any Google Ads preview/import.,REVIEW_ONLY_NOT_UPLOAD
Google Ads,FR,fr-FR,French,Mommy & Me Dresses,Exact,looks mère-fille,16,REWRITE_RECOMMENDED,REWRITE_PACKET_READY_NATIVE_REVIEW_REQUIRED,Native-speaker signoff and country-qualified landing-language QA required before any Google Ads preview/import.,REVIEW_ONLY_NOT_UPLOAD
Google Ads,FR,fr-FR,French,Mommy & Me Dresses,Phrase,looks mère-fille,16,REWRITE_RECOMMENDED,REWRITE_PACKET_READY_NATIVE_REVIEW_REQUIRED,Native-speaker signoff and country-qualified landing-language QA required before any Google Ads preview/import.,REVIEW_ONLY_NOT_UPLOAD
Google Ads,FR,fr-FR,French,Mommy & Me Dresses,Exact,tenues mère-fille,17,REWRITE_RECOMMENDED,REWRITE_PACKET_READY_NATIVE_REVIEW_REQUIRED,Native-speaker signoff and country-qualified landing-language QA required before any Google Ads preview/import.,REVIEW_ONLY_NOT_UPLOAD
Google Ads,FR,fr-FR,French,Mommy & Me Dresses,Phrase,tenues mère-fille,17,REWRITE_RECOMMENDED,REWRITE_PACKET_READY_NATIVE_REVIEW_REQUIRED,Native-speaker signoff and country-qualified landing-language QA required before any Google Ads preview/import.,REVIEW_ONLY_NOT_UPLOAD
Google Ads,FR,fr-FR,French,Mommy & Me Dresses,Exact,robes assorties mère-fille,26,REWRITE_RECOMMENDED,REWRITE_PACKET_READY_NATIVE_REVIEW_REQUIRED,Native-speaker signoff and country-qualified landing-language QA required before any Google Ads preview/import.,REVIEW_ONLY_NOT_UPLOAD
Google Ads,FR,fr-FR,French,Mommy & Me Dresses,Phrase,robes assorties mère-fille,26,REWRITE_RECOMMENDED,REWRITE_PACKET_READY_NATIVE_REVIEW_REQUIRED,Native-speaker signoff and country-qualified landing-language QA required before any Google Ads preview/import.,REVIEW_ONLY_NOT_UPLOAD
Google Ads,FR,fr-FR,French,Family Matching,Exact,tenues familiales assorties,27,REWRITE_RECOMMENDED,REWRITE_PACKET_READY_NATIVE_REVIEW_REQUIRED,Native-speaker signoff and country-qualified landing-language QA required before any Google Ads preview/import.,REVIEW_ONLY_NOT_UPLOAD
Google Ads,FR,fr-FR,French,Family Matching,Phrase,tenues familiales assorties,27,REWRITE_RECOMMENDED,REWRITE_PACKET_READY_NATIVE_REVIEW_REQUIRED,Native-speaker signoff and country-qualified landing-language QA required before any Google Ads preview/import.,REVIEW_ONLY_NOT_UPLOAD
Google Ads,FR,fr-FR,French,Family Matching,Exact,looks de famille,16,REWRITE_RECOMMENDED,REWRITE_PACKET_READY_NATIVE_REVIEW_REQUIRED,Native-speaker signoff and country-qualified landing-language QA required before any Google Ads preview/import.,REVIEW_ONLY_NOT_UPLOAD
Google Ads,FR,fr-FR,French,Family Matching,Phrase,looks de famille,16,REWRITE_RECOMMENDED,REWRITE_PACKET_READY_NATIVE_REVIEW_REQUIRED,Native-speaker signoff and country-qualified landing-language QA required before any Google Ads preview/import.,REVIEW_ONLY_NOT_UPLOAD
Google Ads,FR,fr-FR,French,Family Matching,Exact,vêtements pour la famille,25,REWRITE_RECOMMENDED,REWRITE_PACKET_READY_NATIVE_REVIEW_REQUIRED,Native-speaker signoff and country-qualified landing-language QA required before any Google Ads preview/import.,REVIEW_ONLY_NOT_UPLOAD
Google Ads,FR,fr-FR,French,Family Matching,Phrase,vêtements pour la famille,25,REWRITE_RECOMMENDED,REWRITE_PACKET_READY_NATIVE_REVIEW_REQUIRED,Native-speaker signoff and country-qualified landing-language QA required before any Google Ads preview/import.,REVIEW_ONLY_NOT_UPLOAD
Google Ads,FR,fr-FR,French,Family Matching,Exact,tenues familiales,17,REWRITE_RECOMMENDED,REWRITE_PACKET_READY_NATIVE_REVIEW_REQUIRED,Native-speaker signoff and country-qualified landing-language QA required before any Google Ads preview/import.,REVIEW_ONLY_NOT_UPLOAD
Google Ads,FR,fr-FR,French,Family Matching,Phrase,tenues familiales,17,REWRITE_RECOMMENDED,REWRITE_PACKET_READY_NATIVE_REVIEW_REQUIRED,Native-speaker signoff and country-qualified landing-language QA required before any Google Ads preview/import.,REVIEW_ONLY_NOT_UPLOAD
Google Ads,FR,fr-FR,French,Family Matching,Exact,vêtements assortis pour la famille,34,REWRITE_RECOMMENDED,REWRITE_PACKET_READY_NATIVE_REVIEW_REQUIRED,Native-speaker signoff and country-qualified landing-language QA required before any Google Ads preview/import.,REVIEW_ONLY_NOT_UPLOAD
Google Ads,FR,fr-FR,French,Family Matching,Phrase,vêtements assortis pour la famille,34,REWRITE_RECOMMENDED,REWRITE_PACKET_READY_NATIVE_REVIEW_REQUIRED,Native-speaker signoff and country-qualified landing-language QA required before any Google Ads preview/import.,REVIEW_ONLY_NOT_UPLOAD
Google Ads,FR,fr-FR,French,Matching Pajamas,Exact,pyjamas pour la famille,23,REWRITE_RECOMMENDED,REWRITE_PACKET_READY_NATIVE_REVIEW_REQUIRED,Native-speaker signoff and country-qualified landing-language QA required before any Google Ads preview/import.,REVIEW_ONLY_NOT_UPLOAD
Google Ads,FR,fr-FR,French,Matching Pajamas,Phrase,pyjamas pour la famille,23,REWRITE_RECOMMENDED,REWRITE_PACKET_READY_NATIVE_REVIEW_REQUIRED,Native-speaker signoff and country-qualified landing-language QA required before any Google Ads preview/import.,REVIEW_ONLY_NOT_UPLOAD
Google Ads,FR,fr-FR,French,Matching Pajamas,Exact,pyjamas assortis,16,REWRITE_RECOMMENDED,REWRITE_PACKET_READY_NATIVE_REVIEW_REQUIRED,Native-speaker signoff and country-qualified landing-language QA required before any Google Ads preview/import.,REVIEW_ONLY_NOT_UPLOAD
Google Ads,FR,fr-FR,French,Matching Pajamas,Phrase,pyjamas assortis,16,REWRITE_RECOMMENDED,REWRITE_PACKET_READY_NATIVE_REVIEW_REQUIRED,Native-speaker signoff and country-qualified landing-language QA required before any Google Ads preview/import.,REVIEW_ONLY_NOT_UPLOAD
Google Ads,FR,fr-FR,French,Matching Pajamas,Exact,pyjamas maman-fille,19,REWRITE_RECOMMENDED,REWRITE_PACKET_READY_NATIVE_REVIEW_REQUIRED,Native-speaker signoff and country-qualified landing-language QA required before any Google Ads preview/import.,REVIEW_ONLY_NOT_UPLOAD
Google Ads,FR,fr-FR,French,Matching Pajamas,Phrase,pyjamas maman-fille,19,REWRITE_RECOMMENDED,REWRITE_PACKET_READY_NATIVE_REVIEW_REQUIRED,Native-speaker signoff and country-qualified landing-language QA required before any Google Ads preview/import.,REVIEW_ONLY_NOT_UPLOAD
Google Ads,FR,fr-FR,French,Matching Pajamas,Exact,pyjamas mère-fille,18,REWRITE_RECOMMENDED,REWRITE_PACKET_READY_NATIVE_REVIEW_REQUIRED,Native-speaker signoff and country-qualified landing-language QA required before any Google Ads preview/import.,REVIEW_ONLY_NOT_UPLOAD
Google Ads,FR,fr-FR,French,Matching Pajamas,Phrase,pyjamas mère-fille,18,REWRITE_RECOMMENDED,REWRITE_PACKET_READY_NATIVE_REVIEW_REQUIRED,Native-speaker signoff and country-qualified landing-language QA required before any Google Ads preview/import.,REVIEW_ONLY_NOT_UPLOAD
Google Ads,FR,fr-FR,French,Matching Pajamas,Exact,pyjamas familiaux assortis,26,REWRITE_RECOMMENDED,REWRITE_PACKET_READY_NATIVE_REVIEW_REQUIRED,Native-speaker signoff and country-qualified landing-language QA required before any Google Ads preview/import.,REVIEW_ONLY_NOT_UPLOAD
Google Ads,FR,fr-FR,French,Matching Pajamas,Phrase,pyjamas familiaux assortis,26,REWRITE_RECOMMENDED,REWRITE_PACKET_READY_NATIVE_REVIEW_REQUIRED,Native-speaker signoff and country-qualified landing-language QA required before any Google Ads preview/import.,REVIEW_ONLY_NOT_UPLOAD
Google Ads,FR,fr-FR,French,Matching Swimwear,Exact,maillots de bain assortis,25,REWRITE_RECOMMENDED,REWRITE_PACKET_READY_NATIVE_REVIEW_REQUIRED,Native-speaker signoff and country-qualified landing-language QA required before any Google Ads preview/import.,REVIEW_ONLY_NOT_UPLOAD
Google Ads,FR,fr-FR,French,Matching Swimwear,Phrase,maillots de bain assortis,25,REWRITE_RECOMMENDED,REWRITE_PACKET_READY_NATIVE_REVIEW_REQUIRED,Native-speaker signoff and country-qualified landing-language QA required before any Google Ads preview/import.,REVIEW_ONLY_NOT_UPLOAD
Google Ads,FR,fr-FR,French,Matching Swimwear,Exact,maillots assortis,17,REWRITE_RECOMMENDED,REWRITE_PACKET_READY_NATIVE_REVIEW_REQUIRED,Native-speaker signoff and country-qualified landing-language QA required before any Google Ads preview/import.,REVIEW_ONLY_NOT_UPLOAD
Google Ads,FR,fr-FR,French,Matching Swimwear,Phrase,maillots assortis,17,REWRITE_RECOMMENDED,REWRITE_PACKET_READY_NATIVE_REVIEW_REQUIRED,Native-speaker signoff and country-qualified landing-language QA required before any Google Ads preview/import.,REVIEW_ONLY_NOT_UPLOAD
Google Ads,FR,fr-FR,French,Matching Swimwear,Exact,maillots mère-fille,19,REWRITE_RECOMMENDED,REWRITE_PACKET_READY_NATIVE_REVIEW_REQUIRED,Native-speaker signoff and country-qualified landing-language QA required before any Google Ads preview/import.,REVIEW_ONLY_NOT_UPLOAD
Google Ads,FR,fr-FR,French,Matching Swimwear,Phrase,maillots mère-fille,19,REWRITE_RECOMMENDED,REWRITE_PACKET_READY_NATIVE_REVIEW_REQUIRED,Native-speaker signoff and country-qualified landing-language QA required before any Google Ads preview/import.,REVIEW_ONLY_NOT_UPLOAD
Google Ads,FR,fr-FR,French,Matching Swimwear,Exact,maillots maman-fille,20,REWRITE_RECOMMENDED,REWRITE_PACKET_READY_NATIVE_REVIEW_REQUIRED,Native-speaker signoff and country-qualified landing-language QA required before any Google Ads preview/import.,REVIEW_ONLY_NOT_UPLOAD
Google Ads,FR,fr-FR,French,Matching Swimwear,Phrase,maillots maman-fille,20,REWRITE_RECOMMENDED,REWRITE_PACKET_READY_NATIVE_REVIEW_REQUIRED,Native-speaker signoff and country-qualified landing-language QA required before any Google Ads preview/import.,REVIEW_ONLY_NOT_UPLOAD
Google Ads,FR,fr-FR,French,Matching Swimwear,Exact,maillots de bain pour la famille,32,REWRITE_RECOMMENDED,REWRITE_PACKET_READY_NATIVE_REVIEW_REQUIRED,Native-speaker signoff and country-qualified landing-language QA required before any Google Ads preview/import.,REVIEW_ONLY_NOT_UPLOAD
Google Ads,FR,fr-FR,French,Matching Swimwear,Phrase,maillots de bain pour la famille,32,REWRITE_RECOMMENDED,REWRITE_PACKET_READY_NATIVE_REVIEW_REQUIRED,Native-speaker signoff and country-qualified landing-language QA required before any Google Ads preview/import.,REVIEW_ONLY_NOT_UPLOAD
Google Ads,FR,fr-FR,French,Daddy & Me,Exact,tenues père-enfant,18,REWRITE_RECOMMENDED,REWRITE_PACKET_READY_NATIVE_REVIEW_REQUIRED,Native-speaker signoff and country-qualified landing-language QA required before any Google Ads preview/import.,REVIEW_ONLY_NOT_UPLOAD
Google Ads,FR,fr-FR,French,Daddy & Me,Phrase,tenues père-enfant,18,REWRITE_RECOMMENDED,REWRITE_PACKET_READY_NATIVE_REVIEW_REQUIRED,Native-speaker signoff and country-qualified landing-language QA required before any Google Ads preview/import.,REVIEW_ONLY_NOT_UPLOAD
Google Ads,FR,fr-FR,French,Daddy & Me,Exact,looks papa-enfant,17,REWRITE_RECOMMENDED,REWRITE_PACKET_READY_NATIVE_REVIEW_REQUIRED,Native-speaker signoff and country-qualified landing-language QA required before any Google Ads preview/import.,REVIEW_ONLY_NOT_UPLOAD
Google Ads,FR,fr-FR,French,Daddy & Me,Phrase,looks papa-enfant,17,REWRITE_RECOMMENDED,REWRITE_PACKET_READY_NATIVE_REVIEW_REQUIRED,Native-speaker signoff and country-qualified landing-language QA required before any Google Ads preview/import.,REVIEW_ONLY_NOT_UPLOAD
Google Ads,FR,fr-FR,French,Daddy & Me,Exact,tenues papa-fils,16,REWRITE_RECOMMENDED,REWRITE_PACKET_READY_NATIVE_REVIEW_REQUIRED,Native-speaker signoff and country-qualified landing-language QA required before any Google Ads preview/import.,REVIEW_ONLY_NOT_UPLOAD
Google Ads,FR,fr-FR,French,Daddy & Me,Phrase,tenues papa-fils,16,REWRITE_RECOMMENDED,REWRITE_PACKET_READY_NATIVE_REVIEW_REQUIRED,Native-speaker signoff and country-qualified landing-language QA required before any Google Ads preview/import.,REVIEW_ONLY_NOT_UPLOAD
Google Ads,FR,fr-FR,French,Daddy & Me,Exact,chemises père-fils,18,REWRITE_RECOMMENDED,REWRITE_PACKET_READY_NATIVE_REVIEW_REQUIRED,Native-speaker signoff and country-qualified landing-language QA required before any Google Ads preview/import.,REVIEW_ONLY_NOT_UPLOAD
Google Ads,FR,fr-FR,French,Daddy & Me,Phrase,chemises père-fils,18,REWRITE_RECOMMENDED,REWRITE_PACKET_READY_NATIVE_REVIEW_REQUIRED,Native-speaker signoff and country-qualified landing-language QA required before any Google Ads preview/import.,REVIEW_ONLY_NOT_UPLOAD
Google Ads,FR,fr-FR,French,Daddy & Me,Exact,vêtements papa-fils,19,REWRITE_RECOMMENDED,REWRITE_PACKET_READY_NATIVE_REVIEW_REQUIRED,Native-speaker signoff and country-qualified landing-language QA required before any Google Ads preview/import.,REVIEW_ONLY_NOT_UPLOAD
Google Ads,FR,fr-FR,French,Daddy & Me,Phrase,vêtements papa-fils,19,REWRITE_RECOMMENDED,REWRITE_PACKET_READY_NATIVE_REVIEW_REQUIRED,Native-speaker signoff and country-qualified landing-language QA required before any Google Ads preview/import.,REVIEW_ONLY_NOT_UPLOAD
Google Ads,SE,sv-SE,Swedish,Mommy & Me Dresses,Exact,mamma-dotter-klänningar,23,REWRITE_RECOMMENDED,REWRITE_PACKET_READY_NATIVE_REVIEW_REQUIRED,Native-speaker signoff and country-qualified landing-language QA required before any Google Ads preview/import.,REVIEW_ONLY_NOT_UPLOAD
Google Ads,SE,sv-SE,Swedish,Mommy & Me Dresses,Phrase,mamma-dotter-klänningar,23,REWRITE_RECOMMENDED,REWRITE_PACKET_READY_NATIVE_REVIEW_REQUIRED,Native-speaker signoff and country-qualified landing-language QA required before any Google Ads preview/import.,REVIEW_ONLY_NOT_UPLOAD
Google Ads,SE,sv-SE,Swedish,Mommy & Me Dresses,Exact,mor-dotter-klänningar,21,REWRITE_RECOMMENDED,REWRITE_PACKET_READY_NATIVE_REVIEW_REQUIRED,Native-speaker signoff and country-qualified landing-language QA required before any Google Ads preview/import.,REVIEW_ONLY_NOT_UPLOAD
Google Ads,SE,sv-SE,Swedish,Mommy & Me Dresses,Phrase,mor-dotter-klänningar,21,REWRITE_RECOMMENDED,REWRITE_PACKET_READY_NATIVE_REVIEW_REQUIRED,Native-speaker signoff and country-qualified landing-language QA required before any Google Ads preview/import.,REVIEW_ONLY_NOT_UPLOAD
Google Ads,SE,sv-SE,Swedish,Mommy & Me Dresses,Exact,matchande klänningar,20,REWRITE_RECOMMENDED,REWRITE_PACKET_READY_NATIVE_REVIEW_REQUIRED,Native-speaker signoff and country-qualified landing-language QA required before any Google Ads preview/import.,REVIEW_ONLY_NOT_UPLOAD
Google Ads,SE,sv-SE,Swedish,Mommy & Me Dresses,Phrase,matchande klänningar,20,REWRITE_RECOMMENDED,REWRITE_PACKET_READY_NATIVE_REVIEW_REQUIRED,Native-speaker signoff and country-qualified landing-language QA required before any Google Ads preview/import.,REVIEW_ONLY_NOT_UPLOAD
Google Ads,SE,sv-SE,Swedish,Mommy & Me Dresses,Exact,mamma-barn-klänningar,21,REWRITE_RECOMMENDED,REWRITE_PACKET_READY_NATIVE_REVIEW_REQUIRED,Native-speaker signoff and country-qualified landing-language QA required before any Google Ads preview/import.,REVIEW_ONLY_NOT_UPLOAD
Google Ads,SE,sv-SE,Swedish,Mommy & Me Dresses,Phrase,mamma-barn-klänningar,21,REWRITE_RECOMMENDED,REWRITE_PACKET_READY_NATIVE_REVIEW_REQUIRED,Native-speaker signoff and country-qualified landing-language QA required before any Google Ads preview/import.,REVIEW_ONLY_NOT_UPLOAD
Google Ads,SE,sv-SE,Swedish,Mommy & Me Dresses,Exact,matchande klänningar för mamma och dotter,41,REWRITE_RECOMMENDED,REWRITE_PACKET_READY_NATIVE_REVIEW_REQUIRED,Native-speaker signoff and country-qualified landing-language QA required before any Google Ads preview/import.,REVIEW_ONLY_NOT_UPLOAD
Google Ads,SE,sv-SE,Swedish,Mommy & Me Dresses,Phrase,matchande klänningar för mamma och dotter,41,REWRITE_RECOMMENDED,REWRITE_PACKET_READY_NATIVE_REVIEW_REQUIRED,Native-speaker signoff and country-qualified landing-language QA required before any Google Ads preview/import.,REVIEW_ONLY_NOT_UPLOAD
Google Ads,SE,sv-SE,Swedish,Family Matching,Exact,familjeoutfits,14,REWRITE_RECOMMENDED,REWRITE_PACKET_READY_NATIVE_REVIEW_REQUIRED,Native-speaker signoff and country-qualified landing-language QA required before any Google Ads preview/import.,REVIEW_ONLY_NOT_UPLOAD
Google Ads,SE,sv-SE,Swedish,Family Matching,Phrase,familjeoutfits,14,REWRITE_RECOMMENDED,REWRITE_PACKET_READY_NATIVE_REVIEW_REQUIRED,Native-speaker signoff and country-qualified landing-language QA required before any Google Ads preview/import.,REVIEW_ONLY_NOT_UPLOAD
Google Ads,SE,sv-SE,Swedish,Family Matching,Exact,matchande familjekläder,23,REWRITE_RECOMMENDED,REWRITE_PACKET_READY_NATIVE_REVIEW_REQUIRED,Native-speaker signoff and country-qualified landing-language QA required before any Google Ads preview/import.,REVIEW_ONLY_NOT_UPLOAD
Google Ads,SE,sv-SE,Swedish,Family Matching,Phrase,matchande familjekläder,23,REWRITE_RECOMMENDED,REWRITE_PACKET_READY_NATIVE_REVIEW_REQUIRED,Native-speaker signoff and country-qualified landing-language QA required before any Google Ads preview/import.,REVIEW_ONLY_NOT_UPLOAD
Google Ads,SE,sv-SE,Swedish,Family Matching,Exact,familjekläder,13,REWRITE_RECOMMENDED,REWRITE_PACKET_READY_NATIVE_REVIEW_REQUIRED,Native-speaker signoff and country-qualified landing-language QA required before any Google Ads preview/import.,REVIEW_ONLY_NOT_UPLOAD
Google Ads,SE,sv-SE,Swedish,Family Matching,Phrase,familjekläder,13,REWRITE_RECOMMENDED,REWRITE_PACKET_READY_NATIVE_REVIEW_REQUIRED,Native-speaker signoff and country-qualified landing-language QA required before any Google Ads preview/import.,REVIEW_ONLY_NOT_UPLOAD
Google Ads,SE,sv-SE,Swedish,Family Matching,Exact,matchande familjeoutfits,24,REWRITE_RECOMMENDED,REWRITE_PACKET_READY_NATIVE_REVIEW_REQUIRED,Native-speaker signoff and country-qualified landing-language QA required before any Google Ads preview/import.,REVIEW_ONLY_NOT_UPLOAD
Google Ads,SE,sv-SE,Swedish,Family Matching,Phrase,matchande familjeoutfits,24,REWRITE_RECOMMENDED,REWRITE_PACKET_READY_NATIVE_REVIEW_REQUIRED,Native-speaker signoff and country-qualified landing-language QA required before any Google Ads preview/import.,REVIEW_ONLY_NOT_UPLOAD
Google Ads,SE,sv-SE,Swedish,Family Matching,Exact,familjekläder för familjen,26,REWRITE_RECOMMENDED,REWRITE_PACKET_READY_NATIVE_REVIEW_REQUIRED,Native-speaker signoff and country-qualified landing-language QA required before any Google Ads preview/import.,REVIEW_ONLY_NOT_UPLOAD
Google Ads,SE,sv-SE,Swedish,Family Matching,Phrase,familjekläder för familjen,26,REWRITE_RECOMMENDED,REWRITE_PACKET_READY_NATIVE_REVIEW_REQUIRED,Native-speaker signoff and country-qualified landing-language QA required before any Google Ads preview/import.,REVIEW_ONLY_NOT_UPLOAD
Google Ads,SE,sv-SE,Swedish,Matching Pajamas,Exact,familjepyjamas,14,REWRITE_RECOMMENDED,REWRITE_PACKET_READY_NATIVE_REVIEW_REQUIRED,Native-speaker signoff and country-qualified landing-language QA required before any Google Ads preview/import.,REVIEW_ONLY_NOT_UPLOAD
Google Ads,SE,sv-SE,Swedish,Matching Pajamas,Phrase,familjepyjamas,14,REWRITE_RECOMMENDED,REWRITE_PACKET_READY_NATIVE_REVIEW_REQUIRED,Native-speaker signoff and country-qualified landing-language QA required before any Google Ads preview/import.,REVIEW_ONLY_NOT_UPLOAD
Google Ads,SE,sv-SE,Swedish,Matching Pajamas,Exact,matchande pyjamas,17,REWRITE_RECOMMENDED,REWRITE_PACKET_READY_NATIVE_REVIEW_REQUIRED,Native-speaker signoff and country-qualified landing-language QA required before any Google Ads preview/import.,REVIEW_ONLY_NOT_UPLOAD
Google Ads,SE,sv-SE,Swedish,Matching Pajamas,Phrase,matchande pyjamas,17,REWRITE_RECOMMENDED,REWRITE_PACKET_READY_NATIVE_REVIEW_REQUIRED,Native-speaker signoff and country-qualified landing-language QA required before any Google Ads preview/import.,REVIEW_ONLY_NOT_UPLOAD
Google Ads,SE,sv-SE,Swedish,Matching Pajamas,Exact,mamma-barn-pyjamas,18,REWRITE_RECOMMENDED,REWRITE_PACKET_READY_NATIVE_REVIEW_REQUIRED,Native-speaker signoff and country-qualified landing-language QA required before any Google Ads preview/import.,REVIEW_ONLY_NOT_UPLOAD
Google Ads,SE,sv-SE,Swedish,Matching Pajamas,Phrase,mamma-barn-pyjamas,18,REWRITE_RECOMMENDED,REWRITE_PACKET_READY_NATIVE_REVIEW_REQUIRED,Native-speaker signoff and country-qualified landing-language QA required before any Google Ads preview/import.,REVIEW_ONLY_NOT_UPLOAD
Google Ads,SE,sv-SE,Swedish,Matching Pajamas,Exact,pyjamas för familjen,20,REWRITE_RECOMMENDED,REWRITE_PACKET_READY_NATIVE_REVIEW_REQUIRED,Native-speaker signoff and country-qualified landing-language QA required before any Google Ads preview/import.,REVIEW_ONLY_NOT_UPLOAD
Google Ads,SE,sv-SE,Swedish,Matching Pajamas,Phrase,pyjamas för familjen,20,REWRITE_RECOMMENDED,REWRITE_PACKET_READY_NATIVE_REVIEW_REQUIRED,Native-speaker signoff and country-qualified landing-language QA required before any Google Ads preview/import.,REVIEW_ONLY_NOT_UPLOAD
Google Ads,SE,sv-SE,Swedish,Matching Pajamas,Exact,matchande familjepyjamas,24,REWRITE_RECOMMENDED,REWRITE_PACKET_READY_NATIVE_REVIEW_REQUIRED,Native-speaker signoff and country-qualified landing-language QA required before any Google Ads preview/import.,REVIEW_ONLY_NOT_UPLOAD
Google Ads,SE,sv-SE,Swedish,Matching Pajamas,Phrase,matchande familjepyjamas,24,REWRITE_RECOMMENDED,REWRITE_PACKET_READY_NATIVE_REVIEW_REQUIRED,Native-speaker signoff and country-qualified landing-language QA required before any Google Ads preview/import.,REVIEW_ONLY_NOT_UPLOAD
Google Ads,SE,sv-SE,Swedish,Matching Swimwear,Exact,familjebadkläder,16,REWRITE_RECOMMENDED,REWRITE_PACKET_READY_NATIVE_REVIEW_REQUIRED,Native-speaker signoff and country-qualified landing-language QA required before any Google Ads preview/import.,REVIEW_ONLY_NOT_UPLOAD
Google Ads,SE,sv-SE,Swedish,Matching Swimwear,Phrase,familjebadkläder,16,REWRITE_RECOMMENDED,REWRITE_PACKET_READY_NATIVE_REVIEW_REQUIRED,Native-speaker signoff and country-qualified landing-language QA required before any Google Ads preview/import.,REVIEW_ONLY_NOT_UPLOAD
Google Ads,SE,sv-SE,Swedish,Matching Swimwear,Exact,matchande badkläder,19,REWRITE_RECOMMENDED,REWRITE_PACKET_READY_NATIVE_REVIEW_REQUIRED,Native-speaker signoff and country-qualified landing-language QA required before any Google Ads preview/import.,REVIEW_ONLY_NOT_UPLOAD
Google Ads,SE,sv-SE,Swedish,Matching Swimwear,Phrase,matchande badkläder,19,REWRITE_RECOMMENDED,REWRITE_PACKET_READY_NATIVE_REVIEW_REQUIRED,Native-speaker signoff and country-qualified landing-language QA required before any Google Ads preview/import.,REVIEW_ONLY_NOT_UPLOAD
Google Ads,SE,sv-SE,Swedish,Matching Swimwear,Exact,mamma-barn-badkläder,20,REWRITE_RECOMMENDED,REWRITE_PACKET_READY_NATIVE_REVIEW_REQUIRED,Native-speaker signoff and country-qualified landing-language QA required before any Google Ads preview/import.,REVIEW_ONLY_NOT_UPLOAD
Google Ads,SE,sv-SE,Swedish,Matching Swimwear,Phrase,mamma-barn-badkläder,20,REWRITE_RECOMMENDED,REWRITE_PACKET_READY_NATIVE_REVIEW_REQUIRED,Native-speaker signoff and country-qualified landing-language QA required before any Google Ads preview/import.,REVIEW_ONLY_NOT_UPLOAD
Google Ads,SE,sv-SE,Swedish,Matching Swimwear,Exact,badkläder för familjen,22,REWRITE_RECOMMENDED,REWRITE_PACKET_READY_NATIVE_REVIEW_REQUIRED,Native-speaker signoff and country-qualified landing-language QA required before any Google Ads preview/import.,REVIEW_ONLY_NOT_UPLOAD
Google Ads,SE,sv-SE,Swedish,Matching Swimwear,Phrase,badkläder för familjen,22,REWRITE_RECOMMENDED,REWRITE_PACKET_READY_NATIVE_REVIEW_REQUIRED,Native-speaker signoff and country-qualified landing-language QA required before any Google Ads preview/import.,REVIEW_ONLY_NOT_UPLOAD
Google Ads,SE,sv-SE,Swedish,Matching Swimwear,Exact,badmode för familjen,20,REWRITE_RECOMMENDED,REWRITE_PACKET_READY_NATIVE_REVIEW_REQUIRED,Native-speaker signoff and country-qualified landing-language QA required before any Google Ads preview/import.,REVIEW_ONLY_NOT_UPLOAD
Google Ads,SE,sv-SE,Swedish,Matching Swimwear,Phrase,badmode för familjen,20,REWRITE_RECOMMENDED,REWRITE_PACKET_READY_NATIVE_REVIEW_REQUIRED,Native-speaker signoff and country-qualified landing-language QA required before any Google Ads preview/import.,REVIEW_ONLY_NOT_UPLOAD
Google Ads,SE,sv-SE,Swedish,Daddy & Me,Exact,pappa-barn-outfits,18,REWRITE_RECOMMENDED,REWRITE_PACKET_READY_NATIVE_REVIEW_REQUIRED,Native-speaker signoff and country-qualified landing-language QA required before any Google Ads preview/import.,REVIEW_ONLY_NOT_UPLOAD
Google Ads,SE,sv-SE,Swedish,Daddy & Me,Phrase,pappa-barn-outfits,18,REWRITE_RECOMMENDED,REWRITE_PACKET_READY_NATIVE_REVIEW_REQUIRED,Native-speaker signoff and country-qualified landing-language QA required before any Google Ads preview/import.,REVIEW_ONLY_NOT_UPLOAD
Google Ads,SE,sv-SE,Swedish,Daddy & Me,Exact,far-barn-kläder,15,REWRITE_RECOMMENDED,REWRITE_PACKET_READY_NATIVE_REVIEW_REQUIRED,Native-speaker signoff and country-qualified landing-language QA required before any Google Ads preview/import.,REVIEW_ONLY_NOT_UPLOAD
Google Ads,SE,sv-SE,Swedish,Daddy & Me,Phrase,far-barn-kläder,15,REWRITE_RECOMMENDED,REWRITE_PACKET_READY_NATIVE_REVIEW_REQUIRED,Native-speaker signoff and country-qualified landing-language QA required before any Google Ads preview/import.,REVIEW_ONLY_NOT_UPLOAD
Google Ads,SE,sv-SE,Swedish,Daddy & Me,Exact,pappa-son-kläder,16,REWRITE_RECOMMENDED,REWRITE_PACKET_READY_NATIVE_REVIEW_REQUIRED,Native-speaker signoff and country-qualified landing-language QA required before any Google Ads preview/import.,REVIEW_ONLY_NOT_UPLOAD
Google Ads,SE,sv-SE,Swedish,Daddy & Me,Phrase,pappa-son-kläder,16,REWRITE_RECOMMENDED,REWRITE_PACKET_READY_NATIVE_REVIEW_REQUIRED,Native-speaker signoff and country-qualified landing-language QA required before any Google Ads preview/import.,REVIEW_ONLY_NOT_UPLOAD
Google Ads,SE,sv-SE,Swedish,Daddy & Me,Exact,far-son-kläder,14,REWRITE_RECOMMENDED,REWRITE_PACKET_READY_NATIVE_REVIEW_REQUIRED,Native-speaker signoff and country-qualified landing-language QA required before any Google Ads preview/import.,REVIEW_ONLY_NOT_UPLOAD
Google Ads,SE,sv-SE,Swedish,Daddy & Me,Phrase,far-son-kläder,14,REWRITE_RECOMMENDED,REWRITE_PACKET_READY_NATIVE_REVIEW_REQUIRED,Native-speaker signoff and country-qualified landing-language QA required before any Google Ads preview/import.,REVIEW_ONLY_NOT_UPLOAD
Google Ads,SE,sv-SE,Swedish,Daddy & Me,Exact,matchande kläder för pappa och barn,35,REWRITE_RECOMMENDED,REWRITE_PACKET_READY_NATIVE_REVIEW_REQUIRED,Native-speaker signoff and country-qualified landing-language QA required before any Google Ads preview/import.,REVIEW_ONLY_NOT_UPLOAD
Google Ads,SE,sv-SE,Swedish,Daddy & Me,Phrase,matchande kläder för pappa och barn,35,REWRITE_RECOMMENDED,REWRITE_PACKET_READY_NATIVE_REVIEW_REQUIRED,Native-speaker signoff and country-qualified landing-language QA required before any Google Ads preview/import.,REVIEW_ONLY_NOT_UPLOAD
Google Ads,PL,pl-PL,Polish,Mommy & Me Dresses,Exact,sukienki mama-córka,19,REWRITE_RECOMMENDED,REWRITE_PACKET_READY_NATIVE_REVIEW_REQUIRED,Native-speaker signoff and country-qualified landing-language QA required before any Google Ads preview/import.,REVIEW_ONLY_NOT_UPLOAD
Google Ads,PL,pl-PL,Polish,Mommy & Me Dresses,Phrase,sukienki mama-córka,19,REWRITE_RECOMMENDED,REWRITE_PACKET_READY_NATIVE_REVIEW_REQUIRED,Native-speaker signoff and country-qualified landing-language QA required before any Google Ads preview/import.,REVIEW_ONLY_NOT_UPLOAD
Google Ads,PL,pl-PL,Polish,Mommy & Me Dresses,Exact,sukienki dla mamy i córki,25,REWRITE_RECOMMENDED,REWRITE_PACKET_READY_NATIVE_REVIEW_REQUIRED,Native-speaker signoff and country-qualified landing-language QA required before any Google Ads preview/import.,REVIEW_ONLY_NOT_UPLOAD
Google Ads,PL,pl-PL,Polish,Mommy & Me Dresses,Phrase,sukienki dla mamy i córki,25,REWRITE_RECOMMENDED,REWRITE_PACKET_READY_NATIVE_REVIEW_REQUIRED,Native-speaker signoff and country-qualified landing-language QA required before any Google Ads preview/import.,REVIEW_ONLY_NOT_UPLOAD
Google Ads,PL,pl-PL,Polish,Mommy & Me Dresses,Exact,stylizacje mama-córka,21,REWRITE_RECOMMENDED,REWRITE_PACKET_READY_NATIVE_REVIEW_REQUIRED,Native-speaker signoff and country-qualified landing-language QA required before any Google Ads preview/import.,REVIEW_ONLY_NOT_UPLOAD
Google Ads,PL,pl-PL,Polish,Mommy & Me Dresses,Phrase,stylizacje mama-córka,21,REWRITE_RECOMMENDED,REWRITE_PACKET_READY_NATIVE_REVIEW_REQUIRED,Native-speaker signoff and country-qualified landing-language QA required before any Google Ads preview/import.,REVIEW_ONLY_NOT_UPLOAD
Google Ads,PL,pl-PL,Polish,Mommy & Me Dresses,Exact,ubrania dla mamy i córki,24,REWRITE_RECOMMENDED,REWRITE_PACKET_READY_NATIVE_REVIEW_REQUIRED,Native-speaker signoff and country-qualified landing-language QA required before any Google Ads preview/import.,REVIEW_ONLY_NOT_UPLOAD
Google Ads,PL,pl-PL,Polish,Mommy & Me Dresses,Phrase,ubrania dla mamy i córki,24,REWRITE_RECOMMENDED,REWRITE_PACKET_READY_NATIVE_REVIEW_REQUIRED,Native-speaker signoff and country-qualified landing-language QA required before any Google Ads preview/import.,REVIEW_ONLY_NOT_UPLOAD
Google Ads,PL,pl-PL,Polish,Mommy & Me Dresses,Exact,zestawy mama-córka,18,REWRITE_RECOMMENDED,REWRITE_PACKET_READY_NATIVE_REVIEW_REQUIRED,Native-speaker signoff and country-qualified landing-language QA required before any Google Ads preview/import.,REVIEW_ONLY_NOT_UPLOAD
Google Ads,PL,pl-PL,Polish,Mommy & Me Dresses,Phrase,zestawy mama-córka,18,REWRITE_RECOMMENDED,REWRITE_PACKET_READY_NATIVE_REVIEW_REQUIRED,Native-speaker signoff and country-qualified landing-language QA required before any Google Ads preview/import.,REVIEW_ONLY_NOT_UPLOAD
Google Ads,PL,pl-PL,Polish,Family Matching,Exact,stylizacje rodzinne,19,REWRITE_RECOMMENDED,REWRITE_PACKET_READY_NATIVE_REVIEW_REQUIRED,Native-speaker signoff and country-qualified landing-language QA required before any Google Ads preview/import.,REVIEW_ONLY_NOT_UPLOAD
Google Ads,PL,pl-PL,Polish,Family Matching,Phrase,stylizacje rodzinne,19,REWRITE_RECOMMENDED,REWRITE_PACKET_READY_NATIVE_REVIEW_REQUIRED,Native-speaker signoff and country-qualified landing-language QA required before any Google Ads preview/import.,REVIEW_ONLY_NOT_UPLOAD
Google Ads,PL,pl-PL,Polish,Family Matching,Exact,ubrania dla rodziny,19,REWRITE_RECOMMENDED,REWRITE_PACKET_READY_NATIVE_REVIEW_REQUIRED,Native-speaker signoff and country-qualified landing-language QA required before any Google Ads preview/import.,REVIEW_ONLY_NOT_UPLOAD
Google Ads,PL,pl-PL,Polish,Family Matching,Phrase,ubrania dla rodziny,19,REWRITE_RECOMMENDED,REWRITE_PACKET_READY_NATIVE_REVIEW_REQUIRED,Native-speaker signoff and country-qualified landing-language QA required before any Google Ads preview/import.,REVIEW_ONLY_NOT_UPLOAD
Google Ads,PL,pl-PL,Polish,Family Matching,Exact,dopasowane stroje rodzinne,26,REWRITE_RECOMMENDED,REWRITE_PACKET_READY_NATIVE_REVIEW_REQUIRED,Native-speaker signoff and country-qualified landing-language QA required before any Google Ads preview/import.,REVIEW_ONLY_NOT_UPLOAD
Google Ads,PL,pl-PL,Polish,Family Matching,Phrase,dopasowane stroje rodzinne,26,REWRITE_RECOMMENDED,REWRITE_PACKET_READY_NATIVE_REVIEW_REQUIRED,Native-speaker signoff and country-qualified landing-language QA required before any Google Ads preview/import.,REVIEW_ONLY_NOT_UPLOAD
Google Ads,PL,pl-PL,Polish,Family Matching,Exact,rodzinne zestawy ubrań,22,REWRITE_RECOMMENDED,REWRITE_PACKET_READY_NATIVE_REVIEW_REQUIRED,Native-speaker signoff and country-qualified landing-language QA required before any Google Ads preview/import.,REVIEW_ONLY_NOT_UPLOAD
Google Ads,PL,pl-PL,Polish,Family Matching,Phrase,rodzinne zestawy ubrań,22,REWRITE_RECOMMENDED,REWRITE_PACKET_READY_NATIVE_REVIEW_REQUIRED,Native-speaker signoff and country-qualified landing-language QA required before any Google Ads preview/import.,REVIEW_ONLY_NOT_UPLOAD
Google Ads,PL,pl-PL,Polish,Family Matching,Exact,odzież rodzinna,15,REWRITE_RECOMMENDED,REWRITE_PACKET_READY_NATIVE_REVIEW_REQUIRED,Native-speaker signoff and country-qualified landing-language QA required before any Google Ads preview/import.,REVIEW_ONLY_NOT_UPLOAD
Google Ads,PL,pl-PL,Polish,Family Matching,Phrase,odzież rodzinna,15,REWRITE_RECOMMENDED,REWRITE_PACKET_READY_NATIVE_REVIEW_REQUIRED,Native-speaker signoff and country-qualified landing-language QA required before any Google Ads preview/import.,REVIEW_ONLY_NOT_UPLOAD
Google Ads,PL,pl-PL,Polish,Matching Pajamas,Exact,piżamy rodzinne,15,REWRITE_RECOMMENDED,REWRITE_PACKET_READY_NATIVE_REVIEW_REQUIRED,Native-speaker signoff and country-qualified landing-language QA required before any Google Ads preview/import.,REVIEW_ONLY_NOT_UPLOAD
Google Ads,PL,pl-PL,Polish,Matching Pajamas,Phrase,piżamy rodzinne,15,REWRITE_RECOMMENDED,REWRITE_PACKET_READY_NATIVE_REVIEW_REQUIRED,Native-speaker signoff and country-qualified landing-language QA required before any Google Ads preview/import.,REVIEW_ONLY_NOT_UPLOAD
Google Ads,PL,pl-PL,Polish,Matching Pajamas,Exact,piżamy dla rodziny,18,REWRITE_RECOMMENDED,REWRITE_PACKET_READY_NATIVE_REVIEW_REQUIRED,Native-speaker signoff and country-qualified landing-language QA required before any Google Ads preview/import.,REVIEW_ONLY_NOT_UPLOAD
Google Ads,PL,pl-PL,Polish,Matching Pajamas,Phrase,piżamy dla rodziny,18,REWRITE_RECOMMENDED,REWRITE_PACKET_READY_NATIVE_REVIEW_REQUIRED,Native-speaker signoff and country-qualified landing-language QA required before any Google Ads preview/import.,REVIEW_ONLY_NOT_UPLOAD
Google Ads,PL,pl-PL,Polish,Matching Pajamas,Exact,piżamy dla mamy i dziecka,25,REWRITE_RECOMMENDED,REWRITE_PACKET_READY_NATIVE_REVIEW_REQUIRED,Native-speaker signoff and country-qualified landing-language QA required before any Google Ads preview/import.,REVIEW_ONLY_NOT_UPLOAD
Google Ads,PL,pl-PL,Polish,Matching Pajamas,Phrase,piżamy dla mamy i dziecka,25,REWRITE_RECOMMENDED,REWRITE_PACKET_READY_NATIVE_REVIEW_REQUIRED,Native-speaker signoff and country-qualified landing-language QA required before any Google Ads preview/import.,REVIEW_ONLY_NOT_UPLOAD
Google Ads,PL,pl-PL,Polish,Matching Pajamas,Exact,dopasowane piżamy rodzinne,26,REWRITE_RECOMMENDED,REWRITE_PACKET_READY_NATIVE_REVIEW_REQUIRED,Native-speaker signoff and country-qualified landing-language QA required before any Google Ads preview/import.,REVIEW_ONLY_NOT_UPLOAD
Google Ads,PL,pl-PL,Polish,Matching Pajamas,Phrase,dopasowane piżamy rodzinne,26,REWRITE_RECOMMENDED,REWRITE_PACKET_READY_NATIVE_REVIEW_REQUIRED,Native-speaker signoff and country-qualified landing-language QA required before any Google Ads preview/import.,REVIEW_ONLY_NOT_UPLOAD
Google Ads,PL,pl-PL,Polish,Matching Pajamas,Exact,piżamy mama-córka,17,REWRITE_RECOMMENDED,REWRITE_PACKET_READY_NATIVE_REVIEW_REQUIRED,Native-speaker signoff and country-qualified landing-language QA required before any Google Ads preview/import.,REVIEW_ONLY_NOT_UPLOAD
Google Ads,PL,pl-PL,Polish,Matching Pajamas,Phrase,piżamy mama-córka,17,REWRITE_RECOMMENDED,REWRITE_PACKET_READY_NATIVE_REVIEW_REQUIRED,Native-speaker signoff and country-qualified landing-language QA required before any Google Ads preview/import.,REVIEW_ONLY_NOT_UPLOAD
Google Ads,PL,pl-PL,Polish,Matching Swimwear,Exact,rodzinne stroje kąpielowe,25,REWRITE_RECOMMENDED,REWRITE_PACKET_READY_NATIVE_REVIEW_REQUIRED,Native-speaker signoff and country-qualified landing-language QA required before any Google Ads preview/import.,REVIEW_ONLY_NOT_UPLOAD
Google Ads,PL,pl-PL,Polish,Matching Swimwear,Phrase,rodzinne stroje kąpielowe,25,REWRITE_RECOMMENDED,REWRITE_PACKET_READY_NATIVE_REVIEW_REQUIRED,Native-speaker signoff and country-qualified landing-language QA required before any Google Ads preview/import.,REVIEW_ONLY_NOT_UPLOAD
Google Ads,PL,pl-PL,Polish,Matching Swimwear,Exact,stroje kąpielowe dla rodziny,28,REWRITE_RECOMMENDED,REWRITE_PACKET_READY_NATIVE_REVIEW_REQUIRED,Native-speaker signoff and country-qualified landing-language QA required before any Google Ads preview/import.,REVIEW_ONLY_NOT_UPLOAD
Google Ads,PL,pl-PL,Polish,Matching Swimwear,Phrase,stroje kąpielowe dla rodziny,28,REWRITE_RECOMMENDED,REWRITE_PACKET_READY_NATIVE_REVIEW_REQUIRED,Native-speaker signoff and country-qualified landing-language QA required before any Google Ads preview/import.,REVIEW_ONLY_NOT_UPLOAD
Google Ads,PL,pl-PL,Polish,Matching Swimwear,Exact,stroje kąpielowe mama-dziecko,29,REWRITE_RECOMMENDED,REWRITE_PACKET_READY_NATIVE_REVIEW_REQUIRED,Native-speaker signoff and country-qualified landing-language QA required before any Google Ads preview/import.,REVIEW_ONLY_NOT_UPLOAD
Google Ads,PL,pl-PL,Polish,Matching Swimwear,Phrase,stroje kąpielowe mama-dziecko,29,REWRITE_RECOMMENDED,REWRITE_PACKET_READY_NATIVE_REVIEW_REQUIRED,Native-speaker signoff and country-qualified landing-language QA required before any Google Ads preview/import.,REVIEW_ONLY_NOT_UPLOAD
Google Ads,PL,pl-PL,Polish,Matching Swimwear,Exact,dopasowane stroje kąpielowe,27,REWRITE_RECOMMENDED,REWRITE_PACKET_READY_NATIVE_REVIEW_REQUIRED,Native-speaker signoff and country-qualified landing-language QA required before any Google Ads preview/import.,REVIEW_ONLY_NOT_UPLOAD
Google Ads,PL,pl-PL,Polish,Matching Swimwear,Phrase,dopasowane stroje kąpielowe,27,REWRITE_RECOMMENDED,REWRITE_PACKET_READY_NATIVE_REVIEW_REQUIRED,Native-speaker signoff and country-qualified landing-language QA required before any Google Ads preview/import.,REVIEW_ONLY_NOT_UPLOAD
Google Ads,PL,pl-PL,Polish,Matching Swimwear,Exact,stroje plażowe dla rodziny,26,REWRITE_RECOMMENDED,REWRITE_PACKET_READY_NATIVE_REVIEW_REQUIRED,Native-speaker signoff and country-qualified landing-language QA required before any Google Ads preview/import.,REVIEW_ONLY_NOT_UPLOAD
Google Ads,PL,pl-PL,Polish,Matching Swimwear,Phrase,stroje plażowe dla rodziny,26,REWRITE_RECOMMENDED,REWRITE_PACKET_READY_NATIVE_REVIEW_REQUIRED,Native-speaker signoff and country-qualified landing-language QA required before any Google Ads preview/import.,REVIEW_ONLY_NOT_UPLOAD
Google Ads,PL,pl-PL,Polish,Daddy & Me,Exact,ubrania tata-syn,16,REWRITE_RECOMMENDED,REWRITE_PACKET_READY_NATIVE_REVIEW_REQUIRED,Native-speaker signoff and country-qualified landing-language QA required before any Google Ads preview/import.,REVIEW_ONLY_NOT_UPLOAD
Google Ads,PL,pl-PL,Polish,Daddy & Me,Phrase,ubrania tata-syn,16,REWRITE_RECOMMENDED,REWRITE_PACKET_READY_NATIVE_REVIEW_REQUIRED,Native-speaker signoff and country-qualified landing-language QA required before any Google Ads preview/import.,REVIEW_ONLY_NOT_UPLOAD
Google Ads,PL,pl-PL,Polish,Daddy & Me,Exact,koszule tata-syn,16,REWRITE_RECOMMENDED,REWRITE_PACKET_READY_NATIVE_REVIEW_REQUIRED,Native-speaker signoff and country-qualified landing-language QA required before any Google Ads preview/import.,REVIEW_ONLY_NOT_UPLOAD
Google Ads,PL,pl-PL,Polish,Daddy & Me,Phrase,koszule tata-syn,16,REWRITE_RECOMMENDED,REWRITE_PACKET_READY_NATIVE_REVIEW_REQUIRED,Native-speaker signoff and country-qualified landing-language QA required before any Google Ads preview/import.,REVIEW_ONLY_NOT_UPLOAD
Google Ads,PL,pl-PL,Polish,Daddy & Me,Exact,stylizacje tata-dziecko,23,REWRITE_RECOMMENDED,REWRITE_PACKET_READY_NATIVE_REVIEW_REQUIRED,Native-speaker signoff and country-qualified landing-language QA required before any Google Ads preview/import.,REVIEW_ONLY_NOT_UPLOAD
Google Ads,PL,pl-PL,Polish,Daddy & Me,Phrase,stylizacje tata-dziecko,23,REWRITE_RECOMMENDED,REWRITE_PACKET_READY_NATIVE_REVIEW_REQUIRED,Native-speaker signoff and country-qualified landing-language QA required before any Google Ads preview/import.,REVIEW_ONLY_NOT_UPLOAD
Google Ads,PL,pl-PL,Polish,Daddy & Me,Exact,ubrania dla taty i dziecka,26,REWRITE_RECOMMENDED,REWRITE_PACKET_READY_NATIVE_REVIEW_REQUIRED,Native-speaker signoff and country-qualified landing-language QA required before any Google Ads preview/import.,REVIEW_ONLY_NOT_UPLOAD
Google Ads,PL,pl-PL,Polish,Daddy & Me,Phrase,ubrania dla taty i dziecka,26,REWRITE_RECOMMENDED,REWRITE_PACKET_READY_NATIVE_REVIEW_REQUIRED,Native-speaker signoff and country-qualified landing-language QA required before any Google Ads preview/import.,REVIEW_ONLY_NOT_UPLOAD
Google Ads,PL,pl-PL,Polish,Daddy & Me,Exact,zestawy tata-dziecko,20,REWRITE_RECOMMENDED,REWRITE_PACKET_READY_NATIVE_REVIEW_REQUIRED,Native-speaker signoff and country-qualified landing-language QA required before any Google Ads preview/import.,REVIEW_ONLY_NOT_UPLOAD
Google Ads,PL,pl-PL,Polish,Daddy & Me,Phrase,zestawy tata-dziecko,20,REWRITE_RECOMMENDED,REWRITE_PACKET_READY_NATIVE_REVIEW_REQUIRED,Native-speaker signoff and country-qualified landing-language QA required before any Google Ads preview/import.,REVIEW_ONLY_NOT_UPLOAD
Google Ads,CZ,cs-CZ,Czech,Mommy & Me Dresses,Exact,šaty pro mámu a dceru,21,REWRITE_RECOMMENDED,REWRITE_PACKET_READY_NATIVE_REVIEW_REQUIRED,Native-speaker signoff and country-qualified landing-language QA required before any Google Ads preview/import.,REVIEW_ONLY_NOT_UPLOAD
Google Ads,CZ,cs-CZ,Czech,Mommy & Me Dresses,Phrase,šaty pro mámu a dceru,21,REWRITE_RECOMMENDED,REWRITE_PACKET_READY_NATIVE_REVIEW_REQUIRED,Native-speaker signoff and country-qualified landing-language QA required before any Google Ads preview/import.,REVIEW_ONLY_NOT_UPLOAD
Google Ads,CZ,cs-CZ,Czech,Mommy & Me Dresses,Exact,sladěné šaty pro mámu a dceru,29,REWRITE_RECOMMENDED,REWRITE_PACKET_READY_NATIVE_REVIEW_REQUIRED,Native-speaker signoff and country-qualified landing-language QA required before any Google Ads preview/import.,REVIEW_ONLY_NOT_UPLOAD
Google Ads,CZ,cs-CZ,Czech,Mommy & Me Dresses,Phrase,sladěné šaty pro mámu a dceru,29,REWRITE_RECOMMENDED,REWRITE_PACKET_READY_NATIVE_REVIEW_REQUIRED,Native-speaker signoff and country-qualified landing-language QA required before any Google Ads preview/import.,REVIEW_ONLY_NOT_UPLOAD
Google Ads,CZ,cs-CZ,Czech,Mommy & Me Dresses,Exact,oblečení pro mámu a dceru,25,REWRITE_RECOMMENDED,REWRITE_PACKET_READY_NATIVE_REVIEW_REQUIRED,Native-speaker signoff and country-qualified landing-language QA required before any Google Ads preview/import.,REVIEW_ONLY_NOT_UPLOAD
Google Ads,CZ,cs-CZ,Czech,Mommy & Me Dresses,Phrase,oblečení pro mámu a dceru,25,REWRITE_RECOMMENDED,REWRITE_PACKET_READY_NATIVE_REVIEW_REQUIRED,Native-speaker signoff and country-qualified landing-language QA required before any Google Ads preview/import.,REVIEW_ONLY_NOT_UPLOAD
Google Ads,CZ,cs-CZ,Czech,Mommy & Me Dresses,Exact,styl pro mámu a dceru,21,REWRITE_RECOMMENDED,REWRITE_PACKET_READY_NATIVE_REVIEW_REQUIRED,Native-speaker signoff and country-qualified landing-language QA required before any Google Ads preview/import.,REVIEW_ONLY_NOT_UPLOAD
Google Ads,CZ,cs-CZ,Czech,Mommy & Me Dresses,Phrase,styl pro mámu a dceru,21,REWRITE_RECOMMENDED,REWRITE_PACKET_READY_NATIVE_REVIEW_REQUIRED,Native-speaker signoff and country-qualified landing-language QA required before any Google Ads preview/import.,REVIEW_ONLY_NOT_UPLOAD
Google Ads,CZ,cs-CZ,Czech,Mommy & Me Dresses,Exact,sety pro mámu a dceru,21,REWRITE_RECOMMENDED,REWRITE_PACKET_READY_NATIVE_REVIEW_REQUIRED,Native-speaker signoff and country-qualified landing-language QA required before any Google Ads preview/import.,REVIEW_ONLY_NOT_UPLOAD
Google Ads,CZ,cs-CZ,Czech,Mommy & Me Dresses,Phrase,sety pro mámu a dceru,21,REWRITE_RECOMMENDED,REWRITE_PACKET_READY_NATIVE_REVIEW_REQUIRED,Native-speaker signoff and country-qualified landing-language QA required before any Google Ads preview/import.,REVIEW_ONLY_NOT_UPLOAD
Google Ads,CZ,cs-CZ,Czech,Family Matching,Exact,rodinné outfity,15,REWRITE_RECOMMENDED,REWRITE_PACKET_READY_NATIVE_REVIEW_REQUIRED,Native-speaker signoff and country-qualified landing-language QA required before any Google Ads preview/import.,REVIEW_ONLY_NOT_UPLOAD
Google Ads,CZ,cs-CZ,Czech,Family Matching,Phrase,rodinné outfity,15,REWRITE_RECOMMENDED,REWRITE_PACKET_READY_NATIVE_REVIEW_REQUIRED,Native-speaker signoff and country-qualified landing-language QA required before any Google Ads preview/import.,REVIEW_ONLY_NOT_UPLOAD
Google Ads,CZ,cs-CZ,Czech,Family Matching,Exact,sladěné rodinné oblečení,24,REWRITE_RECOMMENDED,REWRITE_PACKET_READY_NATIVE_REVIEW_REQUIRED,Native-speaker signoff and country-qualified landing-language QA required before any Google Ads preview/import.,REVIEW_ONLY_NOT_UPLOAD
Google Ads,CZ,cs-CZ,Czech,Family Matching,Phrase,sladěné rodinné oblečení,24,REWRITE_RECOMMENDED,REWRITE_PACKET_READY_NATIVE_REVIEW_REQUIRED,Native-speaker signoff and country-qualified landing-language QA required before any Google Ads preview/import.,REVIEW_ONLY_NOT_UPLOAD
Google Ads,CZ,cs-CZ,Czech,Family Matching,Exact,oblečení pro rodinu,19,REWRITE_RECOMMENDED,REWRITE_PACKET_READY_NATIVE_REVIEW_REQUIRED,Native-speaker signoff and country-qualified landing-language QA required before any Google Ads preview/import.,REVIEW_ONLY_NOT_UPLOAD
Google Ads,CZ,cs-CZ,Czech,Family Matching,Phrase,oblečení pro rodinu,19,REWRITE_RECOMMENDED,REWRITE_PACKET_READY_NATIVE_REVIEW_REQUIRED,Native-speaker signoff and country-qualified landing-language QA required before any Google Ads preview/import.,REVIEW_ONLY_NOT_UPLOAD
Google Ads,CZ,cs-CZ,Czech,Family Matching,Exact,rodinné sladěné sety,20,REWRITE_RECOMMENDED,REWRITE_PACKET_READY_NATIVE_REVIEW_REQUIRED,Native-speaker signoff and country-qualified landing-language QA required before any Google Ads preview/import.,REVIEW_ONLY_NOT_UPLOAD
Google Ads,CZ,cs-CZ,Czech,Family Matching,Phrase,rodinné sladěné sety,20,REWRITE_RECOMMENDED,REWRITE_PACKET_READY_NATIVE_REVIEW_REQUIRED,Native-speaker signoff and country-qualified landing-language QA required before any Google Ads preview/import.,REVIEW_ONLY_NOT_UPLOAD
Google Ads,CZ,cs-CZ,Czech,Family Matching,Exact,rodinná móda,12,REWRITE_RECOMMENDED,REWRITE_PACKET_READY_NATIVE_REVIEW_REQUIRED,Native-speaker signoff and country-qualified landing-language QA required before any Google Ads preview/import.,REVIEW_ONLY_NOT_UPLOAD
Google Ads,CZ,cs-CZ,Czech,Family Matching,Phrase,rodinná móda,12,REWRITE_RECOMMENDED,REWRITE_PACKET_READY_NATIVE_REVIEW_REQUIRED,Native-speaker signoff and country-qualified landing-language QA required before any Google Ads preview/import.,REVIEW_ONLY_NOT_UPLOAD
Google Ads,CZ,cs-CZ,Czech,Matching Pajamas,Exact,rodinná pyžama,14,REWRITE_RECOMMENDED,REWRITE_PACKET_READY_NATIVE_REVIEW_REQUIRED,Native-speaker signoff and country-qualified landing-language QA required before any Google Ads preview/import.,REVIEW_ONLY_NOT_UPLOAD
Google Ads,CZ,cs-CZ,Czech,Matching Pajamas,Phrase,rodinná pyžama,14,REWRITE_RECOMMENDED,REWRITE_PACKET_READY_NATIVE_REVIEW_REQUIRED,Native-speaker signoff and country-qualified landing-language QA required before any Google Ads preview/import.,REVIEW_ONLY_NOT_UPLOAD
Google Ads,CZ,cs-CZ,Czech,Matching Pajamas,Exact,sladěná pyžama pro rodinu,25,REWRITE_RECOMMENDED,REWRITE_PACKET_READY_NATIVE_REVIEW_REQUIRED,Native-speaker signoff and country-qualified landing-language QA required before any Google Ads preview/import.,REVIEW_ONLY_NOT_UPLOAD
Google Ads,CZ,cs-CZ,Czech,Matching Pajamas,Phrase,sladěná pyžama pro rodinu,25,REWRITE_RECOMMENDED,REWRITE_PACKET_READY_NATIVE_REVIEW_REQUIRED,Native-speaker signoff and country-qualified landing-language QA required before any Google Ads preview/import.,REVIEW_ONLY_NOT_UPLOAD
Google Ads,CZ,cs-CZ,Czech,Matching Pajamas,Exact,pyžama pro mámu a dítě,22,REWRITE_RECOMMENDED,REWRITE_PACKET_READY_NATIVE_REVIEW_REQUIRED,Native-speaker signoff and country-qualified landing-language QA required before any Google Ads preview/import.,REVIEW_ONLY_NOT_UPLOAD
Google Ads,CZ,cs-CZ,Czech,Matching Pajamas,Phrase,pyžama pro mámu a dítě,22,REWRITE_RECOMMENDED,REWRITE_PACKET_READY_NATIVE_REVIEW_REQUIRED,Native-speaker signoff and country-qualified landing-language QA required before any Google Ads preview/import.,REVIEW_ONLY_NOT_UPLOAD
Google Ads,CZ,cs-CZ,Czech,Matching Pajamas,Exact,pyžama pro rodinu,17,REWRITE_RECOMMENDED,REWRITE_PACKET_READY_NATIVE_REVIEW_REQUIRED,Native-speaker signoff and country-qualified landing-language QA required before any Google Ads preview/import.,REVIEW_ONLY_NOT_UPLOAD
Google Ads,CZ,cs-CZ,Czech,Matching Pajamas,Phrase,pyžama pro rodinu,17,REWRITE_RECOMMENDED,REWRITE_PACKET_READY_NATIVE_REVIEW_REQUIRED,Native-speaker signoff and country-qualified landing-language QA required before any Google Ads preview/import.,REVIEW_ONLY_NOT_UPLOAD
Google Ads,CZ,cs-CZ,Czech,Matching Pajamas,Exact,pyžama pro mámu a dceru,23,REWRITE_RECOMMENDED,REWRITE_PACKET_READY_NATIVE_REVIEW_REQUIRED,Native-speaker signoff and country-qualified landing-language QA required before any Google Ads preview/import.,REVIEW_ONLY_NOT_UPLOAD
Google Ads,CZ,cs-CZ,Czech,Matching Pajamas,Phrase,pyžama pro mámu a dceru,23,REWRITE_RECOMMENDED,REWRITE_PACKET_READY_NATIVE_REVIEW_REQUIRED,Native-speaker signoff and country-qualified landing-language QA required before any Google Ads preview/import.,REVIEW_ONLY_NOT_UPLOAD
Google Ads,CZ,cs-CZ,Czech,Matching Swimwear,Exact,rodinné plavky,14,REWRITE_RECOMMENDED,REWRITE_PACKET_READY_NATIVE_REVIEW_REQUIRED,Native-speaker signoff and country-qualified landing-language QA required before any Google Ads preview/import.,REVIEW_ONLY_NOT_UPLOAD
Google Ads,CZ,cs-CZ,Czech,Matching Swimwear,Phrase,rodinné plavky,14,REWRITE_RECOMMENDED,REWRITE_PACKET_READY_NATIVE_REVIEW_REQUIRED,Native-speaker signoff and country-qualified landing-language QA required before any Google Ads preview/import.,REVIEW_ONLY_NOT_UPLOAD
Google Ads,CZ,cs-CZ,Czech,Matching Swimwear,Exact,sladěné plavky pro rodinu,25,REWRITE_RECOMMENDED,REWRITE_PACKET_READY_NATIVE_REVIEW_REQUIRED,Native-speaker signoff and country-qualified landing-language QA required before any Google Ads preview/import.,REVIEW_ONLY_NOT_UPLOAD
Google Ads,CZ,cs-CZ,Czech,Matching Swimwear,Phrase,sladěné plavky pro rodinu,25,REWRITE_RECOMMENDED,REWRITE_PACKET_READY_NATIVE_REVIEW_REQUIRED,Native-speaker signoff and country-qualified landing-language QA required before any Google Ads preview/import.,REVIEW_ONLY_NOT_UPLOAD
Google Ads,CZ,cs-CZ,Czech,Matching Swimwear,Exact,plavky pro mámu a dítě,22,REWRITE_RECOMMENDED,REWRITE_PACKET_READY_NATIVE_REVIEW_REQUIRED,Native-speaker signoff and country-qualified landing-language QA required before any Google Ads preview/import.,REVIEW_ONLY_NOT_UPLOAD
Google Ads,CZ,cs-CZ,Czech,Matching Swimwear,Phrase,plavky pro mámu a dítě,22,REWRITE_RECOMMENDED,REWRITE_PACKET_READY_NATIVE_REVIEW_REQUIRED,Native-speaker signoff and country-qualified landing-language QA required before any Google Ads preview/import.,REVIEW_ONLY_NOT_UPLOAD
Google Ads,CZ,cs-CZ,Czech,Matching Swimwear,Exact,plavky pro rodinu,17,REWRITE_RECOMMENDED,REWRITE_PACKET_READY_NATIVE_REVIEW_REQUIRED,Native-speaker signoff and country-qualified landing-language QA required before any Google Ads preview/import.,REVIEW_ONLY_NOT_UPLOAD
Google Ads,CZ,cs-CZ,Czech,Matching Swimwear,Phrase,plavky pro rodinu,17,REWRITE_RECOMMENDED,REWRITE_PACKET_READY_NATIVE_REVIEW_REQUIRED,Native-speaker signoff and country-qualified landing-language QA required before any Google Ads preview/import.,REVIEW_ONLY_NOT_UPLOAD
Google Ads,CZ,cs-CZ,Czech,Matching Swimwear,Exact,rodinné plavky k moři,21,REWRITE_RECOMMENDED,REWRITE_PACKET_READY_NATIVE_REVIEW_REQUIRED,Native-speaker signoff and country-qualified landing-language QA required before any Google Ads preview/import.,REVIEW_ONLY_NOT_UPLOAD
Google Ads,CZ,cs-CZ,Czech,Matching Swimwear,Phrase,rodinné plavky k moři,21,REWRITE_RECOMMENDED,REWRITE_PACKET_READY_NATIVE_REVIEW_REQUIRED,Native-speaker signoff and country-qualified landing-language QA required before any Google Ads preview/import.,REVIEW_ONLY_NOT_UPLOAD
Google Ads,CZ,cs-CZ,Czech,Daddy & Me,Exact,oblečení pro tátu a syna,24,REWRITE_RECOMMENDED,REWRITE_PACKET_READY_NATIVE_REVIEW_REQUIRED,Native-speaker signoff and country-qualified landing-language QA required before any Google Ads preview/import.,REVIEW_ONLY_NOT_UPLOAD
Google Ads,CZ,cs-CZ,Czech,Daddy & Me,Phrase,oblečení pro tátu a syna,24,REWRITE_RECOMMENDED,REWRITE_PACKET_READY_NATIVE_REVIEW_REQUIRED,Native-speaker signoff and country-qualified landing-language QA required before any Google Ads preview/import.,REVIEW_ONLY_NOT_UPLOAD
Google Ads,CZ,cs-CZ,Czech,Daddy & Me,Exact,košile pro tátu a syna,22,REWRITE_RECOMMENDED,REWRITE_PACKET_READY_NATIVE_REVIEW_REQUIRED,Native-speaker signoff and country-qualified landing-language QA required before any Google Ads preview/import.,REVIEW_ONLY_NOT_UPLOAD
Google Ads,CZ,cs-CZ,Czech,Daddy & Me,Phrase,košile pro tátu a syna,22,REWRITE_RECOMMENDED,REWRITE_PACKET_READY_NATIVE_REVIEW_REQUIRED,Native-speaker signoff and country-qualified landing-language QA required before any Google Ads preview/import.,REVIEW_ONLY_NOT_UPLOAD
Google Ads,CZ,cs-CZ,Czech,Daddy & Me,Exact,styl pro tátu a dítě,20,REWRITE_RECOMMENDED,REWRITE_PACKET_READY_NATIVE_REVIEW_REQUIRED,Native-speaker signoff and country-qualified landing-language QA required before any Google Ads preview/import.,REVIEW_ONLY_NOT_UPLOAD
Google Ads,CZ,cs-CZ,Czech,Daddy & Me,Phrase,styl pro tátu a dítě,20,REWRITE_RECOMMENDED,REWRITE_PACKET_READY_NATIVE_REVIEW_REQUIRED,Native-speaker signoff and country-qualified landing-language QA required before any Google Ads preview/import.,REVIEW_ONLY_NOT_UPLOAD
Google Ads,CZ,cs-CZ,Czech,Daddy & Me,Exact,oblečení pro tátu a dítě,24,REWRITE_RECOMMENDED,REWRITE_PACKET_READY_NATIVE_REVIEW_REQUIRED,Native-speaker signoff and country-qualified landing-language QA required before any Google Ads preview/import.,REVIEW_ONLY_NOT_UPLOAD
Google Ads,CZ,cs-CZ,Czech,Daddy & Me,Phrase,oblečení pro tátu a dítě,24,REWRITE_RECOMMENDED,REWRITE_PACKET_READY_NATIVE_REVIEW_REQUIRED,Native-speaker signoff and country-qualified landing-language QA required before any Google Ads preview/import.,REVIEW_ONLY_NOT_UPLOAD
Google Ads,CZ,cs-CZ,Czech,Daddy & Me,Exact,sety pro tátu a dítě,20,REWRITE_RECOMMENDED,REWRITE_PACKET_READY_NATIVE_REVIEW_REQUIRED,Native-speaker signoff and country-qualified landing-language QA required before any Google Ads preview/import.,REVIEW_ONLY_NOT_UPLOAD
Google Ads,CZ,cs-CZ,Czech,Daddy & Me,Phrase,sety pro tátu a dítě,20,REWRITE_RECOMMENDED,REWRITE_PACKET_READY_NATIVE_REVIEW_REQUIRED,Native-speaker signoff and country-qualified landing-language QA required before any Google Ads preview/import.,REVIEW_ONLY_NOT_UPLOAD
