Feed name,Feed Id,Customer Id,Upload time
"supplemental_feed_pilot.txt","407335945","124884876","Apr 28, 2026, 5:32 pm EDT"

Item Id,Line number,Message,Type,Values,Item title
"shopify_US_4680207073377_32471817453665","141","Offer does not exist",Error,,
"shopify_US_6587229700193_39378261082209","407","Offer does not exist",Error,,
"shopify_US_6724529520737_39773621551201","1,511","Offer does not exist",Error,,
"shopify_US_6640869900385_39529043198049","927","Offer does not exist",Error,,
"shopify_US_6842587119713_40266215096417","1,751","Offer does not exist",Error,,
"shopify_US_6640876552289_39529068298337","1,024","Offer does not exist",Error,,
"shopify_US_6640859676769_39529026158689","875","Offer does not exist",Error,,
"shopify_US_6842588430433_40266223648865","1,836","Offer does not exist",Error,,
"shopify_US_6675272499297_39614410948705","1,109","Offer does not exist",Error,,
"shopify_US_6842586136673_40266210181217","1,701","Offer does not exist",Error,,
"shopify_US_6842587545697_40266217324641","1,782","Offer does not exist",Error,,
"shopify_US_6640631808097_39528175468641","703","Offer does not exist",Error,,
"shopify_US_4801326973025_32809282306145","224","Offer does not exist",Error,,
"shopify_US_6614633152609_39455616270433","522","Offer does not exist",Error,,
"shopify_US_6640869900385_39529043984481","945","Offer does not exist",Error,,
"shopify_US_6640885268577_39529125871713","1,053","Offer does not exist",Error,,
"shopify_US_6676380581985_39618264301665","1,144","Offer does not exist",Error,,
"shopify_US_6587249819745_39378320359521","456","Offer does not exist",Error,,
"shopify_US_6640631808097_39528169832545","683","Offer does not exist",Error,,
"shopify_US_6842587119713_40266215456865","1,762","Offer does not exist",Error,,
"shopify_US_6640671686753_39528324694113","743","Offer does not exist",Error,,
"shopify_US_6854511493217_40326200852577","2,005","Offer does not exist",Error,,
"shopify_US_6640760160353_39528603648097","810","Offer does not exist",Error,,
"shopify_US_6842594656353_40266241540193","1,880","Offer does not exist",Error,,
"shopify_US_6640874094689_39529050734689","971","Offer does not exist",Error,,
"shopify_US_6587229700193_39378261639265","423","Offer does not exist",Error,,
"shopify_US_6640671686753_39528332525665","801","Offer does not exist",Error,,
"shopify_US_4815349121121_32858782990433","377","Offer does not exist",Error,,
"shopify_US_6640874094689_39529050701921","970","Offer does not exist",Error,,
"shopify_US_4804861722721_32817630380129","254","Offer does not exist",Error,,
"shopify_US_6979350528097_40855058186337","2,113","Offer does not exist",Error,,
"shopify_US_6640631808097_39528176386145","713","Offer does not exist",Error,,
"shopify_US_6842594656353_40266241802337","1,888","Offer does not exist",Error,,
"shopify_US_6640859676769_39529025536097","856","Offer does not exist",Error,,
"shopify_US_4804951670881_32817942528097","355","Offer does not exist",Error,,
"shopify_US_6724529520737_39773620895841","1,493","Offer does not exist",Error,,
"shopify_US_6640874094689_39529051553889","996","Offer does not exist",Error,,
"shopify_US_6640876552289_39529068953697","1,040","Offer does not exist",Error,,
"shopify_US_6854511493217_40326200262753","1,987","Offer does not exist",Error,,
"shopify_US_6640876552289_39529067249761","999","Offer does not exist",Error,,
"shopify_US_4804917559393_32817748934753","314","Offer does not exist",Error,,
"shopify_US_6724529520737_39773621059681","1,498","Offer does not exist",Error,,
"shopify_US_6640671686753_39528332394593","797","Offer does not exist",Error,,
"shopify_US_4804917559393_32817757978721","348","Offer does not exist",Error,,
"shopify_US_6587229700193_39378261147745","409","Offer does not exist",Error,,
"shopify_US_6640859676769_39529027174497","901","Offer does not exist",Error,,
"shopify_US_6842587119713_40266215391329","1,760","Offer does not exist",Error,,
"shopify_US_6724529520737_39773621518433","1,510","Offer does not exist",Error,,
"shopify_US_6640671686753_39528329576545","785","Offer does not exist",Error,,
"shopify_US_6842585317473_40266206249057","1,671","Offer does not exist",Error,,
"shopify_US_6640631808097_39528174420065","688","Offer does not exist",Error,,
"shopify_US_6587229700193_39378275205217","439","Offer does not exist",Error,,
"shopify_US_6640876552289_39529068920929","1,039","Offer does not exist",Error,,
"shopify_US_4804861722721_32817630314593","252","Offer does not exist",Error,,
"shopify_US_6724529520737_39773621780577","1,517","Offer does not exist",Error,,
"shopify_US_6854511493217_40326201180257","2,015","Offer does not exist",Error,,
"shopify_US_6640859676769_39529025273953","848","Offer does not exist",Error,,
"shopify_US_6675120848993_39614010916961","1,098","Offer does not exist",Error,,
"shopify_US_6640876552289_39529067216993","998","Offer does not exist",Error,,
"shopify_US_6724529520737_39773620469857","1,485","Offer does not exist",Error,,
"shopify_US_6842587119713_40266214932577","1,746","Offer does not exist",Error,,
"shopify_US_6640760160353_39528603287649","806","Offer does not exist",Error,,
"shopify_US_6640605986913_39528104460385","637","Offer does not exist",Error,,
"shopify_US_6640874094689_39529051324513","989","Offer does not exist",Error,,
"shopify_US_6979350528097_40855057006689","2,095","Offer does not exist",Error,,
"shopify_US_6640631808097_39528169242721","677","Offer does not exist",Error,,
"shopify_US_6854511493217_40326201344097","2,020","Offer does not exist",Error,,
"shopify_US_6587249819745_39378319868001","452","Offer does not exist",Error,,
"shopify_US_6675120848993_39614007771233","1,097","Offer does not exist",Error,,
"shopify_US_6640760160353_39528604074081","815","Offer does not exist",Error,,
"shopify_US_6676380581985_39618264498273","1,150","Offer does not exist",Error,,
"shopify_US_6640876552289_39529068691553","1,033","Offer does not exist",Error,,
"shopify_US_6842587119713_40266215784545","1,772","Offer does not exist",Error,,
"shopify_US_6675104694369_39613944234081","1,085","Offer does not exist",Error,,
"shopify_US_6854357549153_40325664014433","1,904","Offer does not exist",Error,,
"shopify_US_6640605986913_39528103903329","630","Offer does not exist",Error,,
"shopify_US_6842587119713_40266214572129","1,735","Offer does not exist",Error,,
"shopify_US_6842587119713_40266214899809","1,745","Offer does not exist",Error,,
"shopify_US_6676380581985_39618264137825","1,139","Offer does not exist",Error,,
"shopify_US_6640876552289_39529068363873","1,025","Offer does not exist",Error,,
"shopify_US_6675120848993_39613993648225","1,090","Offer does not exist",Error,,
"shopify_US_4815370125409_32859942846561","387","Offer does not exist",Error,,
"shopify_US_4804903207009_32817732878433","297","Offer does not exist",Error,,
"shopify_US_6640605986913_39528135327841","669","Offer does not exist",Error,,
"shopify_US_6842586136673_40266210672737","1,716","Offer does not exist",Error,,
"shopify_US_6640859676769_39529026715745","887","Offer does not exist",Error,,
"shopify_US_6640671686753_39528329379937","784","Offer does not exist",Error,,
"shopify_US_4804903207009_32817733533793","310","Offer does not exist",Error,,
"shopify_US_4804861722721_32817630216289","249","Offer does not exist",Error,,
"shopify_US_6640874094689_39529051160673","984","Offer does not exist",Error,,
"shopify_US_6675272499297_39614411210849","1,117","Offer does not exist",Error,,
"shopify_US_6640605986913_39528131035233","648","Offer does not exist",Error,,
"shopify_US_6842587545697_40266217226337","1,779","Offer does not exist",Error,,
"shopify_US_6640671686753_39528332623969","803","Offer does not exist",Error,,
"shopify_US_4804903207009_32817728979041","284","Offer does not exist",Error,,
"shopify_US_6842586136673_40266210279521","1,704","Offer does not exist",Error,,
"shopify_US_6614633152609_39455616237665","521","Offer does not exist",Error,,
"shopify_US_6842588430433_40266223517793","1,832","Offer does not exist",Error,,
"shopify_US_6675104694369_39613944332385","1,088","Offer does not exist",Error,,
"shopify_US_6640760160353_39528603222113","805","Offer does not exist",Error,,
"shopify_US_6842587119713_40266214244449","1,725","Offer does not exist",Error,,
"shopify_US_6724529520737_39773620633697","1,489","Offer does not exist",Error,,
"shopify_US_6854511493217_40326201376865","2,021","Offer does not exist",Error,,
"shopify_US_7109517770849_41498027098209","3,143","Offer does not exist",Error,,
"shopify_US_6640859676769_39529025568865","857","Offer does not exist",Error,,
"shopify_US_6640760160353_39528603418721","807","Offer does not exist",Error,,
"shopify_US_6640857776225_39529021407329","840","Offer does not exist",Error,,
"shopify_US_6854511493217_40326199181409","1,954","Offer does not exist",Error,,
"shopify_US_6640859676769_39529026814049","890","Offer does not exist",Error,,
"shopify_US_6854357549153_40325665980513","1,934","Offer does not exist",Error,,
"shopify_US_6724948754529_39774874566753","1,542","Offer does not exist",Error,,
"shopify_US_6640876552289_39529067708513","1,010","Offer does not exist",Error,,
"shopify_US_6842588004449_40266219552865","1,817","Offer does not exist",Error,,
"shopify_US_4808303738977_32824868601953","365","Offer does not exist",Error,,
"shopify_US_6640869900385_39529042870369","919","Offer does not exist",Error,,
"shopify_US_6854511493217_40326199574625","1,966","Offer does not exist",Error,,
"shopify_US_4801305772129_32809160245345","203","Offer does not exist",Error,,
"shopify_US_6842585317473_40266206281825","1,672","Offer does not exist",Error,,
"shopify_US_6640671686753_39528325644385","772","Offer does not exist",Error,,
"shopify_US_6676380581985_39618264236129","1,142","Offer does not exist",Error,,
"shopify_US_6640876552289_39529069052001","1,042","Offer does not exist",Error,,
"shopify_US_6640605986913_39528131297377","655","Offer does not exist",Error,,
"shopify_US_6854357549153_40325665849441","1,933","Offer does not exist",Error,,
"shopify_US_6675272499297_39615949144161","1,128","Offer does not exist",Error,,
"shopify_US_6842588004449_40266219192417","1,806","Offer does not exist",Error,,
"shopify_US_6842587545697_40266217586785","1,790","Offer does not exist",Error,,
"shopify_US_6842586136673_40266210115681","1,699","Offer does not exist",Error,,
"shopify_US_6640859676769_39529026945121","894","Offer does not exist",Error,,
"shopify_US_6842589118561_40266226270305","1,861","Offer does not exist",Error,,
"shopify_US_6640866590817_39529037037665","908","Offer does not exist",Error,,
"shopify_US_6640857776225_39529021538401","841","Offer does not exist",Error,,
"shopify_US_6640631808097_39528175960161","712","Offer does not exist",Error,,
"shopify_US_6640671686753_39528332263521","793","Offer does not exist",Error,,
"shopify_US_6842588004449_40266219389025","1,812","Offer does not exist",Error,,
"shopify_US_4804903207009_32817733435489","307","Offer does not exist",Error,,
"shopify_US_6640631808097_39528174747745","697","Offer does not exist",Error,,
"shopify_US_6640605986913_39528104755297","638","Offer does not exist",Error,,
"shopify_US_6640859676769_39529026584673","884","Offer does not exist",Error,,
"shopify_US_6979350528097_40855059759201","2,137","Offer does not exist",Error,,
"shopify_US_6640859676769_39529026519137","883","Offer does not exist",Error,,
"shopify_US_4801326973025_32809264185441","217","Offer does not exist",Error,,
"shopify_US_6640859676769_39529025765473","863","Offer does not exist",Error,,
"shopify_US_6842588430433_40266223845473","1,842","Offer does not exist",Error,,
"shopify_US_6614633152609_39455616467041","525","Offer does not exist",Error,,
"shopify_US_6640671686753_39528325742689","775","Offer does not exist",Error,,
"shopify_US_6640859676769_39529027108961","899","Offer does not exist",Error,,
"shopify_US_4804917559393_32817757945953","347","Offer does not exist",Error,,
"shopify_US_4804861722721_32817631461473","259","Offer does not exist",Error,,
"shopify_US_4804903207009_32817728749665","277","Offer does not exist",Error,,
"shopify_US_6640605986913_39528131526753","661","Offer does not exist",Error,,
"shopify_US_4802661679201_32811725979745","237","Offer does not exist",Error,,
"shopify_US_6854511493217_40326200524897","1,995","Offer does not exist",Error,,
"shopify_US_6640869900385_39529043263585","928","Offer does not exist",Error,,
"shopify_US_6587229700193_39378261934177","431","Offer does not exist",Error,,
"shopify_US_6842586136673_40266210082913","1,698","Offer does not exist",Error,,
"shopify_US_6854511493217_40326200131681","1,983","Offer does not exist",Error,,
"shopify_US_6640859676769_39529025503329","855","Offer does not exist",Error,,
"shopify_US_4801305772129_32809160409185","208","Offer does not exist",Error,,
"shopify_US_6842585317473_40266206511201","1,679","Offer does not exist",Error,,
"shopify_US_6724529520737_39773622042721","1,525","Offer does not exist",Error,,
"shopify_US_6842587119713_40266215817313","1,773","Offer does not exist",Error,,
"shopify_US_6979350528097_41507082043489","3,242","Offer does not exist",Error,,
"shopify_US_6640869900385_39529044476001","956","Offer does not exist",Error,,
"shopify_US_6640869900385_39529043689569","938","Offer does not exist",Error,,
"shopify_US_6640605986913_39528104919137","640","Offer does not exist",Error,,
"shopify_US_6724529520737_39773622108257","1,527","Offer does not exist",Error,,
"shopify_US_6724529520737_39773621223521","1,503","Offer does not exist",Error,,
"shopify_US_6640631808097_39528169701473","682","Offer does not exist",Error,,
"shopify_US_6842586136673_40266210705505","1,717","Offer does not exist",Error,,
"shopify_US_6640859676769_39529025929313","868","Offer does not exist",Error,,
"shopify_US_6587188805729_39378125488225","401","Offer does not exist",Error,,
"shopify_US_6854999998561_40328221294689","2,036","Offer does not exist",Error,,
"shopify_US_4804903207009_32817728684129","275","Offer does not exist",Error,,
"shopify_US_6979350528097_40855057104993","2,096","Offer does not exist",Error,,
"shopify_US_6587229700193_39378261672033","424","Offer does not exist",Error,,
"shopify_US_6640869900385_39529043329121","930","Offer does not exist",Error,,
"shopify_US_6854357549153_40325666242657","1,939","Offer does not exist",Error,,
"shopify_US_4804903207009_32817728880737","281","Offer does not exist",Error,,
"shopify_US_6640885268577_39529126428769","1,062","Offer does not exist",Error,,
"shopify_US_4680207073377_32471817912417","147","Offer does not exist",Error,,
"shopify_US_6640671686753_39528325120097","756","Offer does not exist",Error,,
"shopify_US_6854511493217_40326199935073","1,977","Offer does not exist",Error,,
"shopify_US_6842585317473_40266206019681","1,664","Offer does not exist",Error,,
"shopify_US_6640671686753_39528325677153","773","Offer does not exist",Error,,
"shopify_US_6640671686753_39528331313249","789","Offer does not exist",Error,,
"shopify_US_6640874094689_39529050832993","974","Offer does not exist",Error,,
"shopify_US_6854357549153_40325663883361","1,903","Offer does not exist",Error,,
"shopify_US_4804903207009_32817732845665","296","Offer does not exist",Error,,
"shopify_US_6587249819745_39378320064609","453","Offer does not exist",Error,,
"shopify_US_6640631808097_39528177860705","728","Offer does not exist",Error,,
"shopify_US_6854511493217_40326201671777","2,029","Offer does not exist",Error,,
"shopify_US_6675120848993_39614010949729","1,099","Offer does not exist",Error,,
"shopify_US_4815349121121_32858783055969","379","Offer does not exist",Error,,
"shopify_US_6587229700193_39378275041377","437","Offer does not exist",Error,,
"shopify_US_6640876552289_39529069183073","1,045","Offer does not exist",Error,,
"shopify_US_6854511493217_40326201114721","2,013","Offer does not exist",Error,,
"shopify_US_6640631808097_39528174518369","691","Offer does not exist",Error,,
"shopify_US_7109517770849_41498026868833","3,137","Offer does not exist",Error,,
"shopify_US_6587188805729_39378124800097","396","Offer does not exist",Error,,
"shopify_US_6979350528097_40855058022497","2,110","Offer does not exist",Error,,
"shopify_US_6587229700193_39378261344353","414","Offer does not exist",Error,,
"shopify_US_6640605986913_39528136048737","671","Offer does not exist",Error,,
"shopify_US_4815349121121_32858782957665","376","Offer does not exist",Error,,
"shopify_US_4804861722721_32817632804961","260","Offer does not exist",Error,,
"shopify_US_6640605986913_39528103936097","631","Offer does not exist",Error,,
"shopify_US_6675104694369_39613944201313","1,084","Offer does not exist",Error,,
"shopify_US_6640605986913_39528105214049","645","Offer does not exist",Error,,
"shopify_US_4804903207009_32817732616289","289","Offer does not exist",Error,,
"shopify_US_6640876552289_39529068429409","1,027","Offer does not exist",Error,,
"shopify_US_6640874094689_39529050472545","963","Offer does not exist",Error,,
"shopify_US_6724948754529_39774873813089","1,533","Offer does not exist",Error,,
"shopify_US_4804917559393_32817750048865","337","Offer does not exist",Error,,
"shopify_US_6979350528097_40855059365985","2,131","Offer does not exist",Error,,
"shopify_US_6640859676769_39529026093153","873","Offer does not exist",Error,,
"shopify_US_6854511493217_40326199050337","1,950","Offer does not exist",Error,,
"shopify_US_6587229700193_39378261311585","413","Offer does not exist",Error,,
"shopify_US_4801305772129_32809160343649","206","Offer does not exist",Error,,
"shopify_US_4804903207009_32817728913505","282","Offer does not exist",Error,,
"shopify_US_4680207073377_32471817781345","145","Offer does not exist",Error,,
"shopify_US_4815370125409_32859942715489","383","Offer does not exist",Error,,
"shopify_US_6675272499297_39614411309153","1,120","Offer does not exist",Error,,
"shopify_US_6640874094689_39529051422817","992","Offer does not exist",Error,,
"shopify_US_6640631808097_39528176549985","718","Offer does not exist",Error,,
"shopify_US_4804951670881_32817942790241","357","Offer does not exist",Error,,
"shopify_US_6979350528097_40855058415713","2,116","Offer does not exist",Error,,
"shopify_US_4804917559393_32817749557345","327","Offer does not exist",Error,,
"shopify_US_4680207073377_32471818043489","149","Offer does not exist",Error,,
"shopify_US_6842586136673_40266210443361","1,709","Offer does not exist",Error,,
"shopify_US_6842587119713_40266215194721","1,754","Offer does not exist",Error,,
"shopify_US_6640671686753_39528325447777","766","Offer does not exist",Error,,
"shopify_US_6842588430433_40266223485025","1,831","Offer does not exist",Error,,
"shopify_US_6640869900385_39529044344929","953","Offer does not exist",Error,,
"shopify_US_6854357549153_40325666439265","1,942","Offer does not exist",Error,,
"shopify_US_6640885268577_39529126920289","1,069","Offer does not exist",Error,,
"shopify_US_4801326973025_32809286107233","230","Offer does not exist",Error,,
"shopify_US_4804903207009_32817733468257","308","Offer does not exist",Error,,
"shopify_US_6640671686753_39528332427361","798","Offer does not exist",Error,,
"shopify_US_4801326973025_32809286205537","232","Offer does not exist",Error,,
"shopify_US_4804917559393_32817749917793","334","Offer does not exist",Error,,
"shopify_US_6842588561505_40266224173153","1,849","Offer does not exist",Error,,
"shopify_US_6724529520737_39773620240481","1,478","Offer does not exist",Error,,
"shopify_US_6979350528097_41507082240097","3,248","Offer does not exist",Error,,
"shopify_US_6640866590817_39529038348385","914","Offer does not exist",Error,,
"shopify_US_6640671686753_39528325283937","761","Offer does not exist",Error,,
"shopify_US_4804917559393_32817749262433","321","Offer does not exist",Error,,
"shopify_US_6640671686753_39528325054561","754","Offer does not exist",Error,,
"shopify_US_6854511493217_40326200885345","2,006","Offer does not exist",Error,,
"shopify_US_6587229700193_39378275532897","445","Offer does not exist",Error,,
"shopify_US_6614633152609_39455616434273","524","Offer does not exist",Error,,
"shopify_US_4804903207009_32817732681825","291","Offer does not exist",Error,,
"shopify_US_6640671686753_39528325349473","763","Offer does not exist",Error,,
"shopify_US_6854511493217_40326200623201","1,998","Offer does not exist",Error,,
"shopify_US_6842587119713_40266215129185","1,752","Offer does not exist",Error,,
"shopify_US_6640631808097_39528177959009","730","Offer does not exist",Error,,
"shopify_US_6979350528097_41507082076257","3,243","Offer does not exist",Error,,
"shopify_US_7227374534753_41871499952225","3,375","Offer does not exist",Error,,
"shopify_US_6587229700193_39378275237985","440","Offer does not exist",Error,,
"shopify_US_6640876552289_39529069248609","1,047","Offer does not exist",Error,,
"shopify_US_6640605986913_39528131592289","663","Offer does not exist",Error,,
"shopify_US_6587229700193_39378261835873","429","Offer does not exist",Error,,
"shopify_US_6587249819745_39378320752737","460","Offer does not exist",Error,,
"shopify_US_6842588004449_40266219782241","1,824","Offer does not exist",Error,,
"shopify_US_6640857776225_39529020096609","830","Offer does not exist",Error,,
"shopify_US_6614633152609_39455616204897","520","Offer does not exist",Error,,
"shopify_US_6587229700193_39378261278817","412","Offer does not exist",Error,,
"shopify_US_6842587545697_40266217259105","1,780","Offer does not exist",Error,,
"shopify_US_6675104694369_39613921493089","1,075","Offer does not exist",Error,,
"shopify_US_6640869900385_39529044050017","946","Offer does not exist",Error,,
"shopify_US_6640631808097_39528175403105","701","Offer does not exist",Error,,
"shopify_US_6854357549153_40325666373729","1,940","Offer does not exist",Error,,
"shopify_US_6842589577313_40266228596833","1,867","Offer does not exist",Error,,
"shopify_US_6640869900385_39529043460193","933","Offer does not exist",Error,,
"shopify_US_6854357549153_40325665226849","1,923","Offer does not exist",Error,,
"shopify_US_6842587119713_40266214604897","1,736","Offer does not exist",Error,,
"shopify_US_6842585317473_40266206609505","1,682","Offer does not exist",Error,,
"shopify_US_6640885268577_39529127051361","1,071","Offer does not exist",Error,,
"shopify_US_6854511493217_40326199640161","1,968","Offer does not exist",Error,,
"shopify_US_4801326973025_32809264349281","222","Offer does not exist",Error,,
"shopify_US_6724948754529_39774874730593","1,546","Offer does not exist",Error,,
"shopify_US_6640876552289_39529067937889","1,016","Offer does not exist",Error,,
"shopify_US_4804951670881_32817942659169","356","Offer does not exist",Error,,
"shopify_US_6854511493217_40326201475169","2,024","Offer does not exist",Error,,
"shopify_US_7227374534753_41871499919457","3,374","Offer does not exist",Error,,
"shopify_US_6675272499297_39615949209697","1,130","Offer does not exist",Error,,
"shopify_US_6842585317473_40266206347361","1,674","Offer does not exist",Error,,
"shopify_US_6640885268577_39529126166625","1,058","Offer does not exist",Error,,
"shopify_US_7109517770849_41498026508385","3,127","Offer does not exist",Error,,
"shopify_US_6640859676769_39529026682977","886","Offer does not exist",Error,,
"shopify_US_6640760160353_39528604565601","821","Offer does not exist",Error,,
"shopify_US_6640874094689_39529050308705","958","Offer does not exist",Error,,
"shopify_US_6854511493217_40326198984801","1,948","Offer does not exist",Error,,
"shopify_US_4801326973025_32809264250977","219","Offer does not exist",Error,,
"shopify_US_6854511493217_40326199672929","1,969","Offer does not exist",Error,,
"shopify_US_6640671686753_39528329183329","779","Offer does not exist",Error,,
"shopify_US_6842587119713_40266215555169","1,765","Offer does not exist",Error,,
"shopify_US_6587188805729_39378124963937","398","Offer does not exist",Error,,
"shopify_US_6640874094689_39529051258977","987","Offer does not exist",Error,,
"shopify_US_6640671686753_39528324726881","744","Offer does not exist",Error,,
"shopify_US_6842589577313_40266228891745","1,876","Offer does not exist",Error,,
"shopify_US_6640869900385_39529043918945","943","Offer does not exist",Error,,
"shopify_US_6640885268577_39529126297697","1,060","Offer does not exist",Error,,
"shopify_US_6675120848993_39614011146337","1,105","Offer does not exist",Error,,
"shopify_US_6842585317473_40266206445665","1,677","Offer does not exist",Error,,
"shopify_US_6640671686753_39528329085025","778","Offer does not exist",Error,,
"shopify_US_4804861722721_32817632936033","264","Offer does not exist",Error,,
"shopify_US_6640760160353_39528603484257","808","Offer does not exist",Error,,
"shopify_US_6724529520737_39773622141025","1,528","Offer does not exist",Error,,
"shopify_US_6676380581985_39618264399969","1,147","Offer does not exist",Error,,
"shopify_US_4804861722721_32817630347361","253","Offer does not exist",Error,,
"shopify_US_6724529520737_39773620600929","1,488","Offer does not exist",Error,,
"shopify_US_6842588430433_40266223878241","1,843","Offer does not exist",Error,,
"shopify_US_7109517770849_41498026573921","3,129","Offer does not exist",Error,,
"shopify_US_6640671686753_39528331346017","790","Offer does not exist",Error,,
"shopify_US_7109517770849_41498026704993","3,132","Offer does not exist",Error,,
"shopify_US_6842587119713_40266214473825","1,732","Offer does not exist",Error,,
"shopify_US_6640605986913_39528136409185","673","Offer does not exist",Error,,
"shopify_US_6842594656353_40266241638497","1,883","Offer does not exist",Error,,
"shopify_US_6640859676769_39529026846817","891","Offer does not exist",Error,,
"shopify_US_4804917559393_32817758044257","350","Offer does not exist",Error,,
"shopify_US_7227374534753_41871500214369","3,380","Offer does not exist",Error,,
"shopify_US_6675272499297_39614411178081","1,116","Offer does not exist",Error,,
"shopify_US_6724529520737_39773621649505","1,514","Offer does not exist",Error,,
"shopify_US_6640876552289_39529067839585","1,013","Offer does not exist",Error,,
"shopify_US_6640876552289_39529067413601","1,003","Offer does not exist",Error,,
"shopify_US_6842589118561_40266226303073","1,862","Offer does not exist",Error,,
"shopify_US_6640874094689_39529051357281","990","Offer does not exist",Error,,
"shopify_US_6842588561505_40266224304225","1,853","Offer does not exist",Error,,
"shopify_US_6854511493217_40326199771233","1,972","Offer does not exist",Error,,
"shopify_US_6854511493217_40326199607393","1,967","Offer does not exist",Error,,
"shopify_US_6640671686753_39528324923489","750","Offer does not exist",Error,,
"shopify_US_4801326973025_32809286303841","235","Offer does not exist",Error,,
"shopify_US_6640859676769_39529025142881","844","Offer does not exist",Error,,
"shopify_US_4804951670881_32817942265953","353","Offer does not exist",Error,,
"shopify_US_6842588430433_40266223714401","1,838","Offer does not exist",Error,,
"shopify_US_6842587545697_40266217783393","1,796","Offer does not exist",Error,,
"shopify_US_7533454098529_44047093235809","5,762","Offer does not exist",Error,,
"shopify_US_4815349121121_32858783154273","382","Offer does not exist",Error,,
"shopify_US_6842587119713_40266214146145","1,722","Offer does not exist",Error,,
"shopify_US_6640605986913_39528105082977","643","Offer does not exist",Error,,
"shopify_US_7109517770849_41498027294817","3,148","Offer does not exist",Error,,
"shopify_US_6854357549153_40325664604257","1,913","Offer does not exist",Error,,
"shopify_US_6979350528097_40855059333217","2,130","Offer does not exist",Error,,
"shopify_US_7227374534753_41871499624545","3,365","Offer does not exist",Error,,
"shopify_US_4804917559393_32817757651041","338","Offer does not exist",Error,,
"shopify_US_6640876552289_39529068527713","1,029","Offer does not exist",Error,,
"shopify_US_6979350528097_40855056973921","2,094","Offer does not exist",Error,,
"shopify_US_6724948754529_39774873780321","1,532","Offer does not exist",Error,,
"shopify_US_6640876552289_39529067905121","1,015","Offer does not exist",Error,,
"shopify_US_4815370125409_32859973812321","394","Offer does not exist",Error,,
"shopify_US_6640671686753_39528332492897","800","Offer does not exist",Error,,
"shopify_US_6640760160353_39528603811937","812","Offer does not exist",Error,,
"shopify_US_4804903207009_32817728651361","274","Offer does not exist",Error,,
"shopify_US_6842588004449_40266219159649","1,805","Offer does not exist",Error,,
"shopify_US_7109517770849_41498026770529","3,134","Offer does not exist",Error,,
"shopify_US_4804917559393_32817749819489","332","Offer does not exist",Error,,
"shopify_US_6842587545697_40266217521249","1,788","Offer does not exist",Error,,
"shopify_US_6854999998561_40328221524065","2,043","Offer does not exist",Error,,
"shopify_US_6587249819745_39378320851041","461","Offer does not exist",Error,,
"shopify_US_6979350528097_40855058940001","2,124","Offer does not exist",Error,,
"shopify_US_6640869900385_39529043296353","929","Offer does not exist",Error,,
"shopify_US_6842586136673_40266209755233","1,688","Offer does not exist",Error,,
"shopify_US_6640760160353_39528605220961","829","Offer does not exist",Error,,
"shopify_US_4804917559393_32817749753953","331","Offer does not exist",Error,,
"shopify_US_6640760160353_39528604401761","819","Offer does not exist",Error,,
"shopify_US_4804917559393_32817748836449","312","Offer does not exist",Error,,
"shopify_US_6842588004449_40266219618401","1,819","Offer does not exist",Error,,
"shopify_US_6640885268577_39529126264929","1,059","Offer does not exist",Error,,
"shopify_US_6640885268577_39529127215201","1,074","Offer does not exist",Error,,
"shopify_US_6842585317473_40266206052449","1,665","Offer does not exist",Error,,
"shopify_US_6640859676769_39529025667169","860","Offer does not exist",Error,,
"shopify_US_6640631808097_39528176582753","719","Offer does not exist",Error,,
"shopify_US_7109517770849_41498027130977","3,144","Offer does not exist",Error,,
"shopify_US_6979350528097_40855058972769","2,125","Offer does not exist",Error,,
"shopify_US_6854357549153_40325665030241","1,920","Offer does not exist",Error,,
"shopify_US_6640631808097_39528177795169","726","Offer does not exist",Error,,
"shopify_US_4804861722721_32817630150753","247","Offer does not exist",Error,,
"shopify_US_6640869900385_39529044377697","954","Offer does not exist",Error,,
"shopify_US_6724948754529_39774880366689","1,549","Offer does not exist",Error,,
"shopify_US_6675272499297_39615949406305","1,136","Offer does not exist",Error,,
"shopify_US_6842586136673_40266210738273","1,718","Offer does not exist",Error,,
"shopify_US_6640671686753_39528325316705","762","Offer does not exist",Error,,
"shopify_US_6854357549153_40325664407649","1,910","Offer does not exist",Error,,
"shopify_US_6640631808097_39528178057313","733","Offer does not exist",Error,,
"shopify_US_6724529520737_39773620797537","1,492","Offer does not exist",Error,,
"shopify_US_6979350528097_40855057891425","2,108","Offer does not exist",Error,,
"shopify_US_6640859676769_39529027338337","906","Offer does not exist",Error,,
"shopify_US_6640859676769_39529027272801","904","Offer does not exist",Error,,
"shopify_US_6842589577313_40266228662369","1,869","Offer does not exist",Error,,
"shopify_US_6640859676769_39529025208417","846","Offer does not exist",Error,,
"shopify_US_4804903207009_32817732780129","294","Offer does not exist",Error,,
"shopify_US_6854511493217_40326200950881","2,008","Offer does not exist",Error,,
"shopify_US_4801305772129_32809160441953","209","Offer does not exist",Error,,
"shopify_US_4808303738977_32824868864097","369","Offer does not exist",Error,,
"shopify_US_6842586136673_40266209820769","1,690","Offer does not exist",Error,,
"shopify_US_6724529520737_39773621583969","1,512","Offer does not exist",Error,,
"shopify_US_6587229700193_39378275401825","443","Offer does not exist",Error,,
"shopify_US_6640631808097_39528176681057","721","Offer does not exist",Error,,
"shopify_US_6640760160353_39528604303457","818","Offer does not exist",Error,,
"shopify_US_7227374534753_41871500148833","3,378","Offer does not exist",Error,,
"shopify_US_6587249819745_39378320556129","458","Offer does not exist",Error,,
"shopify_US_6675272499297_39615949340769","1,134","Offer does not exist",Error,,
"shopify_US_6640876552289_39529068593249","1,031","Offer does not exist",Error,,
"shopify_US_6842588561505_40266224205921","1,850","Offer does not exist",Error,,
"shopify_US_4804861722721_32817632968801","265","Offer does not exist",Error,,
"shopify_US_6854357549153_40325664079969","1,906","Offer does not exist",Error,,
"shopify_US_7537367744609_44085191901281","7,071","Offer does not exist",Error,,
"shopify_US_6842589577313_40266228957281","1,878","Offer does not exist",Error,,
"shopify_US_6724529520737_39773620437089","1,484","Offer does not exist",Error,,
"shopify_US_6724529520737_39773621157985","1,501","Offer does not exist",Error,,
"shopify_US_6854511493217_40326199738465","1,971","Offer does not exist",Error,,
"shopify_US_7537369120865_44085196030049","7,115","Offer does not exist",Error,,
"shopify_US_6640874094689_39529050865761","975","Offer does not exist",Error,,
"shopify_US_6842585317473_40266205986913","1,663","Offer does not exist",Error,,
"shopify_US_4815370125409_32859942748257","384","Offer does not exist",Error,,
"shopify_US_6979350528097_40855059071073","2,126","Offer does not exist",Error,,
"shopify_US_6854511493217_40326201016417","2,010","Offer does not exist",Error,,
"shopify_US_6675104694369_39613944299617","1,087","Offer does not exist",Error,,
"shopify_US_6979350528097_40855058284641","2,114","Offer does not exist",Error,,
"shopify_US_6854511493217_40326200000609","1,979","Offer does not exist",Error,,
"shopify_US_6854511493217_40326199246945","1,956","Offer does not exist",Error,,
"shopify_US_6614633152609_39455616499809","526","Offer does not exist",Error,,
"shopify_US_4804903207009_32817728716897","276","Offer does not exist",Error,,
"shopify_US_6842587119713_40266215882849","1,775","Offer does not exist",Error,,
"shopify_US_6842587545697_40266217980001","1,802","Offer does not exist",Error,,
"shopify_US_6640874094689_39529050374241","960","Offer does not exist",Error,,
"shopify_US_6640631808097_39528170061921","686","Offer does not exist",Error,,
"shopify_US_4804917559393_32817757683809","339","Offer does not exist",Error,,
"shopify_US_6676380581985_39618264465505","1,149","Offer does not exist",Error,,
"shopify_US_6640631808097_39528174452833","689","Offer does not exist",Error,,
"shopify_US_6640631808097_39528174780513","698","Offer does not exist",Error,,
"shopify_US_6842589118561_40266226368609","1,864","Offer does not exist",Error,,
"shopify_US_6640857776225_39529020489825","833","Offer does not exist",Error,,
"shopify_US_6640859676769_39529026191457","876","Offer does not exist",Error,,
"shopify_US_6640760160353_39528603746401","811","Offer does not exist",Error,,
"shopify_US_6640631808097_39528175435873","702","Offer does not exist",Error,,
"shopify_US_6640631808097_39528176615521","720","Offer does not exist",Error,,
"shopify_US_6842587545697_40266217717857","1,794","Offer does not exist",Error,,
"shopify_US_6675272499297_39615949275233","1,132","Offer does not exist",Error,,
"shopify_US_6842588004449_40266219290721","1,809","Offer does not exist",Error,,
"shopify_US_6640605986913_39528131461217","659","Offer does not exist",Error,,
"shopify_US_7227374534753_41871499755617","3,369","Offer does not exist",Error,,
"shopify_US_6842588004449_40266219978849","1,830","Offer does not exist",Error,,
"shopify_US_4804951670881_32817943445601","362","Offer does not exist",Error,,
"shopify_US_6724529520737_39773622009953","1,524","Offer does not exist",Error,,
"shopify_US_6724529520737_39773621387361","1,508","Offer does not exist",Error,,
"shopify_US_7537369120865_44085196062817","7,116","Offer does not exist",Error,,
"shopify_US_6724529520737_39773620273249","1,479","Offer does not exist",Error,,
"shopify_US_6842588004449_40266219225185","1,807","Offer does not exist",Error,,
"shopify_US_6675272499297_39614411243617","1,118","Offer does not exist",Error,,
"shopify_US_6842588561505_40266224074849","1,846","Offer does not exist",Error,,
"shopify_US_6724529520737_39773621321825","1,506","Offer does not exist",Error,,
"shopify_US_6842589118561_40266226401377","1,865","Offer does not exist",Error,,
"shopify_US_6640859676769_39529026748513","888","Offer does not exist",Error,,
"shopify_US_6640859676769_39529026977889","895","Offer does not exist",Error,,
"shopify_US_6979350528097_40855058055265","2,111","Offer does not exist",Error,,
"shopify_US_6640876552289_39529069084769","1,043","Offer does not exist",Error,,
"shopify_US_4804903207009_32817733238881","301","Offer does not exist",Error,,
"shopify_US_6842589577313_40266228924513","1,877","Offer does not exist",Error,,
"shopify_US_6675272499297_39614411047009","1,112","Offer does not exist",Error,,
"shopify_US_6587229700193_39378261213281","410","Offer does not exist",Error,,
"shopify_US_6842588004449_40266219421793","1,813","Offer does not exist",Error,,
"shopify_US_6640859676769_39529027305569","905","Offer does not exist",Error,,
"shopify_US_6640876552289_39529069117537","1,044","Offer does not exist",Error,,
"shopify_US_6640859676769_39529026060385","872","Offer does not exist",Error,,
"shopify_US_4804903207009_32817732649057","290","Offer does not exist",Error,,
"shopify_US_4804917559393_32817749229665","320","Offer does not exist",Error,,
"shopify_US_6842587119713_40266215358561","1,759","Offer does not exist",Error,,
"shopify_US_4804903207009_32817733501025","309","Offer does not exist",Error,,
"shopify_US_6640859676769_39529025863777","866","Offer does not exist",Error,,
"shopify_US_7537367744609_44085191934049","7,072","Offer does not exist",Error,,
"shopify_US_6854511493217_40326200459361","1,993","Offer does not exist",Error,,
"shopify_US_6640876552289_39529068265569","1,023","Offer does not exist",Error,,
"shopify_US_6854357549153_40325664243809","1,908","Offer does not exist",Error,,
"shopify_US_6640859676769_39529026650209","885","Offer does not exist",Error,,
"shopify_US_6640874094689_39529051127905","983","Offer does not exist",Error,,
"shopify_US_6842586136673_40266210148449","1,700","Offer does not exist",Error,,
"shopify_US_6676380581985_39618264694881","1,156","Offer does not exist",Error,,
"shopify_US_6640859676769_39529025994849","870","Offer does not exist",Error,,
"shopify_US_6587229700193_39378274943073","435","Offer does not exist",Error,,
"shopify_US_6640605986913_39528136015969","670","Offer does not exist",Error,,
"shopify_US_6640859676769_39529027207265","902","Offer does not exist",Error,,
"shopify_US_6587249819745_39378320162913","454","Offer does not exist",Error,,
"shopify_US_6640869900385_39529044213857","950","Offer does not exist",Error,,
"shopify_US_6842589118561_40266226204769","1,859","Offer does not exist",Error,,
"shopify_US_6854511493217_40326199541857","1,965","Offer does not exist",Error,,
"shopify_US_6640605986913_39528135295073","668","Offer does not exist",Error,,
"shopify_US_6842587119713_40266214113377","1,721","Offer does not exist",Error,,
"shopify_US_4804861722721_32817631428705","258","Offer does not exist",Error,,
"shopify_US_6587229700193_39378261606497","422","Offer does not exist",Error,,
"shopify_US_6676380581985_39618264268897","1,143","Offer does not exist",Error,,
"shopify_US_6842587119713_40266214965345","1,747","Offer does not exist",Error,,
"shopify_US_6640876552289_39529067282529","1,000","Offer does not exist",Error,,
"shopify_US_6640671686753_39528324595809","740","Offer does not exist",Error,,
"shopify_US_6724529520737_39773620404321","1,483","Offer does not exist",Error,,
"shopify_US_6640631808097_39528169308257","679","Offer does not exist",Error,,
"shopify_US_6587229700193_39378261049441","406","Offer does not exist",Error,,
"shopify_US_6640869900385_39529043722337","939","Offer does not exist",Error,,
"shopify_US_6640671686753_39528324661345","742","Offer does not exist",Error,,
"shopify_US_4804861722721_32817633132641","270","Offer does not exist",Error,,
"shopify_US_6640631808097_39528175829089","708","Offer does not exist",Error,,
"shopify_US_4804861722721_32817630183521","248","Offer does not exist",Error,,
"shopify_US_6640866590817_39529038184545","913","Offer does not exist",Error,,
"shopify_US_6640605986913_39528131264609","654","Offer does not exist",Error,,
"shopify_US_4804917559393_32817749524577","326","Offer does not exist",Error,,
"shopify_US_6854511493217_40326201409633","2,022","Offer does not exist",Error,,
"shopify_US_6640671686753_39528329281633","781","Offer does not exist",Error,,
"shopify_US_6640605986913_39528104820833","639","Offer does not exist",Error,,
"shopify_US_6640866590817_39529038512225","915","Offer does not exist",Error,,
"shopify_US_6640857776225_39529021276257","839","Offer does not exist",Error,,
"shopify_US_6842588004449_40266219585633","1,818","Offer does not exist",Error,,
"shopify_US_6640859676769_39529025470561","854","Offer does not exist",Error,,
"shopify_US_6675272499297_39614411472993","1,125","Offer does not exist",Error,,
"shopify_US_6587249819745_39378319769697","451","Offer does not exist",Error,,
"shopify_US_4801305772129_32809160278113","204","Offer does not exist",Error,,
"shopify_US_4804903207009_32817728782433","278","Offer does not exist",Error,,
"shopify_US_4808303738977_32824869126241","372","Offer does not exist",Error,,
"shopify_US_6640605986913_39528104099937","633","Offer does not exist",Error,,
"shopify_US_6842585317473_40266206380129","1,675","Offer does not exist",Error,,
"shopify_US_6640869900385_39529044508769","957","Offer does not exist",Error,,
"shopify_US_4815370125409_32859972141153","393","Offer does not exist",Error,,
"shopify_US_6640876552289_39529067610209","1,008","Offer does not exist",Error,,
"shopify_US_4804917559393_32817749721185","330","Offer does not exist",Error,,
"shopify_US_6640671686753_39528325611617","771","Offer does not exist",Error,,
"shopify_US_6640631808097_39528175927393","711","Offer does not exist",Error,,
"shopify_US_6640605986913_39528131330145","656","Offer does not exist",Error,,
"shopify_US_4804903207009_32817733402721","306","Offer does not exist",Error,,
"shopify_US_6640876552289_39529067675745","1,009","Offer does not exist",Error,,
"shopify_US_7109517770849_41498027032673","3,141","Offer does not exist",Error,,
"shopify_US_4815370125409_32859973910625","395","Offer does not exist",Error,,
"shopify_US_6842585317473_40266206314593","1,673","Offer does not exist",Error,,
"shopify_US_4804917559393_32817757913185","346","Offer does not exist",Error,,
"shopify_US_6640876552289_39529068396641","1,026","Offer does not exist",Error,,
"shopify_US_4808303738977_32824868733025","367","Offer does not exist",Error,,
"shopify_US_4802661679201_32811726405729","246","Offer does not exist",Error,,
"shopify_US_6640869900385_39529043165281","926","Offer does not exist",Error,,
"shopify_US_6979350528097_40855057137761","2,097","Offer does not exist",Error,,
"shopify_US_4804903207009_32817732583521","288","Offer does not exist",Error,,
"shopify_US_4815370125409_32859942977633","391","Offer does not exist",Error,,
"shopify_US_6640876552289_39529068789857","1,036","Offer does not exist",Error,,
"shopify_US_6854357549153_40325666046049","1,936","Offer does not exist",Error,,
"shopify_US_6842586136673_40266210017377","1,696","Offer does not exist",Error,,
"shopify_US_6640869900385_39529043066977","924","Offer does not exist",Error,,
"shopify_US_6842585317473_40266206216289","1,670","Offer does not exist",Error,,
"shopify_US_6842588004449_40266219520097","1,816","Offer does not exist",Error,,
"shopify_US_6640874094689_39529051521121","995","Offer does not exist",Error,,
"shopify_US_6640885268577_39529126789217","1,067","Offer does not exist",Error,,
"shopify_US_6675272499297_39615949111393","1,127","Offer does not exist",Error,,
"shopify_US_6640631808097_39528176812129","725","Offer does not exist",Error,,
"shopify_US_6640859676769_39529025110113","843","Offer does not exist",Error,,
"shopify_US_6640631808097_39528176418913","714","Offer does not exist",Error,,
"shopify_US_6640631808097_39528174649441","694","Offer does not exist",Error,,
"shopify_US_4801326973025_32809286074465","229","Offer does not exist",Error,,
"shopify_US_6979350528097_40855056875617","2,093","Offer does not exist",Error,,
"shopify_US_6640760160353_39528604958817","826","Offer does not exist",Error,,
"shopify_US_6854511493217_40326199017569","1,949","Offer does not exist",Error,,
"shopify_US_4804917559393_32817749852257","333","Offer does not exist",Error,,
"shopify_US_6842585317473_40266206740577","1,686","Offer does not exist",Error,,
"shopify_US_6724948754529_39774874599521","1,543","Offer does not exist",Error,,
"shopify_US_6675272499297_39614411112545","1,114","Offer does not exist",Error,,
"shopify_US_4680207073377_32471817519201","142","Offer does not exist",Error,,
"shopify_US_4802661679201_32811726340193","244","Offer does not exist",Error,,
"shopify_US_6979350528097_40855059726433","2,136","Offer does not exist",Error,,
"shopify_US_6640874094689_39529050603617","967","Offer does not exist",Error,,
"shopify_US_6640859676769_39529026027617","871","Offer does not exist",Error,,
"shopify_US_6675272499297_39614411079777","1,113","Offer does not exist",Error,,
"shopify_US_6640760160353_39528604794977","824","Offer does not exist",Error,,
"shopify_US_6854511493217_40326201442401","2,023","Offer does not exist",Error,,
"shopify_US_7537367744609_44085192032353","7,075","Offer does not exist",Error,,
"shopify_US_6842587119713_40266215522401","1,764","Offer does not exist",Error,,
"shopify_US_6854357549153_40325665816673","1,932","Offer does not exist",Error,,
"shopify_US_7109517770849_41498026541153","3,128","Offer does not exist",Error,,
"shopify_US_6587229700193_39378274975841","436","Offer does not exist",Error,,
"shopify_US_6842588004449_40266219683937","1,821","Offer does not exist",Error,,
"shopify_US_6842587545697_40266217554017","1,789","Offer does not exist",Error,,
"shopify_US_6640869900385_39529044181089","949","Offer does not exist",Error,,
"shopify_US_6675272499297_39614411374689","1,122","Offer does not exist",Error,,
"shopify_US_6640859676769_39529025601633","858","Offer does not exist",Error,,
"shopify_US_7109517770849_41498027065441","3,142","Offer does not exist",Error,,
"shopify_US_4804903207009_32817728815201","279","Offer does not exist",Error,,
"shopify_US_6854511493217_40326199836769","1,974","Offer does not exist",Error,,
"shopify_US_4801305772129_32809160573025","212","Offer does not exist",Error,,
"shopify_US_6842587545697_40266217685089","1,793","Offer does not exist",Error,,
"shopify_US_6675272499297_39614411145313","1,115","Offer does not exist",Error,,
"shopify_US_6587229700193_39378261770337","427","Offer does not exist",Error,,
"shopify_US_6842589577313_40266228858977","1,875","Offer does not exist",Error,,
"shopify_US_6854511493217_40326198919265","1,946","Offer does not exist",Error,,
"shopify_US_6842585317473_40266206412897","1,676","Offer does not exist",Error,,
"shopify_US_6979350528097_40855058841697","2,123","Offer does not exist",Error,,
"shopify_US_6640631808097_39528170029153","685","Offer does not exist",Error,,
"shopify_US_6640876552289_39529069215841","1,046","Offer does not exist",Error,,
"shopify_US_6854511493217_40326201770081","2,032","Offer does not exist",Error,,
"shopify_US_6640859676769_39529025339489","850","Offer does not exist",Error,,
"shopify_US_6854511493217_40326201049185","2,011","Offer does not exist",Error,,
"shopify_US_6979350528097_40855058710625","2,121","Offer does not exist",Error,,
"shopify_US_6640671686753_39528329740385","786","Offer does not exist",Error,,
"shopify_US_6640605986913_39528104951905","641","Offer does not exist",Error,,
"shopify_US_6640869900385_39529043427425","932","Offer does not exist",Error,,
"shopify_US_4801326973025_32809286238305","233","Offer does not exist",Error,,
"shopify_US_6724529520737_39773621125217","1,500","Offer does not exist",Error,,
"shopify_US_7109517770849_41498027196513","3,146","Offer does not exist",Error,,
"shopify_US_6675104694369_39613944266849","1,086","Offer does not exist",Error,,
"shopify_US_6724529520737_39773622173793","1,529","Offer does not exist",Error,,
"shopify_US_6640631808097_39528177926241","729","Offer does not exist",Error,,
"shopify_US_6842588004449_40266219651169","1,820","Offer does not exist",Error,,
"shopify_US_6842587545697_40266217390177","1,784","Offer does not exist",Error,,
"shopify_US_6854357549153_40325665652833","1,930","Offer does not exist",Error,,
"shopify_US_6640859676769_39529027240033","903","Offer does not exist",Error,,
"shopify_US_6842588561505_40266224336993","1,854","Offer does not exist",Error,,
"shopify_US_6640605986913_39528131395681","657","Offer does not exist",Error,,
"shopify_US_6675272499297_39615949242465","1,131","Offer does not exist",Error,,
"shopify_US_7533454098529_44047093170273","5,760","Offer does not exist",Error,,
"shopify_US_7227374534753_41871500017761","3,377","Offer does not exist",Error,,
"shopify_US_6854357549153_40325665259617","1,924","Offer does not exist",Error,,
"shopify_US_6842588430433_40266223583329","1,834","Offer does not exist",Error,,
"shopify_US_7109517770849_41498026475617","3,126","Offer does not exist",Error,,
"shopify_US_6842588430433_40266223747169","1,839","Offer does not exist",Error,,
"shopify_US_6842587119713_40266214998113","1,748","Offer does not exist",Error,,
"shopify_US_7227374534753_41871500312673","3,383","Offer does not exist",Error,,
"shopify_US_4804917559393_32817749327969","322","Offer does not exist",Error,,
"shopify_US_6724529520737_39773621846113","1,519","Offer does not exist",Error,,
"shopify_US_6640631808097_39528178253921","738","Offer does not exist",Error,,
"shopify_US_6640874094689_39529050767457","972","Offer does not exist",Error,,
"shopify_US_4804917559393_32817757782113","342","Offer does not exist",Error,,
"shopify_US_4804861722721_32817630249057","250","Offer does not exist",Error,,
"shopify_US_7227374534753_41871500247137","3,381","Offer does not exist",Error,,
"shopify_US_6640605986913_39528104329313","636","Offer does not exist",Error,,
"shopify_US_6675120848993_39613993779297","1,094","Offer does not exist",Error,,
"shopify_US_6640885268577_39529126953057","1,070","Offer does not exist",Error,,
"shopify_US_6640631808097_39528177991777","731","Offer does not exist",Error,,
"shopify_US_6854511493217_40326199148641","1,953","Offer does not exist",Error,,
"shopify_US_6724529520737_39773622075489","1,526","Offer does not exist",Error,,
"shopify_US_4801305772129_32809160310881","205","Offer does not exist",Error,,
"shopify_US_4680207073377_32471817650273","143","Offer does not exist",Error,,
"shopify_US_4801326973025_32809264283745","220","Offer does not exist",Error,,
"shopify_US_6842586136673_40266210050145","1,697","Offer does not exist",Error,,
"shopify_US_6724529520737_39773621092449","1,499","Offer does not exist",Error,,
"shopify_US_6842585317473_40266206150753","1,668","Offer does not exist",Error,,
"shopify_US_6640671686753_39528325546081","769","Offer does not exist",Error,,
"shopify_US_6854357549153_40325664866401","1,918","Offer does not exist",Error,,
"shopify_US_6842587119713_40266215719009","1,770","Offer does not exist",Error,,
"shopify_US_6587249819745_39378319671393","450","Offer does not exist",Error,,
"shopify_US_6640869900385_39529043787873","940","Offer does not exist",Error,,
"shopify_US_6842586136673_40266210607201","1,714","Offer does not exist",Error,,
"shopify_US_6842587119713_40266214342753","1,728","Offer does not exist",Error,,
"shopify_US_6724529520737_39773620961377","1,495","Offer does not exist",Error,,
"shopify_US_6842588004449_40266219126881","1,804","Offer does not exist",Error,,
"shopify_US_6675120848993_39614010982497","1,100","Offer does not exist",Error,,
"shopify_US_6854511493217_40326198952033","1,947","Offer does not exist",Error,,
"shopify_US_6842589118561_40266226434145","1,866","Offer does not exist",Error,,
"shopify_US_6640671686753_39528325021793","753","Offer does not exist",Error,,
"shopify_US_7227374534753_41871499853921","3,372","Offer does not exist",Error,,
"shopify_US_6640874094689_39529051455585","993","Offer does not exist",Error,,
"shopify_US_6640760160353_39528603975777","814","Offer does not exist",Error,,
"shopify_US_6842587545697_40266217652321","1,792","Offer does not exist",Error,,
"shopify_US_6640760160353_39528603582561","809","Offer does not exist",Error,,
"shopify_US_6842587119713_40266214539361","1,734","Offer does not exist",Error,,
"shopify_US_6640876552289_39529068068961","1,019","Offer does not exist",Error,,
"shopify_US_4680207073377_32471817846881","146","Offer does not exist",Error,,
"shopify_US_6842589118561_40266226335841","1,863","Offer does not exist",Error,,
"shopify_US_6854511493217_40326200492129","1,994","Offer does not exist",Error,,
"shopify_US_4808303738977_32824868667489","366","Offer does not exist",Error,,
"shopify_US_6842588004449_40266219716705","1,822","Offer does not exist",Error,,
"shopify_US_6842587119713_40266215325793","1,758","Offer does not exist",Error,,
"shopify_US_6587229700193_39378261409889","416","Offer does not exist",Error,,
"shopify_US_4815349121121_32858783088737","380","Offer does not exist",Error,,
"shopify_US_7533454098529_44047093301345","5,764","Offer does not exist",Error,,
"shopify_US_6724948754529_39774873845857","1,534","Offer does not exist",Error,,
"shopify_US_6842586136673_40266210345057","1,706","Offer does not exist",Error,,
"shopify_US_6979350528097_41507082174561","3,246","Offer does not exist",Error,,
"shopify_US_6979350528097_40855057367137","2,100","Offer does not exist",Error,,
"shopify_US_6854357549153_40325664440417","1,911","Offer does not exist",Error,,
"shopify_US_6842588430433_40266223616097","1,835","Offer does not exist",Error,,
"shopify_US_6854357549153_40325665390689","1,925","Offer does not exist",Error,,
"shopify_US_6724948754529_39774874763361","1,547","Offer does not exist",Error,,
"shopify_US_6842594656353_40266241572961","1,881","Offer does not exist",Error,,
"shopify_US_7227374534753_41871499821153","3,371","Offer does not exist",Error,,
"shopify_US_6640885268577_39529126035553","1,056","Offer does not exist",Error,,
"shopify_US_6842587119713_40266215850081","1,774","Offer does not exist",Error,,
"shopify_US_6675120848993_39614011048033","1,102","Offer does not exist",Error,,
"shopify_US_4804861722721_32817633099873","269","Offer does not exist",Error,,
"shopify_US_6640631808097_39528175370337","700","Offer does not exist",Error,,
"shopify_US_6640631808097_39528169046113","676","Offer does not exist",Error,,
"shopify_US_4804917559393_32817749033057","316","Offer does not exist",Error,,
"shopify_US_6587229700193_39378261246049","411","Offer does not exist",Error,,
"shopify_US_6676380581985_39618264367201","1,146","Offer does not exist",Error,,
"shopify_US_6724529520737_39773622206561","1,530","Offer does not exist",Error,,
"shopify_US_6640671686753_39528325185633","758","Offer does not exist",Error,,
"shopify_US_6854511493217_40326200590433","1,997","Offer does not exist",Error,,
"shopify_US_6587188805729_39378125684833","403","Offer does not exist",Error,,
"shopify_US_6640869900385_39529043394657","931","Offer does not exist",Error,,
"shopify_US_4815349121121_32858783121505","381","Offer does not exist",Error,,
"shopify_US_6842588430433_40266223911009","1,844","Offer does not exist",Error,,
"shopify_US_4802661679201_32811726110817","241","Offer does not exist",Error,,
"shopify_US_6640876552289_39529067774049","1,012","Offer does not exist",Error,,
"shopify_US_6640671686753_39528330330209","787","Offer does not exist",Error,,
"shopify_US_7109517770849_41498026999905","3,140","Offer does not exist",Error,,
"shopify_US_6640876552289_39529067380833","1,002","Offer does not exist",Error,,
"shopify_US_6640671686753_39528325775457","776","Offer does not exist",Error,,
"shopify_US_7109517770849_41498027360353","3,150","Offer does not exist",Error,,
"shopify_US_6640859676769_39529026289761","879","Offer does not exist",Error,,
"shopify_US_6724529520737_39773621289057","1,505","Offer does not exist",Error,,
"shopify_US_6842587119713_40266215686241","1,769","Offer does not exist",Error,,
"shopify_US_4815370125409_32859942944865","390","Offer does not exist",Error,,
"shopify_US_4804861722721_32817633001569","266","Offer does not exist",Error,,
"shopify_US_6854357549153_40325663653985","1,899","Offer does not exist",Error,,
"shopify_US_6854357549153_40325665620065","1,929","Offer does not exist",Error,,
"shopify_US_6842588004449_40266219323489","1,810","Offer does not exist",Error,,
"shopify_US_6842587545697_40266217422945","1,785","Offer does not exist",Error,,
"shopify_US_6640876552289_39529067446369","1,004","Offer does not exist",Error,,
"shopify_US_6640631808097_39528175861857","709","Offer does not exist",Error,,
"shopify_US_6842589118561_40266226139233","1,857","Offer does not exist",Error,,
"shopify_US_6724529520737_39773621911649","1,521","Offer does not exist",Error,,
"shopify_US_6842587545697_40266217947233","1,801","Offer does not exist",Error,,
"shopify_US_6854511493217_40326200655969","1,999","Offer does not exist",Error,,
"shopify_US_6842586136673_40266210574433","1,713","Offer does not exist",Error,,
"shopify_US_4804861722721_32817631363169","257","Offer does not exist",Error,,
"shopify_US_6979350528097_40855058317409","2,115","Offer does not exist",Error,,
"shopify_US_6854511493217_40326199804001","1,973","Offer does not exist",Error,,
"shopify_US_6640857776225_39529020227681","831","Offer does not exist",Error,,
"shopify_US_4802661679201_32811726012513","238","Offer does not exist",Error,,
"shopify_US_6675272499297_39614411276385","1,119","Offer does not exist",Error,,
"shopify_US_6640869900385_39529043656801","937","Offer does not exist",Error,,
"shopify_US_6854511493217_40326201737313","2,031","Offer does not exist",Error,,
"shopify_US_6675120848993_39613993746529","1,093","Offer does not exist",Error,,
"shopify_US_6842585317473_40266206117985","1,667","Offer does not exist",Error,,
"shopify_US_7227374534753_41871500279905","3,382","Offer does not exist",Error,,
"shopify_US_6842588430433_40266223550561","1,833","Offer does not exist",Error,,
"shopify_US_6640671686753_39528329314401","782","Offer does not exist",Error,,
"shopify_US_6640874094689_39529050800225","973","Offer does not exist",Error,,
"shopify_US_4804861722721_32817632903265","263","Offer does not exist",Error,,
"shopify_US_6854357549153_40325663850593","1,902","Offer does not exist",Error,,
"shopify_US_6842587119713_40266214080609","1,720","Offer does not exist",Error,,
"shopify_US_6640605986913_39528131133537","650","Offer does not exist",Error,,
"shopify_US_6675120848993_39613993680993","1,091","Offer does not exist",Error,,
"shopify_US_6640869900385_39529043853409","942","Offer does not exist",Error,,
"shopify_US_6640885268577_39529127084129","1,072","Offer does not exist",Error,,
"shopify_US_6724529520737_39773620535393","1,486","Offer does not exist",Error,,
"shopify_US_6640760160353_39528605122657","828","Offer does not exist",Error,,
"shopify_US_6640671686753_39528325808225","777","Offer does not exist",Error,,
"shopify_US_6724529520737_39773620568161","1,487","Offer does not exist",Error,,
"shopify_US_6854511493217_40326198853729","1,944","Offer does not exist",Error,,
"shopify_US_6640876552289_39529067348065","1,001","Offer does not exist",Error,,
"shopify_US_6640859676769_39529025634401","859","Offer does not exist",Error,,
"shopify_US_4804903207009_32817733206113","300","Offer does not exist",Error,,
"shopify_US_6640857776225_39529021669473","842","Offer does not exist",Error,,
"shopify_US_6587229700193_39378261737569","426","Offer does not exist",Error,,
"shopify_US_6724529520737_39773621616737","1,513","Offer does not exist",Error,,
"shopify_US_6640760160353_39528604237921","817","Offer does not exist",Error,,
"shopify_US_6854511493217_40326199115873","1,952","Offer does not exist",Error,,
"shopify_US_4804861722721_32817633067105","268","Offer does not exist",Error,,
"shopify_US_6640876552289_39529067741281","1,011","Offer does not exist",Error,,
"shopify_US_7227374534753_41871500181601","3,379","Offer does not exist",Error,,
"shopify_US_6854511493217_40326200033377","1,980","Offer does not exist",Error,,
"shopify_US_4804917559393_32817750016097","336","Offer does not exist",Error,,
"shopify_US_6979350528097_40855058546785","2,118","Offer does not exist",Error,,
"shopify_US_6587229700193_39378275434593","444","Offer does not exist",Error,,
"shopify_US_6640631808097_39528176713825","722","Offer does not exist",Error,,
"shopify_US_6640859676769_39529026256993","878","Offer does not exist",Error,,
"shopify_US_6640631808097_39528174846049","699","Offer does not exist",Error,,
"shopify_US_6640605986913_39528131100769","649","Offer does not exist",Error,,
"shopify_US_6640857776225_39529020620897","834","Offer does not exist",Error,,
"shopify_US_6842589577313_40266228727905","1,871","Offer does not exist",Error,,
"shopify_US_6854511493217_40326199312481","1,958","Offer does not exist",Error,,
"shopify_US_6842587545697_40266217357409","1,783","Offer does not exist",Error,,
"shopify_US_6842586136673_40266210476129","1,710","Offer does not exist",Error,,
"shopify_US_6854511493217_40326200983649","2,009","Offer does not exist",Error,,
"shopify_US_7537369120865_44085195866209","7,110","Offer does not exist",Error,,
"shopify_US_6842594656353_40266241671265","1,884","Offer does not exist",Error,,
"shopify_US_4804917559393_32817748967521","315","Offer does not exist",Error,,
"shopify_US_4801305772129_32809160540257","211","Offer does not exist",Error,,
"shopify_US_6640866590817_39529037201505","909","Offer does not exist",Error,,
"shopify_US_6587229700193_39378261442657","417","Offer does not exist",Error,,
"shopify_US_6842586136673_40266209919073","1,693","Offer does not exist",Error,,
"shopify_US_4804917559393_32817749426273","324","Offer does not exist",Error,,
"shopify_US_6640631808097_39528178090081","734","Offer does not exist",Error,,
"shopify_US_6854357549153_40325664473185","1,912","Offer does not exist",Error,,
"shopify_US_6842588561505_40266224042081","1,845","Offer does not exist",Error,,
"shopify_US_6587249819745_39378320457825","457","Offer does not exist",Error,,
"shopify_US_6842586136673_40266210508897","1,711","Offer does not exist",Error,,
"shopify_US_6724529520737_39773621682273","1,515","Offer does not exist",Error,,
"shopify_US_6640605986913_39528105050209","642","Offer does not exist",Error,,
"shopify_US_6640859676769_39529025175649","845","Offer does not exist",Error,,
"shopify_US_6587249819745_39378320949345","462","Offer does not exist",Error,,
"shopify_US_7537369120865_44085195997281","7,114","Offer does not exist",Error,,
"shopify_US_6724529520737_39773621452897","1,509","Offer does not exist",Error,,
"shopify_US_6675272499297_39615949373537","1,135","Offer does not exist",Error,,
"shopify_US_4804917559393_32817757716577","340","Offer does not exist",Error,,
"shopify_US_6842587119713_40266215620705","1,767","Offer does not exist",Error,,
"shopify_US_6675104694369_39613921558625","1,077","Offer does not exist",Error,,
"shopify_US_6640885268577_39529127182433","1,073","Offer does not exist",Error,,
"shopify_US_6587229700193_39378275303521","441","Offer does not exist",Error,,
"shopify_US_7109517770849_41498026672225","3,131","Offer does not exist",Error,,
"shopify_US_6640866590817_39529038676065","916","Offer does not exist",Error,,
"shopify_US_6640671686753_39528325152865","757","Offer does not exist",Error,,
"shopify_US_6854357549153_40325666177121","1,937","Offer does not exist",Error,,
"shopify_US_6640874094689_39529050964065","978","Offer does not exist",Error,,
"shopify_US_4804917559393_32817748869217","313","Offer does not exist",Error,,
"shopify_US_6979350528097_40855057268833","2,099","Offer does not exist",Error,,
"shopify_US_6842588004449_40266219257953","1,808","Offer does not exist",Error,,
"shopify_US_6640869900385_39529042935905","921","Offer does not exist",Error,,
"shopify_US_6854511493217_40326200819809","2,004","Offer does not exist",Error,,
"shopify_US_6854999998561_40328221360225","2,038","Offer does not exist",Error,,
"shopify_US_6979350528097_40855057793121","2,107","Offer does not exist",Error,,
"shopify_US_6979350528097_40855057924193","2,109","Offer does not exist",Error,,
"shopify_US_6842586136673_40266209853537","1,691","Offer does not exist",Error,,
"shopify_US_6587249819745_39378320654433","459","Offer does not exist",Error,,
"shopify_US_6842589118561_40266226172001","1,858","Offer does not exist",Error,,
"shopify_US_6640631808097_39528176517217","717","Offer does not exist",Error,,
"shopify_US_7227374534753_41871499984993","3,376","Offer does not exist",Error,,
"shopify_US_6640869900385_39529044443233","955","Offer does not exist",Error,,
"shopify_US_4801326973025_32809286271073","234","Offer does not exist",Error,,
"shopify_US_6640605986913_39528131428449","658","Offer does not exist",Error,,
"shopify_US_4804917559393_32817749950561","335","Offer does not exist",Error,,
"shopify_US_6842587119713_40266215424097","1,761","Offer does not exist",Error,,
"shopify_US_6640885268577_39529125773409","1,052","Offer does not exist",Error,,
"shopify_US_7109517770849_41498026737761","3,133","Offer does not exist",Error,,
"shopify_US_6640760160353_39528603910241","813","Offer does not exist",Error,,
"shopify_US_6842594656353_40266241769569","1,887","Offer does not exist",Error,,
"shopify_US_4804917559393_32817749164129","319","Offer does not exist",Error,,
"shopify_US_6854511493217_40326201704545","2,030","Offer does not exist",Error,,
"shopify_US_6854511493217_40326200918113","2,007","Offer does not exist",Error,,
"shopify_US_7537369120865_44085195735137","7,106","Offer does not exist",Error,,
"shopify_US_6675272499297_39614411014241","1,111","Offer does not exist",Error,,
"shopify_US_4804903207009_32817732747361","293","Offer does not exist",Error,,
"shopify_US_6854511493217_40326201606241","2,027","Offer does not exist",Error,,
"shopify_US_6854511493217_40326200164449","1,984","Offer does not exist",Error,,
"shopify_US_6640859676769_39529027141729","900","Offer does not exist",Error,,
"shopify_US_6640631808097_39528169570401","681","Offer does not exist",Error,,
"shopify_US_6842587119713_40266215948385","1,777","Offer does not exist",Error,,
"shopify_US_6854357549153_40325664833633","1,917","Offer does not exist",Error,,
"shopify_US_6640605986913_39528131199073","652","Offer does not exist",Error,,
"shopify_US_4801326973025_32809286140001","231","Offer does not exist",Error,,
"shopify_US_6842587119713_40266214178913","1,723","Offer does not exist",Error,,
"shopify_US_6854357549153_40325664047201","1,905","Offer does not exist",Error,,
"shopify_US_6724529520737_39773621026913","1,497","Offer does not exist",Error,,
"shopify_US_6842588430433_40266223812705","1,841","Offer does not exist",Error,,
"shopify_US_6854511493217_40326200098913","1,982","Offer does not exist",Error,,
"shopify_US_4804903207009_32817733337185","304","Offer does not exist",Error,,
"shopify_US_6854999998561_40328221425761","2,040","Offer does not exist",Error,,
"shopify_US_6842587119713_40266214703201","1,739","Offer does not exist",Error,,
"shopify_US_4804861722721_32817632837729","261","Offer does not exist",Error,,
"shopify_US_6675272499297_39615949176929","1,129","Offer does not exist",Error,,
"shopify_US_6640885268577_39529126002785","1,055","Offer does not exist",Error,,
"shopify_US_6587229700193_39378275663969","448","Offer does not exist",Error,,
"shopify_US_6676380581985_39618264203361","1,141","Offer does not exist",Error,,
"shopify_US_6640760160353_39528604893281","825","Offer does not exist",Error,,
"shopify_US_6640760160353_39528604139617","816","Offer does not exist",Error,,
"shopify_US_6724948754529_39774874796129","1,548","Offer does not exist",Error,,
"shopify_US_4801326973025_32809286008929","227","Offer does not exist",Error,,
"shopify_US_6854511493217_40326200295521","1,988","Offer does not exist",Error,,
"shopify_US_6854511493217_40326199967841","1,978","Offer does not exist",Error,,
"shopify_US_4804951670881_32817942134881","352","Offer does not exist",Error,,
"shopify_US_6854511493217_40326200787041","2,003","Offer does not exist",Error,,
"shopify_US_6640874094689_39529051226209","986","Offer does not exist",Error,,
"shopify_US_6842587545697_40266217455713","1,786","Offer does not exist",Error,,
"shopify_US_4808303738977_32824868536417","364","Offer does not exist",Error,,
"shopify_US_6640859676769_39529027076193","898","Offer does not exist",Error,,
"shopify_US_6640631808097_39528177827937","727","Offer does not exist",Error,,
"shopify_US_6640857776225_39529020883041","836","Offer does not exist",Error,,
"shopify_US_6640876552289_39529069019233","1,041","Offer does not exist",Error,,
"shopify_US_6724948754529_39774874697825","1,545","Offer does not exist",Error,,
"shopify_US_6640866590817_39529038839905","917","Offer does not exist",Error,,
"shopify_US_6854511493217_40326199902305","1,976","Offer does not exist",Error,,
"shopify_US_6842587119713_40266214735969","1,740","Offer does not exist",Error,,
"shopify_US_6640671686753_39528325709921","774","Offer does not exist",Error,,
"shopify_US_6640631808097_39528175730785","705","Offer does not exist",Error,,
"shopify_US_6640671686753_39528324628577","741","Offer does not exist",Error,,
"shopify_US_6854511493217_40326199083105","1,951","Offer does not exist",Error,,
"shopify_US_6675104694369_39613921624161","1,079","Offer does not exist",Error,,
"shopify_US_6842587119713_40266214506593","1,733","Offer does not exist",Error,,
"shopify_US_4804917559393_32817757847649","344","Offer does not exist",Error,,
"shopify_US_7537369120865_44085195964513","7,113","Offer does not exist",Error,,
"shopify_US_6854357549153_40325664211041","1,907","Offer does not exist",Error,,
"shopify_US_6640869900385_39529043820641","941","Offer does not exist",Error,,
"shopify_US_6640671686753_39528325480545","767","Offer does not exist",Error,,
"shopify_US_7109517770849_41498026639457","3,130","Offer does not exist",Error,,
"shopify_US_7537367744609_44085191966817","7,073","Offer does not exist",Error,,
"shopify_US_6979350528097_41507082141793","3,245","Offer does not exist",Error,,
"shopify_US_6842594656353_40266241507425","1,879","Offer does not exist",Error,,
"shopify_US_6854511493217_40326200557665","1,996","Offer does not exist",Error,,
"shopify_US_6675120848993_39613993713761","1,092","Offer does not exist",Error,,
"shopify_US_6724948754529_39774880432225","1,550","Offer does not exist",Error,,
"shopify_US_6640859676769_39529025896545","867","Offer does not exist",Error,,
"shopify_US_6640671686753_39528324759649","745","Offer does not exist",Error,,
"shopify_US_7109517770849_41498027393121","3,151","Offer does not exist",Error,,
"shopify_US_6979350528097_41507082109025","3,244","Offer does not exist",Error,,
"shopify_US_6640859676769_39529026224225","877","Offer does not exist",Error,,
"shopify_US_6854511493217_40326200721505","2,001","Offer does not exist",Error,,
"shopify_US_6640760160353_39528604729441","823","Offer does not exist",Error,,
"shopify_US_6640671686753_39528332296289","794","Offer does not exist",Error,,
"shopify_US_6640631808097_39528174551137","692","Offer does not exist",Error,,
"shopify_US_6842587545697_40266217881697","1,799","Offer does not exist",Error,,
"shopify_US_4804951670881_32817943314529","361","Offer does not exist",Error,,
"shopify_US_6854511493217_40326199378017","1,960","Offer does not exist",Error,,
"shopify_US_6724529520737_39773620207713","1,477","Offer does not exist",Error,,
"shopify_US_4804903207009_32817732911201","298","Offer does not exist",Error,,
"shopify_US_6640605986913_39528131559521","662","Offer does not exist",Error,,
"shopify_US_6640874094689_39529050636385","968","Offer does not exist",Error,,
"shopify_US_6640671686753_39528325382241","764","Offer does not exist",Error,,
"shopify_US_6676380581985_39618264072289","1,137","Offer does not exist",Error,,
"shopify_US_6842587119713_40266215161953","1,753","Offer does not exist",Error,,
"shopify_US_6640866590817_39529037529185","911","Offer does not exist",Error,,
"shopify_US_6842587545697_40266217848929","1,798","Offer does not exist",Error,,
"shopify_US_6640885268577_39529125609569","1,049","Offer does not exist",Error,,
"shopify_US_6842588004449_40266219356257","1,811","Offer does not exist",Error,,
"shopify_US_4802661679201_32811726307425","243","Offer does not exist",Error,,
"shopify_US_6640605986913_39528135032929","666","Offer does not exist",Error,,
"shopify_US_6587249819745_39378319573089","449","Offer does not exist",Error,,
"shopify_US_6842585317473_40266206085217","1,666","Offer does not exist",Error,,
"shopify_US_7109517770849_41498026901601","3,138","Offer does not exist",Error,,
"shopify_US_6640859676769_39529025699937","861","Offer does not exist",Error,,
"shopify_US_6854357549153_40325666406497","1,941","Offer does not exist",Error,,
"shopify_US_6640859676769_39529027043425","897","Offer does not exist",Error,,
"shopify_US_6979350528097_40855058448481","2,117","Offer does not exist",Error,,
"shopify_US_4815370125409_32859942879329","388","Offer does not exist",Error,,
"shopify_US_4804861722721_32817630412897","255","Offer does not exist",Error,,
"shopify_US_6842587119713_40266214277217","1,726","Offer does not exist",Error,,
"shopify_US_6640869900385_39529043558497","935","Offer does not exist",Error,,
"shopify_US_4801326973025_32809264054369","213","Offer does not exist",Error,,
"shopify_US_6640876552289_39529068724321","1,034","Offer does not exist",Error,,
"shopify_US_6854511493217_40326198820961","1,943","Offer does not exist",Error,,
"shopify_US_6979350528097_40855057530977","2,103","Offer does not exist",Error,,
"shopify_US_6640857776225_39529021014113","837","Offer does not exist",Error,,
"shopify_US_4808303738977_32824869060705","371","Offer does not exist",Error,,
"shopify_US_6640859676769_39529025798241","864","Offer does not exist",Error,,
"shopify_US_6640859676769_39529025405025","852","Offer does not exist",Error,,
"shopify_US_6640671686753_39528324563041","739","Offer does not exist",Error,,
"shopify_US_6676380581985_39618264596577","1,153","Offer does not exist",Error,,
"shopify_US_6724529520737_39773621878881","1,520","Offer does not exist",Error,,
"shopify_US_4801326973025_32809285943393","226","Offer does not exist",Error,,
"shopify_US_6640874094689_39529050538081","965","Offer does not exist",Error,,
"shopify_US_6854511493217_40326201081953","2,012","Offer does not exist",Error,,
"shopify_US_6587229700193_39378261508193","419","Offer does not exist",Error,,
"shopify_US_7537367744609_44085191671905","7,064","Offer does not exist",Error,,
"shopify_US_6587229700193_39378261868641","430","Offer does not exist",Error,,
"shopify_US_6724948754529_39774874042465","1,539","Offer does not exist",Error,,
"shopify_US_6724529520737_39773620928609","1,494","Offer does not exist",Error,,
"shopify_US_6842588561505_40266224369761","1,855","Offer does not exist",Error,,
"shopify_US_6640605986913_39528104198241","634","Offer does not exist",Error,,
"shopify_US_6640876552289_39529067544673","1,006","Offer does not exist",Error,,
"shopify_US_6842589577313_40266228629601","1,868","Offer does not exist",Error,,
"shopify_US_6842587119713_40266215063649","1,750","Offer does not exist",Error,,
"shopify_US_6640885268577_39529126690913","1,066","Offer does not exist",Error,,
"shopify_US_6842586136673_40266210246753","1,703","Offer does not exist",Error,,
"shopify_US_6675104694369_39613921689697","1,081","Offer does not exist",Error,,
"shopify_US_6640605986913_39528105312353","646","Offer does not exist",Error,,
"shopify_US_6640605986913_39528104067169","632","Offer does not exist",Error,,
"shopify_US_6640671686753_39528332197985","791","Offer does not exist",Error,,
"shopify_US_7537367744609_44085191999585","7,074","Offer does not exist",Error,,
"shopify_US_6842594656353_40266241704033","1,885","Offer does not exist",Error,,
"shopify_US_6675104694369_39613921656929","1,080","Offer does not exist",Error,,
"shopify_US_6854511493217_40326201540705","2,026","Offer does not exist",Error,,
"shopify_US_4804861722721_32817632870497","262","Offer does not exist",Error,,
"shopify_US_6842588004449_40266219880545","1,827","Offer does not exist",Error,,
"shopify_US_6842587119713_40266215030881","1,749","Offer does not exist",Error,,
"shopify_US_6854357549153_40325664669793","1,915","Offer does not exist",Error,,
"shopify_US_6640869900385_39529044246625","951","Offer does not exist",Error,,
"shopify_US_4804861722721_32817630445665","256","Offer does not exist",Error,,
"shopify_US_4808303738977_32824869257313","374","Offer does not exist",Error,,
"shopify_US_6640631808097_39528174616673","693","Offer does not exist",Error,,
"shopify_US_4804951670881_32817943052385","359","Offer does not exist",Error,,
"shopify_US_6724948754529_39774873878625","1,535","Offer does not exist",Error,,
"shopify_US_6640671686753_39528324890721","749","Offer does not exist",Error,,
"shopify_US_6724948754529_39774873976929","1,537","Offer does not exist",Error,,
"shopify_US_6640859676769_39529027371105","907","Offer does not exist",Error,,
"shopify_US_6640874094689_39529050407009","961","Offer does not exist",Error,,
"shopify_US_6614633152609_39455616303201","523","Offer does not exist",Error,,
"shopify_US_4801326973025_32809271722081","223","Offer does not exist",Error,,
"shopify_US_4804903207009_32817733566561","311","Offer does not exist",Error,,
"shopify_US_6842585317473_40266206642273","1,683","Offer does not exist",Error,,
"shopify_US_4804903207009_32817732714593","292","Offer does not exist",Error,,
"shopify_US_6640874094689_39529051193441","985","Offer does not exist",Error,,
"shopify_US_6640631808097_39528169996385","684","Offer does not exist",Error,,
"shopify_US_6854511493217_40326200328289","1,989","Offer does not exist",Error,,
"shopify_US_4801326973025_32809264316513","221","Offer does not exist",Error,,
"shopify_US_7533454098529_44047093268577","5,763","Offer does not exist",Error,,
"shopify_US_6640605986913_39528136376417","672","Offer does not exist",Error,,
"shopify_US_6640671686753_39528324857953","748","Offer does not exist",Error,,
"shopify_US_6854511493217_40326199410785","1,961","Offer does not exist",Error,,
"shopify_US_6676380581985_39618264563809","1,152","Offer does not exist",Error,,
"shopify_US_6640876552289_39529068003425","1,017","Offer does not exist",Error,,
"shopify_US_4815370125409_32859942912097","389","Offer does not exist",Error,,
"shopify_US_4804903207009_32817733304417","303","Offer does not exist",Error,,
"shopify_US_6640760160353_39528604631137","822","Offer does not exist",Error,,
"shopify_US_6854357549153_40325665456225","1,927","Offer does not exist",Error,,
"shopify_US_6842587119713_40266215260257","1,756","Offer does not exist",Error,,
"shopify_US_6676380581985_39618264170593","1,140","Offer does not exist",Error,,
"shopify_US_6979350528097_40855059202145","2,128","Offer does not exist",Error,,
"shopify_US_6854357549153_40325664637025","1,914","Offer does not exist",Error,,
"shopify_US_6640859676769_39529025831009","865","Offer does not exist",Error,,
"shopify_US_6640859676769_39529026912353","893","Offer does not exist",Error,,
"shopify_US_6640631808097_39528175763553","706","Offer does not exist",Error,,
"shopify_US_6587188805729_39378124898401","397","Offer does not exist",Error,,
"shopify_US_4804951670881_32817942003809","351","Offer does not exist",Error,,
"shopify_US_6640885268577_39529125904481","1,054","Offer does not exist",Error,,
"shopify_US_6676380581985_39618264334433","1,145","Offer does not exist",Error,,
"shopify_US_6640631808097_39528176451681","715","Offer does not exist",Error,,
"shopify_US_6724529520737_39773621354593","1,507","Offer does not exist",Error,,
"shopify_US_6640671686753_39528325251169","760","Offer does not exist",Error,,
"shopify_US_6640605986913_39528131166305","651","Offer does not exist",Error,,
"shopify_US_7537369120865_44085195833441","7,109","Offer does not exist",Error,,
"shopify_US_4815370125409_32859942781025","385","Offer does not exist",Error,,
"shopify_US_6640671686753_39528324956257","751","Offer does not exist",Error,,
"shopify_US_6979350528097_40855059464289","2,132","Offer does not exist",Error,,
"shopify_US_6587229700193_39378275565665","446","Offer does not exist",Error,,
"shopify_US_6675120848993_39614011211873","1,106","Offer does not exist",Error,,
"shopify_US_7227374534753_41871499788385","3,370","Offer does not exist",Error,,
"shopify_US_6640869900385_39529043525729","934","Offer does not exist",Error,,
"shopify_US_6640671686753_39528329248865","780","Offer does not exist",Error,,
"shopify_US_6854511493217_40326201639009","2,028","Offer does not exist",Error,,
"shopify_US_7109517770849_41498027163745","3,145","Offer does not exist",Error,,
"shopify_US_6842587119713_40266215227489","1,755","Offer does not exist",Error,,
"shopify_US_4802661679201_32811726078049","240","Offer does not exist",Error,,
"shopify_US_6640874094689_39529050931297","977","Offer does not exist",Error,,
"shopify_US_6979350528097_40855057236065","2,098","Offer does not exist",Error,,
"shopify_US_4804917559393_32817757749345","341","Offer does not exist",Error,,
"shopify_US_4804951670881_32817943183457","360","Offer does not exist",Error,,
"shopify_US_7533454098529_44047093432417","5,768","Offer does not exist",Error,,
"shopify_US_6842587119713_40266215489633","1,763","Offer does not exist",Error,,
"shopify_US_6587188805729_39378125553761","402","Offer does not exist",Error,,
"shopify_US_6854511493217_40326201245793","2,017","Offer does not exist",Error,,
"shopify_US_6640760160353_39528605057121","827","Offer does not exist",Error,,
"shopify_US_6640874094689_39529050669153","969","Offer does not exist",Error,,
"shopify_US_6979350528097_40855059103841","2,127","Offer does not exist",Error,,
"shopify_US_6640631808097_39528168915041","675","Offer does not exist",Error,,
"shopify_US_6614633152609_39455616630881","529","Offer does not exist",Error,,
"shopify_US_7537367744609_44085191802977","7,068","Offer does not exist",Error,,
"shopify_US_6842587119713_40266214047841","1,719","Offer does not exist",Error,,
"shopify_US_6640760160353_39528603123809","804","Offer does not exist",Error,,
"shopify_US_6640869900385_39529043034209","923","Offer does not exist",Error,,
"shopify_US_6675120848993_39614011080801","1,103","Offer does not exist",Error,,
"shopify_US_6640869900385_39529044115553","948","Offer does not exist",Error,,
"shopify_US_6640876552289_39529067511905","1,005","Offer does not exist",Error,,
"shopify_US_6675272499297_39614411341921","1,121","Offer does not exist",Error,,
"shopify_US_6587229700193_39378261966945","432","Offer does not exist",Error,,
"shopify_US_6640885268577_39529126559841","1,064","Offer does not exist",Error,,
"shopify_US_6640631808097_39528178155617","736","Offer does not exist",Error,,
"shopify_US_6640605986913_39528131625057","664","Offer does not exist",Error,,
"shopify_US_6640876552289_39529068462177","1,028","Offer does not exist",Error,,
"shopify_US_6640874094689_39529050505313","964","Offer does not exist",Error,,
"shopify_US_4801326973025_32809285877857","225","Offer does not exist",Error,,
"shopify_US_4804917559393_32817749622881","328","Offer does not exist",Error,,
"shopify_US_7537367744609_44085191868513","7,070","Offer does not exist",Error,,
"shopify_US_6854511493217_40326201802849","2,033","Offer does not exist",Error,,
"shopify_US_6724529520737_39773621813345","1,518","Offer does not exist",Error,,
"shopify_US_6724948754529_39774874632289","1,544","Offer does not exist",Error,,
"shopify_US_6854511493217_40326201507937","2,025","Offer does not exist",Error,,
"shopify_US_6842587545697_40266217619553","1,791","Offer does not exist",Error,,
"shopify_US_4808303738977_32824868929633","370","Offer does not exist",Error,,
"shopify_US_6854357549153_40325666013281","1,935","Offer does not exist",Error,,
"shopify_US_6854357549153_40325665194081","1,922","Offer does not exist",Error,,
"shopify_US_6640859676769_39529025306721","849","Offer does not exist",Error,,
"shopify_US_6842587119713_40266215915617","1,776","Offer does not exist",Error,,
"shopify_US_6842586136673_40266209788001","1,689","Offer does not exist",Error,,
"shopify_US_7227374534753_41871499591777","3,364","Offer does not exist",Error,,
"shopify_US_7533454098529_44047093334113","5,765","Offer does not exist",Error,,
"shopify_US_6587229700193_39378275369057","442","Offer does not exist",Error,,
"shopify_US_6587229700193_39378260983905","404","Offer does not exist",Error,,
"shopify_US_6640876552289_39529067872353","1,014","Offer does not exist",Error,,
"shopify_US_6842588004449_40266219749473","1,823","Offer does not exist",Error,,
"shopify_US_6640866590817_39529039003745","918","Offer does not exist",Error,,
"shopify_US_7537369120865_44085195767905","7,107","Offer does not exist",Error,,
"shopify_US_4804903207009_32817728847969","280","Offer does not exist",Error,,
"shopify_US_4801326973025_32809286336609","236","Offer does not exist",Error,,
"shopify_US_6640859676769_39529026388065","881","Offer does not exist",Error,,
"shopify_US_6979350528097_40855058579553","2,119","Offer does not exist",Error,,
"shopify_US_6675272499297_39614411407457","1,123","Offer does not exist",Error,,
"shopify_US_6842587119713_40266215293025","1,757","Offer does not exist",Error,,
"shopify_US_6842586136673_40266209886305","1,692","Offer does not exist",Error,,
"shopify_US_6842587119713_40266214801505","1,742","Offer does not exist",Error,,
"shopify_US_6842585317473_40266206478433","1,678","Offer does not exist",Error,,
"shopify_US_6675272499297_39614410981473","1,110","Offer does not exist",Error,,
"shopify_US_4802661679201_32811726274657","242","Offer does not exist",Error,,
"shopify_US_6854999998561_40328221458529","2,041","Offer does not exist",Error,,
"shopify_US_6842588004449_40266219454561","1,814","Offer does not exist",Error,,
"shopify_US_4804917559393_32817749065825","317","Offer does not exist",Error,,
"shopify_US_6842587545697_40266217291873","1,781","Offer does not exist",Error,,
"shopify_US_7109517770849_41498027327585","3,149","Offer does not exist",Error,,
"shopify_US_6640885268577_39529126658145","1,065","Offer does not exist",Error,,
"shopify_US_7227374534753_41871499690081","3,367","Offer does not exist",Error,,
"shopify_US_6640671686753_39528325513313","768","Offer does not exist",Error,,
"shopify_US_6640671686753_39528332329057","795","Offer does not exist",Error,,
"shopify_US_6640859676769_39529027010657","896","Offer does not exist",Error,,
"shopify_US_6854511493217_40326199279713","1,957","Offer does not exist",Error,,
"shopify_US_6842586136673_40266210377825","1,707","Offer does not exist",Error,,
"shopify_US_6640876552289_39529068626017","1,032","Offer does not exist",Error,,
"shopify_US_6842589577313_40266228760673","1,872","Offer does not exist",Error,,
"shopify_US_6640876552289_39529068101729","1,020","Offer does not exist",Error,,
"shopify_US_6640671686753_39528324792417","746","Offer does not exist",Error,,
"shopify_US_6724529520737_39773620306017","1,480","Offer does not exist",Error,,
"shopify_US_6676380581985_39618264432737","1,148","Offer does not exist",Error,,
"shopify_US_6842587119713_40266214637665","1,737","Offer does not exist",Error,,
"shopify_US_6724948754529_39774874009697","1,538","Offer does not exist",Error,,
"shopify_US_7227374534753_41871500345441","3,384","Offer does not exist",Error,,
"shopify_US_6640605986913_39528131657825","665","Offer does not exist",Error,,
"shopify_US_4804903207009_32817733271649","302","Offer does not exist",Error,,
"shopify_US_6640876552289_39529068757089","1,035","Offer does not exist",Error,,
"shopify_US_4804917559393_32817749131361","318","Offer does not exist",Error,,
"shopify_US_6842585317473_40266206543969","1,680","Offer does not exist",Error,,
"shopify_US_7537367744609_44085191737441","7,066","Offer does not exist",Error,,
"shopify_US_6640874094689_39529051488353","994","Offer does not exist",Error,,
"shopify_US_6640631808097_39528174682209","695","Offer does not exist",Error,,
"shopify_US_7109517770849_41498026803297","3,135","Offer does not exist",Error,,
"shopify_US_6640631808097_39528174485601","690","Offer does not exist",Error,,
"shopify_US_6640885268577_39529126396001","1,061","Offer does not exist",Error,,
"shopify_US_6979350528097_40855057760353","2,106","Offer does not exist",Error,,
"shopify_US_6587188805729_39378125422689","400","Offer does not exist",Error,,
"shopify_US_6842588430433_40266223681633","1,837","Offer does not exist",Error,,
"shopify_US_6842594656353_40266241605729","1,882","Offer does not exist",Error,,
"shopify_US_6587229700193_39378274910305","434","Offer does not exist",Error,,
"shopify_US_6842587119713_40266214309985","1,727","Offer does not exist",Error,,
"shopify_US_6842588004449_40266219913313","1,828","Offer does not exist",Error,,
"shopify_US_7533454098529_44047093399649","5,767","Offer does not exist",Error,,
"shopify_US_6640869900385_39529044312161","952","Offer does not exist",Error,,
"shopify_US_4804903207009_32817732517985","286","Offer does not exist",Error,,
"shopify_US_6640874094689_39529051029601","980","Offer does not exist",Error,,
"shopify_US_6675104694369_39613944135777","1,082","Offer does not exist",Error,,
"shopify_US_6640874094689_39529050898529","976","Offer does not exist",Error,,
"shopify_US_6724529520737_39773621715041","1,516","Offer does not exist",Error,,
"shopify_US_6640671686753_39528325087329","755","Offer does not exist",Error,,
"shopify_US_6854357549153_40325664800865","1,916","Offer does not exist",Error,,
"shopify_US_6854511493217_40326200393825","1,991","Offer does not exist",Error,,
"shopify_US_4804903207009_32817728946273","283","Offer does not exist",Error,,
"shopify_US_6614633152609_39455616532577","527","Offer does not exist",Error,,
"shopify_US_6842589577313_40266228793441","1,873","Offer does not exist",Error,,
"shopify_US_6640631808097_39528169275489","678","Offer does not exist",Error,,
"shopify_US_6640869900385_39529042903137","920","Offer does not exist",Error,,
"shopify_US_6854511493217_40326200688737","2,000","Offer does not exist",Error,,
"shopify_US_6640857776225_39529020751969","835","Offer does not exist",Error,,
"shopify_US_6842587119713_40266214768737","1,741","Offer does not exist",Error,,
"shopify_US_6854511493217_40326199476321","1,963","Offer does not exist",Error,,
"shopify_US_6854511493217_40326201147489","2,014","Offer does not exist",Error,,
"shopify_US_6854511493217_40326200197217","1,985","Offer does not exist",Error,,
"shopify_US_6842588004449_40266219847777","1,826","Offer does not exist",Error,,
"shopify_US_6640631808097_39528176746593","723","Offer does not exist",Error,,
"shopify_US_6640605986913_39528104231009","635","Offer does not exist",Error,,
"shopify_US_6842586136673_40266209984609","1,695","Offer does not exist",Error,,
"shopify_US_6640876552289_39529067577441","1,007","Offer does not exist",Error,,
"shopify_US_6640631808097_39528175796321","707","Offer does not exist",Error,,
"shopify_US_6842594656353_40266241736801","1,886","Offer does not exist",Error,,
"shopify_US_6640876552289_39529068200033","1,021","Offer does not exist",Error,,
"shopify_US_6640671686753_39528332460129","799","Offer does not exist",Error,,
"shopify_US_6675272499297_39614411440225","1,124","Offer does not exist",Error,,
"shopify_US_6842588561505_40266224238689","1,851","Offer does not exist",Error,,
"shopify_US_6979350528097_40855057399905","2,101","Offer does not exist",Error,,
"shopify_US_6979350528097_40855057629281","2,104","Offer does not exist",Error,,
"shopify_US_6979350528097_40855058677857","2,120","Offer does not exist",Error,,
"shopify_US_6675120848993_39613993615457","1,089","Offer does not exist",Error,,
"shopify_US_6676380581985_39618264531041","1,151","Offer does not exist",Error,,
"shopify_US_4804917559393_32817757814881","343","Offer does not exist",Error,,
"shopify_US_7109517770849_41498026967137","3,139","Offer does not exist",Error,,
"shopify_US_6640866590817_39529037365345","910","Offer does not exist",Error,,
"shopify_US_6640671686753_39528324825185","747","Offer does not exist",Error,,
"shopify_US_6640885268577_39529125642337","1,050","Offer does not exist",Error,,
"shopify_US_6854511493217_40326199443553","1,962","Offer does not exist",Error,,
"shopify_US_6724529520737_39773620699233","1,491","Offer does not exist",Error,,
"shopify_US_6724529520737_39773620338785","1,481","Offer does not exist",Error,,
"shopify_US_6587229700193_39378261999713","433","Offer does not exist",Error,,
"shopify_US_6842587545697_40266217914465","1,800","Offer does not exist",Error,,
"shopify_US_6854511493217_40326199705697","1,970","Offer does not exist",Error,,
"shopify_US_6640760160353_39528604467297","820","Offer does not exist",Error,,
"shopify_US_6854357549153_40325665587297","1,928","Offer does not exist",Error,,
"shopify_US_6854357549153_40325663686753","1,900","Offer does not exist",Error,,
"shopify_US_6640874094689_39529051291745","988","Offer does not exist",Error,,
"shopify_US_6842587119713_40266214211681","1,724","Offer does not exist",Error,,
"shopify_US_6854999998561_40328221392993","2,039","Offer does not exist",Error,,
"shopify_US_6640631808097_39528176484449","716","Offer does not exist",Error,,
"shopify_US_6842588561505_40266224140385","1,848","Offer does not exist",Error,,
"shopify_US_6979350528097_40855059234913","2,129","Offer does not exist",Error,,
"shopify_US_4804861722721_32817630281825","251","Offer does not exist",Error,,
"shopify_US_6842586136673_40266209951841","1,694","Offer does not exist",Error,,
"shopify_US_6854511493217_40326201278561","2,018","Offer does not exist",Error,,
"shopify_US_6842587119713_40266215653473","1,768","Offer does not exist",Error,,
"shopify_US_6676380581985_39618264105057","1,138","Offer does not exist",Error,,
"shopify_US_6854511493217_40326198886497","1,945","Offer does not exist",Error,,
"shopify_US_6979350528097_40855059628129","2,135","Offer does not exist",Error,,
"shopify_US_6587229700193_39378261475425","418","Offer does not exist",Error,,
"shopify_US_6842585317473_40266206675041","1,684","Offer does not exist",Error,,
"shopify_US_6675272499297_39614410883169","1,107","Offer does not exist",Error,,
"shopify_US_4808303738977_32824869191777","373","Offer does not exist",Error,,
"shopify_US_6854511493217_40326200361057","1,990","Offer does not exist",Error,,
"shopify_US_6640859676769_39529025437793","853","Offer does not exist",Error,,
"shopify_US_4808303738977_32824868798561","368","Offer does not exist",Error,,
"shopify_US_6842588561505_40266224402529","1,856","Offer does not exist",Error,,
"shopify_US_7537367744609_44085191770209","7,067","Offer does not exist",Error,,
"shopify_US_4804951670881_32817942397025","354","Offer does not exist",Error,,
"shopify_US_6640671686753_39528332558433","802","Offer does not exist",Error,,
"shopify_US_4804903207009_32817728618593","273","Offer does not exist",Error,,
"shopify_US_4804917559393_32817749360737","323","Offer does not exist",Error,,
"shopify_US_4804903207009_32817729011809","285","Offer does not exist",Error,,
"shopify_US_6979350528097_40855058153569","2,112","Offer does not exist",Error,,
"shopify_US_6842587545697_40266217750625","1,795","Offer does not exist",Error,,
"shopify_US_4801305772129_32809160507489","210","Offer does not exist",Error,,
"shopify_US_6854357549153_40325665423457","1,926","Offer does not exist",Error,,
"shopify_US_6842589577313_40266228695137","1,870","Offer does not exist",Error,,
"shopify_US_6640671686753_39528332230753","792","Offer does not exist",Error,,
"shopify_US_4680207073377_32471817977953","148","Offer does not exist",Error,,
"shopify_US_6854511493217_40326200754273","2,002","Offer does not exist",Error,,
"shopify_US_6842585317473_40266206576737","1,681","Offer does not exist",Error,,
"shopify_US_7109517770849_41498027229281","3,147","Offer does not exist",Error,,
"shopify_US_6842587119713_40266214670433","1,738","Offer does not exist",Error,,
"shopify_US_6640869900385_39529043951713","944","Offer does not exist",Error,,
"shopify_US_6854511493217_40326201213025","2,016","Offer does not exist",Error,,
"shopify_US_6724948754529_39774873747553","1,531","Offer does not exist",Error,,
"shopify_US_6640631808097_39528178024545","732","Offer does not exist",Error,,
"shopify_US_6675104694369_39613921591393","1,078","Offer does not exist",Error,,
"shopify_US_6854511493217_40326200066145","1,981","Offer does not exist",Error,,
"shopify_US_6640859676769_39529026781281","889","Offer does not exist",Error,,
"shopify_US_6842586136673_40266210312289","1,705","Offer does not exist",Error,,
"shopify_US_6640671686753_39528325218401","759","Offer does not exist",Error,,
"shopify_US_4815370125409_32859942813793","386","Offer does not exist",Error,,
"shopify_US_6640876552289_39529068560481","1,030","Offer does not exist",Error,,
"shopify_US_6854999998561_40328221491297","2,042","Offer does not exist",Error,,
"shopify_US_7533454098529_44047093137505","5,759","Offer does not exist",Error,,
"shopify_US_6842586136673_40266210541665","1,712","Offer does not exist",Error,,
"shopify_US_6842587119713_40266215981153","1,778","Offer does not exist",Error,,
"shopify_US_6640859676769_39529025241185","847","Offer does not exist",Error,,
"shopify_US_6587188805729_39378125029473","399","Offer does not exist",Error,,
"shopify_US_6724529520737_39773620666465","1,490","Offer does not exist",Error,,
"shopify_US_7537369120865_44085195898977","7,111","Offer does not exist",Error,,
"shopify_US_4804903207009_32817732812897","295","Offer does not exist",Error,,
"shopify_US_6640859676769_39529026125921","874","Offer does not exist",Error,,
"shopify_US_6842587119713_40266215587937","1,766","Offer does not exist",Error,,
"shopify_US_6640874094689_39529050439777","962","Offer does not exist",Error,,
"shopify_US_6854357549153_40325663621217","1,898","Offer does not exist",Error,,
"shopify_US_6842588004449_40266219815009","1,825","Offer does not exist",Error,,
"shopify_US_4801305772129_32809160376417","207","Offer does not exist",Error,,
"shopify_US_6640869900385_39529043001441","922","Offer does not exist",Error,,
"shopify_US_6640859676769_39529025732705","862","Offer does not exist",Error,,
"shopify_US_6640885268577_39529126133857","1,057","Offer does not exist",Error,,
"shopify_US_6587229700193_39378261803105","428","Offer does not exist",Error,,
"shopify_US_6979350528097_41507082207329","3,247","Offer does not exist",Error,,
"shopify_US_6675120848993_39614011113569","1,104","Offer does not exist",Error,,
"shopify_US_6640631808097_39528174387297","687","Offer does not exist",Error,,
"shopify_US_6640874094689_39529051390049","991","Offer does not exist",Error,,
"shopify_US_6640605986913_39528105181281","644","Offer does not exist",Error,,
"shopify_US_6640874094689_39529050341473","959","Offer does not exist",Error,,
"shopify_US_7227374534753_41871499657313","3,366","Offer does not exist",Error,,
"shopify_US_6724529520737_39773621190753","1,502","Offer does not exist",Error,,
"shopify_US_6640631808097_39528168783969","674","Offer does not exist",Error,,
"shopify_US_6854357549153_40325664276577","1,909","Offer does not exist",Error,,
"shopify_US_4804903207009_32817733369953","305","Offer does not exist",Error,,
"shopify_US_6854511493217_40326199345249","1,959","Offer does not exist",Error,,
"shopify_US_6854357549153_40325666209889","1,938","Offer does not exist",Error,,
"shopify_US_6640859676769_39529026879585","892","Offer does not exist",Error,,
"shopify_US_6842587545697_40266217816161","1,797","Offer does not exist",Error,,
"shopify_US_6854357549153_40325663817825","1,901","Offer does not exist",Error,,
"shopify_US_6675104694369_39613921525857","1,076","Offer does not exist",Error,,
"shopify_US_6640857776225_39529020358753","832","Offer does not exist",Error,,
"shopify_US_4804903207009_32817733173345","299","Offer does not exist",Error,,
"shopify_US_6640671686753_39528325415009","765","Offer does not exist",Error,,
"shopify_US_6842586136673_40266210410593","1,708","Offer does not exist",Error,,
"shopify_US_7227374534753_41871499722849","3,368","Offer does not exist",Error,,
"shopify_US_6640671686753_39528330821729","788","Offer does not exist",Error,,
"shopify_US_6842587119713_40266215751777","1,771","Offer does not exist",Error,,
"shopify_US_6640631808097_39528178122849","735","Offer does not exist",Error,,
"shopify_US_6614633152609_39455616598113","528","Offer does not exist",Error,,
"shopify_US_6640874094689_39529050570849","966","Offer does not exist",Error,,
"shopify_US_6640631808097_39528175501409","704","Offer does not exist",Error,,
"shopify_US_4804861722721_32817633034337","267","Offer does not exist",Error,,
"shopify_US_7537367744609_44085191704673","7,065","Offer does not exist",Error,,
"shopify_US_7109517770849_41498026442849","3,125","Offer does not exist",Error,,
"shopify_US_6640605986913_39528105345121","647","Offer does not exist",Error,,
"shopify_US_6640605986913_39528131493985","660","Offer does not exist",Error,,
"shopify_US_6854511493217_40326201835617","2,034","Offer does not exist",Error,,
"shopify_US_6724529520737_39773621256289","1,504","Offer does not exist",Error,,
"shopify_US_6675272499297_39615949308001","1,133","Offer does not exist",Error,,
"shopify_US_7537367744609_44085192065121","7,076","Offer does not exist",Error,,
"shopify_US_4804951670881_32817942921313","358","Offer does not exist",Error,,
"shopify_US_6842587119713_40266214408289","1,730","Offer does not exist",Error,,
"shopify_US_6675104694369_39613944168545","1,083","Offer does not exist",Error,,
"shopify_US_6842586136673_40266209722465","1,687","Offer does not exist",Error,,
"shopify_US_6842588004449_40266219487329","1,815","Offer does not exist",Error,,
"shopify_US_6854999998561_40328221261921","2,035","Offer does not exist",Error,,
"shopify_US_6854357549153_40325665063009","1,921","Offer does not exist",Error,,
"shopify_US_6842588561505_40266224107617","1,847","Offer does not exist",Error,,
"shopify_US_6842587119713_40266214441057","1,731","Offer does not exist",Error,,
"shopify_US_6640876552289_39529068888161","1,038","Offer does not exist",Error,,
"shopify_US_6640874094689_39529051095137","982","Offer does not exist",Error,,
"shopify_US_6724529520737_39773621944417","1,522","Offer does not exist",Error,,
"shopify_US_6640631808097_39528174714977","696","Offer does not exist",Error,,
"shopify_US_6676380581985_39618264629345","1,154","Offer does not exist",Error,,
"shopify_US_6640885268577_39529126821985","1,068","Offer does not exist",Error,,
"shopify_US_6614633152609_39455616172129","519","Offer does not exist",Error,,
"shopify_US_4804917559393_32817758011489","349","Offer does not exist",Error,,
"shopify_US_4680207073377_32471817715809","144","Offer does not exist",Error,,
"shopify_US_4801326973025_32809264218209","218","Offer does not exist",Error,,
"shopify_US_6675120848993_39613994762337","1,096","Offer does not exist",Error,,
"shopify_US_6640859676769_39529026453601","882","Offer does not exist",Error,,
"shopify_US_6724948754529_39774874533985","1,541","Offer does not exist",Error,,
"shopify_US_6587229700193_39378261540961","420","Offer does not exist",Error,,
"shopify_US_4801326973025_32809264152673","216","Offer does not exist",Error,,
"shopify_US_6640874094689_39529051062369","981","Offer does not exist",Error,,
"shopify_US_6587229700193_39378261704801","425","Offer does not exist",Error,,
"shopify_US_6842587119713_40266214867041","1,744","Offer does not exist",Error,,
"shopify_US_4801326973025_32809264087137","214","Offer does not exist",Error,,
"shopify_US_6854511493217_40326199214177","1,955","Offer does not exist",Error,,
"shopify_US_4804861722721_32817633198177","272","Offer does not exist",Error,,
"shopify_US_6854999998561_40328221327457","2,037","Offer does not exist",Error,,
"shopify_US_6587229700193_39378261114977","408","Offer does not exist",Error,,
"shopify_US_4815349121121_32858782924897","375","Offer does not exist",Error,,
"shopify_US_7533454098529_44047093366881","5,766","Offer does not exist",Error,,
"shopify_US_7533454098529_44047093465185","5,769","Offer does not exist",Error,,
"shopify_US_4815349121121_32858783023201","378","Offer does not exist",Error,,
"shopify_US_6640671686753_39528324989025","752","Offer does not exist",Error,,
"shopify_US_7537369120865_44085195800673","7,108","Offer does not exist",Error,,
"shopify_US_6842586136673_40266210213985","1,702","Offer does not exist",Error,,
"shopify_US_6979350528097_41507082272865","3,249","Offer does not exist",Error,,
"shopify_US_6979350528097_40855059497057","2,133","Offer does not exist",Error,,
"shopify_US_7537367744609_44085192097889","7,077","Offer does not exist",Error,,
"shopify_US_6640671686753_39528332361825","796","Offer does not exist",Error,,
"shopify_US_6640885268577_39529125740641","1,051","Offer does not exist",Error,,
"shopify_US_6640869900385_39529043591265","936","Offer does not exist",Error,,
"shopify_US_6675272499297_39614410915937","1,108","Offer does not exist",Error,,
"shopify_US_6676380581985_39618264662113","1,155","Offer does not exist",Error,,
"shopify_US_6842585317473_40266206707809","1,685","Offer does not exist",Error,,
"shopify_US_4801326973025_32809264119905","215","Offer does not exist",Error,,
"shopify_US_6640671686753_39528325578849","770","Offer does not exist",Error,,
"shopify_US_4804861722721_32817633165409","271","Offer does not exist",Error,,
"shopify_US_6640671686753_39528329347169","783","Offer does not exist",Error,,
"shopify_US_6724529520737_39773620371553","1,482","Offer does not exist",Error,,
"shopify_US_4804917559393_32817757880417","345","Offer does not exist",Error,,
"shopify_US_6979350528097_40855056842849","2,092","Offer does not exist",Error,,
"shopify_US_6724948754529_39774874468449","1,540","Offer does not exist",Error,,
"shopify_US_6842586136673_40266210639969","1,715","Offer does not exist",Error,,
"shopify_US_6640866590817_39529038020705","912","Offer does not exist",Error,,
"shopify_US_4804903207009_32817732550753","287","Offer does not exist",Error,,
"shopify_US_6724529520737_39773620994145","1,496","Offer does not exist",Error,,
"shopify_US_6854511493217_40326200426593","1,992","Offer does not exist",Error,,
"shopify_US_6640876552289_39529068855393","1,037","Offer does not exist",Error,,
"shopify_US_7537367744609_44085191835745","7,069","Offer does not exist",Error,,
"shopify_US_6587249819745_39378320261217","455","Offer does not exist",Error,,
"shopify_US_6640869900385_39529043132513","925","Offer does not exist",Error,,
"shopify_US_6675120848993_39613993812065","1,095","Offer does not exist",Error,,
"shopify_US_4804951670881_32817943576673","363","Offer does not exist",Error,,
"shopify_US_6640885268577_39529126527073","1,063","Offer does not exist",Error,,
"shopify_US_6842585317473_40266206183521","1,669","Offer does not exist",Error,,
"shopify_US_6640859676769_39529025962081","869","Offer does not exist",Error,,
"shopify_US_6854357549153_40325664997473","1,919","Offer does not exist",Error,,
"shopify_US_6587229700193_39378275106913","438","Offer does not exist",Error,,
"shopify_US_7227374534753_41871499886689","3,373","Offer does not exist",Error,,
"shopify_US_6854357549153_40325665783905","1,931","Offer does not exist",Error,,
"shopify_US_4802661679201_32811726372961","245","Offer does not exist",Error,,
"shopify_US_6640859676769_39529026322529","880","Offer does not exist",Error,,
"shopify_US_6640857776225_39529021145185","838","Offer does not exist",Error,,
"shopify_US_6842589577313_40266228826209","1,874","Offer does not exist",Error,,
"shopify_US_4801326973025_32809286041697","228","Offer does not exist",Error,,
"shopify_US_6854511493217_40326201311329","2,019","Offer does not exist",Error,,
"shopify_US_6854511493217_40326199509089","1,964","Offer does not exist",Error,,
"shopify_US_6640631808097_39528176779361","724","Offer does not exist",Error,,
"shopify_US_6640876552289_39529068232801","1,022","Offer does not exist",Error,,
"shopify_US_6587229700193_39378261573729","421","Offer does not exist",Error,,
"shopify_US_6640631808097_39528169439329","680","Offer does not exist",Error,,
"shopify_US_6842588430433_40266223779937","1,840","Offer does not exist",Error,,
"shopify_US_6640876552289_39529067184225","997","Offer does not exist",Error,,
"shopify_US_4804917559393_32817749655649","329","Offer does not exist",Error,,
"shopify_US_6640869900385_39529044082785","947","Offer does not exist",Error,,
"shopify_US_4815370125409_32859943010401","392","Offer does not exist",Error,,
"shopify_US_6842588004449_40266219094113","1,803","Offer does not exist",Error,,
"shopify_US_7109517770849_41498026836065","3,136","Offer does not exist",Error,,
"shopify_US_6587229700193_39378261377121","415","Offer does not exist",Error,,
"shopify_US_6640631808097_39528178221153","737","Offer does not exist",Error,,
"shopify_US_6979350528097_40855057662049","2,105","Offer does not exist",Error,,
"shopify_US_6979350528097_40855057498209","2,102","Offer does not exist",Error,,
"shopify_US_6854511493217_40326200229985","1,986","Offer does not exist",Error,,
"shopify_US_6640874094689_39529050996833","979","Offer does not exist",Error,,
"shopify_US_6640876552289_39529069281377","1,048","Offer does not exist",Error,,
"shopify_US_6842588561505_40266224271457","1,852","Offer does not exist",Error,,
"shopify_US_6587229700193_39378275631201","447","Offer does not exist",Error,,
"shopify_US_6640605986913_39528135065697","667","Offer does not exist",Error,,
"shopify_US_7537369120865_44085195931745","7,112","Offer does not exist",Error,,
"shopify_US_6724529520737_39773621977185","1,523","Offer does not exist",Error,,
"shopify_US_6842588004449_40266219946081","1,829","Offer does not exist",Error,,
"shopify_US_6587229700193_39378261016673","405","Offer does not exist",Error,,
"shopify_US_7533454098529_44047093203041","5,761","Offer does not exist",Error,,
"shopify_US_6842589118561_40266226237537","1,860","Offer does not exist",Error,,
"shopify_US_6842587119713_40266214375521","1,729","Offer does not exist",Error,,
"shopify_US_6842587119713_40266214834273","1,743","Offer does not exist",Error,,
"shopify_US_6979350528097_40855058808929","2,122","Offer does not exist",Error,,
"shopify_US_4802661679201_32811726045281","239","Offer does not exist",Error,,
"shopify_US_6842587545697_40266217488481","1,787","Offer does not exist",Error,,
"shopify_US_6640876552289_39529068036193","1,018","Offer does not exist",Error,,
"shopify_US_6854511493217_40326199869537","1,975","Offer does not exist",Error,,
"shopify_US_6724948754529_39774873944161","1,536","Offer does not exist",Error,,
"shopify_US_6640605986913_39528131231841","653","Offer does not exist",Error,,
"shopify_US_6979350528097_40855059595361","2,134","Offer does not exist",Error,,
"shopify_US_6675272499297_39614411505761","1,126","Offer does not exist",Error,,
"shopify_US_6640859676769_39529025372257","851","Offer does not exist",Error,,
"shopify_US_4804917559393_32817749459041","325","Offer does not exist",Error,,
"shopify_US_6675120848993_39614011015265","1,101","Offer does not exist",Error,,
"shopify_US_6640631808097_39528175894625","710","Offer does not exist",Error,,
