shopify_product_id,shopify_variant_id,handle,product_title,variant_title,sku,barcode_gtin,merchant_center_item_id,current_item_group_id,current_item_group_id_evidence,proposed_item_group_id,family_style_id,role,item_type,shopify_product_type,product_type_for_ads,google_product_category,image_link,link,price,availability,unit_cost,gross_margin_percent,margin_tier,inventory,custom_label_0,custom_label_1,custom_label_2,custom_label_3,custom_label_4,online_store_published,google_youtube_published,current_shopify_mm_google_custom_label_0,current_shopify_mm_google_custom_label_1,current_shopify_mm_google_custom_label_2,current_shopify_mm_google_custom_label_3,current_shopify_mm_google_custom_label_4
7227378892897,41871520661601,matching-family-beach-outfits-holiday-palm-tree-print-summer-dresses-shorts-set,Beach Outfits Holiday Palm Tree Print Summer Dresse... | DLM,Father XL / blue,5672480138395-01,5672480138395,shopify_US_7227378892897_41871520661601,shopify_US_7227378892897,INFERRED_FROM_SHOPIFY_PRODUCT_ID; exact live MC item_group_id export not present locally,dlm_7227378892897_father_dress,dlm_style_7227378892897_matching_family_beach_outfits_holiday_palm_tree_print_summer_dresses_shorts_set,father,dress,Sets,daddy_me,NEEDS_MERCHANT_EXPORT,https://cdn.shopify.com/s/files/1/1557/1635/files/pomelli-image_7_da0f82bb-6bbd-481b-9319-e05edd967191.png?v=1772573899,https://www.dresslikemommy.com/products/matching-family-beach-outfits-holiday-palm-tree-print-summer-dresses-shorts-set,27.99,in_stock,14.00,49.98,margin_medium,877,paid_eligible,margin_medium,daddy_me,aov_medium,us_test_ready,True,True,high,set,true,year-round,0-25
7227378892897,41871520694369,matching-family-beach-outfits-holiday-palm-tree-print-summer-dresses-shorts-set,Beach Outfits Holiday Palm Tree Print Summer Dresse... | DLM,Father 2XL / blue,5672480138396-01,5672480138396,shopify_US_7227378892897_41871520694369,shopify_US_7227378892897,INFERRED_FROM_SHOPIFY_PRODUCT_ID; exact live MC item_group_id export not present locally,dlm_7227378892897_father_dress,dlm_style_7227378892897_matching_family_beach_outfits_holiday_palm_tree_print_summer_dresses_shorts_set,father,dress,Sets,daddy_me,NEEDS_MERCHANT_EXPORT,https://cdn.shopify.com/s/files/1/1557/1635/files/pomelli-image_7_da0f82bb-6bbd-481b-9319-e05edd967191.png?v=1772573899,https://www.dresslikemommy.com/products/matching-family-beach-outfits-holiday-palm-tree-print-summer-dresses-shorts-set,27.99,in_stock,14.00,49.98,margin_medium,887,paid_eligible,margin_medium,daddy_me,aov_medium,us_test_ready,True,True,high,set,true,year-round,0-25
7227378892897,41871520727137,matching-family-beach-outfits-holiday-palm-tree-print-summer-dresses-shorts-set,Beach Outfits Holiday Palm Tree Print Summer Dresse... | DLM,Father 3XL / blue,5672480138397-01,5672480138397,shopify_US_7227378892897_41871520727137,shopify_US_7227378892897,INFERRED_FROM_SHOPIFY_PRODUCT_ID; exact live MC item_group_id export not present locally,dlm_7227378892897_father_dress,dlm_style_7227378892897_matching_family_beach_outfits_holiday_palm_tree_print_summer_dresses_shorts_set,father,dress,Sets,daddy_me,NEEDS_MERCHANT_EXPORT,https://cdn.shopify.com/s/files/1/1557/1635/files/pomelli-image_7_da0f82bb-6bbd-481b-9319-e05edd967191.png?v=1772573899,https://www.dresslikemommy.com/products/matching-family-beach-outfits-holiday-palm-tree-print-summer-dresses-shorts-set,27.99,in_stock,14.00,49.98,margin_medium,936,paid_eligible,margin_medium,daddy_me,aov_medium,us_test_ready,True,True,high,set,true,year-round,0-25
7110368919649,41500577398881,dynamic-duo-father-and-son-matching-swim-trunks-family-beachwear-set,"Dynamic Duo"" Father and Son Matching Swim Trunks - ... | DLM",Father L / Orange,5207291341737-Size:L;Color:Orange leaf beach pants;,5207291341737,shopify_US_7110368919649_41500577398881,shopify_US_7110368919649,INFERRED_FROM_SHOPIFY_PRODUCT_ID; exact live MC item_group_id export not present locally,dlm_7110368919649_father_swimwear,dlm_style_7110368919649_dynamic_duo_father_and_son_matching_swim_trunks_family_beachwear_set,father,swimwear,Swimwear,daddy_me,NEEDS_MERCHANT_EXPORT,https://cdn.shopify.com/s/files/1/1557/1635/files/pomelli-image_30_e8f7e0d7-d6b8-4a2c-b446-0bdd292af06e.png?v=1774242070,https://www.dresslikemommy.com/products/dynamic-duo-father-and-son-matching-swim-trunks-family-beachwear-set,15.99,in_stock,8.00,49.97,margin_medium,998,paid_eligible,margin_medium,daddy_me,aov_medium,us_test_ready,True,True,high,set,false,summer,0-25
7110368919649,41500577497185,dynamic-duo-father-and-son-matching-swim-trunks-family-beachwear-set,"Dynamic Duo"" Father and Son Matching Swim Trunks - ... | DLM",Father 2XL / Orange,5207291341739-Size:XXL;Color:Orange leaf beach pants;,5207291341739,shopify_US_7110368919649_41500577497185,shopify_US_7110368919649,INFERRED_FROM_SHOPIFY_PRODUCT_ID; exact live MC item_group_id export not present locally,dlm_7110368919649_father_swimwear,dlm_style_7110368919649_dynamic_duo_father_and_son_matching_swim_trunks_family_beachwear_set,father,swimwear,Swimwear,daddy_me,NEEDS_MERCHANT_EXPORT,https://cdn.shopify.com/s/files/1/1557/1635/files/pomelli-image_30_e8f7e0d7-d6b8-4a2c-b446-0bdd292af06e.png?v=1774242070,https://www.dresslikemommy.com/products/dynamic-duo-father-and-son-matching-swim-trunks-family-beachwear-set,15.99,in_stock,8.00,49.97,margin_medium,1000,paid_eligible,margin_medium,daddy_me,aov_medium,us_test_ready,True,True,high,set,false,summer,0-25
7110368919649,41500577529953,dynamic-duo-father-and-son-matching-swim-trunks-family-beachwear-set,"Dynamic Duo"" Father and Son Matching Swim Trunks - ... | DLM",Child 2-3 years / Orange,5207291341740-Size:104;Color:Orange leaf beach pants;,5207291341740,shopify_US_7110368919649_41500577529953,shopify_US_7110368919649,INFERRED_FROM_SHOPIFY_PRODUCT_ID; exact live MC item_group_id export not present locally,dlm_7110368919649_father_swimwear,dlm_style_7110368919649_dynamic_duo_father_and_son_matching_swim_trunks_family_beachwear_set,father,swimwear,Swimwear,daddy_me,NEEDS_MERCHANT_EXPORT,https://cdn.shopify.com/s/files/1/1557/1635/files/pomelli-image_30_e8f7e0d7-d6b8-4a2c-b446-0bdd292af06e.png?v=1774242070,https://www.dresslikemommy.com/products/dynamic-duo-father-and-son-matching-swim-trunks-family-beachwear-set,14.99,in_stock,7.50,49.97,margin_medium,998,paid_eligible,margin_medium,daddy_me,aov_medium,us_test_ready,True,True,high,set,false,summer,0-25
7110368919649,41500577595489,dynamic-duo-father-and-son-matching-swim-trunks-family-beachwear-set,"Dynamic Duo"" Father and Son Matching Swim Trunks - ... | DLM",Child 4-5 years / Orange,5207291341742-Size:128;Color:Orange leaf beach pants;,5207291341742,shopify_US_7110368919649_41500577595489,shopify_US_7110368919649,INFERRED_FROM_SHOPIFY_PRODUCT_ID; exact live MC item_group_id export not present locally,dlm_7110368919649_father_swimwear,dlm_style_7110368919649_dynamic_duo_father_and_son_matching_swim_trunks_family_beachwear_set,father,swimwear,Swimwear,daddy_me,NEEDS_MERCHANT_EXPORT,https://cdn.shopify.com/s/files/1/1557/1635/files/pomelli-image_30_e8f7e0d7-d6b8-4a2c-b446-0bdd292af06e.png?v=1774242070,https://www.dresslikemommy.com/products/dynamic-duo-father-and-son-matching-swim-trunks-family-beachwear-set,14.99,in_stock,7.50,49.97,margin_medium,999,paid_eligible,margin_medium,daddy_me,aov_medium,us_test_ready,True,True,high,set,false,summer,0-25
7110368919649,41500577628257,dynamic-duo-father-and-son-matching-swim-trunks-family-beachwear-set,"Dynamic Duo"" Father and Son Matching Swim Trunks - ... | DLM",Child 6-8 years / Orange,5207291341743-Size:140;Color:Orange leaf beach pants;,5207291341743,shopify_US_7110368919649_41500577628257,shopify_US_7110368919649,INFERRED_FROM_SHOPIFY_PRODUCT_ID; exact live MC item_group_id export not present locally,dlm_7110368919649_father_swimwear,dlm_style_7110368919649_dynamic_duo_father_and_son_matching_swim_trunks_family_beachwear_set,father,swimwear,Swimwear,daddy_me,NEEDS_MERCHANT_EXPORT,https://cdn.shopify.com/s/files/1/1557/1635/files/pomelli-image_30_e8f7e0d7-d6b8-4a2c-b446-0bdd292af06e.png?v=1774242070,https://www.dresslikemommy.com/products/dynamic-duo-father-and-son-matching-swim-trunks-family-beachwear-set,14.99,in_stock,7.50,49.97,margin_medium,1000,paid_eligible,margin_medium,daddy_me,aov_medium,us_test_ready,True,True,high,set,false,summer,0-25
7110368919649,41500577661025,dynamic-duo-father-and-son-matching-swim-trunks-family-beachwear-set,"Dynamic Duo"" Father and Son Matching Swim Trunks - ... | DLM",Child 8-10 years / Orange,5207291341744-Size:152;Color:Orange leaf beach pants;,5207291341744,shopify_US_7110368919649_41500577661025,shopify_US_7110368919649,INFERRED_FROM_SHOPIFY_PRODUCT_ID; exact live MC item_group_id export not present locally,dlm_7110368919649_father_swimwear,dlm_style_7110368919649_dynamic_duo_father_and_son_matching_swim_trunks_family_beachwear_set,father,swimwear,Swimwear,daddy_me,NEEDS_MERCHANT_EXPORT,https://cdn.shopify.com/s/files/1/1557/1635/files/pomelli-image_30_e8f7e0d7-d6b8-4a2c-b446-0bdd292af06e.png?v=1774242070,https://www.dresslikemommy.com/products/dynamic-duo-father-and-son-matching-swim-trunks-family-beachwear-set,14.99,in_stock,7.50,49.97,margin_medium,1000,paid_eligible,margin_medium,daddy_me,aov_medium,us_test_ready,True,True,high,set,false,summer,0-25
7110368919649,41500577693793,dynamic-duo-father-and-son-matching-swim-trunks-family-beachwear-set,"Dynamic Duo"" Father and Son Matching Swim Trunks - ... | DLM",Child 10-12 years / Orange,5207291341745-Size:164;Color:Orange leaf beach pants;,5207291341745,shopify_US_7110368919649_41500577693793,shopify_US_7110368919649,INFERRED_FROM_SHOPIFY_PRODUCT_ID; exact live MC item_group_id export not present locally,dlm_7110368919649_father_swimwear,dlm_style_7110368919649_dynamic_duo_father_and_son_matching_swim_trunks_family_beachwear_set,father,swimwear,Swimwear,daddy_me,NEEDS_MERCHANT_EXPORT,https://cdn.shopify.com/s/files/1/1557/1635/files/pomelli-image_30_e8f7e0d7-d6b8-4a2c-b446-0bdd292af06e.png?v=1774242070,https://www.dresslikemommy.com/products/dynamic-duo-father-and-son-matching-swim-trunks-family-beachwear-set,14.99,in_stock,7.50,49.97,margin_medium,99,paid_eligible,margin_medium,daddy_me,aov_medium,us_test_ready,True,True,high,set,false,summer,0-25
7110368919649,41500578742369,dynamic-duo-father-and-son-matching-swim-trunks-family-beachwear-set,"Dynamic Duo"" Father and Son Matching Swim Trunks - ... | DLM",Father L / Pink,5207291341957-Size:L;Color:Pink orange beach pants;,5207291341957,shopify_US_7110368919649_41500578742369,shopify_US_7110368919649,INFERRED_FROM_SHOPIFY_PRODUCT_ID; exact live MC item_group_id export not present locally,dlm_7110368919649_father_swimwear,dlm_style_7110368919649_dynamic_duo_father_and_son_matching_swim_trunks_family_beachwear_set,father,swimwear,Swimwear,daddy_me,NEEDS_MERCHANT_EXPORT,https://cdn.shopify.com/s/files/1/1557/1635/files/pomelli-image_30_e8f7e0d7-d6b8-4a2c-b446-0bdd292af06e.png?v=1774242070,https://www.dresslikemommy.com/products/dynamic-duo-father-and-son-matching-swim-trunks-family-beachwear-set,15.99,in_stock,8.00,49.97,margin_medium,86,paid_eligible,margin_medium,daddy_me,aov_medium,us_test_ready,True,True,high,set,false,summer,0-25
7110368919649,41500578807905,dynamic-duo-father-and-son-matching-swim-trunks-family-beachwear-set,"Dynamic Duo"" Father and Son Matching Swim Trunks - ... | DLM",Father 2XL / Pink,5207291341959-Size:XXL;Color:Pink orange beach pants;,5207291341959,shopify_US_7110368919649_41500578807905,shopify_US_7110368919649,INFERRED_FROM_SHOPIFY_PRODUCT_ID; exact live MC item_group_id export not present locally,dlm_7110368919649_father_swimwear,dlm_style_7110368919649_dynamic_duo_father_and_son_matching_swim_trunks_family_beachwear_set,father,swimwear,Swimwear,daddy_me,NEEDS_MERCHANT_EXPORT,https://cdn.shopify.com/s/files/1/1557/1635/files/pomelli-image_30_e8f7e0d7-d6b8-4a2c-b446-0bdd292af06e.png?v=1774242070,https://www.dresslikemommy.com/products/dynamic-duo-father-and-son-matching-swim-trunks-family-beachwear-set,15.99,in_stock,8.00,49.97,margin_medium,99,paid_eligible,margin_medium,daddy_me,aov_medium,us_test_ready,True,True,high,set,false,summer,0-25
7110368919649,41500578840673,dynamic-duo-father-and-son-matching-swim-trunks-family-beachwear-set,"Dynamic Duo"" Father and Son Matching Swim Trunks - ... | DLM",Child 2-3 years / Pink,5207291341960-Size:104;Color:Pink orange beach pants;,5207291341960,shopify_US_7110368919649_41500578840673,shopify_US_7110368919649,INFERRED_FROM_SHOPIFY_PRODUCT_ID; exact live MC item_group_id export not present locally,dlm_7110368919649_father_swimwear,dlm_style_7110368919649_dynamic_duo_father_and_son_matching_swim_trunks_family_beachwear_set,father,swimwear,Swimwear,daddy_me,NEEDS_MERCHANT_EXPORT,https://cdn.shopify.com/s/files/1/1557/1635/files/pomelli-image_30_e8f7e0d7-d6b8-4a2c-b446-0bdd292af06e.png?v=1774242070,https://www.dresslikemommy.com/products/dynamic-duo-father-and-son-matching-swim-trunks-family-beachwear-set,14.99,in_stock,7.50,49.97,margin_medium,97,paid_eligible,margin_medium,daddy_me,aov_medium,us_test_ready,True,True,high,set,false,summer,0-25
7110368919649,41500578938977,dynamic-duo-father-and-son-matching-swim-trunks-family-beachwear-set,"Dynamic Duo"" Father and Son Matching Swim Trunks - ... | DLM",Child 6-8 years / Pink,5207291341963-Size:140;Color:Pink orange beach pants;,5207291341963,shopify_US_7110368919649_41500578938977,shopify_US_7110368919649,INFERRED_FROM_SHOPIFY_PRODUCT_ID; exact live MC item_group_id export not present locally,dlm_7110368919649_father_swimwear,dlm_style_7110368919649_dynamic_duo_father_and_son_matching_swim_trunks_family_beachwear_set,father,swimwear,Swimwear,daddy_me,NEEDS_MERCHANT_EXPORT,https://cdn.shopify.com/s/files/1/1557/1635/files/pomelli-image_30_e8f7e0d7-d6b8-4a2c-b446-0bdd292af06e.png?v=1774242070,https://www.dresslikemommy.com/products/dynamic-duo-father-and-son-matching-swim-trunks-family-beachwear-set,14.99,in_stock,7.50,49.97,margin_medium,96,paid_eligible,margin_medium,daddy_me,aov_medium,us_test_ready,True,True,high,set,false,summer,0-25
7227379023969,41871522431073,elegant-matching-family-outfits-light-blue-halter-dresses-casual-t-shirt-set-for-summer,Elegant Outfits Light Blue Halter Dresses & Casual ... | DLM,Father L / blue,5672249086502-01,5672249086502,shopify_US_7227379023969_41871522431073,shopify_US_7227379023969,INFERRED_FROM_SHOPIFY_PRODUCT_ID; exact live MC item_group_id export not present locally,dlm_7227379023969_father_dress,dlm_style_7227379023969_elegant_matching_family_outfits_light_blue_halter_dresses_casual_t_shirt_set_for_summer,father,dress,Sets,daddy_me,NEEDS_MERCHANT_EXPORT,https://cdn.shopify.com/s/files/1/1557/1635/files/pomelli-image_44_0e028ffb-5d6c-4fc0-8d3e-8ec228f0ef5e.png?v=1772570393,https://www.dresslikemommy.com/products/elegant-matching-family-outfits-light-blue-halter-dresses-casual-t-shirt-set-for-summer,24.99,in_stock,12.50,49.98,margin_medium,55,paid_eligible,margin_medium,daddy_me,aov_medium,us_test_ready,True,True,high,set,true,year-round,0-25
7227379023969,41871522463841,elegant-matching-family-outfits-light-blue-halter-dresses-casual-t-shirt-set-for-summer,Elegant Outfits Light Blue Halter Dresses & Casual ... | DLM,Father XL / blue,5672249086503-01,5672249086503,shopify_US_7227379023969_41871522463841,shopify_US_7227379023969,INFERRED_FROM_SHOPIFY_PRODUCT_ID; exact live MC item_group_id export not present locally,dlm_7227379023969_father_dress,dlm_style_7227379023969_elegant_matching_family_outfits_light_blue_halter_dresses_casual_t_shirt_set_for_summer,father,dress,Sets,daddy_me,NEEDS_MERCHANT_EXPORT,https://cdn.shopify.com/s/files/1/1557/1635/files/pomelli-image_44_0e028ffb-5d6c-4fc0-8d3e-8ec228f0ef5e.png?v=1772570393,https://www.dresslikemommy.com/products/elegant-matching-family-outfits-light-blue-halter-dresses-casual-t-shirt-set-for-summer,24.99,in_stock,12.50,49.98,margin_medium,42,paid_eligible,margin_medium,daddy_me,aov_medium,us_test_ready,True,True,high,set,true,year-round,0-25
7110363119713,41500562817121,father-and-son-matching-swim-trunks-bold-cow-print-family-beachwear,Father and Son Matching Swim Trunks - Bold Cow Prin... | DLM,Father M / Photo Color,5176660456198-Size:Father M;Color:Photo Color;,5176660456198,shopify_US_7110363119713_41500562817121,shopify_US_7110363119713,INFERRED_FROM_SHOPIFY_PRODUCT_ID; exact live MC item_group_id export not present locally,dlm_7110363119713_father_swimwear,dlm_style_7110363119713_father_and_son_matching_swim_trunks_bold_cow_print_family_beachwear,father,swimwear,Swimwear,daddy_me,NEEDS_MERCHANT_EXPORT,https://cdn.shopify.com/s/files/1/1557/1635/files/pomelli-image_22_e07ff0e8-c19c-431a-be58-0356ce42e193.png?v=1774241301,https://www.dresslikemommy.com/products/father-and-son-matching-swim-trunks-bold-cow-print-family-beachwear,15.99,in_stock,8.00,49.97,margin_medium,1000,paid_eligible,margin_medium,daddy_me,aov_medium,us_test_ready,True,True,high,set,false,summer,0-25
7110363119713,41500562948193,father-and-son-matching-swim-trunks-bold-cow-print-family-beachwear,Father and Son Matching Swim Trunks - Bold Cow Prin... | DLM,Child 2-3 years / Photo Color,5176660456202-Size:Son 2-3T;Color:Photo Color;,5176660456202,shopify_US_7110363119713_41500562948193,shopify_US_7110363119713,INFERRED_FROM_SHOPIFY_PRODUCT_ID; exact live MC item_group_id export not present locally,dlm_7110363119713_father_swimwear,dlm_style_7110363119713_father_and_son_matching_swim_trunks_bold_cow_print_family_beachwear,father,swimwear,Swimwear,daddy_me,NEEDS_MERCHANT_EXPORT,https://cdn.shopify.com/s/files/1/1557/1635/files/pomelli-image_22_e07ff0e8-c19c-431a-be58-0356ce42e193.png?v=1774241301,https://www.dresslikemommy.com/products/father-and-son-matching-swim-trunks-bold-cow-print-family-beachwear,14.99,in_stock,7.50,49.97,margin_medium,997,paid_eligible,margin_medium,daddy_me,aov_medium,us_test_ready,True,True,high,set,false,summer,0-25
7110363119713,41500563079265,father-and-son-matching-swim-trunks-bold-cow-print-family-beachwear,Father and Son Matching Swim Trunks - Bold Cow Prin... | DLM,Child 8-10 years / Photo Color,5176660456206-Size:Son 8-10T;Color:Photo Color;,5176660456206,shopify_US_7110363119713_41500563079265,shopify_US_7110363119713,INFERRED_FROM_SHOPIFY_PRODUCT_ID; exact live MC item_group_id export not present locally,dlm_7110363119713_father_swimwear,dlm_style_7110363119713_father_and_son_matching_swim_trunks_bold_cow_print_family_beachwear,father,swimwear,Swimwear,daddy_me,NEEDS_MERCHANT_EXPORT,https://cdn.shopify.com/s/files/1/1557/1635/files/pomelli-image_22_e07ff0e8-c19c-431a-be58-0356ce42e193.png?v=1774241301,https://www.dresslikemommy.com/products/father-and-son-matching-swim-trunks-bold-cow-print-family-beachwear,14.99,in_stock,7.50,49.97,margin_medium,1000,paid_eligible,margin_medium,daddy_me,aov_medium,us_test_ready,True,True,high,set,false,summer,0-25
7110363119713,41500563112033,father-and-son-matching-swim-trunks-bold-cow-print-family-beachwear,Father and Son Matching Swim Trunks - Bold Cow Prin... | DLM,Child 10-12 years / Photo Color,5176660456207-Size:Son 10-12T;Color:Photo Color;,5176660456207,shopify_US_7110363119713_41500563112033,shopify_US_7110363119713,INFERRED_FROM_SHOPIFY_PRODUCT_ID; exact live MC item_group_id export not present locally,dlm_7110363119713_father_swimwear,dlm_style_7110363119713_father_and_son_matching_swim_trunks_bold_cow_print_family_beachwear,father,swimwear,Swimwear,daddy_me,NEEDS_MERCHANT_EXPORT,https://cdn.shopify.com/s/files/1/1557/1635/files/pomelli-image_22_e07ff0e8-c19c-431a-be58-0356ce42e193.png?v=1774241301,https://www.dresslikemommy.com/products/father-and-son-matching-swim-trunks-bold-cow-print-family-beachwear,14.99,in_stock,7.50,49.97,margin_medium,1000,paid_eligible,margin_medium,daddy_me,aov_medium,us_test_ready,True,True,high,set,false,summer,0-25
7110361874529,41500560162913,father-and-son-matching-swim-trunks-classic-paisley-pattern-in-blue-and-yellow,Father and Son Matching Swim Trunks - Classic Paisl... | DLM,Father XL / Main color,5176656680892-Size:Father XL;Color:Main color;,5176656680892,shopify_US_7110361874529_41500560162913,shopify_US_7110361874529,INFERRED_FROM_SHOPIFY_PRODUCT_ID; exact live MC item_group_id export not present locally,dlm_7110361874529_father_swimwear,dlm_style_7110361874529_father_and_son_matching_swim_trunks_classic_paisley_pattern_in_blue_and_yellow,father,swimwear,Swimwear,daddy_me,NEEDS_MERCHANT_EXPORT,https://cdn.shopify.com/s/files/1/1557/1635/files/pomelli-image_18_a7f28d5e-10a5-4049-9d0a-2b0a1ece1c31.png?v=1774241740,https://www.dresslikemommy.com/products/father-and-son-matching-swim-trunks-classic-paisley-pattern-in-blue-and-yellow,15.99,in_stock,8.00,49.97,margin_medium,1000,paid_eligible,margin_medium,daddy_me,aov_medium,us_test_ready,True,True,high,set,false,summer,0-25
7110361874529,41500560195681,father-and-son-matching-swim-trunks-classic-paisley-pattern-in-blue-and-yellow,Father and Son Matching Swim Trunks - Classic Paisl... | DLM,Father 2XL / Main color,5176656680893-Size:Father XXL;Color:Main color;,5176656680893,shopify_US_7110361874529_41500560195681,shopify_US_7110361874529,INFERRED_FROM_SHOPIFY_PRODUCT_ID; exact live MC item_group_id export not present locally,dlm_7110361874529_father_swimwear,dlm_style_7110361874529_father_and_son_matching_swim_trunks_classic_paisley_pattern_in_blue_and_yellow,father,swimwear,Swimwear,daddy_me,NEEDS_MERCHANT_EXPORT,https://cdn.shopify.com/s/files/1/1557/1635/files/pomelli-image_18_a7f28d5e-10a5-4049-9d0a-2b0a1ece1c31.png?v=1774241740,https://www.dresslikemommy.com/products/father-and-son-matching-swim-trunks-classic-paisley-pattern-in-blue-and-yellow,15.99,in_stock,8.00,49.97,margin_medium,1000,paid_eligible,margin_medium,daddy_me,aov_medium,us_test_ready,True,True,high,set,false,summer,0-25
7110361874529,41500560293985,father-and-son-matching-swim-trunks-classic-paisley-pattern-in-blue-and-yellow,Father and Son Matching Swim Trunks - Classic Paisl... | DLM,Child 4-5 years / Main color,5176656680896-Size:Son 4-5T;Color:Main color;,5176656680896,shopify_US_7110361874529_41500560293985,shopify_US_7110361874529,INFERRED_FROM_SHOPIFY_PRODUCT_ID; exact live MC item_group_id export not present locally,dlm_7110361874529_father_swimwear,dlm_style_7110361874529_father_and_son_matching_swim_trunks_classic_paisley_pattern_in_blue_and_yellow,father,swimwear,Swimwear,daddy_me,NEEDS_MERCHANT_EXPORT,https://cdn.shopify.com/s/files/1/1557/1635/files/pomelli-image_18_a7f28d5e-10a5-4049-9d0a-2b0a1ece1c31.png?v=1774241740,https://www.dresslikemommy.com/products/father-and-son-matching-swim-trunks-classic-paisley-pattern-in-blue-and-yellow,14.99,in_stock,7.50,49.97,margin_medium,1000,paid_eligible,margin_medium,daddy_me,aov_medium,us_test_ready,True,True,high,set,false,summer,0-25
7110361874529,41500560326753,father-and-son-matching-swim-trunks-classic-paisley-pattern-in-blue-and-yellow,Father and Son Matching Swim Trunks - Classic Paisl... | DLM,Child 6-8 years / Main color,5176656680897-Size:Son 6-8T;Color:Main color;,5176656680897,shopify_US_7110361874529_41500560326753,shopify_US_7110361874529,INFERRED_FROM_SHOPIFY_PRODUCT_ID; exact live MC item_group_id export not present locally,dlm_7110361874529_father_swimwear,dlm_style_7110361874529_father_and_son_matching_swim_trunks_classic_paisley_pattern_in_blue_and_yellow,father,swimwear,Swimwear,daddy_me,NEEDS_MERCHANT_EXPORT,https://cdn.shopify.com/s/files/1/1557/1635/files/pomelli-image_18_a7f28d5e-10a5-4049-9d0a-2b0a1ece1c31.png?v=1774241740,https://www.dresslikemommy.com/products/father-and-son-matching-swim-trunks-classic-paisley-pattern-in-blue-and-yellow,14.99,in_stock,7.50,49.97,margin_medium,999,paid_eligible,margin_medium,daddy_me,aov_medium,us_test_ready,True,True,high,set,false,summer,0-25
7110361874529,41500560359521,father-and-son-matching-swim-trunks-classic-paisley-pattern-in-blue-and-yellow,Father and Son Matching Swim Trunks - Classic Paisl... | DLM,Child 8-10 years / Main color,5176656680898-Size:Son 8-10T;Color:Main color;,5176656680898,shopify_US_7110361874529_41500560359521,shopify_US_7110361874529,INFERRED_FROM_SHOPIFY_PRODUCT_ID; exact live MC item_group_id export not present locally,dlm_7110361874529_father_swimwear,dlm_style_7110361874529_father_and_son_matching_swim_trunks_classic_paisley_pattern_in_blue_and_yellow,father,swimwear,Swimwear,daddy_me,NEEDS_MERCHANT_EXPORT,https://cdn.shopify.com/s/files/1/1557/1635/files/pomelli-image_18_a7f28d5e-10a5-4049-9d0a-2b0a1ece1c31.png?v=1774241740,https://www.dresslikemommy.com/products/father-and-son-matching-swim-trunks-classic-paisley-pattern-in-blue-and-yellow,14.99,in_stock,7.50,49.97,margin_medium,999,paid_eligible,margin_medium,daddy_me,aov_medium,us_test_ready,True,True,high,set,false,summer,0-25
7110361874529,41500560392289,father-and-son-matching-swim-trunks-classic-paisley-pattern-in-blue-and-yellow,Father and Son Matching Swim Trunks - Classic Paisl... | DLM,Child 10-12 years / Main color,5176656680899-Size:Son 10-12T;Color:Main color;,5176656680899,shopify_US_7110361874529_41500560392289,shopify_US_7110361874529,INFERRED_FROM_SHOPIFY_PRODUCT_ID; exact live MC item_group_id export not present locally,dlm_7110361874529_father_swimwear,dlm_style_7110361874529_father_and_son_matching_swim_trunks_classic_paisley_pattern_in_blue_and_yellow,father,swimwear,Swimwear,daddy_me,NEEDS_MERCHANT_EXPORT,https://cdn.shopify.com/s/files/1/1557/1635/files/pomelli-image_18_a7f28d5e-10a5-4049-9d0a-2b0a1ece1c31.png?v=1774241740,https://www.dresslikemommy.com/products/father-and-son-matching-swim-trunks-classic-paisley-pattern-in-blue-and-yellow,14.99,in_stock,7.50,49.97,margin_medium,1000,paid_eligible,margin_medium,daddy_me,aov_medium,us_test_ready,True,True,high,set,false,summer,0-25
7110363775073,41500564750433,father-and-son-matching-swim-trunks-elegant-blue-and-white-paisley-design-quick-dry-beachwear,Father and Son Matching Swim Trunks - Elegant Blue ... | DLM,Father M / Photo Color,5350976031501-Size:Father M;Color:Photo Color;,5350976031501,shopify_US_7110363775073_41500564750433,shopify_US_7110363775073,INFERRED_FROM_SHOPIFY_PRODUCT_ID; exact live MC item_group_id export not present locally,dlm_7110363775073_father_swimwear,dlm_style_7110363775073_father_and_son_matching_swim_trunks_elegant_blue_and_white_paisley_design_quick_dry_beachwear,father,swimwear,Swimwear,daddy_me,NEEDS_MERCHANT_EXPORT,https://cdn.shopify.com/s/files/1/1557/1635/files/pomelli-image_26_acfbadb5-1671-47e6-909e-53392459ee76.png?v=1774241189,https://www.dresslikemommy.com/products/father-and-son-matching-swim-trunks-elegant-blue-and-white-paisley-design-quick-dry-beachwear,15.99,in_stock,8.00,49.97,margin_medium,998,paid_eligible,margin_medium,daddy_me,aov_medium,us_test_ready,True,True,high,set,false,summer,0-25
7110363775073,41500564783201,father-and-son-matching-swim-trunks-elegant-blue-and-white-paisley-design-quick-dry-beachwear,Father and Son Matching Swim Trunks - Elegant Blue ... | DLM,Father L / Photo Color,5350976031502-Size:Father L;Color:Photo Color;,5350976031502,shopify_US_7110363775073_41500564783201,shopify_US_7110363775073,INFERRED_FROM_SHOPIFY_PRODUCT_ID; exact live MC item_group_id export not present locally,dlm_7110363775073_father_swimwear,dlm_style_7110363775073_father_and_son_matching_swim_trunks_elegant_blue_and_white_paisley_design_quick_dry_beachwear,father,swimwear,Swimwear,daddy_me,NEEDS_MERCHANT_EXPORT,https://cdn.shopify.com/s/files/1/1557/1635/files/pomelli-image_26_acfbadb5-1671-47e6-909e-53392459ee76.png?v=1774241189,https://www.dresslikemommy.com/products/father-and-son-matching-swim-trunks-elegant-blue-and-white-paisley-design-quick-dry-beachwear,15.99,in_stock,8.00,49.97,margin_medium,999,paid_eligible,margin_medium,daddy_me,aov_medium,us_test_ready,True,True,high,set,false,summer,0-25
7110363775073,41500564815969,father-and-son-matching-swim-trunks-elegant-blue-and-white-paisley-design-quick-dry-beachwear,Father and Son Matching Swim Trunks - Elegant Blue ... | DLM,Father XL / Photo Color,5350976031503-Size:Father XL;Color:Photo Color;,5350976031503,shopify_US_7110363775073_41500564815969,shopify_US_7110363775073,INFERRED_FROM_SHOPIFY_PRODUCT_ID; exact live MC item_group_id export not present locally,dlm_7110363775073_father_swimwear,dlm_style_7110363775073_father_and_son_matching_swim_trunks_elegant_blue_and_white_paisley_design_quick_dry_beachwear,father,swimwear,Swimwear,daddy_me,NEEDS_MERCHANT_EXPORT,https://cdn.shopify.com/s/files/1/1557/1635/files/pomelli-image_26_acfbadb5-1671-47e6-909e-53392459ee76.png?v=1774241189,https://www.dresslikemommy.com/products/father-and-son-matching-swim-trunks-elegant-blue-and-white-paisley-design-quick-dry-beachwear,15.99,in_stock,8.00,49.97,margin_medium,999,paid_eligible,margin_medium,daddy_me,aov_medium,us_test_ready,True,True,high,set,false,summer,0-25
7110363775073,41500564848737,father-and-son-matching-swim-trunks-elegant-blue-and-white-paisley-design-quick-dry-beachwear,Father and Son Matching Swim Trunks - Elegant Blue ... | DLM,Father 2XL / Photo Color,5350976031504-Size:Father XXL;Color:Photo Color;,5350976031504,shopify_US_7110363775073_41500564848737,shopify_US_7110363775073,INFERRED_FROM_SHOPIFY_PRODUCT_ID; exact live MC item_group_id export not present locally,dlm_7110363775073_father_swimwear,dlm_style_7110363775073_father_and_son_matching_swim_trunks_elegant_blue_and_white_paisley_design_quick_dry_beachwear,father,swimwear,Swimwear,daddy_me,NEEDS_MERCHANT_EXPORT,https://cdn.shopify.com/s/files/1/1557/1635/files/pomelli-image_26_acfbadb5-1671-47e6-909e-53392459ee76.png?v=1774241189,https://www.dresslikemommy.com/products/father-and-son-matching-swim-trunks-elegant-blue-and-white-paisley-design-quick-dry-beachwear,15.99,in_stock,8.00,49.97,margin_medium,1000,paid_eligible,margin_medium,daddy_me,aov_medium,us_test_ready,True,True,high,set,false,summer,0-25
7110363775073,41500564881505,father-and-son-matching-swim-trunks-elegant-blue-and-white-paisley-design-quick-dry-beachwear,Father and Son Matching Swim Trunks - Elegant Blue ... | DLM,Child 2-3 years / Photo Color,5350976031505-Size:Son 2-3T;Color:Photo Color;,5350976031505,shopify_US_7110363775073_41500564881505,shopify_US_7110363775073,INFERRED_FROM_SHOPIFY_PRODUCT_ID; exact live MC item_group_id export not present locally,dlm_7110363775073_father_swimwear,dlm_style_7110363775073_father_and_son_matching_swim_trunks_elegant_blue_and_white_paisley_design_quick_dry_beachwear,father,swimwear,Swimwear,daddy_me,NEEDS_MERCHANT_EXPORT,https://cdn.shopify.com/s/files/1/1557/1635/files/pomelli-image_26_acfbadb5-1671-47e6-909e-53392459ee76.png?v=1774241189,https://www.dresslikemommy.com/products/father-and-son-matching-swim-trunks-elegant-blue-and-white-paisley-design-quick-dry-beachwear,14.99,in_stock,7.50,49.97,margin_medium,998,paid_eligible,margin_medium,daddy_me,aov_medium,us_test_ready,True,True,high,set,false,summer,0-25
7110363775073,41500565045345,father-and-son-matching-swim-trunks-elegant-blue-and-white-paisley-design-quick-dry-beachwear,Father and Son Matching Swim Trunks - Elegant Blue ... | DLM,Child 10-12 years / Photo Color,5350976031510-Size:Son 10-12T;Color:Photo Color;,5350976031510,shopify_US_7110363775073_41500565045345,shopify_US_7110363775073,INFERRED_FROM_SHOPIFY_PRODUCT_ID; exact live MC item_group_id export not present locally,dlm_7110363775073_father_swimwear,dlm_style_7110363775073_father_and_son_matching_swim_trunks_elegant_blue_and_white_paisley_design_quick_dry_beachwear,father,swimwear,Swimwear,daddy_me,NEEDS_MERCHANT_EXPORT,https://cdn.shopify.com/s/files/1/1557/1635/files/pomelli-image_26_acfbadb5-1671-47e6-909e-53392459ee76.png?v=1774241189,https://www.dresslikemommy.com/products/father-and-son-matching-swim-trunks-elegant-blue-and-white-paisley-design-quick-dry-beachwear,14.99,in_stock,7.50,49.97,margin_medium,1000,paid_eligible,margin_medium,daddy_me,aov_medium,us_test_ready,True,True,high,set,false,summer,0-25
7110356631649,41500537847905,father-and-son-matching-swim-trunks-tropical-floral-print-family-swimwear,Father and Son Matching Swim Trunks - Tropical Flor... | DLM,Father M / Multi-Color,5350975495616-size:Father M;Color:Multi-Color;,5350975495616,shopify_US_7110356631649_41500537847905,shopify_US_7110356631649,INFERRED_FROM_SHOPIFY_PRODUCT_ID; exact live MC item_group_id export not present locally,dlm_7110356631649_father_swimwear,dlm_style_7110356631649_father_and_son_matching_swim_trunks_tropical_floral_print_family_swimwear,father,swimwear,Swimwear,daddy_me,NEEDS_MERCHANT_EXPORT,https://cdn.shopify.com/s/files/1/1557/1635/files/pomelli-image_2_copy.png?v=1772044770,https://www.dresslikemommy.com/products/father-and-son-matching-swim-trunks-tropical-floral-print-family-swimwear,15.99,in_stock,8.00,49.97,margin_medium,10000,paid_eligible,margin_medium,daddy_me,aov_medium,us_test_ready,True,True,high,set,false,summer,0-25
7110356631649,41500537880673,father-and-son-matching-swim-trunks-tropical-floral-print-family-swimwear,Father and Son Matching Swim Trunks - Tropical Flor... | DLM,Father L / Multi-Color,5350975495617-size:Father L;Color:Multi-Color;,5350975495617,shopify_US_7110356631649_41500537880673,shopify_US_7110356631649,INFERRED_FROM_SHOPIFY_PRODUCT_ID; exact live MC item_group_id export not present locally,dlm_7110356631649_father_swimwear,dlm_style_7110356631649_father_and_son_matching_swim_trunks_tropical_floral_print_family_swimwear,father,swimwear,Swimwear,daddy_me,NEEDS_MERCHANT_EXPORT,https://cdn.shopify.com/s/files/1/1557/1635/files/pomelli-image_2_copy.png?v=1772044770,https://www.dresslikemommy.com/products/father-and-son-matching-swim-trunks-tropical-floral-print-family-swimwear,15.99,in_stock,8.00,49.97,margin_medium,10000,paid_eligible,margin_medium,daddy_me,aov_medium,us_test_ready,True,True,high,set,false,summer,0-25
7110356631649,41500537913441,father-and-son-matching-swim-trunks-tropical-floral-print-family-swimwear,Father and Son Matching Swim Trunks - Tropical Flor... | DLM,Father XL / Multi-Color,5350975495618-size:Father XL;Color:Multi-Color;,5350975495618,shopify_US_7110356631649_41500537913441,shopify_US_7110356631649,INFERRED_FROM_SHOPIFY_PRODUCT_ID; exact live MC item_group_id export not present locally,dlm_7110356631649_father_swimwear,dlm_style_7110356631649_father_and_son_matching_swim_trunks_tropical_floral_print_family_swimwear,father,swimwear,Swimwear,daddy_me,NEEDS_MERCHANT_EXPORT,https://cdn.shopify.com/s/files/1/1557/1635/files/pomelli-image_2_copy.png?v=1772044770,https://www.dresslikemommy.com/products/father-and-son-matching-swim-trunks-tropical-floral-print-family-swimwear,15.99,in_stock,8.00,49.97,margin_medium,10000,paid_eligible,margin_medium,daddy_me,aov_medium,us_test_ready,True,True,high,set,false,summer,0-25
7110356631649,41500537978977,father-and-son-matching-swim-trunks-tropical-floral-print-family-swimwear,Father and Son Matching Swim Trunks - Tropical Flor... | DLM,Child 2-3 years / Multi-Color,5350975495620-size:104;Color:Multi-Color;,5350975495620,shopify_US_7110356631649_41500537978977,shopify_US_7110356631649,INFERRED_FROM_SHOPIFY_PRODUCT_ID; exact live MC item_group_id export not present locally,dlm_7110356631649_father_swimwear,dlm_style_7110356631649_father_and_son_matching_swim_trunks_tropical_floral_print_family_swimwear,father,swimwear,Swimwear,daddy_me,NEEDS_MERCHANT_EXPORT,https://cdn.shopify.com/s/files/1/1557/1635/files/pomelli-image_2_copy.png?v=1772044770,https://www.dresslikemommy.com/products/father-and-son-matching-swim-trunks-tropical-floral-print-family-swimwear,14.99,in_stock,7.50,49.97,margin_medium,9998,paid_eligible,margin_medium,daddy_me,aov_medium,us_test_ready,True,True,high,set,false,summer,0-25
7110356631649,41500538077281,father-and-son-matching-swim-trunks-tropical-floral-print-family-swimwear,Father and Son Matching Swim Trunks - Tropical Flor... | DLM,Child 6-8 years / Multi-Color,5350975495623-size:140;Color:Multi-Color;,5350975495623,shopify_US_7110356631649_41500538077281,shopify_US_7110356631649,INFERRED_FROM_SHOPIFY_PRODUCT_ID; exact live MC item_group_id export not present locally,dlm_7110356631649_father_swimwear,dlm_style_7110356631649_father_and_son_matching_swim_trunks_tropical_floral_print_family_swimwear,father,swimwear,Swimwear,daddy_me,NEEDS_MERCHANT_EXPORT,https://cdn.shopify.com/s/files/1/1557/1635/files/pomelli-image_2_copy.png?v=1772044770,https://www.dresslikemommy.com/products/father-and-son-matching-swim-trunks-tropical-floral-print-family-swimwear,14.99,in_stock,7.50,49.97,margin_medium,10000,paid_eligible,margin_medium,daddy_me,aov_medium,us_test_ready,True,True,high,set,false,summer,0-25
7110356631649,41500538110049,father-and-son-matching-swim-trunks-tropical-floral-print-family-swimwear,Father and Son Matching Swim Trunks - Tropical Flor... | DLM,Child 8-10 years / Multi-Color,5350975495624-size:152;Color:Multi-Color;,5350975495624,shopify_US_7110356631649_41500538110049,shopify_US_7110356631649,INFERRED_FROM_SHOPIFY_PRODUCT_ID; exact live MC item_group_id export not present locally,dlm_7110356631649_father_swimwear,dlm_style_7110356631649_father_and_son_matching_swim_trunks_tropical_floral_print_family_swimwear,father,swimwear,Swimwear,daddy_me,NEEDS_MERCHANT_EXPORT,https://cdn.shopify.com/s/files/1/1557/1635/files/pomelli-image_2_copy.png?v=1772044770,https://www.dresslikemommy.com/products/father-and-son-matching-swim-trunks-tropical-floral-print-family-swimwear,14.99,in_stock,7.50,49.97,margin_medium,9999,paid_eligible,margin_medium,daddy_me,aov_medium,us_test_ready,True,True,high,set,false,summer,0-25
7110362136673,41500560818273,father-and-son-matching-swim-trunks-tropical-paradise-red-and-green-print,Father and Son Matching Swim Trunks - Tropical Para... | DLM,Father M / Photo Color,5350977355428-Size:Father M;Color:Photo Color;,5350977355428,shopify_US_7110362136673_41500560818273,shopify_US_7110362136673,INFERRED_FROM_SHOPIFY_PRODUCT_ID; exact live MC item_group_id export not present locally,dlm_7110362136673_father_swimwear,dlm_style_7110362136673_father_and_son_matching_swim_trunks_tropical_paradise_red_and_green_print,father,swimwear,Swimwear,daddy_me,NEEDS_MERCHANT_EXPORT,https://cdn.shopify.com/s/files/1/1557/1635/files/pomelli-image_10_1e047bb0-ecd8-4fa8-bb9b-2286cfb722e0.png?v=1774241630,https://www.dresslikemommy.com/products/father-and-son-matching-swim-trunks-tropical-paradise-red-and-green-print,15.99,in_stock,8.00,49.97,margin_medium,1000,paid_eligible,margin_medium,daddy_me,aov_medium,us_test_ready,True,True,high,set,false,summer,0-25
7110362136673,41500560883809,father-and-son-matching-swim-trunks-tropical-paradise-red-and-green-print,Father and Son Matching Swim Trunks - Tropical Para... | DLM,Father XL / Photo Color,5350977355430-Size:Father XL;Color:Photo Color;,5350977355430,shopify_US_7110362136673_41500560883809,shopify_US_7110362136673,INFERRED_FROM_SHOPIFY_PRODUCT_ID; exact live MC item_group_id export not present locally,dlm_7110362136673_father_swimwear,dlm_style_7110362136673_father_and_son_matching_swim_trunks_tropical_paradise_red_and_green_print,father,swimwear,Swimwear,daddy_me,NEEDS_MERCHANT_EXPORT,https://cdn.shopify.com/s/files/1/1557/1635/files/pomelli-image_10_1e047bb0-ecd8-4fa8-bb9b-2286cfb722e0.png?v=1774241630,https://www.dresslikemommy.com/products/father-and-son-matching-swim-trunks-tropical-paradise-red-and-green-print,15.99,in_stock,8.00,49.97,margin_medium,1000,paid_eligible,margin_medium,daddy_me,aov_medium,us_test_ready,True,True,high,set,false,summer,0-25
7110362136673,41500560916577,father-and-son-matching-swim-trunks-tropical-paradise-red-and-green-print,Father and Son Matching Swim Trunks - Tropical Para... | DLM,Father 2XL / Photo Color,5350977355431-Size:Father XXL;Color:Photo Color;,5350977355431,shopify_US_7110362136673_41500560916577,shopify_US_7110362136673,INFERRED_FROM_SHOPIFY_PRODUCT_ID; exact live MC item_group_id export not present locally,dlm_7110362136673_father_swimwear,dlm_style_7110362136673_father_and_son_matching_swim_trunks_tropical_paradise_red_and_green_print,father,swimwear,Swimwear,daddy_me,NEEDS_MERCHANT_EXPORT,https://cdn.shopify.com/s/files/1/1557/1635/files/pomelli-image_10_1e047bb0-ecd8-4fa8-bb9b-2286cfb722e0.png?v=1774241630,https://www.dresslikemommy.com/products/father-and-son-matching-swim-trunks-tropical-paradise-red-and-green-print,15.99,in_stock,8.00,49.97,margin_medium,1000,paid_eligible,margin_medium,daddy_me,aov_medium,us_test_ready,True,True,high,set,false,summer,0-25
7110362136673,41500560949345,father-and-son-matching-swim-trunks-tropical-paradise-red-and-green-print,Father and Son Matching Swim Trunks - Tropical Para... | DLM,Child 2-3 years / Photo Color,5350977355432-Size:Son 2-3T;Color:Photo Color;,5350977355432,shopify_US_7110362136673_41500560949345,shopify_US_7110362136673,INFERRED_FROM_SHOPIFY_PRODUCT_ID; exact live MC item_group_id export not present locally,dlm_7110362136673_father_swimwear,dlm_style_7110362136673_father_and_son_matching_swim_trunks_tropical_paradise_red_and_green_print,father,swimwear,Swimwear,daddy_me,NEEDS_MERCHANT_EXPORT,https://cdn.shopify.com/s/files/1/1557/1635/files/pomelli-image_10_1e047bb0-ecd8-4fa8-bb9b-2286cfb722e0.png?v=1774241630,https://www.dresslikemommy.com/products/father-and-son-matching-swim-trunks-tropical-paradise-red-and-green-print,14.99,in_stock,7.50,49.97,margin_medium,998,paid_eligible,margin_medium,daddy_me,aov_medium,us_test_ready,True,True,high,set,false,summer,0-25
7110362136673,41500561014881,father-and-son-matching-swim-trunks-tropical-paradise-red-and-green-print,Father and Son Matching Swim Trunks - Tropical Para... | DLM,Child 4-5 years / Photo Color,5350977355434-Size:Son 4-5T;Color:Photo Color;,5350977355434,shopify_US_7110362136673_41500561014881,shopify_US_7110362136673,INFERRED_FROM_SHOPIFY_PRODUCT_ID; exact live MC item_group_id export not present locally,dlm_7110362136673_father_swimwear,dlm_style_7110362136673_father_and_son_matching_swim_trunks_tropical_paradise_red_and_green_print,father,swimwear,Swimwear,daddy_me,NEEDS_MERCHANT_EXPORT,https://cdn.shopify.com/s/files/1/1557/1635/files/pomelli-image_10_1e047bb0-ecd8-4fa8-bb9b-2286cfb722e0.png?v=1774241630,https://www.dresslikemommy.com/products/father-and-son-matching-swim-trunks-tropical-paradise-red-and-green-print,14.99,in_stock,7.50,49.97,margin_medium,1000,paid_eligible,margin_medium,daddy_me,aov_medium,us_test_ready,True,True,high,set,false,summer,0-25
7110362136673,41500561047649,father-and-son-matching-swim-trunks-tropical-paradise-red-and-green-print,Father and Son Matching Swim Trunks - Tropical Para... | DLM,Child 6-8 years / Photo Color,5350977355435-Size:Son 6-8T;Color:Photo Color;,5350977355435,shopify_US_7110362136673_41500561047649,shopify_US_7110362136673,INFERRED_FROM_SHOPIFY_PRODUCT_ID; exact live MC item_group_id export not present locally,dlm_7110362136673_father_swimwear,dlm_style_7110362136673_father_and_son_matching_swim_trunks_tropical_paradise_red_and_green_print,father,swimwear,Swimwear,daddy_me,NEEDS_MERCHANT_EXPORT,https://cdn.shopify.com/s/files/1/1557/1635/files/pomelli-image_10_1e047bb0-ecd8-4fa8-bb9b-2286cfb722e0.png?v=1774241630,https://www.dresslikemommy.com/products/father-and-son-matching-swim-trunks-tropical-paradise-red-and-green-print,14.99,in_stock,7.50,49.97,margin_medium,1000,paid_eligible,margin_medium,daddy_me,aov_medium,us_test_ready,True,True,high,set,false,summer,0-25
7110362136673,41500561113185,father-and-son-matching-swim-trunks-tropical-paradise-red-and-green-print,Father and Son Matching Swim Trunks - Tropical Para... | DLM,Child 10-12 years / Photo Color,5350977355437-Size:Son 10-12T;Color:Photo Color;,5350977355437,shopify_US_7110362136673_41500561113185,shopify_US_7110362136673,INFERRED_FROM_SHOPIFY_PRODUCT_ID; exact live MC item_group_id export not present locally,dlm_7110362136673_father_swimwear,dlm_style_7110362136673_father_and_son_matching_swim_trunks_tropical_paradise_red_and_green_print,father,swimwear,Swimwear,daddy_me,NEEDS_MERCHANT_EXPORT,https://cdn.shopify.com/s/files/1/1557/1635/files/pomelli-image_10_1e047bb0-ecd8-4fa8-bb9b-2286cfb722e0.png?v=1774241630,https://www.dresslikemommy.com/products/father-and-son-matching-swim-trunks-tropical-paradise-red-and-green-print,14.99,in_stock,7.50,49.97,margin_medium,1000,paid_eligible,margin_medium,daddy_me,aov_medium,us_test_ready,True,True,high,set,false,summer,0-25
7229130342497,41878478651489,gradient-ombre-family-matching-outfits-pink-blue-t-shirts-with-white-shorts-set,Gradient Ombre Outfits Pink & Blue T-Shirts with Wh... | DLM,Father L / Multi Color,5457112755525-01,5457112755525,shopify_US_7229130342497_41878478651489,shopify_US_7229130342497,INFERRED_FROM_SHOPIFY_PRODUCT_ID; exact live MC item_group_id export not present locally,dlm_7229130342497_father_shirt_or_top,dlm_style_7229130342497_gradient_ombre_family_matching_outfits_pink_blue_t_shirts_with_white_shorts_set,father,shirt_or_top,Sets,daddy_me,NEEDS_MERCHANT_EXPORT,https://cdn.shopify.com/s/files/1/1557/1635/files/pomelli-image_47_c146f6af-d66f-45e7-b500-674118dfd368.png?v=1772566952,https://www.dresslikemommy.com/products/gradient-ombre-family-matching-outfits-pink-blue-t-shirts-with-white-shorts-set,17.99,in_stock,9.00,49.97,margin_medium,9982,paid_eligible,margin_medium,daddy_me,aov_medium,us_test_ready,True,True,high,set,true,year-round,0-25
7229130342497,41878478684257,gradient-ombre-family-matching-outfits-pink-blue-t-shirts-with-white-shorts-set,Gradient Ombre Outfits Pink & Blue T-Shirts with Wh... | DLM,Father XL / Multi Color,5457112755526-01,5457112755526,shopify_US_7229130342497_41878478684257,shopify_US_7229130342497,INFERRED_FROM_SHOPIFY_PRODUCT_ID; exact live MC item_group_id export not present locally,dlm_7229130342497_father_shirt_or_top,dlm_style_7229130342497_gradient_ombre_family_matching_outfits_pink_blue_t_shirts_with_white_shorts_set,father,shirt_or_top,Sets,daddy_me,NEEDS_MERCHANT_EXPORT,https://cdn.shopify.com/s/files/1/1557/1635/files/pomelli-image_47_c146f6af-d66f-45e7-b500-674118dfd368.png?v=1772566952,https://www.dresslikemommy.com/products/gradient-ombre-family-matching-outfits-pink-blue-t-shirts-with-white-shorts-set,17.99,in_stock,9.00,49.97,margin_medium,9986,paid_eligible,margin_medium,daddy_me,aov_medium,us_test_ready,True,True,high,set,true,year-round,0-25
7229130342497,41878478749793,gradient-ombre-family-matching-outfits-pink-blue-t-shirts-with-white-shorts-set,Gradient Ombre Outfits Pink & Blue T-Shirts with Wh... | DLM,Father 3XL / Multi Color,5457112755528-01,5457112755528,shopify_US_7229130342497_41878478749793,shopify_US_7229130342497,INFERRED_FROM_SHOPIFY_PRODUCT_ID; exact live MC item_group_id export not present locally,dlm_7229130342497_father_shirt_or_top,dlm_style_7229130342497_gradient_ombre_family_matching_outfits_pink_blue_t_shirts_with_white_shorts_set,father,shirt_or_top,Sets,daddy_me,NEEDS_MERCHANT_EXPORT,https://cdn.shopify.com/s/files/1/1557/1635/files/pomelli-image_47_c146f6af-d66f-45e7-b500-674118dfd368.png?v=1772566952,https://www.dresslikemommy.com/products/gradient-ombre-family-matching-outfits-pink-blue-t-shirts-with-white-shorts-set,17.99,in_stock,9.00,49.97,margin_medium,9986,paid_eligible,margin_medium,daddy_me,aov_medium,us_test_ready,True,True,high,set,true,year-round,0-25
7510790733921,43768830984289,green-tropical-leaf-daddy-and-me-matching-swim-shorts-for-pool-days,Green Tropical Leaf Daddy and Me Matching Swim Shorts for Pool Days,Father M / Green,5207291341769-Size:M;Color:Green leaf beach pants;,5207291341769,shopify_US_7510790733921_43768830984289,shopify_US_7510790733921,INFERRED_FROM_SHOPIFY_PRODUCT_ID; exact live MC item_group_id export not present locally,dlm_7510790733921_father_swimwear,dlm_style_7510790733921_green_tropical_leaf_daddy_and_me_matching_swim_shorts_for_pool_days,father,swimwear,Swimwear,daddy_me,NEEDS_MERCHANT_EXPORT,https://cdn.shopify.com/s/files/1/1557/1635/files/pomelli-image_34_cf4442a6-ce9a-44fd-b119-b15b17717c16.png?v=1774242471,https://www.dresslikemommy.com/products/green-tropical-leaf-daddy-and-me-matching-swim-shorts-for-pool-days,15.99,in_stock,8.00,49.97,margin_medium,282,paid_eligible,margin_medium,daddy_me,aov_medium,us_test_ready,True,True,high,set,false,holiday,0-25
7510790733921,43768831311969,green-tropical-leaf-daddy-and-me-matching-swim-shorts-for-pool-days,Green Tropical Leaf Daddy and Me Matching Swim Shorts for Pool Days,Father XL / Green,5207291341771-Size:XL;Color:Green leaf beach pants;,5207291341771,shopify_US_7510790733921_43768831311969,shopify_US_7510790733921,INFERRED_FROM_SHOPIFY_PRODUCT_ID; exact live MC item_group_id export not present locally,dlm_7510790733921_father_swimwear,dlm_style_7510790733921_green_tropical_leaf_daddy_and_me_matching_swim_shorts_for_pool_days,father,swimwear,Swimwear,daddy_me,NEEDS_MERCHANT_EXPORT,https://cdn.shopify.com/s/files/1/1557/1635/files/pomelli-image_34_cf4442a6-ce9a-44fd-b119-b15b17717c16.png?v=1774242471,https://www.dresslikemommy.com/products/green-tropical-leaf-daddy-and-me-matching-swim-shorts-for-pool-days,15.99,in_stock,8.00,49.97,margin_medium,252,paid_eligible,margin_medium,daddy_me,aov_medium,us_test_ready,True,True,high,set,false,holiday,0-25
7510790733921,43768831475809,green-tropical-leaf-daddy-and-me-matching-swim-shorts-for-pool-days,Green Tropical Leaf Daddy and Me Matching Swim Shorts for Pool Days,Father 2XL / Green,5207291341772-Size:XXL;Color:Green leaf beach pants;,5207291341772,shopify_US_7510790733921_43768831475809,shopify_US_7510790733921,INFERRED_FROM_SHOPIFY_PRODUCT_ID; exact live MC item_group_id export not present locally,dlm_7510790733921_father_swimwear,dlm_style_7510790733921_green_tropical_leaf_daddy_and_me_matching_swim_shorts_for_pool_days,father,swimwear,Swimwear,daddy_me,NEEDS_MERCHANT_EXPORT,https://cdn.shopify.com/s/files/1/1557/1635/files/pomelli-image_34_cf4442a6-ce9a-44fd-b119-b15b17717c16.png?v=1774242471,https://www.dresslikemommy.com/products/green-tropical-leaf-daddy-and-me-matching-swim-shorts-for-pool-days,15.99,in_stock,8.00,49.97,margin_medium,264,paid_eligible,margin_medium,daddy_me,aov_medium,us_test_ready,True,True,high,set,false,holiday,0-25
7510790733921,43768831639649,green-tropical-leaf-daddy-and-me-matching-swim-shorts-for-pool-days,Green Tropical Leaf Daddy and Me Matching Swim Shorts for Pool Days,Child 2-3 years / Green,5207291341773-Size:104;Color:Green leaf beach pants;,5207291341773,shopify_US_7510790733921_43768831639649,shopify_US_7510790733921,INFERRED_FROM_SHOPIFY_PRODUCT_ID; exact live MC item_group_id export not present locally,dlm_7510790733921_father_swimwear,dlm_style_7510790733921_green_tropical_leaf_daddy_and_me_matching_swim_shorts_for_pool_days,father,swimwear,Swimwear,daddy_me,NEEDS_MERCHANT_EXPORT,https://cdn.shopify.com/s/files/1/1557/1635/files/pomelli-image_34_cf4442a6-ce9a-44fd-b119-b15b17717c16.png?v=1774242471,https://www.dresslikemommy.com/products/green-tropical-leaf-daddy-and-me-matching-swim-shorts-for-pool-days,14.99,in_stock,7.50,49.97,margin_medium,258,paid_eligible,margin_medium,daddy_me,aov_medium,us_test_ready,True,True,high,set,false,holiday,0-25
7510790733921,43768831967329,green-tropical-leaf-daddy-and-me-matching-swim-shorts-for-pool-days,Green Tropical Leaf Daddy and Me Matching Swim Shorts for Pool Days,Child 6-8 years / Green,5207291341776-Size:140;Color:Green leaf beach pants;,5207291341776,shopify_US_7510790733921_43768831967329,shopify_US_7510790733921,INFERRED_FROM_SHOPIFY_PRODUCT_ID; exact live MC item_group_id export not present locally,dlm_7510790733921_father_swimwear,dlm_style_7510790733921_green_tropical_leaf_daddy_and_me_matching_swim_shorts_for_pool_days,father,swimwear,Swimwear,daddy_me,NEEDS_MERCHANT_EXPORT,https://cdn.shopify.com/s/files/1/1557/1635/files/pomelli-image_34_cf4442a6-ce9a-44fd-b119-b15b17717c16.png?v=1774242471,https://www.dresslikemommy.com/products/green-tropical-leaf-daddy-and-me-matching-swim-shorts-for-pool-days,14.99,in_stock,7.50,49.97,margin_medium,297,paid_eligible,margin_medium,daddy_me,aov_medium,us_test_ready,True,True,high,set,false,holiday,0-25
7510790733921,43768832131169,green-tropical-leaf-daddy-and-me-matching-swim-shorts-for-pool-days,Green Tropical Leaf Daddy and Me Matching Swim Shorts for Pool Days,Child 8-10 years / Green,5207291341777-Size:152;Color:Green leaf beach pants;,5207291341777,shopify_US_7510790733921_43768832131169,shopify_US_7510790733921,INFERRED_FROM_SHOPIFY_PRODUCT_ID; exact live MC item_group_id export not present locally,dlm_7510790733921_father_swimwear,dlm_style_7510790733921_green_tropical_leaf_daddy_and_me_matching_swim_shorts_for_pool_days,father,swimwear,Swimwear,daddy_me,NEEDS_MERCHANT_EXPORT,https://cdn.shopify.com/s/files/1/1557/1635/files/pomelli-image_34_cf4442a6-ce9a-44fd-b119-b15b17717c16.png?v=1774242471,https://www.dresslikemommy.com/products/green-tropical-leaf-daddy-and-me-matching-swim-shorts-for-pool-days,14.99,in_stock,7.50,49.97,margin_medium,297,paid_eligible,margin_medium,daddy_me,aov_medium,us_test_ready,True,True,high,set,false,holiday,0-25
7510790733921,43768832295009,green-tropical-leaf-daddy-and-me-matching-swim-shorts-for-pool-days,Green Tropical Leaf Daddy and Me Matching Swim Shorts for Pool Days,Child 10-12 years / Green,5207291341778-Size:164;Color:Green leaf beach pants;,5207291341778,shopify_US_7510790733921_43768832295009,shopify_US_7510790733921,INFERRED_FROM_SHOPIFY_PRODUCT_ID; exact live MC item_group_id export not present locally,dlm_7510790733921_father_swimwear,dlm_style_7510790733921_green_tropical_leaf_daddy_and_me_matching_swim_shorts_for_pool_days,father,swimwear,Swimwear,daddy_me,NEEDS_MERCHANT_EXPORT,https://cdn.shopify.com/s/files/1/1557/1635/files/pomelli-image_34_cf4442a6-ce9a-44fd-b119-b15b17717c16.png?v=1774242471,https://www.dresslikemommy.com/products/green-tropical-leaf-daddy-and-me-matching-swim-shorts-for-pool-days,14.99,in_stock,7.50,49.97,margin_medium,288,paid_eligible,margin_medium,daddy_me,aov_medium,us_test_ready,True,True,high,set,false,holiday,0-25
7229124673633,41878467149921,green-and-white-matching-family-outfits-stylish-floral-print-family-set-for-parents-and-kids,Green and White Outfits Stylish Floral Print Family... | DLM,Father M / Shirt,5288709961581-01,5288709961581,shopify_US_7229124673633_41878467149921,shopify_US_7229124673633,INFERRED_FROM_SHOPIFY_PRODUCT_ID; exact live MC item_group_id export not present locally,dlm_7229124673633_father_sets,dlm_style_7229124673633_green_and_white_matching_family_outfits_stylish_floral_print_family_set_for_parents_and_kids,father,sets,Sets,daddy_me,NEEDS_MERCHANT_EXPORT,https://cdn.shopify.com/s/files/1/1557/1635/files/pomelli-image_18_04f61717-a318-44e6-be0d-2eb880ff1924.png?v=1772564911,https://www.dresslikemommy.com/products/green-and-white-matching-family-outfits-stylish-floral-print-family-set-for-parents-and-kids,21.99,in_stock,11.00,49.98,margin_medium,9996,paid_eligible,margin_medium,daddy_me,aov_medium,us_test_ready,True,True,high,set,true,year-round,0-25
7229124673633,41878467182689,green-and-white-matching-family-outfits-stylish-floral-print-family-set-for-parents-and-kids,Green and White Outfits Stylish Floral Print Family... | DLM,Father L / Shirt,5288709961582-01,5288709961582,shopify_US_7229124673633_41878467182689,shopify_US_7229124673633,INFERRED_FROM_SHOPIFY_PRODUCT_ID; exact live MC item_group_id export not present locally,dlm_7229124673633_father_sets,dlm_style_7229124673633_green_and_white_matching_family_outfits_stylish_floral_print_family_set_for_parents_and_kids,father,sets,Sets,daddy_me,NEEDS_MERCHANT_EXPORT,https://cdn.shopify.com/s/files/1/1557/1635/files/pomelli-image_18_04f61717-a318-44e6-be0d-2eb880ff1924.png?v=1772564911,https://www.dresslikemommy.com/products/green-and-white-matching-family-outfits-stylish-floral-print-family-set-for-parents-and-kids,21.99,in_stock,11.00,49.98,margin_medium,9986,paid_eligible,margin_medium,daddy_me,aov_medium,us_test_ready,True,True,high,set,true,year-round,0-25
7229124673633,41878468034657,green-and-white-matching-family-outfits-stylish-floral-print-family-set-for-parents-and-kids,Green and White Outfits Stylish Floral Print Family... | DLM,Father 2XL / Short,5658726819918-01,5658726819918,shopify_US_7229124673633_41878468034657,shopify_US_7229124673633,INFERRED_FROM_SHOPIFY_PRODUCT_ID; exact live MC item_group_id export not present locally,dlm_7229124673633_father_sets,dlm_style_7229124673633_green_and_white_matching_family_outfits_stylish_floral_print_family_set_for_parents_and_kids,father,sets,Sets,daddy_me,NEEDS_MERCHANT_EXPORT,https://cdn.shopify.com/s/files/1/1557/1635/files/pomelli-image_18_04f61717-a318-44e6-be0d-2eb880ff1924.png?v=1772564911,https://www.dresslikemommy.com/products/green-and-white-matching-family-outfits-stylish-floral-print-family-set-for-parents-and-kids,17.99,in_stock,9.00,49.97,margin_medium,9993,paid_eligible,margin_medium,daddy_me,aov_medium,us_test_ready,True,True,high,set,true,year-round,0-25
7510790996065,43768833867873,matching-dad-and-son-green-stripe-swim-trunks-beach-shorts,Matching Dad and Son Green Stripe Swim Trunks Beach Shorts,Father M / White,"5207291341868-Size:M;Color:Black, white and green beach pants;",5207291341868,shopify_US_7510790996065_43768833867873,shopify_US_7510790996065,INFERRED_FROM_SHOPIFY_PRODUCT_ID; exact live MC item_group_id export not present locally,dlm_7510790996065_father_swimwear,dlm_style_7510790996065_matching_dad_and_son_green_stripe_swim_trunks_beach_shorts,father,swimwear,Swimwear,daddy_me,NEEDS_MERCHANT_EXPORT,https://cdn.shopify.com/s/files/1/1557/1635/files/pomelli-image_42_5a2c0449-56e0-4c52-a06b-ffb1766254f8.png?v=1774242805,https://www.dresslikemommy.com/products/matching-dad-and-son-green-stripe-swim-trunks-beach-shorts,15.99,in_stock,8.00,49.97,margin_medium,81,paid_eligible,margin_medium,daddy_me,aov_medium,us_test_ready,True,True,high,set,false,holiday,0-25
7510790996065,43768833998945,matching-dad-and-son-green-stripe-swim-trunks-beach-shorts,Matching Dad and Son Green Stripe Swim Trunks Beach Shorts,Father L / White,"5207291341869-Size:L;Color:Black, white and green beach pants;",5207291341869,shopify_US_7510790996065_43768833998945,shopify_US_7510790996065,INFERRED_FROM_SHOPIFY_PRODUCT_ID; exact live MC item_group_id export not present locally,dlm_7510790996065_father_swimwear,dlm_style_7510790996065_matching_dad_and_son_green_stripe_swim_trunks_beach_shorts,father,swimwear,Swimwear,daddy_me,NEEDS_MERCHANT_EXPORT,https://cdn.shopify.com/s/files/1/1557/1635/files/pomelli-image_42_5a2c0449-56e0-4c52-a06b-ffb1766254f8.png?v=1774242805,https://www.dresslikemommy.com/products/matching-dad-and-son-green-stripe-swim-trunks-beach-shorts,15.99,in_stock,8.00,49.97,margin_medium,72,paid_eligible,margin_medium,daddy_me,aov_medium,us_test_ready,True,True,high,set,false,holiday,0-25
7510790996065,43768834130017,matching-dad-and-son-green-stripe-swim-trunks-beach-shorts,Matching Dad and Son Green Stripe Swim Trunks Beach Shorts,Father XL / White,"5207291341870-Size:XL;Color:Black, white and green beach pants;",5207291341870,shopify_US_7510790996065_43768834130017,shopify_US_7510790996065,INFERRED_FROM_SHOPIFY_PRODUCT_ID; exact live MC item_group_id export not present locally,dlm_7510790996065_father_swimwear,dlm_style_7510790996065_matching_dad_and_son_green_stripe_swim_trunks_beach_shorts,father,swimwear,Swimwear,daddy_me,NEEDS_MERCHANT_EXPORT,https://cdn.shopify.com/s/files/1/1557/1635/files/pomelli-image_42_5a2c0449-56e0-4c52-a06b-ffb1766254f8.png?v=1774242805,https://www.dresslikemommy.com/products/matching-dad-and-son-green-stripe-swim-trunks-beach-shorts,15.99,in_stock,8.00,49.97,margin_medium,70,paid_eligible,margin_medium,daddy_me,aov_medium,us_test_ready,True,True,high,set,false,holiday,0-25
7510790996065,43768834261089,matching-dad-and-son-green-stripe-swim-trunks-beach-shorts,Matching Dad and Son Green Stripe Swim Trunks Beach Shorts,Father 2XL / White,"5207291341871-Size:XXL;Color:Black, white and green beach pants;",5207291341871,shopify_US_7510790996065_43768834261089,shopify_US_7510790996065,INFERRED_FROM_SHOPIFY_PRODUCT_ID; exact live MC item_group_id export not present locally,dlm_7510790996065_father_swimwear,dlm_style_7510790996065_matching_dad_and_son_green_stripe_swim_trunks_beach_shorts,father,swimwear,Swimwear,daddy_me,NEEDS_MERCHANT_EXPORT,https://cdn.shopify.com/s/files/1/1557/1635/files/pomelli-image_42_5a2c0449-56e0-4c52-a06b-ffb1766254f8.png?v=1774242805,https://www.dresslikemommy.com/products/matching-dad-and-son-green-stripe-swim-trunks-beach-shorts,15.99,in_stock,8.00,49.97,margin_medium,73,paid_eligible,margin_medium,daddy_me,aov_medium,us_test_ready,True,True,high,set,false,holiday,0-25
7510790996065,43768834392161,matching-dad-and-son-green-stripe-swim-trunks-beach-shorts,Matching Dad and Son Green Stripe Swim Trunks Beach Shorts,Child 2-3 years / White,"5207291341872-Size:104;Color:Black, white and green beach pants;",5207291341872,shopify_US_7510790996065_43768834392161,shopify_US_7510790996065,INFERRED_FROM_SHOPIFY_PRODUCT_ID; exact live MC item_group_id export not present locally,dlm_7510790996065_father_swimwear,dlm_style_7510790996065_matching_dad_and_son_green_stripe_swim_trunks_beach_shorts,father,swimwear,Swimwear,daddy_me,NEEDS_MERCHANT_EXPORT,https://cdn.shopify.com/s/files/1/1557/1635/files/pomelli-image_42_5a2c0449-56e0-4c52-a06b-ffb1766254f8.png?v=1774242805,https://www.dresslikemommy.com/products/matching-dad-and-son-green-stripe-swim-trunks-beach-shorts,14.99,in_stock,7.50,49.97,margin_medium,81,paid_eligible,margin_medium,daddy_me,aov_medium,us_test_ready,True,True,high,set,false,holiday,0-25
7510790996065,43768834523233,matching-dad-and-son-green-stripe-swim-trunks-beach-shorts,Matching Dad and Son Green Stripe Swim Trunks Beach Shorts,Child 4-5 years / White,"5207291341874-Size:128;Color:Black, white and green beach pants;",5207291341874,shopify_US_7510790996065_43768834523233,shopify_US_7510790996065,INFERRED_FROM_SHOPIFY_PRODUCT_ID; exact live MC item_group_id export not present locally,dlm_7510790996065_father_swimwear,dlm_style_7510790996065_matching_dad_and_son_green_stripe_swim_trunks_beach_shorts,father,swimwear,Swimwear,daddy_me,NEEDS_MERCHANT_EXPORT,https://cdn.shopify.com/s/files/1/1557/1635/files/pomelli-image_42_5a2c0449-56e0-4c52-a06b-ffb1766254f8.png?v=1774242805,https://www.dresslikemommy.com/products/matching-dad-and-son-green-stripe-swim-trunks-beach-shorts,14.99,in_stock,7.50,49.97,margin_medium,82,paid_eligible,margin_medium,daddy_me,aov_medium,us_test_ready,True,True,high,set,false,holiday,0-25
7510790996065,43768834654305,matching-dad-and-son-green-stripe-swim-trunks-beach-shorts,Matching Dad and Son Green Stripe Swim Trunks Beach Shorts,Child 6-8 years / White,"5207291341875-Size:140;Color:Black, white and green beach pants;",5207291341875,shopify_US_7510790996065_43768834654305,shopify_US_7510790996065,INFERRED_FROM_SHOPIFY_PRODUCT_ID; exact live MC item_group_id export not present locally,dlm_7510790996065_father_swimwear,dlm_style_7510790996065_matching_dad_and_son_green_stripe_swim_trunks_beach_shorts,father,swimwear,Swimwear,daddy_me,NEEDS_MERCHANT_EXPORT,https://cdn.shopify.com/s/files/1/1557/1635/files/pomelli-image_42_5a2c0449-56e0-4c52-a06b-ffb1766254f8.png?v=1774242805,https://www.dresslikemommy.com/products/matching-dad-and-son-green-stripe-swim-trunks-beach-shorts,14.99,in_stock,7.50,49.97,margin_medium,71,paid_eligible,margin_medium,daddy_me,aov_medium,us_test_ready,True,True,high,set,false,holiday,0-25
7510790996065,43768834785377,matching-dad-and-son-green-stripe-swim-trunks-beach-shorts,Matching Dad and Son Green Stripe Swim Trunks Beach Shorts,Child 8-10 years / White,"5207291341876-Size:152;Color:Black, white and green beach pants;",5207291341876,shopify_US_7510790996065_43768834785377,shopify_US_7510790996065,INFERRED_FROM_SHOPIFY_PRODUCT_ID; exact live MC item_group_id export not present locally,dlm_7510790996065_father_swimwear,dlm_style_7510790996065_matching_dad_and_son_green_stripe_swim_trunks_beach_shorts,father,swimwear,Swimwear,daddy_me,NEEDS_MERCHANT_EXPORT,https://cdn.shopify.com/s/files/1/1557/1635/files/pomelli-image_42_5a2c0449-56e0-4c52-a06b-ffb1766254f8.png?v=1774242805,https://www.dresslikemommy.com/products/matching-dad-and-son-green-stripe-swim-trunks-beach-shorts,14.99,in_stock,7.50,49.97,margin_medium,83,paid_eligible,margin_medium,daddy_me,aov_medium,us_test_ready,True,True,high,set,false,holiday,0-25
7510791159905,43768835473505,matching-dad-and-son-pink-black-color-block-swim-shorts,Matching Dad and Son Pink & Black Color Block Swim Shorts,Father L / Black,5207291341913-Size:L;Color:Black pink beach pants;,5207291341913,shopify_US_7510791159905_43768835473505,shopify_US_7510791159905,INFERRED_FROM_SHOPIFY_PRODUCT_ID; exact live MC item_group_id export not present locally,dlm_7510791159905_father_swimwear,dlm_style_7510791159905_matching_dad_and_son_pink_black_color_block_swim_shorts,father,swimwear,Swimwear,daddy_me,NEEDS_MERCHANT_EXPORT,https://cdn.shopify.com/s/files/1/1557/1635/files/pomelli-image_38_0d66c33d-a1b8-4ef1-961c-ad4e3742a57a.png?v=1774242990,https://www.dresslikemommy.com/products/matching-dad-and-son-pink-black-color-block-swim-shorts,15.99,in_stock,8.00,49.97,margin_medium,98,paid_eligible,margin_medium,daddy_me,aov_medium,us_test_ready,True,True,high,set,false,holiday,0-25
7510791159905,43768835670113,matching-dad-and-son-pink-black-color-block-swim-shorts,Matching Dad and Son Pink & Black Color Block Swim Shorts,Father 2XL / Black,5207291341915-Size:XXL;Color:Black pink beach pants;,5207291341915,shopify_US_7510791159905_43768835670113,shopify_US_7510791159905,INFERRED_FROM_SHOPIFY_PRODUCT_ID; exact live MC item_group_id export not present locally,dlm_7510791159905_father_swimwear,dlm_style_7510791159905_matching_dad_and_son_pink_black_color_block_swim_shorts,father,swimwear,Swimwear,daddy_me,NEEDS_MERCHANT_EXPORT,https://cdn.shopify.com/s/files/1/1557/1635/files/pomelli-image_38_0d66c33d-a1b8-4ef1-961c-ad4e3742a57a.png?v=1774242990,https://www.dresslikemommy.com/products/matching-dad-and-son-pink-black-color-block-swim-shorts,15.99,in_stock,8.00,49.97,margin_medium,97,paid_eligible,margin_medium,daddy_me,aov_medium,us_test_ready,True,True,high,set,false,holiday,0-25
7510791159905,43768835866721,matching-dad-and-son-pink-black-color-block-swim-shorts,Matching Dad and Son Pink & Black Color Block Swim Shorts,Child 4-5 years / Black,5207291341918-Size:128;Color:Black pink beach pants;,5207291341918,shopify_US_7510791159905_43768835866721,shopify_US_7510791159905,INFERRED_FROM_SHOPIFY_PRODUCT_ID; exact live MC item_group_id export not present locally,dlm_7510791159905_father_swimwear,dlm_style_7510791159905_matching_dad_and_son_pink_black_color_block_swim_shorts,father,swimwear,Swimwear,daddy_me,NEEDS_MERCHANT_EXPORT,https://cdn.shopify.com/s/files/1/1557/1635/files/pomelli-image_38_0d66c33d-a1b8-4ef1-961c-ad4e3742a57a.png?v=1774242990,https://www.dresslikemommy.com/products/matching-dad-and-son-pink-black-color-block-swim-shorts,14.99,in_stock,7.50,49.97,margin_medium,97,paid_eligible,margin_medium,daddy_me,aov_medium,us_test_ready,True,True,high,set,false,holiday,0-25
7510791159905,43768835965025,matching-dad-and-son-pink-black-color-block-swim-shorts,Matching Dad and Son Pink & Black Color Block Swim Shorts,Child 6-8 years / Black,5207291341919-Size:140;Color:Black pink beach pants;,5207291341919,shopify_US_7510791159905_43768835965025,shopify_US_7510791159905,INFERRED_FROM_SHOPIFY_PRODUCT_ID; exact live MC item_group_id export not present locally,dlm_7510791159905_father_swimwear,dlm_style_7510791159905_matching_dad_and_son_pink_black_color_block_swim_shorts,father,swimwear,Swimwear,daddy_me,NEEDS_MERCHANT_EXPORT,https://cdn.shopify.com/s/files/1/1557/1635/files/pomelli-image_38_0d66c33d-a1b8-4ef1-961c-ad4e3742a57a.png?v=1774242990,https://www.dresslikemommy.com/products/matching-dad-and-son-pink-black-color-block-swim-shorts,14.99,in_stock,7.50,49.97,margin_medium,99,paid_eligible,margin_medium,daddy_me,aov_medium,us_test_ready,True,True,high,set,false,holiday,0-25
7510791159905,43768836063329,matching-dad-and-son-pink-black-color-block-swim-shorts,Matching Dad and Son Pink & Black Color Block Swim Shorts,Child 8-10 years / Black,5207291341920-Size:152;Color:Black pink beach pants;,5207291341920,shopify_US_7510791159905_43768836063329,shopify_US_7510791159905,INFERRED_FROM_SHOPIFY_PRODUCT_ID; exact live MC item_group_id export not present locally,dlm_7510791159905_father_swimwear,dlm_style_7510791159905_matching_dad_and_son_pink_black_color_block_swim_shorts,father,swimwear,Swimwear,daddy_me,NEEDS_MERCHANT_EXPORT,https://cdn.shopify.com/s/files/1/1557/1635/files/pomelli-image_38_0d66c33d-a1b8-4ef1-961c-ad4e3742a57a.png?v=1774242990,https://www.dresslikemommy.com/products/matching-dad-and-son-pink-black-color-block-swim-shorts,14.99,in_stock,7.50,49.97,margin_medium,99,paid_eligible,margin_medium,daddy_me,aov_medium,us_test_ready,True,True,high,set,false,holiday,0-25
7510791258209,43768836358241,matching-dad-and-son-pink-orange-chevron-swim-trunks,Matching Dad and Son Pink Orange Chevron Swim Trunks,Father M / Pink,5207291341956-Size:M;Color:Pink orange beach pants;,5207291341956,shopify_US_7510791258209_43768836358241,shopify_US_7510791258209,INFERRED_FROM_SHOPIFY_PRODUCT_ID; exact live MC item_group_id export not present locally,dlm_7510791258209_father_swimwear,dlm_style_7510791258209_matching_dad_and_son_pink_orange_chevron_swim_trunks,father,swimwear,Swimwear,daddy_me,NEEDS_MERCHANT_EXPORT,https://cdn.shopify.com/s/files/1/1557/1635/files/pomelli-image_46_caf926f0-e664-42ef-802e-e0440df526e5.png?v=1774243152,https://www.dresslikemommy.com/products/matching-dad-and-son-pink-orange-chevron-swim-trunks,15.99,in_stock,8.00,49.97,margin_medium,84,paid_eligible,margin_medium,daddy_me,aov_medium,us_test_ready,True,True,high,set,false,summer,0-25
7227418738785,41871678439521,matching-family-striped-cardigans-navy-and-red-heart-embroidery-knit-sweaters-for-mom-dad-and-kids,Striped Cardigans Navy and Red Heart Embroidery Kni... | DLM,Father S / Stripes,5602393917543-01,5602393917543,shopify_US_7227418738785_41871678439521,shopify_US_7227418738785,INFERRED_FROM_SHOPIFY_PRODUCT_ID; exact live MC item_group_id export not present locally,dlm_7227418738785_father_sweaters,dlm_style_7227418738785_matching_family_striped_cardigans_navy_and_red_heart_embroidery_knit_sweaters_for_mom_dad_and_kids,father,sweaters,Sweaters,daddy_me,NEEDS_MERCHANT_EXPORT,https://cdn.shopify.com/s/files/1/1557/1635/files/wmremove-transformed_d9779333-b1e4-4ccd-8af8-3d346f186085.png?v=1772785637,https://www.dresslikemommy.com/products/matching-family-striped-cardigans-navy-and-red-heart-embroidery-knit-sweaters-for-mom-dad-and-kids,29.99,in_stock,15.00,49.98,margin_medium,172,paid_eligible,margin_medium,daddy_me,aov_medium,us_test_ready,True,True,high,set,true,year-round,0-25
7227418738785,41871678472289,matching-family-striped-cardigans-navy-and-red-heart-embroidery-knit-sweaters-for-mom-dad-and-kids,Striped Cardigans Navy and Red Heart Embroidery Kni... | DLM,Father M / Stripes,5588981261511-01,5588981261511,shopify_US_7227418738785_41871678472289,shopify_US_7227418738785,INFERRED_FROM_SHOPIFY_PRODUCT_ID; exact live MC item_group_id export not present locally,dlm_7227418738785_father_sweaters,dlm_style_7227418738785_matching_family_striped_cardigans_navy_and_red_heart_embroidery_knit_sweaters_for_mom_dad_and_kids,father,sweaters,Sweaters,daddy_me,NEEDS_MERCHANT_EXPORT,https://cdn.shopify.com/s/files/1/1557/1635/files/wmremove-transformed_d9779333-b1e4-4ccd-8af8-3d346f186085.png?v=1772785637,https://www.dresslikemommy.com/products/matching-family-striped-cardigans-navy-and-red-heart-embroidery-knit-sweaters-for-mom-dad-and-kids,29.99,in_stock,15.00,49.98,margin_medium,179,paid_eligible,margin_medium,daddy_me,aov_medium,us_test_ready,True,True,high,set,true,year-round,0-25
7227418738785,41871678537825,matching-family-striped-cardigans-navy-and-red-heart-embroidery-knit-sweaters-for-mom-dad-and-kids,Striped Cardigans Navy and Red Heart Embroidery Kni... | DLM,Father XL / Stripes,5588981261513-01,5588981261513,shopify_US_7227418738785_41871678537825,shopify_US_7227418738785,INFERRED_FROM_SHOPIFY_PRODUCT_ID; exact live MC item_group_id export not present locally,dlm_7227418738785_father_sweaters,dlm_style_7227418738785_matching_family_striped_cardigans_navy_and_red_heart_embroidery_knit_sweaters_for_mom_dad_and_kids,father,sweaters,Sweaters,daddy_me,NEEDS_MERCHANT_EXPORT,https://cdn.shopify.com/s/files/1/1557/1635/files/wmremove-transformed_d9779333-b1e4-4ccd-8af8-3d346f186085.png?v=1772785637,https://www.dresslikemommy.com/products/matching-family-striped-cardigans-navy-and-red-heart-embroidery-knit-sweaters-for-mom-dad-and-kids,29.99,in_stock,15.00,49.98,margin_medium,176,paid_eligible,margin_medium,daddy_me,aov_medium,us_test_ready,True,True,high,set,true,year-round,0-25
7227418738785,41871678570593,matching-family-striped-cardigans-navy-and-red-heart-embroidery-knit-sweaters-for-mom-dad-and-kids,Striped Cardigans Navy and Red Heart Embroidery Kni... | DLM,Father 2XL / Stripes,5588981261514-01,5588981261514,shopify_US_7227418738785_41871678570593,shopify_US_7227418738785,INFERRED_FROM_SHOPIFY_PRODUCT_ID; exact live MC item_group_id export not present locally,dlm_7227418738785_father_sweaters,dlm_style_7227418738785_matching_family_striped_cardigans_navy_and_red_heart_embroidery_knit_sweaters_for_mom_dad_and_kids,father,sweaters,Sweaters,daddy_me,NEEDS_MERCHANT_EXPORT,https://cdn.shopify.com/s/files/1/1557/1635/files/wmremove-transformed_d9779333-b1e4-4ccd-8af8-3d346f186085.png?v=1772785637,https://www.dresslikemommy.com/products/matching-family-striped-cardigans-navy-and-red-heart-embroidery-knit-sweaters-for-mom-dad-and-kids,29.99,in_stock,15.00,49.98,margin_medium,178,paid_eligible,margin_medium,daddy_me,aov_medium,us_test_ready,True,True,high,set,true,year-round,0-25
7227378925665,41871521415265,tropical-matching-family-beach-outfits-colorful-leaf-print-summer-dresses-shorts-set,Tropical Beach Outfits Colorful Leaf Print Summer D... | DLM,Father L / Red,5160980189821-01,5160980189821,shopify_US_7227378925665_41871521415265,shopify_US_7227378925665,INFERRED_FROM_SHOPIFY_PRODUCT_ID; exact live MC item_group_id export not present locally,dlm_7227378925665_father_sets,dlm_style_7227378925665_tropical_matching_family_beach_outfits_colorful_leaf_print_summer_dresses_shorts_set,father,sets,Sets,daddy_me,NEEDS_MERCHANT_EXPORT,https://cdn.shopify.com/s/files/1/1557/1635/files/pomelli-image_20_e4a08c36-25bb-4451-af42-555104d75daa.png?v=1772566662,https://www.dresslikemommy.com/products/tropical-matching-family-beach-outfits-colorful-leaf-print-summer-dresses-shorts-set,24.99,in_stock,12.50,49.98,margin_medium,978,paid_eligible,margin_medium,daddy_me,aov_medium,us_test_ready,True,True,high,set,true,summer,0-25
7110364856417,41500566782049,tropical-flair-father-and-son-matching-swim-trunks-flamingo-and-foliage-print,Tropical Flair Father and Son Matching Swim Trunks ... | DLM,Father M / Main color,5350976155463-Size:Father M;Color:Main color;,5350976155463,shopify_US_7110364856417_41500566782049,shopify_US_7110364856417,INFERRED_FROM_SHOPIFY_PRODUCT_ID; exact live MC item_group_id export not present locally,dlm_7110364856417_father_swimwear,dlm_style_7110364856417_tropical_flair_father_and_son_matching_swim_trunks_flamingo_and_foliage_print,father,swimwear,Swimwear,daddy_me,NEEDS_MERCHANT_EXPORT,https://cdn.shopify.com/s/files/1/1557/1635/files/pomelli-image_14_424df009-7f47-4c4b-a48f-5f7ecb2b214f.png?v=1774241872,https://www.dresslikemommy.com/products/tropical-flair-father-and-son-matching-swim-trunks-flamingo-and-foliage-print,15.99,in_stock,8.00,49.97,margin_medium,9999,paid_eligible,margin_medium,daddy_me,aov_medium,us_test_ready,True,True,high,set,false,summer,0-25
7110364856417,41500566814817,tropical-flair-father-and-son-matching-swim-trunks-flamingo-and-foliage-print,Tropical Flair Father and Son Matching Swim Trunks ... | DLM,Father L / Main color,5350976155464-Size:Father L;Color:Main color;,5350976155464,shopify_US_7110364856417_41500566814817,shopify_US_7110364856417,INFERRED_FROM_SHOPIFY_PRODUCT_ID; exact live MC item_group_id export not present locally,dlm_7110364856417_father_swimwear,dlm_style_7110364856417_tropical_flair_father_and_son_matching_swim_trunks_flamingo_and_foliage_print,father,swimwear,Swimwear,daddy_me,NEEDS_MERCHANT_EXPORT,https://cdn.shopify.com/s/files/1/1557/1635/files/pomelli-image_14_424df009-7f47-4c4b-a48f-5f7ecb2b214f.png?v=1774241872,https://www.dresslikemommy.com/products/tropical-flair-father-and-son-matching-swim-trunks-flamingo-and-foliage-print,15.99,in_stock,8.00,49.97,margin_medium,10000,paid_eligible,margin_medium,daddy_me,aov_medium,us_test_ready,True,True,high,set,false,summer,0-25
7110364856417,41500566847585,tropical-flair-father-and-son-matching-swim-trunks-flamingo-and-foliage-print,Tropical Flair Father and Son Matching Swim Trunks ... | DLM,Father XL / Main color,5350976155465-Size:Father XL;Color:Main color;,5350976155465,shopify_US_7110364856417_41500566847585,shopify_US_7110364856417,INFERRED_FROM_SHOPIFY_PRODUCT_ID; exact live MC item_group_id export not present locally,dlm_7110364856417_father_swimwear,dlm_style_7110364856417_tropical_flair_father_and_son_matching_swim_trunks_flamingo_and_foliage_print,father,swimwear,Swimwear,daddy_me,NEEDS_MERCHANT_EXPORT,https://cdn.shopify.com/s/files/1/1557/1635/files/pomelli-image_14_424df009-7f47-4c4b-a48f-5f7ecb2b214f.png?v=1774241872,https://www.dresslikemommy.com/products/tropical-flair-father-and-son-matching-swim-trunks-flamingo-and-foliage-print,15.99,in_stock,8.00,49.97,margin_medium,10000,paid_eligible,margin_medium,daddy_me,aov_medium,us_test_ready,True,True,high,set,false,summer,0-25
7110364856417,41500566978657,tropical-flair-father-and-son-matching-swim-trunks-flamingo-and-foliage-print,Tropical Flair Father and Son Matching Swim Trunks ... | DLM,Child 4-5 years / Main color,5350976155469-Size:Son 4-5T;Color:Main color;,5350976155469,shopify_US_7110364856417_41500566978657,shopify_US_7110364856417,INFERRED_FROM_SHOPIFY_PRODUCT_ID; exact live MC item_group_id export not present locally,dlm_7110364856417_father_swimwear,dlm_style_7110364856417_tropical_flair_father_and_son_matching_swim_trunks_flamingo_and_foliage_print,father,swimwear,Swimwear,daddy_me,NEEDS_MERCHANT_EXPORT,https://cdn.shopify.com/s/files/1/1557/1635/files/pomelli-image_14_424df009-7f47-4c4b-a48f-5f7ecb2b214f.png?v=1774241872,https://www.dresslikemommy.com/products/tropical-flair-father-and-son-matching-swim-trunks-flamingo-and-foliage-print,14.99,in_stock,7.50,49.97,margin_medium,10000,paid_eligible,margin_medium,daddy_me,aov_medium,us_test_ready,True,True,high,set,false,summer,0-25
7110364856417,41500567011425,tropical-flair-father-and-son-matching-swim-trunks-flamingo-and-foliage-print,Tropical Flair Father and Son Matching Swim Trunks ... | DLM,Child 6-8 years / Main color,5350976155470-Size:Son 6-8T;Color:Main color;,5350976155470,shopify_US_7110364856417_41500567011425,shopify_US_7110364856417,INFERRED_FROM_SHOPIFY_PRODUCT_ID; exact live MC item_group_id export not present locally,dlm_7110364856417_father_swimwear,dlm_style_7110364856417_tropical_flair_father_and_son_matching_swim_trunks_flamingo_and_foliage_print,father,swimwear,Swimwear,daddy_me,NEEDS_MERCHANT_EXPORT,https://cdn.shopify.com/s/files/1/1557/1635/files/pomelli-image_14_424df009-7f47-4c4b-a48f-5f7ecb2b214f.png?v=1774241872,https://www.dresslikemommy.com/products/tropical-flair-father-and-son-matching-swim-trunks-flamingo-and-foliage-print,14.99,in_stock,7.50,49.97,margin_medium,10000,paid_eligible,margin_medium,daddy_me,aov_medium,us_test_ready,True,True,high,set,false,summer,0-25
7229128441953,41878470623329,vibrant-rainbow-family-matching-outfits-striped-t-shirts-and-yellow-overalls-set-for-family-outings,Vibrant Rainbow Outfits Striped T-Shirts and Yellow... | DLM,Father L / T-shirt,5460499999985-01,5460499999985,shopify_US_7229128441953_41878470623329,shopify_US_7229128441953,INFERRED_FROM_SHOPIFY_PRODUCT_ID; exact live MC item_group_id export not present locally,dlm_7229128441953_father_shirt_or_top,dlm_style_7229128441953_vibrant_rainbow_family_matching_outfits_striped_t_shirts_and_yellow_overalls_set_for_family_outings,father,shirt_or_top,Sets,daddy_me,NEEDS_MERCHANT_EXPORT,https://cdn.shopify.com/s/files/1/1557/1635/files/pomelli-image_27_a7cb604d-d1c0-4920-a337-58784255dea2.png?v=1772564773,https://www.dresslikemommy.com/products/vibrant-rainbow-family-matching-outfits-striped-t-shirts-and-yellow-overalls-set-for-family-outings,19.99,in_stock,10.00,49.97,margin_medium,4269,paid_eligible,margin_medium,daddy_me,aov_medium,us_test_ready,True,True,high,set,true,year-round,0-25
7229128441953,41878470721633,vibrant-rainbow-family-matching-outfits-striped-t-shirts-and-yellow-overalls-set-for-family-outings,Vibrant Rainbow Outfits Striped T-Shirts and Yellow... | DLM,Father 3XL / T-shirt,5460499999988-01,5460499999988,shopify_US_7229128441953_41878470721633,shopify_US_7229128441953,INFERRED_FROM_SHOPIFY_PRODUCT_ID; exact live MC item_group_id export not present locally,dlm_7229128441953_father_shirt_or_top,dlm_style_7229128441953_vibrant_rainbow_family_matching_outfits_striped_t_shirts_and_yellow_overalls_set_for_family_outings,father,shirt_or_top,Sets,daddy_me,NEEDS_MERCHANT_EXPORT,https://cdn.shopify.com/s/files/1/1557/1635/files/pomelli-image_27_a7cb604d-d1c0-4920-a337-58784255dea2.png?v=1772564773,https://www.dresslikemommy.com/products/vibrant-rainbow-family-matching-outfits-striped-t-shirts-and-yellow-overalls-set-for-family-outings,19.99,in_stock,10.00,49.97,margin_medium,4484,paid_eligible,margin_medium,daddy_me,aov_medium,us_test_ready,True,True,high,set,true,year-round,0-25
7229128441953,41878471016545,vibrant-rainbow-family-matching-outfits-striped-t-shirts-and-yellow-overalls-set-for-family-outings,Vibrant Rainbow Outfits Striped T-Shirts and Yellow... | DLM,Father L / Short,5287274432009-01,5287274432009,shopify_US_7229128441953_41878471016545,shopify_US_7229128441953,INFERRED_FROM_SHOPIFY_PRODUCT_ID; exact live MC item_group_id export not present locally,dlm_7229128441953_father_shirt_or_top,dlm_style_7229128441953_vibrant_rainbow_family_matching_outfits_striped_t_shirts_and_yellow_overalls_set_for_family_outings,father,shirt_or_top,Sets,daddy_me,NEEDS_MERCHANT_EXPORT,https://cdn.shopify.com/s/files/1/1557/1635/files/pomelli-image_27_a7cb604d-d1c0-4920-a337-58784255dea2.png?v=1772564773,https://www.dresslikemommy.com/products/vibrant-rainbow-family-matching-outfits-striped-t-shirts-and-yellow-overalls-set-for-family-outings,17.99,in_stock,9.00,49.97,margin_medium,4288,paid_eligible,margin_medium,daddy_me,aov_medium,us_test_ready,True,True,high,set,true,year-round,0-25
7229128441953,41878471049313,vibrant-rainbow-family-matching-outfits-striped-t-shirts-and-yellow-overalls-set-for-family-outings,Vibrant Rainbow Outfits Striped T-Shirts and Yellow... | DLM,Father XL / Short,5287274432010-01,5287274432010,shopify_US_7229128441953_41878471049313,shopify_US_7229128441953,INFERRED_FROM_SHOPIFY_PRODUCT_ID; exact live MC item_group_id export not present locally,dlm_7229128441953_father_shirt_or_top,dlm_style_7229128441953_vibrant_rainbow_family_matching_outfits_striped_t_shirts_and_yellow_overalls_set_for_family_outings,father,shirt_or_top,Sets,daddy_me,NEEDS_MERCHANT_EXPORT,https://cdn.shopify.com/s/files/1/1557/1635/files/pomelli-image_27_a7cb604d-d1c0-4920-a337-58784255dea2.png?v=1772564773,https://www.dresslikemommy.com/products/vibrant-rainbow-family-matching-outfits-striped-t-shirts-and-yellow-overalls-set-for-family-outings,17.99,in_stock,9.00,49.97,margin_medium,4163,paid_eligible,margin_medium,daddy_me,aov_medium,us_test_ready,True,True,high,set,true,year-round,0-25
7229128441953,41878471114849,vibrant-rainbow-family-matching-outfits-striped-t-shirts-and-yellow-overalls-set-for-family-outings,Vibrant Rainbow Outfits Striped T-Shirts and Yellow... | DLM,Father 3XL / Short,5287274432012-01,5287274432012,shopify_US_7229128441953_41878471114849,shopify_US_7229128441953,INFERRED_FROM_SHOPIFY_PRODUCT_ID; exact live MC item_group_id export not present locally,dlm_7229128441953_father_shirt_or_top,dlm_style_7229128441953_vibrant_rainbow_family_matching_outfits_striped_t_shirts_and_yellow_overalls_set_for_family_outings,father,shirt_or_top,Sets,daddy_me,NEEDS_MERCHANT_EXPORT,https://cdn.shopify.com/s/files/1/1557/1635/files/pomelli-image_27_a7cb604d-d1c0-4920-a337-58784255dea2.png?v=1772564773,https://www.dresslikemommy.com/products/vibrant-rainbow-family-matching-outfits-striped-t-shirts-and-yellow-overalls-set-for-family-outings,17.99,in_stock,9.00,49.97,margin_medium,4528,paid_eligible,margin_medium,daddy_me,aov_medium,us_test_ready,True,True,high,set,true,year-round,0-25
7227375714401,41871507325025,matching-family-yellow-beach-outfits-summer-vacation-dresses-shorts-set,Yellow Beach Outfits Summer Vacation Dresses & Shor... | DLM,Father L / yellow,4642942037447-01,4642942037447,shopify_US_7227375714401_41871507325025,shopify_US_7227375714401,INFERRED_FROM_SHOPIFY_PRODUCT_ID; exact live MC item_group_id export not present locally,dlm_7227375714401_father_dress,dlm_style_7227375714401_matching_family_yellow_beach_outfits_summer_vacation_dresses_shorts_set,father,dress,Sets,daddy_me,NEEDS_MERCHANT_EXPORT,https://cdn.shopify.com/s/files/1/1557/1635/files/s90ze40wzxrmy0cwr81bjsf1hc.png?v=1772781548,https://www.dresslikemommy.com/products/matching-family-yellow-beach-outfits-summer-vacation-dresses-shorts-set,24.99,in_stock,12.50,49.98,margin_medium,980,paid_eligible,margin_medium,daddy_me,aov_medium,us_test_ready,True,True,high,set,true,year-round,0-25
7227375714401,41871507357793,matching-family-yellow-beach-outfits-summer-vacation-dresses-shorts-set,Yellow Beach Outfits Summer Vacation Dresses & Shor... | DLM,Father XL / yellow,4642942037448-01,4642942037448,shopify_US_7227375714401_41871507357793,shopify_US_7227375714401,INFERRED_FROM_SHOPIFY_PRODUCT_ID; exact live MC item_group_id export not present locally,dlm_7227375714401_father_dress,dlm_style_7227375714401_matching_family_yellow_beach_outfits_summer_vacation_dresses_shorts_set,father,dress,Sets,daddy_me,NEEDS_MERCHANT_EXPORT,https://cdn.shopify.com/s/files/1/1557/1635/files/s90ze40wzxrmy0cwr81bjsf1hc.png?v=1772781548,https://www.dresslikemommy.com/products/matching-family-yellow-beach-outfits-summer-vacation-dresses-shorts-set,24.99,in_stock,12.50,49.98,margin_medium,971,paid_eligible,margin_medium,daddy_me,aov_medium,us_test_ready,True,True,high,set,true,year-round,0-25
7227624554593,41872740024417,matching-family-denim-button-up-shirts-casual-unisex-jean-jackets-for-parents-and-kids,Denim Button-Up Shirts Casual Unisex Jean Jackets f... | DLM,Child 4-5 Years / Blue,4955682869419-01,4955682869419,shopify_US_7227624554593_41872740024417,shopify_US_7227624554593,INFERRED_FROM_SHOPIFY_PRODUCT_ID; exact live MC item_group_id export not present locally,dlm_7227624554593_child_shirt_or_top,dlm_style_7227624554593_matching_family_denim_button_up_shirts_casual_unisex_jean_jackets_for_parents_and_kids,child,shirt_or_top,Tops,family_matching,NEEDS_MERCHANT_EXPORT,https://cdn.shopify.com/s/files/1/1557/1635/files/pomelli-image_3_37e3c7e4-3b57-4a14-828b-24119006fa73.png?v=1772566373,https://www.dresslikemommy.com/products/matching-family-denim-button-up-shirts-casual-unisex-jean-jackets-for-parents-and-kids,22.99,in_stock,11.50,49.98,margin_medium,975,paid_eligible,margin_medium,family_matching,aov_medium,us_test_ready,True,True,high,set,true,summer,0-25
7227624554593,41872740089953,matching-family-denim-button-up-shirts-casual-unisex-jean-jackets-for-parents-and-kids,Denim Button-Up Shirts Casual Unisex Jean Jackets f... | DLM,Child 6-7 Years / Blue,4955682869421-01,4955682869421,shopify_US_7227624554593_41872740089953,shopify_US_7227624554593,INFERRED_FROM_SHOPIFY_PRODUCT_ID; exact live MC item_group_id export not present locally,dlm_7227624554593_child_shirt_or_top,dlm_style_7227624554593_matching_family_denim_button_up_shirts_casual_unisex_jean_jackets_for_parents_and_kids,child,shirt_or_top,Tops,family_matching,NEEDS_MERCHANT_EXPORT,https://cdn.shopify.com/s/files/1/1557/1635/files/pomelli-image_3_37e3c7e4-3b57-4a14-828b-24119006fa73.png?v=1772566373,https://www.dresslikemommy.com/products/matching-family-denim-button-up-shirts-casual-unisex-jean-jackets-for-parents-and-kids,22.99,in_stock,11.50,49.98,margin_medium,988,paid_eligible,margin_medium,family_matching,aov_medium,us_test_ready,True,True,high,set,true,summer,0-25
7227624554593,41872740122721,matching-family-denim-button-up-shirts-casual-unisex-jean-jackets-for-parents-and-kids,Denim Button-Up Shirts Casual Unisex Jean Jackets f... | DLM,Child 7-8 Years / Blue,4955682869422-01,4955682869422,shopify_US_7227624554593_41872740122721,shopify_US_7227624554593,INFERRED_FROM_SHOPIFY_PRODUCT_ID; exact live MC item_group_id export not present locally,dlm_7227624554593_child_shirt_or_top,dlm_style_7227624554593_matching_family_denim_button_up_shirts_casual_unisex_jean_jackets_for_parents_and_kids,child,shirt_or_top,Tops,family_matching,NEEDS_MERCHANT_EXPORT,https://cdn.shopify.com/s/files/1/1557/1635/files/pomelli-image_3_37e3c7e4-3b57-4a14-828b-24119006fa73.png?v=1772566373,https://www.dresslikemommy.com/products/matching-family-denim-button-up-shirts-casual-unisex-jean-jackets-for-parents-and-kids,22.99,in_stock,11.50,49.98,margin_medium,988,paid_eligible,margin_medium,family_matching,aov_medium,us_test_ready,True,True,high,set,true,summer,0-25
7227624554593,41872740188257,matching-family-denim-button-up-shirts-casual-unisex-jean-jackets-for-parents-and-kids,Denim Button-Up Shirts Casual Unisex Jean Jackets f... | DLM,Adult M / Blue,4955682869424-01,4955682869424,shopify_US_7227624554593_41872740188257,shopify_US_7227624554593,INFERRED_FROM_SHOPIFY_PRODUCT_ID; exact live MC item_group_id export not present locally,dlm_7227624554593_unclear_shirt_or_top,dlm_style_7227624554593_matching_family_denim_button_up_shirts_casual_unisex_jean_jackets_for_parents_and_kids,unclear,shirt_or_top,Tops,family_matching,NEEDS_MERCHANT_EXPORT,https://cdn.shopify.com/s/files/1/1557/1635/files/pomelli-image_3_37e3c7e4-3b57-4a14-828b-24119006fa73.png?v=1772566373,https://www.dresslikemommy.com/products/matching-family-denim-button-up-shirts-casual-unisex-jean-jackets-for-parents-and-kids,29.99,in_stock,15.00,49.98,margin_medium,976,paid_eligible,margin_medium,family_matching,aov_medium,us_test_ready,True,True,high,set,true,summer,0-25
7227624554593,41872740221025,matching-family-denim-button-up-shirts-casual-unisex-jean-jackets-for-parents-and-kids,Denim Button-Up Shirts Casual Unisex Jean Jackets f... | DLM,Adult L / Blue,4955682869425-01,4955682869425,shopify_US_7227624554593_41872740221025,shopify_US_7227624554593,INFERRED_FROM_SHOPIFY_PRODUCT_ID; exact live MC item_group_id export not present locally,dlm_7227624554593_unclear_shirt_or_top,dlm_style_7227624554593_matching_family_denim_button_up_shirts_casual_unisex_jean_jackets_for_parents_and_kids,unclear,shirt_or_top,Tops,family_matching,NEEDS_MERCHANT_EXPORT,https://cdn.shopify.com/s/files/1/1557/1635/files/pomelli-image_3_37e3c7e4-3b57-4a14-828b-24119006fa73.png?v=1772566373,https://www.dresslikemommy.com/products/matching-family-denim-button-up-shirts-casual-unisex-jean-jackets-for-parents-and-kids,29.99,in_stock,15.00,49.98,margin_medium,973,paid_eligible,margin_medium,family_matching,aov_medium,us_test_ready,True,True,high,set,true,summer,0-25
7227624554593,41872740253793,matching-family-denim-button-up-shirts-casual-unisex-jean-jackets-for-parents-and-kids,Denim Button-Up Shirts Casual Unisex Jean Jackets f... | DLM,Adult XL / Blue,4955682869426-01,4955682869426,shopify_US_7227624554593_41872740253793,shopify_US_7227624554593,INFERRED_FROM_SHOPIFY_PRODUCT_ID; exact live MC item_group_id export not present locally,dlm_7227624554593_unclear_shirt_or_top,dlm_style_7227624554593_matching_family_denim_button_up_shirts_casual_unisex_jean_jackets_for_parents_and_kids,unclear,shirt_or_top,Tops,family_matching,NEEDS_MERCHANT_EXPORT,https://cdn.shopify.com/s/files/1/1557/1635/files/pomelli-image_3_37e3c7e4-3b57-4a14-828b-24119006fa73.png?v=1772566373,https://www.dresslikemommy.com/products/matching-family-denim-button-up-shirts-casual-unisex-jean-jackets-for-parents-and-kids,29.99,in_stock,15.00,49.98,margin_medium,978,paid_eligible,margin_medium,family_matching,aov_medium,us_test_ready,True,True,high,set,true,summer,0-25
7227624554593,41872740286561,matching-family-denim-button-up-shirts-casual-unisex-jean-jackets-for-parents-and-kids,Denim Button-Up Shirts Casual Unisex Jean Jackets f... | DLM,Adult 2XL / Blue,4955682869427-01,4955682869427,shopify_US_7227624554593_41872740286561,shopify_US_7227624554593,INFERRED_FROM_SHOPIFY_PRODUCT_ID; exact live MC item_group_id export not present locally,dlm_7227624554593_unclear_shirt_or_top,dlm_style_7227624554593_matching_family_denim_button_up_shirts_casual_unisex_jean_jackets_for_parents_and_kids,unclear,shirt_or_top,Tops,family_matching,NEEDS_MERCHANT_EXPORT,https://cdn.shopify.com/s/files/1/1557/1635/files/pomelli-image_3_37e3c7e4-3b57-4a14-828b-24119006fa73.png?v=1772566373,https://www.dresslikemommy.com/products/matching-family-denim-button-up-shirts-casual-unisex-jean-jackets-for-parents-and-kids,29.99,in_stock,15.00,49.98,margin_medium,978,paid_eligible,margin_medium,family_matching,aov_medium,us_test_ready,True,True,high,set,true,summer,0-25
7227624554593,41872740319329,matching-family-denim-button-up-shirts-casual-unisex-jean-jackets-for-parents-and-kids,Denim Button-Up Shirts Casual Unisex Jean Jackets f... | DLM,Adult 3XL / Blue,4955682869428-01,4955682869428,shopify_US_7227624554593_41872740319329,shopify_US_7227624554593,INFERRED_FROM_SHOPIFY_PRODUCT_ID; exact live MC item_group_id export not present locally,dlm_7227624554593_unclear_shirt_or_top,dlm_style_7227624554593_matching_family_denim_button_up_shirts_casual_unisex_jean_jackets_for_parents_and_kids,unclear,shirt_or_top,Tops,family_matching,NEEDS_MERCHANT_EXPORT,https://cdn.shopify.com/s/files/1/1557/1635/files/pomelli-image_3_37e3c7e4-3b57-4a14-828b-24119006fa73.png?v=1772566373,https://www.dresslikemommy.com/products/matching-family-denim-button-up-shirts-casual-unisex-jean-jackets-for-parents-and-kids,29.99,in_stock,15.00,49.98,margin_medium,987,paid_eligible,margin_medium,family_matching,aov_medium,us_test_ready,True,True,high,set,true,summer,0-25
7227379023969,41871521808481,elegant-matching-family-outfits-light-blue-halter-dresses-casual-t-shirt-set-for-summer,Elegant Outfits Light Blue Halter Dresses & Casual ... | DLM,Girl 3-4 Years / blue,5672249086483-01,5672249086483,shopify_US_7227379023969_41871521808481,shopify_US_7227379023969,INFERRED_FROM_SHOPIFY_PRODUCT_ID; exact live MC item_group_id export not present locally,dlm_7227379023969_child_dress,dlm_style_7227379023969_elegant_matching_family_outfits_light_blue_halter_dresses_casual_t_shirt_set_for_summer,child,dress,Sets,family_matching,NEEDS_MERCHANT_EXPORT,https://cdn.shopify.com/s/files/1/1557/1635/files/pomelli-image_44_0e028ffb-5d6c-4fc0-8d3e-8ec228f0ef5e.png?v=1772570393,https://www.dresslikemommy.com/products/elegant-matching-family-outfits-light-blue-halter-dresses-casual-t-shirt-set-for-summer,22.99,in_stock,11.50,49.98,margin_medium,86,paid_eligible,margin_medium,family_matching,aov_medium,us_test_ready,True,True,high,set,true,year-round,0-25
7227379023969,41871521906785,elegant-matching-family-outfits-light-blue-halter-dresses-casual-t-shirt-set-for-summer,Elegant Outfits Light Blue Halter Dresses & Casual ... | DLM,Girl 6-7 Years / blue,5672249086486-01,5672249086486,shopify_US_7227379023969_41871521906785,shopify_US_7227379023969,INFERRED_FROM_SHOPIFY_PRODUCT_ID; exact live MC item_group_id export not present locally,dlm_7227379023969_child_dress,dlm_style_7227379023969_elegant_matching_family_outfits_light_blue_halter_dresses_casual_t_shirt_set_for_summer,child,dress,Sets,family_matching,NEEDS_MERCHANT_EXPORT,https://cdn.shopify.com/s/files/1/1557/1635/files/pomelli-image_44_0e028ffb-5d6c-4fc0-8d3e-8ec228f0ef5e.png?v=1772570393,https://www.dresslikemommy.com/products/elegant-matching-family-outfits-light-blue-halter-dresses-casual-t-shirt-set-for-summer,22.99,in_stock,11.50,49.98,margin_medium,68,paid_eligible,margin_medium,family_matching,aov_medium,us_test_ready,True,True,high,set,true,year-round,0-25
7227379023969,41871521939553,elegant-matching-family-outfits-light-blue-halter-dresses-casual-t-shirt-set-for-summer,Elegant Outfits Light Blue Halter Dresses & Casual ... | DLM,Girl 7-8 Years / blue,5672249086487-01,5672249086487,shopify_US_7227379023969_41871521939553,shopify_US_7227379023969,INFERRED_FROM_SHOPIFY_PRODUCT_ID; exact live MC item_group_id export not present locally,dlm_7227379023969_child_dress,dlm_style_7227379023969_elegant_matching_family_outfits_light_blue_halter_dresses_casual_t_shirt_set_for_summer,child,dress,Sets,family_matching,NEEDS_MERCHANT_EXPORT,https://cdn.shopify.com/s/files/1/1557/1635/files/pomelli-image_44_0e028ffb-5d6c-4fc0-8d3e-8ec228f0ef5e.png?v=1772570393,https://www.dresslikemommy.com/products/elegant-matching-family-outfits-light-blue-halter-dresses-casual-t-shirt-set-for-summer,22.99,in_stock,11.50,49.98,margin_medium,64,paid_eligible,margin_medium,family_matching,aov_medium,us_test_ready,True,True,high,set,true,year-round,0-25
7227379023969,41871522005089,elegant-matching-family-outfits-light-blue-halter-dresses-casual-t-shirt-set-for-summer,Elegant Outfits Light Blue Halter Dresses & Casual ... | DLM,Girl 9-10 Years / blue,5672249086489-01,5672249086489,shopify_US_7227379023969_41871522005089,shopify_US_7227379023969,INFERRED_FROM_SHOPIFY_PRODUCT_ID; exact live MC item_group_id export not present locally,dlm_7227379023969_child_dress,dlm_style_7227379023969_elegant_matching_family_outfits_light_blue_halter_dresses_casual_t_shirt_set_for_summer,child,dress,Sets,family_matching,NEEDS_MERCHANT_EXPORT,https://cdn.shopify.com/s/files/1/1557/1635/files/pomelli-image_44_0e028ffb-5d6c-4fc0-8d3e-8ec228f0ef5e.png?v=1772570393,https://www.dresslikemommy.com/products/elegant-matching-family-outfits-light-blue-halter-dresses-casual-t-shirt-set-for-summer,22.99,in_stock,11.50,49.98,margin_medium,75,paid_eligible,margin_medium,family_matching,aov_medium,us_test_ready,True,True,high,set,true,year-round,0-25
7227379023969,41871522070625,elegant-matching-family-outfits-light-blue-halter-dresses-casual-t-shirt-set-for-summer,Elegant Outfits Light Blue Halter Dresses & Casual ... | DLM,Boy 4-5 Years / blue,5672249086491-01,5672249086491,shopify_US_7227379023969_41871522070625,shopify_US_7227379023969,INFERRED_FROM_SHOPIFY_PRODUCT_ID; exact live MC item_group_id export not present locally,dlm_7227379023969_child_dress,dlm_style_7227379023969_elegant_matching_family_outfits_light_blue_halter_dresses_casual_t_shirt_set_for_summer,child,dress,Sets,family_matching,NEEDS_MERCHANT_EXPORT,https://cdn.shopify.com/s/files/1/1557/1635/files/pomelli-image_44_0e028ffb-5d6c-4fc0-8d3e-8ec228f0ef5e.png?v=1772570393,https://www.dresslikemommy.com/products/elegant-matching-family-outfits-light-blue-halter-dresses-casual-t-shirt-set-for-summer,21.99,in_stock,11.00,49.98,margin_medium,86,paid_eligible,margin_medium,family_matching,aov_medium,us_test_ready,True,True,high,set,true,year-round,0-25
7227379023969,41871522136161,elegant-matching-family-outfits-light-blue-halter-dresses-casual-t-shirt-set-for-summer,Elegant Outfits Light Blue Halter Dresses & Casual ... | DLM,Boy 6-7 Years / blue,5672249086493-01,5672249086493,shopify_US_7227379023969_41871522136161,shopify_US_7227379023969,INFERRED_FROM_SHOPIFY_PRODUCT_ID; exact live MC item_group_id export not present locally,dlm_7227379023969_child_dress,dlm_style_7227379023969_elegant_matching_family_outfits_light_blue_halter_dresses_casual_t_shirt_set_for_summer,child,dress,Sets,family_matching,NEEDS_MERCHANT_EXPORT,https://cdn.shopify.com/s/files/1/1557/1635/files/pomelli-image_44_0e028ffb-5d6c-4fc0-8d3e-8ec228f0ef5e.png?v=1772570393,https://www.dresslikemommy.com/products/elegant-matching-family-outfits-light-blue-halter-dresses-casual-t-shirt-set-for-summer,21.99,in_stock,11.00,49.98,margin_medium,64,paid_eligible,margin_medium,family_matching,aov_medium,us_test_ready,True,True,high,set,true,year-round,0-25
7227379023969,41871522168929,elegant-matching-family-outfits-light-blue-halter-dresses-casual-t-shirt-set-for-summer,Elegant Outfits Light Blue Halter Dresses & Casual ... | DLM,Boy 7-8 Years / blue,5672249086494-01,5672249086494,shopify_US_7227379023969_41871522168929,shopify_US_7227379023969,INFERRED_FROM_SHOPIFY_PRODUCT_ID; exact live MC item_group_id export not present locally,dlm_7227379023969_child_dress,dlm_style_7227379023969_elegant_matching_family_outfits_light_blue_halter_dresses_casual_t_shirt_set_for_summer,child,dress,Sets,family_matching,NEEDS_MERCHANT_EXPORT,https://cdn.shopify.com/s/files/1/1557/1635/files/pomelli-image_44_0e028ffb-5d6c-4fc0-8d3e-8ec228f0ef5e.png?v=1772570393,https://www.dresslikemommy.com/products/elegant-matching-family-outfits-light-blue-halter-dresses-casual-t-shirt-set-for-summer,21.99,in_stock,11.00,49.98,margin_medium,73,paid_eligible,margin_medium,family_matching,aov_medium,us_test_ready,True,True,high,set,true,year-round,0-25
7227379023969,41871522234465,elegant-matching-family-outfits-light-blue-halter-dresses-casual-t-shirt-set-for-summer,Elegant Outfits Light Blue Halter Dresses & Casual ... | DLM,Boy 9-10 Years / blue,5672249086496-01,5672249086496,shopify_US_7227379023969_41871522234465,shopify_US_7227379023969,INFERRED_FROM_SHOPIFY_PRODUCT_ID; exact live MC item_group_id export not present locally,dlm_7227379023969_child_dress,dlm_style_7227379023969_elegant_matching_family_outfits_light_blue_halter_dresses_casual_t_shirt_set_for_summer,child,dress,Sets,family_matching,NEEDS_MERCHANT_EXPORT,https://cdn.shopify.com/s/files/1/1557/1635/files/pomelli-image_44_0e028ffb-5d6c-4fc0-8d3e-8ec228f0ef5e.png?v=1772570393,https://www.dresslikemommy.com/products/elegant-matching-family-outfits-light-blue-halter-dresses-casual-t-shirt-set-for-summer,21.99,in_stock,11.00,49.98,margin_medium,86,paid_eligible,margin_medium,family_matching,aov_medium,us_test_ready,True,True,high,set,true,year-round,0-25
7229130342497,41878478192737,gradient-ombre-family-matching-outfits-pink-blue-t-shirts-with-white-shorts-set,Gradient Ombre Outfits Pink & Blue T-Shirts with Wh... | DLM,Child 3-4 Years / Multi Color,5457112755511-01,5457112755511,shopify_US_7229130342497_41878478192737,shopify_US_7229130342497,INFERRED_FROM_SHOPIFY_PRODUCT_ID; exact live MC item_group_id export not present locally,dlm_7229130342497_child_shirt_or_top,dlm_style_7229130342497_gradient_ombre_family_matching_outfits_pink_blue_t_shirts_with_white_shorts_set,child,shirt_or_top,Sets,family_matching,NEEDS_MERCHANT_EXPORT,https://cdn.shopify.com/s/files/1/1557/1635/files/pomelli-image_47_c146f6af-d66f-45e7-b500-674118dfd368.png?v=1772566952,https://www.dresslikemommy.com/products/gradient-ombre-family-matching-outfits-pink-blue-t-shirts-with-white-shorts-set,14.99,in_stock,7.50,49.97,margin_medium,9991,paid_eligible,margin_medium,family_matching,aov_medium,us_test_ready,True,True,high,set,true,year-round,0-25
7229130342497,41878478225505,gradient-ombre-family-matching-outfits-pink-blue-t-shirts-with-white-shorts-set,Gradient Ombre Outfits Pink & Blue T-Shirts with Wh... | DLM,Child 5-6 Years / Multi Color,5457112755512-01,5457112755512,shopify_US_7229130342497_41878478225505,shopify_US_7229130342497,INFERRED_FROM_SHOPIFY_PRODUCT_ID; exact live MC item_group_id export not present locally,dlm_7229130342497_child_shirt_or_top,dlm_style_7229130342497_gradient_ombre_family_matching_outfits_pink_blue_t_shirts_with_white_shorts_set,child,shirt_or_top,Sets,family_matching,NEEDS_MERCHANT_EXPORT,https://cdn.shopify.com/s/files/1/1557/1635/files/pomelli-image_47_c146f6af-d66f-45e7-b500-674118dfd368.png?v=1772566952,https://www.dresslikemommy.com/products/gradient-ombre-family-matching-outfits-pink-blue-t-shirts-with-white-shorts-set,14.99,in_stock,7.50,49.97,margin_medium,9974,paid_eligible,margin_medium,family_matching,aov_medium,us_test_ready,True,True,high,set,true,year-round,0-25
7229130342497,41878478258273,gradient-ombre-family-matching-outfits-pink-blue-t-shirts-with-white-shorts-set,Gradient Ombre Outfits Pink & Blue T-Shirts with Wh... | DLM,Child 7-8 Years / Multi Color,5457112755513-01,5457112755513,shopify_US_7229130342497_41878478258273,shopify_US_7229130342497,INFERRED_FROM_SHOPIFY_PRODUCT_ID; exact live MC item_group_id export not present locally,dlm_7229130342497_child_shirt_or_top,dlm_style_7229130342497_gradient_ombre_family_matching_outfits_pink_blue_t_shirts_with_white_shorts_set,child,shirt_or_top,Sets,family_matching,NEEDS_MERCHANT_EXPORT,https://cdn.shopify.com/s/files/1/1557/1635/files/pomelli-image_47_c146f6af-d66f-45e7-b500-674118dfd368.png?v=1772566952,https://www.dresslikemommy.com/products/gradient-ombre-family-matching-outfits-pink-blue-t-shirts-with-white-shorts-set,14.99,in_stock,7.50,49.97,margin_medium,9979,paid_eligible,margin_medium,family_matching,aov_medium,us_test_ready,True,True,high,set,true,year-round,0-25
7229130342497,41878478291041,gradient-ombre-family-matching-outfits-pink-blue-t-shirts-with-white-shorts-set,Gradient Ombre Outfits Pink & Blue T-Shirts with Wh... | DLM,Child 9-10 Years / Multi Color,5457112755514-01,5457112755514,shopify_US_7229130342497_41878478291041,shopify_US_7229130342497,INFERRED_FROM_SHOPIFY_PRODUCT_ID; exact live MC item_group_id export not present locally,dlm_7229130342497_child_shirt_or_top,dlm_style_7229130342497_gradient_ombre_family_matching_outfits_pink_blue_t_shirts_with_white_shorts_set,child,shirt_or_top,Sets,family_matching,NEEDS_MERCHANT_EXPORT,https://cdn.shopify.com/s/files/1/1557/1635/files/pomelli-image_47_c146f6af-d66f-45e7-b500-674118dfd368.png?v=1772566952,https://www.dresslikemommy.com/products/gradient-ombre-family-matching-outfits-pink-blue-t-shirts-with-white-shorts-set,14.99,in_stock,7.50,49.97,margin_medium,9986,paid_eligible,margin_medium,family_matching,aov_medium,us_test_ready,True,True,high,set,true,year-round,0-25
7229130342497,41878478323809,gradient-ombre-family-matching-outfits-pink-blue-t-shirts-with-white-shorts-set,Gradient Ombre Outfits Pink & Blue T-Shirts with Wh... | DLM,Child 11-12 Years / Multi Color,5457112755515-01,5457112755515,shopify_US_7229130342497_41878478323809,shopify_US_7229130342497,INFERRED_FROM_SHOPIFY_PRODUCT_ID; exact live MC item_group_id export not present locally,dlm_7229130342497_child_shirt_or_top,dlm_style_7229130342497_gradient_ombre_family_matching_outfits_pink_blue_t_shirts_with_white_shorts_set,child,shirt_or_top,Sets,family_matching,NEEDS_MERCHANT_EXPORT,https://cdn.shopify.com/s/files/1/1557/1635/files/pomelli-image_47_c146f6af-d66f-45e7-b500-674118dfd368.png?v=1772566952,https://www.dresslikemommy.com/products/gradient-ombre-family-matching-outfits-pink-blue-t-shirts-with-white-shorts-set,14.99,in_stock,7.50,49.97,margin_medium,9993,paid_eligible,margin_medium,family_matching,aov_medium,us_test_ready,True,True,high,set,true,year-round,0-25
7229130342497,41878478356577,gradient-ombre-family-matching-outfits-pink-blue-t-shirts-with-white-shorts-set,Gradient Ombre Outfits Pink & Blue T-Shirts with Wh... | DLM,Child 13-14 Years / Multi Color,5457112755516-01,5457112755516,shopify_US_7229130342497_41878478356577,shopify_US_7229130342497,INFERRED_FROM_SHOPIFY_PRODUCT_ID; exact live MC item_group_id export not present locally,dlm_7229130342497_child_shirt_or_top,dlm_style_7229130342497_gradient_ombre_family_matching_outfits_pink_blue_t_shirts_with_white_shorts_set,child,shirt_or_top,Sets,family_matching,NEEDS_MERCHANT_EXPORT,https://cdn.shopify.com/s/files/1/1557/1635/files/pomelli-image_47_c146f6af-d66f-45e7-b500-674118dfd368.png?v=1772566952,https://www.dresslikemommy.com/products/gradient-ombre-family-matching-outfits-pink-blue-t-shirts-with-white-shorts-set,14.99,in_stock,7.50,49.97,margin_medium,9985,paid_eligible,margin_medium,family_matching,aov_medium,us_test_ready,True,True,high,set,true,year-round,0-25
7229124673633,41878466920545,green-and-white-matching-family-outfits-stylish-floral-print-family-set-for-parents-and-kids,Green and White Outfits Stylish Floral Print Family... | DLM,Boy 2 years / Shirt,5288709961574-01,5288709961574,shopify_US_7229124673633_41878466920545,shopify_US_7229124673633,INFERRED_FROM_SHOPIFY_PRODUCT_ID; exact live MC item_group_id export not present locally,dlm_7229124673633_child_sets,dlm_style_7229124673633_green_and_white_matching_family_outfits_stylish_floral_print_family_set_for_parents_and_kids,child,sets,Sets,family_matching,NEEDS_MERCHANT_EXPORT,https://cdn.shopify.com/s/files/1/1557/1635/files/pomelli-image_18_04f61717-a318-44e6-be0d-2eb880ff1924.png?v=1772564911,https://www.dresslikemommy.com/products/green-and-white-matching-family-outfits-stylish-floral-print-family-set-for-parents-and-kids,16.99,in_stock,8.50,49.97,margin_medium,9999,paid_eligible,margin_medium,family_matching,aov_medium,us_test_ready,True,True,high,set,true,year-round,0-25
7229124673633,41878466953313,green-and-white-matching-family-outfits-stylish-floral-print-family-set-for-parents-and-kids,Green and White Outfits Stylish Floral Print Family... | DLM,Boy 3-4 years / Shirt,5288709961575-01,5288709961575,shopify_US_7229124673633_41878466953313,shopify_US_7229124673633,INFERRED_FROM_SHOPIFY_PRODUCT_ID; exact live MC item_group_id export not present locally,dlm_7229124673633_child_sets,dlm_style_7229124673633_green_and_white_matching_family_outfits_stylish_floral_print_family_set_for_parents_and_kids,child,sets,Sets,family_matching,NEEDS_MERCHANT_EXPORT,https://cdn.shopify.com/s/files/1/1557/1635/files/pomelli-image_18_04f61717-a318-44e6-be0d-2eb880ff1924.png?v=1772564911,https://www.dresslikemommy.com/products/green-and-white-matching-family-outfits-stylish-floral-print-family-set-for-parents-and-kids,16.99,in_stock,8.50,49.97,margin_medium,9999,paid_eligible,margin_medium,family_matching,aov_medium,us_test_ready,True,True,high,set,true,year-round,0-25
7229124673633,41878467051617,green-and-white-matching-family-outfits-stylish-floral-print-family-set-for-parents-and-kids,Green and White Outfits Stylish Floral Print Family... | DLM,Boy 9-10 years / Shirt,5288709961578-01,5288709961578,shopify_US_7229124673633_41878467051617,shopify_US_7229124673633,INFERRED_FROM_SHOPIFY_PRODUCT_ID; exact live MC item_group_id export not present locally,dlm_7229124673633_child_sets,dlm_style_7229124673633_green_and_white_matching_family_outfits_stylish_floral_print_family_set_for_parents_and_kids,child,sets,Sets,family_matching,NEEDS_MERCHANT_EXPORT,https://cdn.shopify.com/s/files/1/1557/1635/files/pomelli-image_18_04f61717-a318-44e6-be0d-2eb880ff1924.png?v=1772564911,https://www.dresslikemommy.com/products/green-and-white-matching-family-outfits-stylish-floral-print-family-set-for-parents-and-kids,16.99,in_stock,8.50,49.97,margin_medium,9999,paid_eligible,margin_medium,family_matching,aov_medium,us_test_ready,True,True,high,set,true,year-round,0-25
7229124673633,41878467084385,green-and-white-matching-family-outfits-stylish-floral-print-family-set-for-parents-and-kids,Green and White Outfits Stylish Floral Print Family... | DLM,Boy 11-12 years / Shirt,5288709961579-01,5288709961579,shopify_US_7229124673633_41878467084385,shopify_US_7229124673633,INFERRED_FROM_SHOPIFY_PRODUCT_ID; exact live MC item_group_id export not present locally,dlm_7229124673633_child_sets,dlm_style_7229124673633_green_and_white_matching_family_outfits_stylish_floral_print_family_set_for_parents_and_kids,child,sets,Sets,family_matching,NEEDS_MERCHANT_EXPORT,https://cdn.shopify.com/s/files/1/1557/1635/files/pomelli-image_18_04f61717-a318-44e6-be0d-2eb880ff1924.png?v=1772564911,https://www.dresslikemommy.com/products/green-and-white-matching-family-outfits-stylish-floral-print-family-set-for-parents-and-kids,16.99,in_stock,8.50,49.97,margin_medium,9992,paid_eligible,margin_medium,family_matching,aov_medium,us_test_ready,True,True,high,set,true,year-round,0-25
7229124673633,41878467117153,green-and-white-matching-family-outfits-stylish-floral-print-family-set-for-parents-and-kids,Green and White Outfits Stylish Floral Print Family... | DLM,Boy 13-14 years / Shirt,5288709961580-01,5288709961580,shopify_US_7229124673633_41878467117153,shopify_US_7229124673633,INFERRED_FROM_SHOPIFY_PRODUCT_ID; exact live MC item_group_id export not present locally,dlm_7229124673633_child_sets,dlm_style_7229124673633_green_and_white_matching_family_outfits_stylish_floral_print_family_set_for_parents_and_kids,child,sets,Sets,family_matching,NEEDS_MERCHANT_EXPORT,https://cdn.shopify.com/s/files/1/1557/1635/files/pomelli-image_18_04f61717-a318-44e6-be0d-2eb880ff1924.png?v=1772564911,https://www.dresslikemommy.com/products/green-and-white-matching-family-outfits-stylish-floral-print-family-set-for-parents-and-kids,16.99,in_stock,8.50,49.97,margin_medium,9996,paid_eligible,margin_medium,family_matching,aov_medium,us_test_ready,True,True,high,set,true,year-round,0-25
7229124673633,41878467313761,green-and-white-matching-family-outfits-stylish-floral-print-family-set-for-parents-and-kids,Green and White Outfits Stylish Floral Print Family... | DLM,Girl 2 years / Dress,5288709961610-01,5288709961610,shopify_US_7229124673633_41878467313761,shopify_US_7229124673633,INFERRED_FROM_SHOPIFY_PRODUCT_ID; exact live MC item_group_id export not present locally,dlm_7229124673633_child_sets,dlm_style_7229124673633_green_and_white_matching_family_outfits_stylish_floral_print_family_set_for_parents_and_kids,child,sets,Sets,family_matching,NEEDS_MERCHANT_EXPORT,https://cdn.shopify.com/s/files/1/1557/1635/files/pomelli-image_18_04f61717-a318-44e6-be0d-2eb880ff1924.png?v=1772564911,https://www.dresslikemommy.com/products/green-and-white-matching-family-outfits-stylish-floral-print-family-set-for-parents-and-kids,23.99,in_stock,12.00,49.98,margin_medium,9998,paid_eligible,margin_medium,family_matching,aov_medium,us_test_ready,True,True,high,set,true,year-round,0-25
7229124673633,41878467412065,green-and-white-matching-family-outfits-stylish-floral-print-family-set-for-parents-and-kids,Green and White Outfits Stylish Floral Print Family... | DLM,Girl 7-8 years / Dress,5288709961613-01,5288709961613,shopify_US_7229124673633_41878467412065,shopify_US_7229124673633,INFERRED_FROM_SHOPIFY_PRODUCT_ID; exact live MC item_group_id export not present locally,dlm_7229124673633_child_sets,dlm_style_7229124673633_green_and_white_matching_family_outfits_stylish_floral_print_family_set_for_parents_and_kids,child,sets,Sets,family_matching,NEEDS_MERCHANT_EXPORT,https://cdn.shopify.com/s/files/1/1557/1635/files/pomelli-image_18_04f61717-a318-44e6-be0d-2eb880ff1924.png?v=1772564911,https://www.dresslikemommy.com/products/green-and-white-matching-family-outfits-stylish-floral-print-family-set-for-parents-and-kids,23.99,in_stock,12.00,49.98,margin_medium,9996,paid_eligible,margin_medium,family_matching,aov_medium,us_test_ready,True,True,high,set,true,year-round,0-25
7229124673633,41878467444833,green-and-white-matching-family-outfits-stylish-floral-print-family-set-for-parents-and-kids,Green and White Outfits Stylish Floral Print Family... | DLM,Girl 9-10 years / Dress,5288709961614-01,5288709961614,shopify_US_7229124673633_41878467444833,shopify_US_7229124673633,INFERRED_FROM_SHOPIFY_PRODUCT_ID; exact live MC item_group_id export not present locally,dlm_7229124673633_child_sets,dlm_style_7229124673633_green_and_white_matching_family_outfits_stylish_floral_print_family_set_for_parents_and_kids,child,sets,Sets,family_matching,NEEDS_MERCHANT_EXPORT,https://cdn.shopify.com/s/files/1/1557/1635/files/pomelli-image_18_04f61717-a318-44e6-be0d-2eb880ff1924.png?v=1772564911,https://www.dresslikemommy.com/products/green-and-white-matching-family-outfits-stylish-floral-print-family-set-for-parents-and-kids,23.99,in_stock,12.00,49.98,margin_medium,9995,paid_eligible,margin_medium,family_matching,aov_medium,us_test_ready,True,True,high,set,true,year-round,0-25
7229124673633,41878467706977,green-and-white-matching-family-outfits-stylish-floral-print-family-set-for-parents-and-kids,Green and White Outfits Stylish Floral Print Family... | DLM,Boy 2 years / Short,5658726819919-01,5658726819919,shopify_US_7229124673633_41878467706977,shopify_US_7229124673633,INFERRED_FROM_SHOPIFY_PRODUCT_ID; exact live MC item_group_id export not present locally,dlm_7229124673633_child_sets,dlm_style_7229124673633_green_and_white_matching_family_outfits_stylish_floral_print_family_set_for_parents_and_kids,child,sets,Sets,family_matching,NEEDS_MERCHANT_EXPORT,https://cdn.shopify.com/s/files/1/1557/1635/files/pomelli-image_18_04f61717-a318-44e6-be0d-2eb880ff1924.png?v=1772564911,https://www.dresslikemommy.com/products/green-and-white-matching-family-outfits-stylish-floral-print-family-set-for-parents-and-kids,14.99,in_stock,7.50,49.97,margin_medium,9999,paid_eligible,margin_medium,family_matching,aov_medium,us_test_ready,True,True,high,set,true,year-round,0-25
7229124673633,41878467772513,green-and-white-matching-family-outfits-stylish-floral-print-family-set-for-parents-and-kids,Green and White Outfits Stylish Floral Print Family... | DLM,Boy 5-6 years / Short,5658726819910-01,5658726819910,shopify_US_7229124673633_41878467772513,shopify_US_7229124673633,INFERRED_FROM_SHOPIFY_PRODUCT_ID; exact live MC item_group_id export not present locally,dlm_7229124673633_child_sets,dlm_style_7229124673633_green_and_white_matching_family_outfits_stylish_floral_print_family_set_for_parents_and_kids,child,sets,Sets,family_matching,NEEDS_MERCHANT_EXPORT,https://cdn.shopify.com/s/files/1/1557/1635/files/pomelli-image_18_04f61717-a318-44e6-be0d-2eb880ff1924.png?v=1772564911,https://www.dresslikemommy.com/products/green-and-white-matching-family-outfits-stylish-floral-print-family-set-for-parents-and-kids,14.99,in_stock,7.50,49.97,margin_medium,9996,paid_eligible,margin_medium,family_matching,aov_medium,us_test_ready,True,True,high,set,true,year-round,0-25
7229124673633,41878467805281,green-and-white-matching-family-outfits-stylish-floral-print-family-set-for-parents-and-kids,Green and White Outfits Stylish Floral Print Family... | DLM,Boy 7-8 years / Short,5658726819909-01,5658726819909,shopify_US_7229124673633_41878467805281,shopify_US_7229124673633,INFERRED_FROM_SHOPIFY_PRODUCT_ID; exact live MC item_group_id export not present locally,dlm_7229124673633_child_sets,dlm_style_7229124673633_green_and_white_matching_family_outfits_stylish_floral_print_family_set_for_parents_and_kids,child,sets,Sets,family_matching,NEEDS_MERCHANT_EXPORT,https://cdn.shopify.com/s/files/1/1557/1635/files/pomelli-image_18_04f61717-a318-44e6-be0d-2eb880ff1924.png?v=1772564911,https://www.dresslikemommy.com/products/green-and-white-matching-family-outfits-stylish-floral-print-family-set-for-parents-and-kids,14.99,in_stock,7.50,49.97,margin_medium,9994,paid_eligible,margin_medium,family_matching,aov_medium,us_test_ready,True,True,high,set,true,year-round,0-25
7229124673633,41878467838049,green-and-white-matching-family-outfits-stylish-floral-print-family-set-for-parents-and-kids,Green and White Outfits Stylish Floral Print Family... | DLM,Boy 9-10 years / Short,5658726819911-01,5658726819911,shopify_US_7229124673633_41878467838049,shopify_US_7229124673633,INFERRED_FROM_SHOPIFY_PRODUCT_ID; exact live MC item_group_id export not present locally,dlm_7229124673633_child_sets,dlm_style_7229124673633_green_and_white_matching_family_outfits_stylish_floral_print_family_set_for_parents_and_kids,child,sets,Sets,family_matching,NEEDS_MERCHANT_EXPORT,https://cdn.shopify.com/s/files/1/1557/1635/files/pomelli-image_18_04f61717-a318-44e6-be0d-2eb880ff1924.png?v=1772564911,https://www.dresslikemommy.com/products/green-and-white-matching-family-outfits-stylish-floral-print-family-set-for-parents-and-kids,14.99,in_stock,7.50,49.97,margin_medium,9997,paid_eligible,margin_medium,family_matching,aov_medium,us_test_ready,True,True,high,set,true,year-round,0-25
7229124673633,41878467903585,green-and-white-matching-family-outfits-stylish-floral-print-family-set-for-parents-and-kids,Green and White Outfits Stylish Floral Print Family... | DLM,Boy 13-14 years / Short,5658726819912-01,5658726819912,shopify_US_7229124673633_41878467903585,shopify_US_7229124673633,INFERRED_FROM_SHOPIFY_PRODUCT_ID; exact live MC item_group_id export not present locally,dlm_7229124673633_child_sets,dlm_style_7229124673633_green_and_white_matching_family_outfits_stylish_floral_print_family_set_for_parents_and_kids,child,sets,Sets,family_matching,NEEDS_MERCHANT_EXPORT,https://cdn.shopify.com/s/files/1/1557/1635/files/pomelli-image_18_04f61717-a318-44e6-be0d-2eb880ff1924.png?v=1772564911,https://www.dresslikemommy.com/products/green-and-white-matching-family-outfits-stylish-floral-print-family-set-for-parents-and-kids,14.99,in_stock,7.50,49.97,margin_medium,9996,paid_eligible,margin_medium,family_matching,aov_medium,us_test_ready,True,True,high,set,true,year-round,0-25
7227620982881,41872696213601,matching-family-striped-fleece-hoodies-cozy-winter-pullover-for-parents-and-kids,Striped Fleece Hoodies Cozy Winter Pullover for Par... | DLM,Child 1-2 Years / Striped,5601420872227-01,5601420872227,shopify_US_7227620982881_41872696213601,shopify_US_7227620982881,INFERRED_FROM_SHOPIFY_PRODUCT_ID; exact live MC item_group_id export not present locally,dlm_7227620982881_child_shirt_or_top,dlm_style_7227620982881_matching_family_striped_fleece_hoodies_cozy_winter_pullover_for_parents_and_kids,child,shirt_or_top,Tops,family_matching,NEEDS_MERCHANT_EXPORT,https://cdn.shopify.com/s/files/1/1557/1635/files/pomelli-image_6_4ca08059-8870-417c-ab36-9fadad39f96d.png?v=1772174389,https://www.dresslikemommy.com/products/matching-family-striped-fleece-hoodies-cozy-winter-pullover-for-parents-and-kids,27.99,in_stock,14.00,49.98,margin_medium,1000,paid_eligible,margin_medium,family_matching,aov_medium,us_test_ready,True,True,high,set,true,summer,25-50
7227620982881,41872696246369,matching-family-striped-fleece-hoodies-cozy-winter-pullover-for-parents-and-kids,Striped Fleece Hoodies Cozy Winter Pullover for Par... | DLM,Child 2-3 Years / Striped,5601420872228-01,5601420872228,shopify_US_7227620982881_41872696246369,shopify_US_7227620982881,INFERRED_FROM_SHOPIFY_PRODUCT_ID; exact live MC item_group_id export not present locally,dlm_7227620982881_child_shirt_or_top,dlm_style_7227620982881_matching_family_striped_fleece_hoodies_cozy_winter_pullover_for_parents_and_kids,child,shirt_or_top,Tops,family_matching,NEEDS_MERCHANT_EXPORT,https://cdn.shopify.com/s/files/1/1557/1635/files/pomelli-image_6_4ca08059-8870-417c-ab36-9fadad39f96d.png?v=1772174389,https://www.dresslikemommy.com/products/matching-family-striped-fleece-hoodies-cozy-winter-pullover-for-parents-and-kids,27.99,in_stock,14.00,49.98,margin_medium,1000,paid_eligible,margin_medium,family_matching,aov_medium,us_test_ready,True,True,high,set,true,summer,25-50
7227620982881,41872696279137,matching-family-striped-fleece-hoodies-cozy-winter-pullover-for-parents-and-kids,Striped Fleece Hoodies Cozy Winter Pullover for Par... | DLM,Child 3-4 Years / Striped,5601420872229-01,5601420872229,shopify_US_7227620982881_41872696279137,shopify_US_7227620982881,INFERRED_FROM_SHOPIFY_PRODUCT_ID; exact live MC item_group_id export not present locally,dlm_7227620982881_child_shirt_or_top,dlm_style_7227620982881_matching_family_striped_fleece_hoodies_cozy_winter_pullover_for_parents_and_kids,child,shirt_or_top,Tops,family_matching,NEEDS_MERCHANT_EXPORT,https://cdn.shopify.com/s/files/1/1557/1635/files/pomelli-image_6_4ca08059-8870-417c-ab36-9fadad39f96d.png?v=1772174389,https://www.dresslikemommy.com/products/matching-family-striped-fleece-hoodies-cozy-winter-pullover-for-parents-and-kids,27.99,in_stock,14.00,49.98,margin_medium,999,paid_eligible,margin_medium,family_matching,aov_medium,us_test_ready,True,True,high,set,true,summer,25-50
7227620982881,41872696344673,matching-family-striped-fleece-hoodies-cozy-winter-pullover-for-parents-and-kids,Striped Fleece Hoodies Cozy Winter Pullover for Par... | DLM,Child 5-6 Years / Striped,5601420872231-01,5601420872231,shopify_US_7227620982881_41872696344673,shopify_US_7227620982881,INFERRED_FROM_SHOPIFY_PRODUCT_ID; exact live MC item_group_id export not present locally,dlm_7227620982881_child_shirt_or_top,dlm_style_7227620982881_matching_family_striped_fleece_hoodies_cozy_winter_pullover_for_parents_and_kids,child,shirt_or_top,Tops,family_matching,NEEDS_MERCHANT_EXPORT,https://cdn.shopify.com/s/files/1/1557/1635/files/pomelli-image_6_4ca08059-8870-417c-ab36-9fadad39f96d.png?v=1772174389,https://www.dresslikemommy.com/products/matching-family-striped-fleece-hoodies-cozy-winter-pullover-for-parents-and-kids,27.99,in_stock,14.00,49.98,margin_medium,1000,paid_eligible,margin_medium,family_matching,aov_medium,us_test_ready,True,True,high,set,true,summer,25-50
7227620982881,41872696410209,matching-family-striped-fleece-hoodies-cozy-winter-pullover-for-parents-and-kids,Striped Fleece Hoodies Cozy Winter Pullover for Par... | DLM,Child 7-8 Years / Striped,5601420872233-01,5601420872233,shopify_US_7227620982881_41872696410209,shopify_US_7227620982881,INFERRED_FROM_SHOPIFY_PRODUCT_ID; exact live MC item_group_id export not present locally,dlm_7227620982881_child_shirt_or_top,dlm_style_7227620982881_matching_family_striped_fleece_hoodies_cozy_winter_pullover_for_parents_and_kids,child,shirt_or_top,Tops,family_matching,NEEDS_MERCHANT_EXPORT,https://cdn.shopify.com/s/files/1/1557/1635/files/pomelli-image_6_4ca08059-8870-417c-ab36-9fadad39f96d.png?v=1772174389,https://www.dresslikemommy.com/products/matching-family-striped-fleece-hoodies-cozy-winter-pullover-for-parents-and-kids,27.99,in_stock,14.00,49.98,margin_medium,999,paid_eligible,margin_medium,family_matching,aov_medium,us_test_ready,True,True,high,set,true,summer,25-50
7227620982881,41872696475745,matching-family-striped-fleece-hoodies-cozy-winter-pullover-for-parents-and-kids,Striped Fleece Hoodies Cozy Winter Pullover for Par... | DLM,Adult S / Striped,5601420872235-01,5601420872235,shopify_US_7227620982881_41872696475745,shopify_US_7227620982881,INFERRED_FROM_SHOPIFY_PRODUCT_ID; exact live MC item_group_id export not present locally,dlm_7227620982881_unclear_shirt_or_top,dlm_style_7227620982881_matching_family_striped_fleece_hoodies_cozy_winter_pullover_for_parents_and_kids,unclear,shirt_or_top,Tops,family_matching,NEEDS_MERCHANT_EXPORT,https://cdn.shopify.com/s/files/1/1557/1635/files/pomelli-image_6_4ca08059-8870-417c-ab36-9fadad39f96d.png?v=1772174389,https://www.dresslikemommy.com/products/matching-family-striped-fleece-hoodies-cozy-winter-pullover-for-parents-and-kids,34.99,in_stock,17.50,49.99,margin_medium,1000,paid_eligible,margin_medium,family_matching,aov_medium,us_test_ready,True,True,high,set,true,summer,25-50
7227620982881,41872696508513,matching-family-striped-fleece-hoodies-cozy-winter-pullover-for-parents-and-kids,Striped Fleece Hoodies Cozy Winter Pullover for Par... | DLM,Adult M / Striped,5601420872236-01,5601420872236,shopify_US_7227620982881_41872696508513,shopify_US_7227620982881,INFERRED_FROM_SHOPIFY_PRODUCT_ID; exact live MC item_group_id export not present locally,dlm_7227620982881_unclear_shirt_or_top,dlm_style_7227620982881_matching_family_striped_fleece_hoodies_cozy_winter_pullover_for_parents_and_kids,unclear,shirt_or_top,Tops,family_matching,NEEDS_MERCHANT_EXPORT,https://cdn.shopify.com/s/files/1/1557/1635/files/pomelli-image_6_4ca08059-8870-417c-ab36-9fadad39f96d.png?v=1772174389,https://www.dresslikemommy.com/products/matching-family-striped-fleece-hoodies-cozy-winter-pullover-for-parents-and-kids,34.99,in_stock,17.50,49.99,margin_medium,999,paid_eligible,margin_medium,family_matching,aov_medium,us_test_ready,True,True,high,set,true,summer,25-50
7227620982881,41872696541281,matching-family-striped-fleece-hoodies-cozy-winter-pullover-for-parents-and-kids,Striped Fleece Hoodies Cozy Winter Pullover for Par... | DLM,Adult L / Striped,5601420872237-01,5601420872237,shopify_US_7227620982881_41872696541281,shopify_US_7227620982881,INFERRED_FROM_SHOPIFY_PRODUCT_ID; exact live MC item_group_id export not present locally,dlm_7227620982881_unclear_shirt_or_top,dlm_style_7227620982881_matching_family_striped_fleece_hoodies_cozy_winter_pullover_for_parents_and_kids,unclear,shirt_or_top,Tops,family_matching,NEEDS_MERCHANT_EXPORT,https://cdn.shopify.com/s/files/1/1557/1635/files/pomelli-image_6_4ca08059-8870-417c-ab36-9fadad39f96d.png?v=1772174389,https://www.dresslikemommy.com/products/matching-family-striped-fleece-hoodies-cozy-winter-pullover-for-parents-and-kids,34.99,in_stock,17.50,49.99,margin_medium,999,paid_eligible,margin_medium,family_matching,aov_medium,us_test_ready,True,True,high,set,true,summer,25-50
7227620982881,41872696606817,matching-family-striped-fleece-hoodies-cozy-winter-pullover-for-parents-and-kids,Striped Fleece Hoodies Cozy Winter Pullover for Par... | DLM,Adult 2XL / Striped,5601420872239-01,5601420872239,shopify_US_7227620982881_41872696606817,shopify_US_7227620982881,INFERRED_FROM_SHOPIFY_PRODUCT_ID; exact live MC item_group_id export not present locally,dlm_7227620982881_unclear_shirt_or_top,dlm_style_7227620982881_matching_family_striped_fleece_hoodies_cozy_winter_pullover_for_parents_and_kids,unclear,shirt_or_top,Tops,family_matching,NEEDS_MERCHANT_EXPORT,https://cdn.shopify.com/s/files/1/1557/1635/files/pomelli-image_6_4ca08059-8870-417c-ab36-9fadad39f96d.png?v=1772174389,https://www.dresslikemommy.com/products/matching-family-striped-fleece-hoodies-cozy-winter-pullover-for-parents-and-kids,34.99,in_stock,17.50,49.99,margin_medium,999,paid_eligible,margin_medium,family_matching,aov_medium,us_test_ready,True,True,high,set,true,summer,25-50
7227620982881,41872696639585,matching-family-striped-fleece-hoodies-cozy-winter-pullover-for-parents-and-kids,Striped Fleece Hoodies Cozy Winter Pullover for Par... | DLM,Adult 3XL / Striped,5601420872240-01,5601420872240,shopify_US_7227620982881_41872696639585,shopify_US_7227620982881,INFERRED_FROM_SHOPIFY_PRODUCT_ID; exact live MC item_group_id export not present locally,dlm_7227620982881_unclear_shirt_or_top,dlm_style_7227620982881_matching_family_striped_fleece_hoodies_cozy_winter_pullover_for_parents_and_kids,unclear,shirt_or_top,Tops,family_matching,NEEDS_MERCHANT_EXPORT,https://cdn.shopify.com/s/files/1/1557/1635/files/pomelli-image_6_4ca08059-8870-417c-ab36-9fadad39f96d.png?v=1772174389,https://www.dresslikemommy.com/products/matching-family-striped-fleece-hoodies-cozy-winter-pullover-for-parents-and-kids,34.99,in_stock,17.50,49.99,margin_medium,999,paid_eligible,margin_medium,family_matching,aov_medium,us_test_ready,True,True,high,set,true,summer,25-50
7229259874401,41878819635297,family-matching-t-shirt-set-with-colorful-heart-brushstroke-design,T-Shirt Set with Colorful Heart Brushstroke Design | DLM,Child 5-6 years / White,5006771620092-01,5006771620092,shopify_US_7229259874401_41878819635297,shopify_US_7229259874401,INFERRED_FROM_SHOPIFY_PRODUCT_ID; exact live MC item_group_id export not present locally,dlm_7229259874401_child_shirt_or_top,dlm_style_7229259874401_family_matching_t_shirt_set_with_colorful_heart_brushstroke_design,child,shirt_or_top,Tops,family_matching,NEEDS_MERCHANT_EXPORT,https://cdn.shopify.com/s/files/1/1557/1635/files/pomelli-image_34_fa7b5859-e4d5-4b96-b4d8-f4973cf91e02.png?v=1772572552,https://www.dresslikemommy.com/products/family-matching-t-shirt-set-with-colorful-heart-brushstroke-design,17.99,in_stock,9.00,49.97,margin_medium,989,paid_eligible,margin_medium,family_matching,aov_medium,us_test_ready,True,True,high,set,true,summer,0-25
7229259874401,41878819668065,family-matching-t-shirt-set-with-colorful-heart-brushstroke-design,T-Shirt Set with Colorful Heart Brushstroke Design | DLM,Child 6-7 years / White,5006771620093-01,5006771620093,shopify_US_7229259874401_41878819668065,shopify_US_7229259874401,INFERRED_FROM_SHOPIFY_PRODUCT_ID; exact live MC item_group_id export not present locally,dlm_7229259874401_child_shirt_or_top,dlm_style_7229259874401_family_matching_t_shirt_set_with_colorful_heart_brushstroke_design,child,shirt_or_top,Tops,family_matching,NEEDS_MERCHANT_EXPORT,https://cdn.shopify.com/s/files/1/1557/1635/files/pomelli-image_34_fa7b5859-e4d5-4b96-b4d8-f4973cf91e02.png?v=1772572552,https://www.dresslikemommy.com/products/family-matching-t-shirt-set-with-colorful-heart-brushstroke-design,17.99,in_stock,9.00,49.97,margin_medium,989,paid_eligible,margin_medium,family_matching,aov_medium,us_test_ready,True,True,high,set,true,summer,0-25
7229259874401,41878819700833,family-matching-t-shirt-set-with-colorful-heart-brushstroke-design,T-Shirt Set with Colorful Heart Brushstroke Design | DLM,Child 7-8 years / White,5006771620094-01,5006771620094,shopify_US_7229259874401_41878819700833,shopify_US_7229259874401,INFERRED_FROM_SHOPIFY_PRODUCT_ID; exact live MC item_group_id export not present locally,dlm_7229259874401_child_shirt_or_top,dlm_style_7229259874401_family_matching_t_shirt_set_with_colorful_heart_brushstroke_design,child,shirt_or_top,Tops,family_matching,NEEDS_MERCHANT_EXPORT,https://cdn.shopify.com/s/files/1/1557/1635/files/pomelli-image_34_fa7b5859-e4d5-4b96-b4d8-f4973cf91e02.png?v=1772572552,https://www.dresslikemommy.com/products/family-matching-t-shirt-set-with-colorful-heart-brushstroke-design,17.99,in_stock,9.00,49.97,margin_medium,976,paid_eligible,margin_medium,family_matching,aov_medium,us_test_ready,True,True,high,set,true,summer,0-25
7229259874401,41878819733601,family-matching-t-shirt-set-with-colorful-heart-brushstroke-design,T-Shirt Set with Colorful Heart Brushstroke Design | DLM,Child 8-9 years / White,5006771620095-01,5006771620095,shopify_US_7229259874401_41878819733601,shopify_US_7229259874401,INFERRED_FROM_SHOPIFY_PRODUCT_ID; exact live MC item_group_id export not present locally,dlm_7229259874401_child_shirt_or_top,dlm_style_7229259874401_family_matching_t_shirt_set_with_colorful_heart_brushstroke_design,child,shirt_or_top,Tops,family_matching,NEEDS_MERCHANT_EXPORT,https://cdn.shopify.com/s/files/1/1557/1635/files/pomelli-image_34_fa7b5859-e4d5-4b96-b4d8-f4973cf91e02.png?v=1772572552,https://www.dresslikemommy.com/products/family-matching-t-shirt-set-with-colorful-heart-brushstroke-design,17.99,in_stock,9.00,49.97,margin_medium,971,paid_eligible,margin_medium,family_matching,aov_medium,us_test_ready,True,True,high,set,true,summer,0-25
7229259874401,41878819766369,family-matching-t-shirt-set-with-colorful-heart-brushstroke-design,T-Shirt Set with Colorful Heart Brushstroke Design | DLM,Adult S / White,5006771620096-01,5006771620096,shopify_US_7229259874401_41878819766369,shopify_US_7229259874401,INFERRED_FROM_SHOPIFY_PRODUCT_ID; exact live MC item_group_id export not present locally,dlm_7229259874401_unclear_shirt_or_top,dlm_style_7229259874401_family_matching_t_shirt_set_with_colorful_heart_brushstroke_design,unclear,shirt_or_top,Tops,family_matching,NEEDS_MERCHANT_EXPORT,https://cdn.shopify.com/s/files/1/1557/1635/files/pomelli-image_34_fa7b5859-e4d5-4b96-b4d8-f4973cf91e02.png?v=1772572552,https://www.dresslikemommy.com/products/family-matching-t-shirt-set-with-colorful-heart-brushstroke-design,21.99,in_stock,11.00,49.98,margin_medium,971,paid_eligible,margin_medium,family_matching,aov_medium,us_test_ready,True,True,high,set,true,summer,0-25
7229259874401,41878819831905,family-matching-t-shirt-set-with-colorful-heart-brushstroke-design,T-Shirt Set with Colorful Heart Brushstroke Design | DLM,Adult L / White,5006771620098-01,5006771620098,shopify_US_7229259874401_41878819831905,shopify_US_7229259874401,INFERRED_FROM_SHOPIFY_PRODUCT_ID; exact live MC item_group_id export not present locally,dlm_7229259874401_unclear_shirt_or_top,dlm_style_7229259874401_family_matching_t_shirt_set_with_colorful_heart_brushstroke_design,unclear,shirt_or_top,Tops,family_matching,NEEDS_MERCHANT_EXPORT,https://cdn.shopify.com/s/files/1/1557/1635/files/pomelli-image_34_fa7b5859-e4d5-4b96-b4d8-f4973cf91e02.png?v=1772572552,https://www.dresslikemommy.com/products/family-matching-t-shirt-set-with-colorful-heart-brushstroke-design,21.99,in_stock,11.00,49.98,margin_medium,973,paid_eligible,margin_medium,family_matching,aov_medium,us_test_ready,True,True,high,set,true,summer,0-25
7229259874401,41878819962977,family-matching-t-shirt-set-with-colorful-heart-brushstroke-design,T-Shirt Set with Colorful Heart Brushstroke Design | DLM,Adult 4XL / White,5006771620102-01,5006771620102,shopify_US_7229259874401_41878819962977,shopify_US_7229259874401,INFERRED_FROM_SHOPIFY_PRODUCT_ID; exact live MC item_group_id export not present locally,dlm_7229259874401_unclear_shirt_or_top,dlm_style_7229259874401_family_matching_t_shirt_set_with_colorful_heart_brushstroke_design,unclear,shirt_or_top,Tops,family_matching,NEEDS_MERCHANT_EXPORT,https://cdn.shopify.com/s/files/1/1557/1635/files/pomelli-image_34_fa7b5859-e4d5-4b96-b4d8-f4973cf91e02.png?v=1772572552,https://www.dresslikemommy.com/products/family-matching-t-shirt-set-with-colorful-heart-brushstroke-design,21.99,in_stock,11.00,49.98,margin_medium,997,paid_eligible,margin_medium,family_matching,aov_medium,us_test_ready,True,True,high,set,true,summer,0-25
7229259874401,41878819995745,family-matching-t-shirt-set-with-colorful-heart-brushstroke-design,T-Shirt Set with Colorful Heart Brushstroke Design | DLM,Adult 5XL / White,5006771620103-01,5006771620103,shopify_US_7229259874401_41878819995745,shopify_US_7229259874401,INFERRED_FROM_SHOPIFY_PRODUCT_ID; exact live MC item_group_id export not present locally,dlm_7229259874401_unclear_shirt_or_top,dlm_style_7229259874401_family_matching_t_shirt_set_with_colorful_heart_brushstroke_design,unclear,shirt_or_top,Tops,family_matching,NEEDS_MERCHANT_EXPORT,https://cdn.shopify.com/s/files/1/1557/1635/files/pomelli-image_34_fa7b5859-e4d5-4b96-b4d8-f4973cf91e02.png?v=1772572552,https://www.dresslikemommy.com/products/family-matching-t-shirt-set-with-colorful-heart-brushstroke-design,21.99,in_stock,11.00,49.98,margin_medium,996,paid_eligible,margin_medium,family_matching,aov_medium,us_test_ready,True,True,high,set,true,summer,0-25
7229259874401,41878820094049,family-matching-t-shirt-set-with-colorful-heart-brushstroke-design,T-Shirt Set with Colorful Heart Brushstroke Design | DLM,Child 4-5 years / Red,5006771620121-01,5006771620121,shopify_US_7229259874401_41878820094049,shopify_US_7229259874401,INFERRED_FROM_SHOPIFY_PRODUCT_ID; exact live MC item_group_id export not present locally,dlm_7229259874401_child_shirt_or_top,dlm_style_7229259874401_family_matching_t_shirt_set_with_colorful_heart_brushstroke_design,child,shirt_or_top,Tops,family_matching,NEEDS_MERCHANT_EXPORT,https://cdn.shopify.com/s/files/1/1557/1635/files/pomelli-image_34_fa7b5859-e4d5-4b96-b4d8-f4973cf91e02.png?v=1772572552,https://www.dresslikemommy.com/products/family-matching-t-shirt-set-with-colorful-heart-brushstroke-design,17.99,in_stock,9.00,49.97,margin_medium,997,paid_eligible,margin_medium,family_matching,aov_medium,us_test_ready,True,True,high,set,true,summer,0-25
7229259874401,41878820356193,family-matching-t-shirt-set-with-colorful-heart-brushstroke-design,T-Shirt Set with Colorful Heart Brushstroke Design | DLM,Adult XL / Red,5006771620129-01,5006771620129,shopify_US_7229259874401_41878820356193,shopify_US_7229259874401,INFERRED_FROM_SHOPIFY_PRODUCT_ID; exact live MC item_group_id export not present locally,dlm_7229259874401_unclear_shirt_or_top,dlm_style_7229259874401_family_matching_t_shirt_set_with_colorful_heart_brushstroke_design,unclear,shirt_or_top,Tops,family_matching,NEEDS_MERCHANT_EXPORT,https://cdn.shopify.com/s/files/1/1557/1635/files/pomelli-image_34_fa7b5859-e4d5-4b96-b4d8-f4973cf91e02.png?v=1772572552,https://www.dresslikemommy.com/products/family-matching-t-shirt-set-with-colorful-heart-brushstroke-design,21.99,in_stock,11.00,49.98,margin_medium,998,paid_eligible,margin_medium,family_matching,aov_medium,us_test_ready,True,True,high,set,true,summer,0-25
7229259874401,41878820421729,family-matching-t-shirt-set-with-colorful-heart-brushstroke-design,T-Shirt Set with Colorful Heart Brushstroke Design | DLM,Adult 3XL / Red,5006771620131-01,5006771620131,shopify_US_7229259874401_41878820421729,shopify_US_7229259874401,INFERRED_FROM_SHOPIFY_PRODUCT_ID; exact live MC item_group_id export not present locally,dlm_7229259874401_unclear_shirt_or_top,dlm_style_7229259874401_family_matching_t_shirt_set_with_colorful_heart_brushstroke_design,unclear,shirt_or_top,Tops,family_matching,NEEDS_MERCHANT_EXPORT,https://cdn.shopify.com/s/files/1/1557/1635/files/pomelli-image_34_fa7b5859-e4d5-4b96-b4d8-f4973cf91e02.png?v=1772572552,https://www.dresslikemommy.com/products/family-matching-t-shirt-set-with-colorful-heart-brushstroke-design,21.99,in_stock,11.00,49.98,margin_medium,1000,paid_eligible,margin_medium,family_matching,aov_medium,us_test_ready,True,True,high,set,true,summer,0-25
7229259874401,41878820585569,family-matching-t-shirt-set-with-colorful-heart-brushstroke-design,T-Shirt Set with Colorful Heart Brushstroke Design | DLM,Child 4-5 years / Black,5006771620136-01,5006771620136,shopify_US_7229259874401_41878820585569,shopify_US_7229259874401,INFERRED_FROM_SHOPIFY_PRODUCT_ID; exact live MC item_group_id export not present locally,dlm_7229259874401_child_shirt_or_top,dlm_style_7229259874401_family_matching_t_shirt_set_with_colorful_heart_brushstroke_design,child,shirt_or_top,Tops,family_matching,NEEDS_MERCHANT_EXPORT,https://cdn.shopify.com/s/files/1/1557/1635/files/pomelli-image_34_fa7b5859-e4d5-4b96-b4d8-f4973cf91e02.png?v=1772572552,https://www.dresslikemommy.com/products/family-matching-t-shirt-set-with-colorful-heart-brushstroke-design,17.99,in_stock,9.00,49.97,margin_medium,995,paid_eligible,margin_medium,family_matching,aov_medium,us_test_ready,True,True,high,set,true,summer,0-25
7229259874401,41878820651105,family-matching-t-shirt-set-with-colorful-heart-brushstroke-design,T-Shirt Set with Colorful Heart Brushstroke Design | DLM,Child 6-7 years / Black,5006771620138-01,5006771620138,shopify_US_7229259874401_41878820651105,shopify_US_7229259874401,INFERRED_FROM_SHOPIFY_PRODUCT_ID; exact live MC item_group_id export not present locally,dlm_7229259874401_child_shirt_or_top,dlm_style_7229259874401_family_matching_t_shirt_set_with_colorful_heart_brushstroke_design,child,shirt_or_top,Tops,family_matching,NEEDS_MERCHANT_EXPORT,https://cdn.shopify.com/s/files/1/1557/1635/files/pomelli-image_34_fa7b5859-e4d5-4b96-b4d8-f4973cf91e02.png?v=1772572552,https://www.dresslikemommy.com/products/family-matching-t-shirt-set-with-colorful-heart-brushstroke-design,17.99,in_stock,9.00,49.97,margin_medium,995,paid_eligible,margin_medium,family_matching,aov_medium,us_test_ready,True,True,high,set,true,summer,0-25
7229259874401,41878820683873,family-matching-t-shirt-set-with-colorful-heart-brushstroke-design,T-Shirt Set with Colorful Heart Brushstroke Design | DLM,Child 7-8 years / Black,5006771620139-01,5006771620139,shopify_US_7229259874401_41878820683873,shopify_US_7229259874401,INFERRED_FROM_SHOPIFY_PRODUCT_ID; exact live MC item_group_id export not present locally,dlm_7229259874401_child_shirt_or_top,dlm_style_7229259874401_family_matching_t_shirt_set_with_colorful_heart_brushstroke_design,child,shirt_or_top,Tops,family_matching,NEEDS_MERCHANT_EXPORT,https://cdn.shopify.com/s/files/1/1557/1635/files/pomelli-image_34_fa7b5859-e4d5-4b96-b4d8-f4973cf91e02.png?v=1772572552,https://www.dresslikemommy.com/products/family-matching-t-shirt-set-with-colorful-heart-brushstroke-design,17.99,in_stock,9.00,49.97,margin_medium,999,paid_eligible,margin_medium,family_matching,aov_medium,us_test_ready,True,True,high,set,true,summer,0-25
7229259874401,41878820716641,family-matching-t-shirt-set-with-colorful-heart-brushstroke-design,T-Shirt Set with Colorful Heart Brushstroke Design | DLM,Child 8-9 years / Black,5006771620140-01,5006771620140,shopify_US_7229259874401_41878820716641,shopify_US_7229259874401,INFERRED_FROM_SHOPIFY_PRODUCT_ID; exact live MC item_group_id export not present locally,dlm_7229259874401_child_shirt_or_top,dlm_style_7229259874401_family_matching_t_shirt_set_with_colorful_heart_brushstroke_design,child,shirt_or_top,Tops,family_matching,NEEDS_MERCHANT_EXPORT,https://cdn.shopify.com/s/files/1/1557/1635/files/pomelli-image_34_fa7b5859-e4d5-4b96-b4d8-f4973cf91e02.png?v=1772572552,https://www.dresslikemommy.com/products/family-matching-t-shirt-set-with-colorful-heart-brushstroke-design,17.99,in_stock,9.00,49.97,margin_medium,998,paid_eligible,margin_medium,family_matching,aov_medium,us_test_ready,True,True,high,set,true,summer,0-25
7229259874401,41878820814945,family-matching-t-shirt-set-with-colorful-heart-brushstroke-design,T-Shirt Set with Colorful Heart Brushstroke Design | DLM,Adult L / Black,5006771620143-01,5006771620143,shopify_US_7229259874401_41878820814945,shopify_US_7229259874401,INFERRED_FROM_SHOPIFY_PRODUCT_ID; exact live MC item_group_id export not present locally,dlm_7229259874401_unclear_shirt_or_top,dlm_style_7229259874401_family_matching_t_shirt_set_with_colorful_heart_brushstroke_design,unclear,shirt_or_top,Tops,family_matching,NEEDS_MERCHANT_EXPORT,https://cdn.shopify.com/s/files/1/1557/1635/files/pomelli-image_34_fa7b5859-e4d5-4b96-b4d8-f4973cf91e02.png?v=1772572552,https://www.dresslikemommy.com/products/family-matching-t-shirt-set-with-colorful-heart-brushstroke-design,21.99,in_stock,11.00,49.98,margin_medium,992,paid_eligible,margin_medium,family_matching,aov_medium,us_test_ready,True,True,high,set,true,summer,0-25
7229259874401,41878820847713,family-matching-t-shirt-set-with-colorful-heart-brushstroke-design,T-Shirt Set with Colorful Heart Brushstroke Design | DLM,Adult XL / Black,5006771620144-01,5006771620144,shopify_US_7229259874401_41878820847713,shopify_US_7229259874401,INFERRED_FROM_SHOPIFY_PRODUCT_ID; exact live MC item_group_id export not present locally,dlm_7229259874401_unclear_shirt_or_top,dlm_style_7229259874401_family_matching_t_shirt_set_with_colorful_heart_brushstroke_design,unclear,shirt_or_top,Tops,family_matching,NEEDS_MERCHANT_EXPORT,https://cdn.shopify.com/s/files/1/1557/1635/files/pomelli-image_34_fa7b5859-e4d5-4b96-b4d8-f4973cf91e02.png?v=1772572552,https://www.dresslikemommy.com/products/family-matching-t-shirt-set-with-colorful-heart-brushstroke-design,21.99,in_stock,11.00,49.98,margin_medium,988,paid_eligible,margin_medium,family_matching,aov_medium,us_test_ready,True,True,high,set,true,summer,0-25
7229259874401,41878820978785,family-matching-t-shirt-set-with-colorful-heart-brushstroke-design,T-Shirt Set with Colorful Heart Brushstroke Design | DLM,Adult 5XL / Black,5006771620148-01,5006771620148,shopify_US_7229259874401_41878820978785,shopify_US_7229259874401,INFERRED_FROM_SHOPIFY_PRODUCT_ID; exact live MC item_group_id export not present locally,dlm_7229259874401_unclear_shirt_or_top,dlm_style_7229259874401_family_matching_t_shirt_set_with_colorful_heart_brushstroke_design,unclear,shirt_or_top,Tops,family_matching,NEEDS_MERCHANT_EXPORT,https://cdn.shopify.com/s/files/1/1557/1635/files/pomelli-image_34_fa7b5859-e4d5-4b96-b4d8-f4973cf91e02.png?v=1772572552,https://www.dresslikemommy.com/products/family-matching-t-shirt-set-with-colorful-heart-brushstroke-design,21.99,in_stock,11.00,49.98,margin_medium,998,paid_eligible,margin_medium,family_matching,aov_medium,us_test_ready,True,True,high,set,true,summer,0-25
7229259874401,41878821011553,family-matching-t-shirt-set-with-colorful-heart-brushstroke-design,T-Shirt Set with Colorful Heart Brushstroke Design | DLM,Child 2-3 years / Pink,5006771620149-01,5006771620149,shopify_US_7229259874401_41878821011553,shopify_US_7229259874401,INFERRED_FROM_SHOPIFY_PRODUCT_ID; exact live MC item_group_id export not present locally,dlm_7229259874401_child_shirt_or_top,dlm_style_7229259874401_family_matching_t_shirt_set_with_colorful_heart_brushstroke_design,child,shirt_or_top,Tops,family_matching,NEEDS_MERCHANT_EXPORT,https://cdn.shopify.com/s/files/1/1557/1635/files/pomelli-image_34_fa7b5859-e4d5-4b96-b4d8-f4973cf91e02.png?v=1772572552,https://www.dresslikemommy.com/products/family-matching-t-shirt-set-with-colorful-heart-brushstroke-design,17.99,in_stock,9.00,49.97,margin_medium,1000,paid_eligible,margin_medium,family_matching,aov_medium,us_test_ready,True,True,high,set,true,summer,0-25
7229259874401,41878821142625,family-matching-t-shirt-set-with-colorful-heart-brushstroke-design,T-Shirt Set with Colorful Heart Brushstroke Design | DLM,Child 6-7 years / Pink,5006771620153-01,5006771620153,shopify_US_7229259874401_41878821142625,shopify_US_7229259874401,INFERRED_FROM_SHOPIFY_PRODUCT_ID; exact live MC item_group_id export not present locally,dlm_7229259874401_child_shirt_or_top,dlm_style_7229259874401_family_matching_t_shirt_set_with_colorful_heart_brushstroke_design,child,shirt_or_top,Tops,family_matching,NEEDS_MERCHANT_EXPORT,https://cdn.shopify.com/s/files/1/1557/1635/files/pomelli-image_34_fa7b5859-e4d5-4b96-b4d8-f4973cf91e02.png?v=1772572552,https://www.dresslikemommy.com/products/family-matching-t-shirt-set-with-colorful-heart-brushstroke-design,17.99,in_stock,9.00,49.97,margin_medium,1000,paid_eligible,margin_medium,family_matching,aov_medium,us_test_ready,True,True,high,set,true,summer,0-25
7229259874401,41878821175393,family-matching-t-shirt-set-with-colorful-heart-brushstroke-design,T-Shirt Set with Colorful Heart Brushstroke Design | DLM,Child 7-8 years / Pink,5006771620154-01,5006771620154,shopify_US_7229259874401_41878821175393,shopify_US_7229259874401,INFERRED_FROM_SHOPIFY_PRODUCT_ID; exact live MC item_group_id export not present locally,dlm_7229259874401_child_shirt_or_top,dlm_style_7229259874401_family_matching_t_shirt_set_with_colorful_heart_brushstroke_design,child,shirt_or_top,Tops,family_matching,NEEDS_MERCHANT_EXPORT,https://cdn.shopify.com/s/files/1/1557/1635/files/pomelli-image_34_fa7b5859-e4d5-4b96-b4d8-f4973cf91e02.png?v=1772572552,https://www.dresslikemommy.com/products/family-matching-t-shirt-set-with-colorful-heart-brushstroke-design,17.99,in_stock,9.00,49.97,margin_medium,999,paid_eligible,margin_medium,family_matching,aov_medium,us_test_ready,True,True,high,set,true,summer,0-25
7229259874401,41878821208161,family-matching-t-shirt-set-with-colorful-heart-brushstroke-design,T-Shirt Set with Colorful Heart Brushstroke Design | DLM,Child 8-9 years / Pink,5006771620155-01,5006771620155,shopify_US_7229259874401_41878821208161,shopify_US_7229259874401,INFERRED_FROM_SHOPIFY_PRODUCT_ID; exact live MC item_group_id export not present locally,dlm_7229259874401_child_shirt_or_top,dlm_style_7229259874401_family_matching_t_shirt_set_with_colorful_heart_brushstroke_design,child,shirt_or_top,Tops,family_matching,NEEDS_MERCHANT_EXPORT,https://cdn.shopify.com/s/files/1/1557/1635/files/pomelli-image_34_fa7b5859-e4d5-4b96-b4d8-f4973cf91e02.png?v=1772572552,https://www.dresslikemommy.com/products/family-matching-t-shirt-set-with-colorful-heart-brushstroke-design,17.99,in_stock,9.00,49.97,margin_medium,1000,paid_eligible,margin_medium,family_matching,aov_medium,us_test_ready,True,True,high,set,true,summer,0-25
7229259874401,41878821240929,family-matching-t-shirt-set-with-colorful-heart-brushstroke-design,T-Shirt Set with Colorful Heart Brushstroke Design | DLM,Adult S / Pink,5006771620156-01,5006771620156,shopify_US_7229259874401_41878821240929,shopify_US_7229259874401,INFERRED_FROM_SHOPIFY_PRODUCT_ID; exact live MC item_group_id export not present locally,dlm_7229259874401_unclear_shirt_or_top,dlm_style_7229259874401_family_matching_t_shirt_set_with_colorful_heart_brushstroke_design,unclear,shirt_or_top,Tops,family_matching,NEEDS_MERCHANT_EXPORT,https://cdn.shopify.com/s/files/1/1557/1635/files/pomelli-image_34_fa7b5859-e4d5-4b96-b4d8-f4973cf91e02.png?v=1772572552,https://www.dresslikemommy.com/products/family-matching-t-shirt-set-with-colorful-heart-brushstroke-design,21.99,in_stock,11.00,49.98,margin_medium,997,paid_eligible,margin_medium,family_matching,aov_medium,us_test_ready,True,True,high,set,true,summer,0-25
7229259874401,41878821273697,family-matching-t-shirt-set-with-colorful-heart-brushstroke-design,T-Shirt Set with Colorful Heart Brushstroke Design | DLM,Adult M / Pink,5006771620157-01,5006771620157,shopify_US_7229259874401_41878821273697,shopify_US_7229259874401,INFERRED_FROM_SHOPIFY_PRODUCT_ID; exact live MC item_group_id export not present locally,dlm_7229259874401_unclear_shirt_or_top,dlm_style_7229259874401_family_matching_t_shirt_set_with_colorful_heart_brushstroke_design,unclear,shirt_or_top,Tops,family_matching,NEEDS_MERCHANT_EXPORT,https://cdn.shopify.com/s/files/1/1557/1635/files/pomelli-image_34_fa7b5859-e4d5-4b96-b4d8-f4973cf91e02.png?v=1772572552,https://www.dresslikemommy.com/products/family-matching-t-shirt-set-with-colorful-heart-brushstroke-design,21.99,in_stock,11.00,49.98,margin_medium,1000,paid_eligible,margin_medium,family_matching,aov_medium,us_test_ready,True,True,high,set,true,summer,0-25
7229259874401,41878821339233,family-matching-t-shirt-set-with-colorful-heart-brushstroke-design,T-Shirt Set with Colorful Heart Brushstroke Design | DLM,Adult XL / Pink,5006771620159-01,5006771620159,shopify_US_7229259874401_41878821339233,shopify_US_7229259874401,INFERRED_FROM_SHOPIFY_PRODUCT_ID; exact live MC item_group_id export not present locally,dlm_7229259874401_unclear_shirt_or_top,dlm_style_7229259874401_family_matching_t_shirt_set_with_colorful_heart_brushstroke_design,unclear,shirt_or_top,Tops,family_matching,NEEDS_MERCHANT_EXPORT,https://cdn.shopify.com/s/files/1/1557/1635/files/pomelli-image_34_fa7b5859-e4d5-4b96-b4d8-f4973cf91e02.png?v=1772572552,https://www.dresslikemommy.com/products/family-matching-t-shirt-set-with-colorful-heart-brushstroke-design,21.99,in_stock,11.00,49.98,margin_medium,1000,paid_eligible,margin_medium,family_matching,aov_medium,us_test_ready,True,True,high,set,true,summer,0-25
7229259874401,41878821404769,family-matching-t-shirt-set-with-colorful-heart-brushstroke-design,T-Shirt Set with Colorful Heart Brushstroke Design | DLM,Adult 3XL / Pink,5006771620161-01,5006771620161,shopify_US_7229259874401_41878821404769,shopify_US_7229259874401,INFERRED_FROM_SHOPIFY_PRODUCT_ID; exact live MC item_group_id export not present locally,dlm_7229259874401_unclear_shirt_or_top,dlm_style_7229259874401_family_matching_t_shirt_set_with_colorful_heart_brushstroke_design,unclear,shirt_or_top,Tops,family_matching,NEEDS_MERCHANT_EXPORT,https://cdn.shopify.com/s/files/1/1557/1635/files/pomelli-image_34_fa7b5859-e4d5-4b96-b4d8-f4973cf91e02.png?v=1772572552,https://www.dresslikemommy.com/products/family-matching-t-shirt-set-with-colorful-heart-brushstroke-design,21.99,in_stock,11.00,49.98,margin_medium,1000,paid_eligible,margin_medium,family_matching,aov_medium,us_test_ready,True,True,high,set,true,summer,0-25
7229259874401,41878821470305,family-matching-t-shirt-set-with-colorful-heart-brushstroke-design,T-Shirt Set with Colorful Heart Brushstroke Design | DLM,Adult 5XL / Pink,5006771620163-01,5006771620163,shopify_US_7229259874401_41878821470305,shopify_US_7229259874401,INFERRED_FROM_SHOPIFY_PRODUCT_ID; exact live MC item_group_id export not present locally,dlm_7229259874401_unclear_shirt_or_top,dlm_style_7229259874401_family_matching_t_shirt_set_with_colorful_heart_brushstroke_design,unclear,shirt_or_top,Tops,family_matching,NEEDS_MERCHANT_EXPORT,https://cdn.shopify.com/s/files/1/1557/1635/files/pomelli-image_34_fa7b5859-e4d5-4b96-b4d8-f4973cf91e02.png?v=1772572552,https://www.dresslikemommy.com/products/family-matching-t-shirt-set-with-colorful-heart-brushstroke-design,21.99,in_stock,11.00,49.98,margin_medium,1000,paid_eligible,margin_medium,family_matching,aov_medium,us_test_ready,True,True,high,set,true,summer,0-25
7229259874401,41878821503073,family-matching-t-shirt-set-with-colorful-heart-brushstroke-design,T-Shirt Set with Colorful Heart Brushstroke Design | DLM,Adult S / Purple,5006771620171-01,5006771620171,shopify_US_7229259874401_41878821503073,shopify_US_7229259874401,INFERRED_FROM_SHOPIFY_PRODUCT_ID; exact live MC item_group_id export not present locally,dlm_7229259874401_unclear_shirt_or_top,dlm_style_7229259874401_family_matching_t_shirt_set_with_colorful_heart_brushstroke_design,unclear,shirt_or_top,Tops,family_matching,NEEDS_MERCHANT_EXPORT,https://cdn.shopify.com/s/files/1/1557/1635/files/pomelli-image_34_fa7b5859-e4d5-4b96-b4d8-f4973cf91e02.png?v=1772572552,https://www.dresslikemommy.com/products/family-matching-t-shirt-set-with-colorful-heart-brushstroke-design,21.99,in_stock,11.00,49.98,margin_medium,1000,paid_eligible,margin_medium,family_matching,aov_medium,us_test_ready,True,True,high,set,true,summer,0-25
7229259874401,41878821568609,family-matching-t-shirt-set-with-colorful-heart-brushstroke-design,T-Shirt Set with Colorful Heart Brushstroke Design | DLM,Adult 2XL / Purple,5006771620175-01,5006771620175,shopify_US_7229259874401_41878821568609,shopify_US_7229259874401,INFERRED_FROM_SHOPIFY_PRODUCT_ID; exact live MC item_group_id export not present locally,dlm_7229259874401_unclear_shirt_or_top,dlm_style_7229259874401_family_matching_t_shirt_set_with_colorful_heart_brushstroke_design,unclear,shirt_or_top,Tops,family_matching,NEEDS_MERCHANT_EXPORT,https://cdn.shopify.com/s/files/1/1557/1635/files/pomelli-image_34_fa7b5859-e4d5-4b96-b4d8-f4973cf91e02.png?v=1772572552,https://www.dresslikemommy.com/products/family-matching-t-shirt-set-with-colorful-heart-brushstroke-design,21.99,in_stock,11.00,49.98,margin_medium,1000,paid_eligible,margin_medium,family_matching,aov_medium,us_test_ready,True,True,high,set,true,summer,0-25
7229259874401,41878821601377,family-matching-t-shirt-set-with-colorful-heart-brushstroke-design,T-Shirt Set with Colorful Heart Brushstroke Design | DLM,Adult 3XL / Purple,5006771620176-01,5006771620176,shopify_US_7229259874401_41878821601377,shopify_US_7229259874401,INFERRED_FROM_SHOPIFY_PRODUCT_ID; exact live MC item_group_id export not present locally,dlm_7229259874401_unclear_shirt_or_top,dlm_style_7229259874401_family_matching_t_shirt_set_with_colorful_heart_brushstroke_design,unclear,shirt_or_top,Tops,family_matching,NEEDS_MERCHANT_EXPORT,https://cdn.shopify.com/s/files/1/1557/1635/files/pomelli-image_34_fa7b5859-e4d5-4b96-b4d8-f4973cf91e02.png?v=1772572552,https://www.dresslikemommy.com/products/family-matching-t-shirt-set-with-colorful-heart-brushstroke-design,21.99,in_stock,11.00,49.98,margin_medium,1000,paid_eligible,margin_medium,family_matching,aov_medium,us_test_ready,True,True,high,set,true,summer,0-25
7229259874401,41878821666913,family-matching-t-shirt-set-with-colorful-heart-brushstroke-design,T-Shirt Set with Colorful Heart Brushstroke Design | DLM,Adult 5XL / Purple,5006771620178-01,5006771620178,shopify_US_7229259874401_41878821666913,shopify_US_7229259874401,INFERRED_FROM_SHOPIFY_PRODUCT_ID; exact live MC item_group_id export not present locally,dlm_7229259874401_unclear_shirt_or_top,dlm_style_7229259874401_family_matching_t_shirt_set_with_colorful_heart_brushstroke_design,unclear,shirt_or_top,Tops,family_matching,NEEDS_MERCHANT_EXPORT,https://cdn.shopify.com/s/files/1/1557/1635/files/pomelli-image_34_fa7b5859-e4d5-4b96-b4d8-f4973cf91e02.png?v=1772572552,https://www.dresslikemommy.com/products/family-matching-t-shirt-set-with-colorful-heart-brushstroke-design,21.99,in_stock,11.00,49.98,margin_medium,1000,paid_eligible,margin_medium,family_matching,aov_medium,us_test_ready,True,True,high,set,true,summer,0-25
7229259874401,41878821732449,family-matching-t-shirt-set-with-colorful-heart-brushstroke-design,T-Shirt Set with Colorful Heart Brushstroke Design | DLM,Child 3-4 years / Blue,5006771620180-01,5006771620180,shopify_US_7229259874401_41878821732449,shopify_US_7229259874401,INFERRED_FROM_SHOPIFY_PRODUCT_ID; exact live MC item_group_id export not present locally,dlm_7229259874401_child_shirt_or_top,dlm_style_7229259874401_family_matching_t_shirt_set_with_colorful_heart_brushstroke_design,child,shirt_or_top,Tops,family_matching,NEEDS_MERCHANT_EXPORT,https://cdn.shopify.com/s/files/1/1557/1635/files/pomelli-image_34_fa7b5859-e4d5-4b96-b4d8-f4973cf91e02.png?v=1772572552,https://www.dresslikemommy.com/products/family-matching-t-shirt-set-with-colorful-heart-brushstroke-design,17.99,in_stock,9.00,49.97,margin_medium,998,paid_eligible,margin_medium,family_matching,aov_medium,us_test_ready,True,True,high,set,true,summer,0-25
7229259874401,41878821765217,family-matching-t-shirt-set-with-colorful-heart-brushstroke-design,T-Shirt Set with Colorful Heart Brushstroke Design | DLM,Child 4-5 years / Blue,5006771620181-01,5006771620181,shopify_US_7229259874401_41878821765217,shopify_US_7229259874401,INFERRED_FROM_SHOPIFY_PRODUCT_ID; exact live MC item_group_id export not present locally,dlm_7229259874401_child_shirt_or_top,dlm_style_7229259874401_family_matching_t_shirt_set_with_colorful_heart_brushstroke_design,child,shirt_or_top,Tops,family_matching,NEEDS_MERCHANT_EXPORT,https://cdn.shopify.com/s/files/1/1557/1635/files/pomelli-image_34_fa7b5859-e4d5-4b96-b4d8-f4973cf91e02.png?v=1772572552,https://www.dresslikemommy.com/products/family-matching-t-shirt-set-with-colorful-heart-brushstroke-design,17.99,in_stock,9.00,49.97,margin_medium,997,paid_eligible,margin_medium,family_matching,aov_medium,us_test_ready,True,True,high,set,true,summer,0-25
7229259874401,41878821863521,family-matching-t-shirt-set-with-colorful-heart-brushstroke-design,T-Shirt Set with Colorful Heart Brushstroke Design | DLM,Child 7-8 years / Blue,5006771620184-01,5006771620184,shopify_US_7229259874401_41878821863521,shopify_US_7229259874401,INFERRED_FROM_SHOPIFY_PRODUCT_ID; exact live MC item_group_id export not present locally,dlm_7229259874401_child_shirt_or_top,dlm_style_7229259874401_family_matching_t_shirt_set_with_colorful_heart_brushstroke_design,child,shirt_or_top,Tops,family_matching,NEEDS_MERCHANT_EXPORT,https://cdn.shopify.com/s/files/1/1557/1635/files/pomelli-image_34_fa7b5859-e4d5-4b96-b4d8-f4973cf91e02.png?v=1772572552,https://www.dresslikemommy.com/products/family-matching-t-shirt-set-with-colorful-heart-brushstroke-design,17.99,in_stock,9.00,49.97,margin_medium,999,paid_eligible,margin_medium,family_matching,aov_medium,us_test_ready,True,True,high,set,true,summer,0-25
7229259874401,41878821961825,family-matching-t-shirt-set-with-colorful-heart-brushstroke-design,T-Shirt Set with Colorful Heart Brushstroke Design | DLM,Adult M / Blue,5006771620187-01,5006771620187,shopify_US_7229259874401_41878821961825,shopify_US_7229259874401,INFERRED_FROM_SHOPIFY_PRODUCT_ID; exact live MC item_group_id export not present locally,dlm_7229259874401_unclear_shirt_or_top,dlm_style_7229259874401_family_matching_t_shirt_set_with_colorful_heart_brushstroke_design,unclear,shirt_or_top,Tops,family_matching,NEEDS_MERCHANT_EXPORT,https://cdn.shopify.com/s/files/1/1557/1635/files/pomelli-image_34_fa7b5859-e4d5-4b96-b4d8-f4973cf91e02.png?v=1772572552,https://www.dresslikemommy.com/products/family-matching-t-shirt-set-with-colorful-heart-brushstroke-design,21.99,in_stock,11.00,49.98,margin_medium,998,paid_eligible,margin_medium,family_matching,aov_medium,us_test_ready,True,True,high,set,true,summer,0-25
7229259874401,41878821994593,family-matching-t-shirt-set-with-colorful-heart-brushstroke-design,T-Shirt Set with Colorful Heart Brushstroke Design | DLM,Adult L / Blue,5006771620188-01,5006771620188,shopify_US_7229259874401_41878821994593,shopify_US_7229259874401,INFERRED_FROM_SHOPIFY_PRODUCT_ID; exact live MC item_group_id export not present locally,dlm_7229259874401_unclear_shirt_or_top,dlm_style_7229259874401_family_matching_t_shirt_set_with_colorful_heart_brushstroke_design,unclear,shirt_or_top,Tops,family_matching,NEEDS_MERCHANT_EXPORT,https://cdn.shopify.com/s/files/1/1557/1635/files/pomelli-image_34_fa7b5859-e4d5-4b96-b4d8-f4973cf91e02.png?v=1772572552,https://www.dresslikemommy.com/products/family-matching-t-shirt-set-with-colorful-heart-brushstroke-design,21.99,in_stock,11.00,49.98,margin_medium,994,paid_eligible,margin_medium,family_matching,aov_medium,us_test_ready,True,True,high,set,true,summer,0-25
7229259874401,41878822060129,family-matching-t-shirt-set-with-colorful-heart-brushstroke-design,T-Shirt Set with Colorful Heart Brushstroke Design | DLM,Adult 2XL / Blue,5006771620190-01,5006771620190,shopify_US_7229259874401_41878822060129,shopify_US_7229259874401,INFERRED_FROM_SHOPIFY_PRODUCT_ID; exact live MC item_group_id export not present locally,dlm_7229259874401_unclear_shirt_or_top,dlm_style_7229259874401_family_matching_t_shirt_set_with_colorful_heart_brushstroke_design,unclear,shirt_or_top,Tops,family_matching,NEEDS_MERCHANT_EXPORT,https://cdn.shopify.com/s/files/1/1557/1635/files/pomelli-image_34_fa7b5859-e4d5-4b96-b4d8-f4973cf91e02.png?v=1772572552,https://www.dresslikemommy.com/products/family-matching-t-shirt-set-with-colorful-heart-brushstroke-design,21.99,in_stock,11.00,49.98,margin_medium,999,paid_eligible,margin_medium,family_matching,aov_medium,us_test_ready,True,True,high,set,true,summer,0-25
7229259874401,41878822322273,family-matching-t-shirt-set-with-colorful-heart-brushstroke-design,T-Shirt Set with Colorful Heart Brushstroke Design | DLM,Child 6-7 years / Green,5006771620198-01,5006771620198,shopify_US_7229259874401_41878822322273,shopify_US_7229259874401,INFERRED_FROM_SHOPIFY_PRODUCT_ID; exact live MC item_group_id export not present locally,dlm_7229259874401_child_shirt_or_top,dlm_style_7229259874401_family_matching_t_shirt_set_with_colorful_heart_brushstroke_design,child,shirt_or_top,Tops,family_matching,NEEDS_MERCHANT_EXPORT,https://cdn.shopify.com/s/files/1/1557/1635/files/pomelli-image_34_fa7b5859-e4d5-4b96-b4d8-f4973cf91e02.png?v=1772572552,https://www.dresslikemommy.com/products/family-matching-t-shirt-set-with-colorful-heart-brushstroke-design,17.99,in_stock,9.00,49.97,margin_medium,997,paid_eligible,margin_medium,family_matching,aov_medium,us_test_ready,True,True,high,set,true,summer,0-25
7229259874401,41878822453345,family-matching-t-shirt-set-with-colorful-heart-brushstroke-design,T-Shirt Set with Colorful Heart Brushstroke Design | DLM,Adult M / Green,5006771620202-01,5006771620202,shopify_US_7229259874401_41878822453345,shopify_US_7229259874401,INFERRED_FROM_SHOPIFY_PRODUCT_ID; exact live MC item_group_id export not present locally,dlm_7229259874401_unclear_shirt_or_top,dlm_style_7229259874401_family_matching_t_shirt_set_with_colorful_heart_brushstroke_design,unclear,shirt_or_top,Tops,family_matching,NEEDS_MERCHANT_EXPORT,https://cdn.shopify.com/s/files/1/1557/1635/files/pomelli-image_34_fa7b5859-e4d5-4b96-b4d8-f4973cf91e02.png?v=1772572552,https://www.dresslikemommy.com/products/family-matching-t-shirt-set-with-colorful-heart-brushstroke-design,21.99,in_stock,11.00,49.98,margin_medium,1000,paid_eligible,margin_medium,family_matching,aov_medium,us_test_ready,True,True,high,set,true,summer,0-25
7229259874401,41878822486113,family-matching-t-shirt-set-with-colorful-heart-brushstroke-design,T-Shirt Set with Colorful Heart Brushstroke Design | DLM,Adult L / Green,5006771620203-01,5006771620203,shopify_US_7229259874401_41878822486113,shopify_US_7229259874401,INFERRED_FROM_SHOPIFY_PRODUCT_ID; exact live MC item_group_id export not present locally,dlm_7229259874401_unclear_shirt_or_top,dlm_style_7229259874401_family_matching_t_shirt_set_with_colorful_heart_brushstroke_design,unclear,shirt_or_top,Tops,family_matching,NEEDS_MERCHANT_EXPORT,https://cdn.shopify.com/s/files/1/1557/1635/files/pomelli-image_34_fa7b5859-e4d5-4b96-b4d8-f4973cf91e02.png?v=1772572552,https://www.dresslikemommy.com/products/family-matching-t-shirt-set-with-colorful-heart-brushstroke-design,21.99,in_stock,11.00,49.98,margin_medium,1000,paid_eligible,margin_medium,family_matching,aov_medium,us_test_ready,True,True,high,set,true,summer,0-25
7229259874401,41878822551649,family-matching-t-shirt-set-with-colorful-heart-brushstroke-design,T-Shirt Set with Colorful Heart Brushstroke Design | DLM,Adult 2XL / Green,5006771620205-01,5006771620205,shopify_US_7229259874401_41878822551649,shopify_US_7229259874401,INFERRED_FROM_SHOPIFY_PRODUCT_ID; exact live MC item_group_id export not present locally,dlm_7229259874401_unclear_shirt_or_top,dlm_style_7229259874401_family_matching_t_shirt_set_with_colorful_heart_brushstroke_design,unclear,shirt_or_top,Tops,family_matching,NEEDS_MERCHANT_EXPORT,https://cdn.shopify.com/s/files/1/1557/1635/files/pomelli-image_34_fa7b5859-e4d5-4b96-b4d8-f4973cf91e02.png?v=1772572552,https://www.dresslikemommy.com/products/family-matching-t-shirt-set-with-colorful-heart-brushstroke-design,21.99,in_stock,11.00,49.98,margin_medium,999,paid_eligible,margin_medium,family_matching,aov_medium,us_test_ready,True,True,high,set,true,summer,0-25
7229259874401,41878822617185,family-matching-t-shirt-set-with-colorful-heart-brushstroke-design,T-Shirt Set with Colorful Heart Brushstroke Design | DLM,Adult 4XL / Green,5006771620207-01,5006771620207,shopify_US_7229259874401_41878822617185,shopify_US_7229259874401,INFERRED_FROM_SHOPIFY_PRODUCT_ID; exact live MC item_group_id export not present locally,dlm_7229259874401_unclear_shirt_or_top,dlm_style_7229259874401_family_matching_t_shirt_set_with_colorful_heart_brushstroke_design,unclear,shirt_or_top,Tops,family_matching,NEEDS_MERCHANT_EXPORT,https://cdn.shopify.com/s/files/1/1557/1635/files/pomelli-image_34_fa7b5859-e4d5-4b96-b4d8-f4973cf91e02.png?v=1772572552,https://www.dresslikemommy.com/products/family-matching-t-shirt-set-with-colorful-heart-brushstroke-design,21.99,in_stock,11.00,49.98,margin_medium,1000,paid_eligible,margin_medium,family_matching,aov_medium,us_test_ready,True,True,high,set,true,summer,0-25
7229128441953,41878469967969,vibrant-rainbow-family-matching-outfits-striped-t-shirts-and-yellow-overalls-set-for-family-outings,Vibrant Rainbow Outfits Striped T-Shirts and Yellow... | DLM,Boy 2 years / T-shirt,5460499999965-01,5460499999965,shopify_US_7229128441953_41878469967969,shopify_US_7229128441953,INFERRED_FROM_SHOPIFY_PRODUCT_ID; exact live MC item_group_id export not present locally,dlm_7229128441953_child_shirt_or_top,dlm_style_7229128441953_vibrant_rainbow_family_matching_outfits_striped_t_shirts_and_yellow_overalls_set_for_family_outings,child,shirt_or_top,Sets,family_matching,NEEDS_MERCHANT_EXPORT,https://cdn.shopify.com/s/files/1/1557/1635/files/pomelli-image_27_a7cb604d-d1c0-4920-a337-58784255dea2.png?v=1772564773,https://www.dresslikemommy.com/products/vibrant-rainbow-family-matching-outfits-striped-t-shirts-and-yellow-overalls-set-for-family-outings,15.99,in_stock,8.00,49.97,margin_medium,4711,paid_eligible,margin_medium,family_matching,aov_medium,us_test_ready,True,True,high,set,true,year-round,0-25
7229128441953,41878470033505,vibrant-rainbow-family-matching-outfits-striped-t-shirts-and-yellow-overalls-set-for-family-outings,Vibrant Rainbow Outfits Striped T-Shirts and Yellow... | DLM,Boy 5-6 years / T-shirt,5460499999967-01,5460499999967,shopify_US_7229128441953_41878470033505,shopify_US_7229128441953,INFERRED_FROM_SHOPIFY_PRODUCT_ID; exact live MC item_group_id export not present locally,dlm_7229128441953_child_shirt_or_top,dlm_style_7229128441953_vibrant_rainbow_family_matching_outfits_striped_t_shirts_and_yellow_overalls_set_for_family_outings,child,shirt_or_top,Sets,family_matching,NEEDS_MERCHANT_EXPORT,https://cdn.shopify.com/s/files/1/1557/1635/files/pomelli-image_27_a7cb604d-d1c0-4920-a337-58784255dea2.png?v=1772564773,https://www.dresslikemommy.com/products/vibrant-rainbow-family-matching-outfits-striped-t-shirts-and-yellow-overalls-set-for-family-outings,15.99,in_stock,8.00,49.97,margin_medium,4176,paid_eligible,margin_medium,family_matching,aov_medium,us_test_ready,True,True,high,set,true,year-round,0-25
7229128441953,41878470099041,vibrant-rainbow-family-matching-outfits-striped-t-shirts-and-yellow-overalls-set-for-family-outings,Vibrant Rainbow Outfits Striped T-Shirts and Yellow... | DLM,Boy 9-10 years / T-shirt,5460499999969-01,5460499999969,shopify_US_7229128441953_41878470099041,shopify_US_7229128441953,INFERRED_FROM_SHOPIFY_PRODUCT_ID; exact live MC item_group_id export not present locally,dlm_7229128441953_child_shirt_or_top,dlm_style_7229128441953_vibrant_rainbow_family_matching_outfits_striped_t_shirts_and_yellow_overalls_set_for_family_outings,child,shirt_or_top,Sets,family_matching,NEEDS_MERCHANT_EXPORT,https://cdn.shopify.com/s/files/1/1557/1635/files/pomelli-image_27_a7cb604d-d1c0-4920-a337-58784255dea2.png?v=1772564773,https://www.dresslikemommy.com/products/vibrant-rainbow-family-matching-outfits-striped-t-shirts-and-yellow-overalls-set-for-family-outings,15.99,in_stock,8.00,49.97,margin_medium,4307,paid_eligible,margin_medium,family_matching,aov_medium,us_test_ready,True,True,high,set,true,year-round,0-25
7229128441953,41878470197345,vibrant-rainbow-family-matching-outfits-striped-t-shirts-and-yellow-overalls-set-for-family-outings,Vibrant Rainbow Outfits Striped T-Shirts and Yellow... | DLM,Girl 2 years / T-shirt,5460499999972-01,5460499999972,shopify_US_7229128441953_41878470197345,shopify_US_7229128441953,INFERRED_FROM_SHOPIFY_PRODUCT_ID; exact live MC item_group_id export not present locally,dlm_7229128441953_child_shirt_or_top,dlm_style_7229128441953_vibrant_rainbow_family_matching_outfits_striped_t_shirts_and_yellow_overalls_set_for_family_outings,child,shirt_or_top,Sets,family_matching,NEEDS_MERCHANT_EXPORT,https://cdn.shopify.com/s/files/1/1557/1635/files/pomelli-image_27_a7cb604d-d1c0-4920-a337-58784255dea2.png?v=1772564773,https://www.dresslikemommy.com/products/vibrant-rainbow-family-matching-outfits-striped-t-shirts-and-yellow-overalls-set-for-family-outings,15.99,in_stock,8.00,49.97,margin_medium,4766,paid_eligible,margin_medium,family_matching,aov_medium,us_test_ready,True,True,high,set,true,year-round,0-25
7229128441953,41878470230113,vibrant-rainbow-family-matching-outfits-striped-t-shirts-and-yellow-overalls-set-for-family-outings,Vibrant Rainbow Outfits Striped T-Shirts and Yellow... | DLM,Girl 3-4 years / T-shirt,5460499999973-01,5460499999973,shopify_US_7229128441953_41878470230113,shopify_US_7229128441953,INFERRED_FROM_SHOPIFY_PRODUCT_ID; exact live MC item_group_id export not present locally,dlm_7229128441953_child_shirt_or_top,dlm_style_7229128441953_vibrant_rainbow_family_matching_outfits_striped_t_shirts_and_yellow_overalls_set_for_family_outings,child,shirt_or_top,Sets,family_matching,NEEDS_MERCHANT_EXPORT,https://cdn.shopify.com/s/files/1/1557/1635/files/pomelli-image_27_a7cb604d-d1c0-4920-a337-58784255dea2.png?v=1772564773,https://www.dresslikemommy.com/products/vibrant-rainbow-family-matching-outfits-striped-t-shirts-and-yellow-overalls-set-for-family-outings,15.99,in_stock,8.00,49.97,margin_medium,4556,paid_eligible,margin_medium,family_matching,aov_medium,us_test_ready,True,True,high,set,true,year-round,0-25
7229128441953,41878470754401,vibrant-rainbow-family-matching-outfits-striped-t-shirts-and-yellow-overalls-set-for-family-outings,Vibrant Rainbow Outfits Striped T-Shirts and Yellow... | DLM,Boy 2 years / Short,5460499999989-01,5460499999989,shopify_US_7229128441953_41878470754401,shopify_US_7229128441953,INFERRED_FROM_SHOPIFY_PRODUCT_ID; exact live MC item_group_id export not present locally,dlm_7229128441953_child_shirt_or_top,dlm_style_7229128441953_vibrant_rainbow_family_matching_outfits_striped_t_shirts_and_yellow_overalls_set_for_family_outings,child,shirt_or_top,Sets,family_matching,NEEDS_MERCHANT_EXPORT,https://cdn.shopify.com/s/files/1/1557/1635/files/pomelli-image_27_a7cb604d-d1c0-4920-a337-58784255dea2.png?v=1772564773,https://www.dresslikemommy.com/products/vibrant-rainbow-family-matching-outfits-striped-t-shirts-and-yellow-overalls-set-for-family-outings,14.99,in_stock,7.50,49.97,margin_medium,4741,paid_eligible,margin_medium,family_matching,aov_medium,us_test_ready,True,True,high,set,true,year-round,0-25
7229128441953,41878470787169,vibrant-rainbow-family-matching-outfits-striped-t-shirts-and-yellow-overalls-set-for-family-outings,Vibrant Rainbow Outfits Striped T-Shirts and Yellow... | DLM,Boy 3-4 years / Short,5460499999990-01,5460499999990,shopify_US_7229128441953_41878470787169,shopify_US_7229128441953,INFERRED_FROM_SHOPIFY_PRODUCT_ID; exact live MC item_group_id export not present locally,dlm_7229128441953_child_shirt_or_top,dlm_style_7229128441953_vibrant_rainbow_family_matching_outfits_striped_t_shirts_and_yellow_overalls_set_for_family_outings,child,shirt_or_top,Sets,family_matching,NEEDS_MERCHANT_EXPORT,https://cdn.shopify.com/s/files/1/1557/1635/files/pomelli-image_27_a7cb604d-d1c0-4920-a337-58784255dea2.png?v=1772564773,https://www.dresslikemommy.com/products/vibrant-rainbow-family-matching-outfits-striped-t-shirts-and-yellow-overalls-set-for-family-outings,14.99,in_stock,7.50,49.97,margin_medium,4578,paid_eligible,margin_medium,family_matching,aov_medium,us_test_ready,True,True,high,set,true,year-round,0-25
7229128441953,41878470852705,vibrant-rainbow-family-matching-outfits-striped-t-shirts-and-yellow-overalls-set-for-family-outings,Vibrant Rainbow Outfits Striped T-Shirts and Yellow... | DLM,Boy 7-8 years / Short,5460499999992-01,5460499999992,shopify_US_7229128441953_41878470852705,shopify_US_7229128441953,INFERRED_FROM_SHOPIFY_PRODUCT_ID; exact live MC item_group_id export not present locally,dlm_7229128441953_child_shirt_or_top,dlm_style_7229128441953_vibrant_rainbow_family_matching_outfits_striped_t_shirts_and_yellow_overalls_set_for_family_outings,child,shirt_or_top,Sets,family_matching,NEEDS_MERCHANT_EXPORT,https://cdn.shopify.com/s/files/1/1557/1635/files/pomelli-image_27_a7cb604d-d1c0-4920-a337-58784255dea2.png?v=1772564773,https://www.dresslikemommy.com/products/vibrant-rainbow-family-matching-outfits-striped-t-shirts-and-yellow-overalls-set-for-family-outings,14.99,in_stock,7.50,49.97,margin_medium,4159,paid_eligible,margin_medium,family_matching,aov_medium,us_test_ready,True,True,high,set,true,year-round,0-25
7229128441953,41878470885473,vibrant-rainbow-family-matching-outfits-striped-t-shirts-and-yellow-overalls-set-for-family-outings,Vibrant Rainbow Outfits Striped T-Shirts and Yellow... | DLM,Boy 9-10 years / Short,5460499999993-01,5460499999993,shopify_US_7229128441953_41878470885473,shopify_US_7229128441953,INFERRED_FROM_SHOPIFY_PRODUCT_ID; exact live MC item_group_id export not present locally,dlm_7229128441953_child_shirt_or_top,dlm_style_7229128441953_vibrant_rainbow_family_matching_outfits_striped_t_shirts_and_yellow_overalls_set_for_family_outings,child,shirt_or_top,Sets,family_matching,NEEDS_MERCHANT_EXPORT,https://cdn.shopify.com/s/files/1/1557/1635/files/pomelli-image_27_a7cb604d-d1c0-4920-a337-58784255dea2.png?v=1772564773,https://www.dresslikemommy.com/products/vibrant-rainbow-family-matching-outfits-striped-t-shirts-and-yellow-overalls-set-for-family-outings,14.99,in_stock,7.50,49.97,margin_medium,4352,paid_eligible,margin_medium,family_matching,aov_medium,us_test_ready,True,True,high,set,true,year-round,0-25
7229128441953,41878470951009,vibrant-rainbow-family-matching-outfits-striped-t-shirts-and-yellow-overalls-set-for-family-outings,Vibrant Rainbow Outfits Striped T-Shirts and Yellow... | DLM,Boy 13-14 years / Short,5460499999995-01,5460499999995,shopify_US_7229128441953_41878470951009,shopify_US_7229128441953,INFERRED_FROM_SHOPIFY_PRODUCT_ID; exact live MC item_group_id export not present locally,dlm_7229128441953_child_shirt_or_top,dlm_style_7229128441953_vibrant_rainbow_family_matching_outfits_striped_t_shirts_and_yellow_overalls_set_for_family_outings,child,shirt_or_top,Sets,family_matching,NEEDS_MERCHANT_EXPORT,https://cdn.shopify.com/s/files/1/1557/1635/files/pomelli-image_27_a7cb604d-d1c0-4920-a337-58784255dea2.png?v=1772564773,https://www.dresslikemommy.com/products/vibrant-rainbow-family-matching-outfits-striped-t-shirts-and-yellow-overalls-set-for-family-outings,14.99,in_stock,7.50,49.97,margin_medium,4685,paid_eligible,margin_medium,family_matching,aov_medium,us_test_ready,True,True,high,set,true,year-round,0-25
7229128441953,41878471147617,vibrant-rainbow-family-matching-outfits-striped-t-shirts-and-yellow-overalls-set-for-family-outings,Vibrant Rainbow Outfits Striped T-Shirts and Yellow... | DLM,Girl 2 years / Overall,5287274432020-01,5287274432020,shopify_US_7229128441953_41878471147617,shopify_US_7229128441953,INFERRED_FROM_SHOPIFY_PRODUCT_ID; exact live MC item_group_id export not present locally,dlm_7229128441953_child_shirt_or_top,dlm_style_7229128441953_vibrant_rainbow_family_matching_outfits_striped_t_shirts_and_yellow_overalls_set_for_family_outings,child,shirt_or_top,Sets,family_matching,NEEDS_MERCHANT_EXPORT,https://cdn.shopify.com/s/files/1/1557/1635/files/pomelli-image_27_a7cb604d-d1c0-4920-a337-58784255dea2.png?v=1772564773,https://www.dresslikemommy.com/products/vibrant-rainbow-family-matching-outfits-striped-t-shirts-and-yellow-overalls-set-for-family-outings,23.99,in_stock,12.00,49.98,margin_medium,4754,paid_eligible,margin_medium,family_matching,aov_medium,us_test_ready,True,True,high,set,true,year-round,0-25
7229128441953,41878471180385,vibrant-rainbow-family-matching-outfits-striped-t-shirts-and-yellow-overalls-set-for-family-outings,Vibrant Rainbow Outfits Striped T-Shirts and Yellow... | DLM,Girl 3-4 years / Overall,5287274432021-01,5287274432021,shopify_US_7229128441953_41878471180385,shopify_US_7229128441953,INFERRED_FROM_SHOPIFY_PRODUCT_ID; exact live MC item_group_id export not present locally,dlm_7229128441953_child_shirt_or_top,dlm_style_7229128441953_vibrant_rainbow_family_matching_outfits_striped_t_shirts_and_yellow_overalls_set_for_family_outings,child,shirt_or_top,Sets,family_matching,NEEDS_MERCHANT_EXPORT,https://cdn.shopify.com/s/files/1/1557/1635/files/pomelli-image_27_a7cb604d-d1c0-4920-a337-58784255dea2.png?v=1772564773,https://www.dresslikemommy.com/products/vibrant-rainbow-family-matching-outfits-striped-t-shirts-and-yellow-overalls-set-for-family-outings,23.99,in_stock,12.00,49.98,margin_medium,4552,paid_eligible,margin_medium,family_matching,aov_medium,us_test_ready,True,True,high,set,true,year-round,0-25
7229128441953,41878471213153,vibrant-rainbow-family-matching-outfits-striped-t-shirts-and-yellow-overalls-set-for-family-outings,Vibrant Rainbow Outfits Striped T-Shirts and Yellow... | DLM,Girl 5-6 years / Overall,5287274432022-01,5287274432022,shopify_US_7229128441953_41878471213153,shopify_US_7229128441953,INFERRED_FROM_SHOPIFY_PRODUCT_ID; exact live MC item_group_id export not present locally,dlm_7229128441953_child_shirt_or_top,dlm_style_7229128441953_vibrant_rainbow_family_matching_outfits_striped_t_shirts_and_yellow_overalls_set_for_family_outings,child,shirt_or_top,Sets,family_matching,NEEDS_MERCHANT_EXPORT,https://cdn.shopify.com/s/files/1/1557/1635/files/pomelli-image_27_a7cb604d-d1c0-4920-a337-58784255dea2.png?v=1772564773,https://www.dresslikemommy.com/products/vibrant-rainbow-family-matching-outfits-striped-t-shirts-and-yellow-overalls-set-for-family-outings,23.99,in_stock,12.00,49.98,margin_medium,4218,paid_eligible,margin_medium,family_matching,aov_medium,us_test_ready,True,True,high,set,true,year-round,0-25
7229128441953,41878471278689,vibrant-rainbow-family-matching-outfits-striped-t-shirts-and-yellow-overalls-set-for-family-outings,Vibrant Rainbow Outfits Striped T-Shirts and Yellow... | DLM,Girl 9-10 years / Overall,5287274432024-01,5287274432024,shopify_US_7229128441953_41878471278689,shopify_US_7229128441953,INFERRED_FROM_SHOPIFY_PRODUCT_ID; exact live MC item_group_id export not present locally,dlm_7229128441953_child_shirt_or_top,dlm_style_7229128441953_vibrant_rainbow_family_matching_outfits_striped_t_shirts_and_yellow_overalls_set_for_family_outings,child,shirt_or_top,Sets,family_matching,NEEDS_MERCHANT_EXPORT,https://cdn.shopify.com/s/files/1/1557/1635/files/pomelli-image_27_a7cb604d-d1c0-4920-a337-58784255dea2.png?v=1772564773,https://www.dresslikemommy.com/products/vibrant-rainbow-family-matching-outfits-striped-t-shirts-and-yellow-overalls-set-for-family-outings,23.99,in_stock,12.00,49.98,margin_medium,4315,paid_eligible,margin_medium,family_matching,aov_medium,us_test_ready,True,True,high,set,true,year-round,0-25
7229128441953,41878471311457,vibrant-rainbow-family-matching-outfits-striped-t-shirts-and-yellow-overalls-set-for-family-outings,Vibrant Rainbow Outfits Striped T-Shirts and Yellow... | DLM,Girl 10-12 years / Overall,5287274432025-01,5287274432025,shopify_US_7229128441953_41878471311457,shopify_US_7229128441953,INFERRED_FROM_SHOPIFY_PRODUCT_ID; exact live MC item_group_id export not present locally,dlm_7229128441953_child_shirt_or_top,dlm_style_7229128441953_vibrant_rainbow_family_matching_outfits_striped_t_shirts_and_yellow_overalls_set_for_family_outings,child,shirt_or_top,Sets,family_matching,NEEDS_MERCHANT_EXPORT,https://cdn.shopify.com/s/files/1/1557/1635/files/pomelli-image_27_a7cb604d-d1c0-4920-a337-58784255dea2.png?v=1772564773,https://www.dresslikemommy.com/products/vibrant-rainbow-family-matching-outfits-striped-t-shirts-and-yellow-overalls-set-for-family-outings,23.99,in_stock,12.00,49.98,margin_medium,4547,paid_eligible,margin_medium,family_matching,aov_medium,us_test_ready,True,True,high,set,true,year-round,0-25
7229128441953,41878471344225,vibrant-rainbow-family-matching-outfits-striped-t-shirts-and-yellow-overalls-set-for-family-outings,Vibrant Rainbow Outfits Striped T-Shirts and Yellow... | DLM,Girl 12-14 years / Overall,5287274432026-01,5287274432026,shopify_US_7229128441953_41878471344225,shopify_US_7229128441953,INFERRED_FROM_SHOPIFY_PRODUCT_ID; exact live MC item_group_id export not present locally,dlm_7229128441953_child_shirt_or_top,dlm_style_7229128441953_vibrant_rainbow_family_matching_outfits_striped_t_shirts_and_yellow_overalls_set_for_family_outings,child,shirt_or_top,Sets,family_matching,NEEDS_MERCHANT_EXPORT,https://cdn.shopify.com/s/files/1/1557/1635/files/pomelli-image_27_a7cb604d-d1c0-4920-a337-58784255dea2.png?v=1772564773,https://www.dresslikemommy.com/products/vibrant-rainbow-family-matching-outfits-striped-t-shirts-and-yellow-overalls-set-for-family-outings,23.99,in_stock,12.00,49.98,margin_medium,4581,paid_eligible,margin_medium,family_matching,aov_medium,us_test_ready,True,True,high,set,true,year-round,0-25
7229130801249,41878479929441,elegant-beige-chiffon-family-matching-dresses-mother-daughter-summer-outfits,Beige Chiffon Mother & Daughter Matching Summer Dresses,Child 7-8 years / Beige,5657965018795-01,5657965018795,shopify_US_7229130801249_41878479929441,shopify_US_7229130801249,INFERRED_FROM_SHOPIFY_PRODUCT_ID; exact live MC item_group_id export not present locally,dlm_7229130801249_mother_dress,dlm_style_7229130801249_elegant_beige_chiffon_family_matching_dresses_mother_daughter_summer_outfits,mother,dress,Sets,mommy_me,NEEDS_MERCHANT_EXPORT,https://cdn.shopify.com/s/files/1/1557/1635/files/pomelli-image_2_62d99d1c-b4ee-469f-8ddb-f95a38faedec.png?v=1771561203,https://www.dresslikemommy.com/products/elegant-beige-chiffon-family-matching-dresses-mother-daughter-summer-outfits,24.99,in_stock,12.50,49.98,margin_medium,9985,paid_eligible,margin_medium,mommy_me,aov_medium,us_test_ready,True,True,high,set,true,year-round,0-25
7229130801249,41878479962209,elegant-beige-chiffon-family-matching-dresses-mother-daughter-summer-outfits,Beige Chiffon Mother & Daughter Matching Summer Dresses,Child 9-10 years / Beige,5657965018796-01,5657965018796,shopify_US_7229130801249_41878479962209,shopify_US_7229130801249,INFERRED_FROM_SHOPIFY_PRODUCT_ID; exact live MC item_group_id export not present locally,dlm_7229130801249_mother_dress,dlm_style_7229130801249_elegant_beige_chiffon_family_matching_dresses_mother_daughter_summer_outfits,mother,dress,Sets,mommy_me,NEEDS_MERCHANT_EXPORT,https://cdn.shopify.com/s/files/1/1557/1635/files/pomelli-image_2_62d99d1c-b4ee-469f-8ddb-f95a38faedec.png?v=1771561203,https://www.dresslikemommy.com/products/elegant-beige-chiffon-family-matching-dresses-mother-daughter-summer-outfits,24.99,in_stock,12.50,49.98,margin_medium,9982,paid_eligible,margin_medium,mommy_me,aov_medium,us_test_ready,True,True,high,set,true,year-round,0-25
7229130801249,41878480027745,elegant-beige-chiffon-family-matching-dresses-mother-daughter-summer-outfits,Beige Chiffon Mother & Daughter Matching Summer Dresses,Child 13-14 years / Beige,5657965018798-01,5657965018798,shopify_US_7229130801249_41878480027745,shopify_US_7229130801249,INFERRED_FROM_SHOPIFY_PRODUCT_ID; exact live MC item_group_id export not present locally,dlm_7229130801249_mother_dress,dlm_style_7229130801249_elegant_beige_chiffon_family_matching_dresses_mother_daughter_summer_outfits,mother,dress,Sets,mommy_me,NEEDS_MERCHANT_EXPORT,https://cdn.shopify.com/s/files/1/1557/1635/files/pomelli-image_2_62d99d1c-b4ee-469f-8ddb-f95a38faedec.png?v=1771561203,https://www.dresslikemommy.com/products/elegant-beige-chiffon-family-matching-dresses-mother-daughter-summer-outfits,29.82,in_stock,14.91,50.00,margin_medium,9990,paid_eligible,margin_medium,mommy_me,aov_medium,us_test_ready,True,True,high,set,true,year-round,0-25
7229130801249,41878480158817,elegant-beige-chiffon-family-matching-dresses-mother-daughter-summer-outfits,Beige Chiffon Mother & Daughter Matching Summer Dresses,Mother XL / Beige,5657965018802-01,5657965018802,shopify_US_7229130801249_41878480158817,shopify_US_7229130801249,INFERRED_FROM_SHOPIFY_PRODUCT_ID; exact live MC item_group_id export not present locally,dlm_7229130801249_mother_dress,dlm_style_7229130801249_elegant_beige_chiffon_family_matching_dresses_mother_daughter_summer_outfits,mother,dress,Sets,mommy_me,NEEDS_MERCHANT_EXPORT,https://cdn.shopify.com/s/files/1/1557/1635/files/pomelli-image_2_62d99d1c-b4ee-469f-8ddb-f95a38faedec.png?v=1771561203,https://www.dresslikemommy.com/products/elegant-beige-chiffon-family-matching-dresses-mother-daughter-summer-outfits,29.99,in_stock,15.00,49.98,margin_medium,9986,paid_eligible,margin_medium,mommy_me,aov_medium,us_test_ready,True,True,high,set,true,year-round,0-25
7229130801249,41878480191585,elegant-beige-chiffon-family-matching-dresses-mother-daughter-summer-outfits,Beige Chiffon Mother & Daughter Matching Summer Dresses,Mother 2XL / Beige,5657965018803-01,5657965018803,shopify_US_7229130801249_41878480191585,shopify_US_7229130801249,INFERRED_FROM_SHOPIFY_PRODUCT_ID; exact live MC item_group_id export not present locally,dlm_7229130801249_mother_dress,dlm_style_7229130801249_elegant_beige_chiffon_family_matching_dresses_mother_daughter_summer_outfits,mother,dress,Sets,mommy_me,NEEDS_MERCHANT_EXPORT,https://cdn.shopify.com/s/files/1/1557/1635/files/pomelli-image_2_62d99d1c-b4ee-469f-8ddb-f95a38faedec.png?v=1771561203,https://www.dresslikemommy.com/products/elegant-beige-chiffon-family-matching-dresses-mother-daughter-summer-outfits,29.99,in_stock,15.00,49.98,margin_medium,9987,paid_eligible,margin_medium,mommy_me,aov_medium,us_test_ready,True,True,high,set,true,year-round,0-25
7109117280353,41497061818465,chic-pink-mermaid-scales-tankini-set-for-mother-and-daughter,Chic Pink Mermaid Scales Tankini Set for Mother and Daughter,Mother M / Multi-Color,5347678511805-Size:Mother M;Color:Multi-Color;,5347678511805,shopify_US_7109117280353_41497061818465,shopify_US_7109117280353,INFERRED_FROM_SHOPIFY_PRODUCT_ID; exact live MC item_group_id export not present locally,dlm_7109117280353_mother_swimwear,dlm_style_7109117280353_chic_pink_mermaid_scales_tankini_set_for_mother_and_daughter,mother,swimwear,Swimwear,mommy_me,NEEDS_MERCHANT_EXPORT,https://cdn.shopify.com/s/files/1/1557/1635/files/pomelli-image_13_0398fd61-92b9-4cd2-83c4-d2b2ee26a2f7.png?v=1771598815,https://www.dresslikemommy.com/products/chic-pink-mermaid-scales-tankini-set-for-mother-and-daughter,16.99,in_stock,8.50,49.97,margin_medium,999,paid_eligible,margin_medium,mommy_me,aov_medium,us_test_ready,True,True,high,set,true,summer,0-25
7109117280353,41497061851233,chic-pink-mermaid-scales-tankini-set-for-mother-and-daughter,Chic Pink Mermaid Scales Tankini Set for Mother and Daughter,Mother L / Multi-Color,5347678511806-Size:Mother L;Color:Multi-Color;,5347678511806,shopify_US_7109117280353_41497061851233,shopify_US_7109117280353,INFERRED_FROM_SHOPIFY_PRODUCT_ID; exact live MC item_group_id export not present locally,dlm_7109117280353_mother_swimwear,dlm_style_7109117280353_chic_pink_mermaid_scales_tankini_set_for_mother_and_daughter,mother,swimwear,Swimwear,mommy_me,NEEDS_MERCHANT_EXPORT,https://cdn.shopify.com/s/files/1/1557/1635/files/pomelli-image_13_0398fd61-92b9-4cd2-83c4-d2b2ee26a2f7.png?v=1771598815,https://www.dresslikemommy.com/products/chic-pink-mermaid-scales-tankini-set-for-mother-and-daughter,16.99,in_stock,8.50,49.97,margin_medium,995,paid_eligible,margin_medium,mommy_me,aov_medium,us_test_ready,True,True,high,set,true,summer,0-25
7109117280353,41497061916769,chic-pink-mermaid-scales-tankini-set-for-mother-and-daughter,Chic Pink Mermaid Scales Tankini Set for Mother and Daughter,Child 2-3 years / Multi-Color,5347678511808-Size:Child 2-3T;Color:Multi-Color;,5347678511808,shopify_US_7109117280353_41497061916769,shopify_US_7109117280353,INFERRED_FROM_SHOPIFY_PRODUCT_ID; exact live MC item_group_id export not present locally,dlm_7109117280353_mother_swimwear,dlm_style_7109117280353_chic_pink_mermaid_scales_tankini_set_for_mother_and_daughter,mother,swimwear,Swimwear,mommy_me,NEEDS_MERCHANT_EXPORT,https://cdn.shopify.com/s/files/1/1557/1635/files/pomelli-image_13_0398fd61-92b9-4cd2-83c4-d2b2ee26a2f7.png?v=1771598815,https://www.dresslikemommy.com/products/chic-pink-mermaid-scales-tankini-set-for-mother-and-daughter,14.99,in_stock,7.50,49.97,margin_medium,998,paid_eligible,margin_medium,mommy_me,aov_medium,us_test_ready,True,True,high,set,true,summer,0-25
7109117280353,41497061949537,chic-pink-mermaid-scales-tankini-set-for-mother-and-daughter,Chic Pink Mermaid Scales Tankini Set for Mother and Daughter,Child 4-5 years / Multi-Color,5347678511809-Size:Child 4-5T;Color:Multi-Color;,5347678511809,shopify_US_7109117280353_41497061949537,shopify_US_7109117280353,INFERRED_FROM_SHOPIFY_PRODUCT_ID; exact live MC item_group_id export not present locally,dlm_7109117280353_mother_swimwear,dlm_style_7109117280353_chic_pink_mermaid_scales_tankini_set_for_mother_and_daughter,mother,swimwear,Swimwear,mommy_me,NEEDS_MERCHANT_EXPORT,https://cdn.shopify.com/s/files/1/1557/1635/files/pomelli-image_13_0398fd61-92b9-4cd2-83c4-d2b2ee26a2f7.png?v=1771598815,https://www.dresslikemommy.com/products/chic-pink-mermaid-scales-tankini-set-for-mother-and-daughter,14.99,in_stock,7.50,49.97,margin_medium,999,paid_eligible,margin_medium,mommy_me,aov_medium,us_test_ready,True,True,high,set,true,summer,0-25
7109117280353,41497062015073,chic-pink-mermaid-scales-tankini-set-for-mother-and-daughter,Chic Pink Mermaid Scales Tankini Set for Mother and Daughter,Child 6-8 years / Multi-Color,5347678511811-Size:Child 6-8T;Color:Multi-Color;,5347678511811,shopify_US_7109117280353_41497062015073,shopify_US_7109117280353,INFERRED_FROM_SHOPIFY_PRODUCT_ID; exact live MC item_group_id export not present locally,dlm_7109117280353_mother_swimwear,dlm_style_7109117280353_chic_pink_mermaid_scales_tankini_set_for_mother_and_daughter,mother,swimwear,Swimwear,mommy_me,NEEDS_MERCHANT_EXPORT,https://cdn.shopify.com/s/files/1/1557/1635/files/pomelli-image_13_0398fd61-92b9-4cd2-83c4-d2b2ee26a2f7.png?v=1771598815,https://www.dresslikemommy.com/products/chic-pink-mermaid-scales-tankini-set-for-mother-and-daughter,14.99,in_stock,7.50,49.97,margin_medium,1000,paid_eligible,margin_medium,mommy_me,aov_medium,us_test_ready,True,True,high,set,true,summer,0-25
7228773466209,41877251850337,cozy-matching-black-white-striped-sweater-set-for-mom-and-daughter,Cozy Matching Black & White Striped Sweater Set for... | DLM,Girl 2-3 years / Multi Color,4907612697095-01,4907612697095,shopify_US_7228773466209_41877251850337,shopify_US_7228773466209,INFERRED_FROM_SHOPIFY_PRODUCT_ID; exact live MC item_group_id export not present locally,dlm_7228773466209_child_sets,dlm_style_7228773466209_cozy_matching_black_white_striped_sweater_set_for_mom_and_daughter,child,sets,Sets,mommy_me,NEEDS_MERCHANT_EXPORT,https://cdn.shopify.com/s/files/1/1557/1635/files/pomelli-image_6_b8fe1167-4cd6-47dc-8365-54f43730170c.png?v=1772133889,https://www.dresslikemommy.com/products/cozy-matching-black-white-striped-sweater-set-for-mom-and-daughter,25.99,in_stock,13.00,49.98,margin_medium,18,paid_eligible,margin_medium,mommy_me,aov_medium,us_test_ready,True,True,high,set,true,year-round,25-50
7228773466209,41877251948641,cozy-matching-black-white-striped-sweater-set-for-mom-and-daughter,Cozy Matching Black & White Striped Sweater Set for... | DLM,Girl 6-7 years / Multi Color,4907612697097-01,4907612697097,shopify_US_7228773466209_41877251948641,shopify_US_7228773466209,INFERRED_FROM_SHOPIFY_PRODUCT_ID; exact live MC item_group_id export not present locally,dlm_7228773466209_child_sets,dlm_style_7228773466209_cozy_matching_black_white_striped_sweater_set_for_mom_and_daughter,child,sets,Sets,mommy_me,NEEDS_MERCHANT_EXPORT,https://cdn.shopify.com/s/files/1/1557/1635/files/pomelli-image_6_b8fe1167-4cd6-47dc-8365-54f43730170c.png?v=1772133889,https://www.dresslikemommy.com/products/cozy-matching-black-white-striped-sweater-set-for-mom-and-daughter,25.99,in_stock,13.00,49.98,margin_medium,53,paid_eligible,margin_medium,mommy_me,aov_medium,us_test_ready,True,True,high,set,true,year-round,25-50
7228773466209,41877252014177,cozy-matching-black-white-striped-sweater-set-for-mom-and-daughter,Cozy Matching Black & White Striped Sweater Set for... | DLM,Girl 8-9 years / Multi Color,4907612697092-01,4907612697092,shopify_US_7228773466209_41877252014177,shopify_US_7228773466209,INFERRED_FROM_SHOPIFY_PRODUCT_ID; exact live MC item_group_id export not present locally,dlm_7228773466209_child_sets,dlm_style_7228773466209_cozy_matching_black_white_striped_sweater_set_for_mom_and_daughter,child,sets,Sets,mommy_me,NEEDS_MERCHANT_EXPORT,https://cdn.shopify.com/s/files/1/1557/1635/files/pomelli-image_6_b8fe1167-4cd6-47dc-8365-54f43730170c.png?v=1772133889,https://www.dresslikemommy.com/products/cozy-matching-black-white-striped-sweater-set-for-mom-and-daughter,25.99,in_stock,13.00,49.98,margin_medium,101,paid_eligible,margin_medium,mommy_me,aov_medium,us_test_ready,True,True,high,set,true,year-round,25-50
7228773466209,41877252046945,cozy-matching-black-white-striped-sweater-set-for-mom-and-daughter,Cozy Matching Black & White Striped Sweater Set for... | DLM,Mother S / Multi Color,4907612697082-01,4907612697082,shopify_US_7228773466209_41877252046945,shopify_US_7228773466209,INFERRED_FROM_SHOPIFY_PRODUCT_ID; exact live MC item_group_id export not present locally,dlm_7228773466209_mother_sets,dlm_style_7228773466209_cozy_matching_black_white_striped_sweater_set_for_mom_and_daughter,mother,sets,Sets,mommy_me,NEEDS_MERCHANT_EXPORT,https://cdn.shopify.com/s/files/1/1557/1635/files/pomelli-image_6_b8fe1167-4cd6-47dc-8365-54f43730170c.png?v=1772133889,https://www.dresslikemommy.com/products/cozy-matching-black-white-striped-sweater-set-for-mom-and-daughter,29.99,in_stock,15.00,49.98,margin_medium,142,paid_eligible,margin_medium,mommy_me,aov_medium,us_test_ready,True,True,high,set,true,year-round,25-50
7228773466209,41877252079713,cozy-matching-black-white-striped-sweater-set-for-mom-and-daughter,Cozy Matching Black & White Striped Sweater Set for... | DLM,Mother M / Multi Color,4907612697083-01,4907612697083,shopify_US_7228773466209_41877252079713,shopify_US_7228773466209,INFERRED_FROM_SHOPIFY_PRODUCT_ID; exact live MC item_group_id export not present locally,dlm_7228773466209_mother_sets,dlm_style_7228773466209_cozy_matching_black_white_striped_sweater_set_for_mom_and_daughter,mother,sets,Sets,mommy_me,NEEDS_MERCHANT_EXPORT,https://cdn.shopify.com/s/files/1/1557/1635/files/pomelli-image_6_b8fe1167-4cd6-47dc-8365-54f43730170c.png?v=1772133889,https://www.dresslikemommy.com/products/cozy-matching-black-white-striped-sweater-set-for-mom-and-daughter,29.99,in_stock,15.00,49.98,margin_medium,99,paid_eligible,margin_medium,mommy_me,aov_medium,us_test_ready,True,True,high,set,true,year-round,25-50
7228773466209,41877252145249,cozy-matching-black-white-striped-sweater-set-for-mom-and-daughter,Cozy Matching Black & White Striped Sweater Set for... | DLM,Mother XL / Multi Color,4907612697085-01,4907612697085,shopify_US_7228773466209_41877252145249,shopify_US_7228773466209,INFERRED_FROM_SHOPIFY_PRODUCT_ID; exact live MC item_group_id export not present locally,dlm_7228773466209_mother_sets,dlm_style_7228773466209_cozy_matching_black_white_striped_sweater_set_for_mom_and_daughter,mother,sets,Sets,mommy_me,NEEDS_MERCHANT_EXPORT,https://cdn.shopify.com/s/files/1/1557/1635/files/pomelli-image_6_b8fe1167-4cd6-47dc-8365-54f43730170c.png?v=1772133889,https://www.dresslikemommy.com/products/cozy-matching-black-white-striped-sweater-set-for-mom-and-daughter,29.99,in_stock,15.00,49.98,margin_medium,143,paid_eligible,margin_medium,mommy_me,aov_medium,us_test_ready,True,True,high,set,true,year-round,25-50
7108071063649,41493807300705,elegant-black-ruffle-dress-chic-sleeveless-layered-dress-for-mother-and-daughter-perfect-for-parties-and-events,Elegant Black Ruffle Dress - Chic Sleeveless Layere... | DLM,Child 2 Years / Black,5027064431792-Color:Black;Size:Child 2T;,5027064431792,shopify_US_7108071063649_41493807300705,shopify_US_7108071063649,INFERRED_FROM_SHOPIFY_PRODUCT_ID; exact live MC item_group_id export not present locally,dlm_7108071063649_child_dress,dlm_style_7108071063649_elegant_black_ruffle_dress_chic_sleeveless_layered_dress_for_mother_and_daughter_perfect_for_parties_and_events,child,dress,Dresses,mommy_me,NEEDS_MERCHANT_EXPORT,https://cdn.shopify.com/s/files/1/1557/1635/files/pomelli-image_2_0957a7f2-2c26-45b0-a9fb-5880919f306a.png?v=1771795091,https://www.dresslikemommy.com/products/elegant-black-ruffle-dress-chic-sleeveless-layered-dress-for-mother-and-daughter-perfect-for-parties-and-events,19.99,in_stock,10.00,49.97,margin_medium,330,paid_eligible,margin_medium,mommy_me,aov_medium,us_test_ready,True,True,high,set,true,summer,0-25
7108071063649,41493807366241,elegant-black-ruffle-dress-chic-sleeveless-layered-dress-for-mother-and-daughter-perfect-for-parties-and-events,Elegant Black Ruffle Dress - Chic Sleeveless Layere... | DLM,Child 5-6 Years / Black,5027064431793-Color:Black;Size:Child 4T;,5027064431793,shopify_US_7108071063649_41493807366241,shopify_US_7108071063649,INFERRED_FROM_SHOPIFY_PRODUCT_ID; exact live MC item_group_id export not present locally,dlm_7108071063649_child_dress,dlm_style_7108071063649_elegant_black_ruffle_dress_chic_sleeveless_layered_dress_for_mother_and_daughter_perfect_for_parties_and_events,child,dress,Dresses,mommy_me,NEEDS_MERCHANT_EXPORT,https://cdn.shopify.com/s/files/1/1557/1635/files/pomelli-image_2_0957a7f2-2c26-45b0-a9fb-5880919f306a.png?v=1771795091,https://www.dresslikemommy.com/products/elegant-black-ruffle-dress-chic-sleeveless-layered-dress-for-mother-and-daughter-perfect-for-parties-and-events,19.99,in_stock,10.00,49.97,margin_medium,308,paid_eligible,margin_medium,mommy_me,aov_medium,us_test_ready,True,True,high,set,true,summer,0-25
7108071063649,41493807399009,elegant-black-ruffle-dress-chic-sleeveless-layered-dress-for-mother-and-daughter-perfect-for-parties-and-events,Elegant Black Ruffle Dress - Chic Sleeveless Layere... | DLM,Child 7-8 Years / Black,5027064431788-Color:Black;Size:Child 5-6T;,5027064431788,shopify_US_7108071063649_41493807399009,shopify_US_7108071063649,INFERRED_FROM_SHOPIFY_PRODUCT_ID; exact live MC item_group_id export not present locally,dlm_7108071063649_child_dress,dlm_style_7108071063649_elegant_black_ruffle_dress_chic_sleeveless_layered_dress_for_mother_and_daughter_perfect_for_parties_and_events,child,dress,Dresses,mommy_me,NEEDS_MERCHANT_EXPORT,https://cdn.shopify.com/s/files/1/1557/1635/files/pomelli-image_2_0957a7f2-2c26-45b0-a9fb-5880919f306a.png?v=1771795091,https://www.dresslikemommy.com/products/elegant-black-ruffle-dress-chic-sleeveless-layered-dress-for-mother-and-daughter-perfect-for-parties-and-events,19.99,in_stock,10.00,49.97,margin_medium,306,paid_eligible,margin_medium,mommy_me,aov_medium,us_test_ready,True,True,high,set,true,summer,0-25
7108071063649,41493807431777,elegant-black-ruffle-dress-chic-sleeveless-layered-dress-for-mother-and-daughter-perfect-for-parties-and-events,Elegant Black Ruffle Dress - Chic Sleeveless Layere... | DLM,Child 9-10 Years / Black,5027064431789-Color:Black;Size:Child 7-8T;,5027064431789,shopify_US_7108071063649_41493807431777,shopify_US_7108071063649,INFERRED_FROM_SHOPIFY_PRODUCT_ID; exact live MC item_group_id export not present locally,dlm_7108071063649_child_dress,dlm_style_7108071063649_elegant_black_ruffle_dress_chic_sleeveless_layered_dress_for_mother_and_daughter_perfect_for_parties_and_events,child,dress,Dresses,mommy_me,NEEDS_MERCHANT_EXPORT,https://cdn.shopify.com/s/files/1/1557/1635/files/pomelli-image_2_0957a7f2-2c26-45b0-a9fb-5880919f306a.png?v=1771795091,https://www.dresslikemommy.com/products/elegant-black-ruffle-dress-chic-sleeveless-layered-dress-for-mother-and-daughter-perfect-for-parties-and-events,19.99,in_stock,10.00,49.97,margin_medium,289,paid_eligible,margin_medium,mommy_me,aov_medium,us_test_ready,True,True,high,set,true,summer,0-25
7108071063649,41493807464545,elegant-black-ruffle-dress-chic-sleeveless-layered-dress-for-mother-and-daughter-perfect-for-parties-and-events,Elegant Black Ruffle Dress - Chic Sleeveless Layere... | DLM,Child 11-12 Years / Black,5027064431790-Color:Black;Size:Child 9-10T;,5027064431790,shopify_US_7108071063649_41493807464545,shopify_US_7108071063649,INFERRED_FROM_SHOPIFY_PRODUCT_ID; exact live MC item_group_id export not present locally,dlm_7108071063649_child_dress,dlm_style_7108071063649_elegant_black_ruffle_dress_chic_sleeveless_layered_dress_for_mother_and_daughter_perfect_for_parties_and_events,child,dress,Dresses,mommy_me,NEEDS_MERCHANT_EXPORT,https://cdn.shopify.com/s/files/1/1557/1635/files/pomelli-image_2_0957a7f2-2c26-45b0-a9fb-5880919f306a.png?v=1771795091,https://www.dresslikemommy.com/products/elegant-black-ruffle-dress-chic-sleeveless-layered-dress-for-mother-and-daughter-perfect-for-parties-and-events,19.99,in_stock,10.00,49.97,margin_medium,282,paid_eligible,margin_medium,mommy_me,aov_medium,us_test_ready,True,True,high,set,true,summer,0-25
7108071063649,41493807497313,elegant-black-ruffle-dress-chic-sleeveless-layered-dress-for-mother-and-daughter-perfect-for-parties-and-events,Elegant Black Ruffle Dress - Chic Sleeveless Layere... | DLM,Mother S / Black,5027064431785-Color:Black;Size:Mom S;,5027064431785,shopify_US_7108071063649_41493807497313,shopify_US_7108071063649,INFERRED_FROM_SHOPIFY_PRODUCT_ID; exact live MC item_group_id export not present locally,dlm_7108071063649_mother_dress,dlm_style_7108071063649_elegant_black_ruffle_dress_chic_sleeveless_layered_dress_for_mother_and_daughter_perfect_for_parties_and_events,mother,dress,Dresses,mommy_me,NEEDS_MERCHANT_EXPORT,https://cdn.shopify.com/s/files/1/1557/1635/files/pomelli-image_2_0957a7f2-2c26-45b0-a9fb-5880919f306a.png?v=1771795091,https://www.dresslikemommy.com/products/elegant-black-ruffle-dress-chic-sleeveless-layered-dress-for-mother-and-daughter-perfect-for-parties-and-events,25.99,in_stock,13.00,49.98,margin_medium,207,paid_eligible,margin_medium,mommy_me,aov_medium,us_test_ready,True,True,high,set,true,summer,0-25
7108071063649,41493807530081,elegant-black-ruffle-dress-chic-sleeveless-layered-dress-for-mother-and-daughter-perfect-for-parties-and-events,Elegant Black Ruffle Dress - Chic Sleeveless Layere... | DLM,Mother M / Black,5027064431786-Color:Black;Size:Mom M;,5027064431786,shopify_US_7108071063649_41493807530081,shopify_US_7108071063649,INFERRED_FROM_SHOPIFY_PRODUCT_ID; exact live MC item_group_id export not present locally,dlm_7108071063649_mother_dress,dlm_style_7108071063649_elegant_black_ruffle_dress_chic_sleeveless_layered_dress_for_mother_and_daughter_perfect_for_parties_and_events,mother,dress,Dresses,mommy_me,NEEDS_MERCHANT_EXPORT,https://cdn.shopify.com/s/files/1/1557/1635/files/pomelli-image_2_0957a7f2-2c26-45b0-a9fb-5880919f306a.png?v=1771795091,https://www.dresslikemommy.com/products/elegant-black-ruffle-dress-chic-sleeveless-layered-dress-for-mother-and-daughter-perfect-for-parties-and-events,25.99,in_stock,13.00,49.98,margin_medium,223,paid_eligible,margin_medium,mommy_me,aov_medium,us_test_ready,True,True,high,set,true,summer,0-25
7108071063649,41493807595617,elegant-black-ruffle-dress-chic-sleeveless-layered-dress-for-mother-and-daughter-perfect-for-parties-and-events,Elegant Black Ruffle Dress - Chic Sleeveless Layere... | DLM,Mother XL / Black,5026030122225-Color:Black;Size:Mom XL;,5026030122225,shopify_US_7108071063649_41493807595617,shopify_US_7108071063649,INFERRED_FROM_SHOPIFY_PRODUCT_ID; exact live MC item_group_id export not present locally,dlm_7108071063649_mother_dress,dlm_style_7108071063649_elegant_black_ruffle_dress_chic_sleeveless_layered_dress_for_mother_and_daughter_perfect_for_parties_and_events,mother,dress,Dresses,mommy_me,NEEDS_MERCHANT_EXPORT,https://cdn.shopify.com/s/files/1/1557/1635/files/pomelli-image_2_0957a7f2-2c26-45b0-a9fb-5880919f306a.png?v=1771795091,https://www.dresslikemommy.com/products/elegant-black-ruffle-dress-chic-sleeveless-layered-dress-for-mother-and-daughter-perfect-for-parties-and-events,25.99,in_stock,13.00,49.98,margin_medium,249,paid_eligible,margin_medium,mommy_me,aov_medium,us_test_ready,True,True,high,set,true,summer,0-25
7108125753441,41493913731169,elegant-chiffon-sleeveless-dress-with-sequin-detail-mother-and-daughter-matching-outfits,Elegant Chiffon Sleeveless Dress with Sequin Detail... | DLM,Mother L / Pink,5034314536975-Color:Pink;Size:Mother L;,5034314536975,shopify_US_7108125753441_41493913731169,shopify_US_7108125753441,INFERRED_FROM_SHOPIFY_PRODUCT_ID; exact live MC item_group_id export not present locally,dlm_7108125753441_mother_dress,dlm_style_7108125753441_elegant_chiffon_sleeveless_dress_with_sequin_detail_mother_and_daughter_matching_outfits,mother,dress,Sets,mommy_me,NEEDS_MERCHANT_EXPORT,https://cdn.shopify.com/s/files/1/1557/1635/files/pomelli-image_34_a8b4ceeb-9dfe-45c8-9f43-fd8285dc1045.png?v=1771838877,https://www.dresslikemommy.com/products/elegant-chiffon-sleeveless-dress-with-sequin-detail-mother-and-daughter-matching-outfits,29.99,in_stock,15.00,49.98,margin_medium,629,paid_eligible,margin_medium,mommy_me,aov_medium,us_test_ready,True,True,high,set,true,year-round,0-25
7108125753441,41493913763937,elegant-chiffon-sleeveless-dress-with-sequin-detail-mother-and-daughter-matching-outfits,Elegant Chiffon Sleeveless Dress with Sequin Detail... | DLM,Mother XL / Pink,5034314536976-Color:Pink;Size:Mother XL;,5034314536976,shopify_US_7108125753441_41493913763937,shopify_US_7108125753441,INFERRED_FROM_SHOPIFY_PRODUCT_ID; exact live MC item_group_id export not present locally,dlm_7108125753441_mother_dress,dlm_style_7108125753441_elegant_chiffon_sleeveless_dress_with_sequin_detail_mother_and_daughter_matching_outfits,mother,dress,Sets,mommy_me,NEEDS_MERCHANT_EXPORT,https://cdn.shopify.com/s/files/1/1557/1635/files/pomelli-image_34_a8b4ceeb-9dfe-45c8-9f43-fd8285dc1045.png?v=1771838877,https://www.dresslikemommy.com/products/elegant-chiffon-sleeveless-dress-with-sequin-detail-mother-and-daughter-matching-outfits,29.99,in_stock,15.00,49.98,margin_medium,705,paid_eligible,margin_medium,mommy_me,aov_medium,us_test_ready,True,True,high,set,true,year-round,0-25
7108125753441,41493913829473,elegant-chiffon-sleeveless-dress-with-sequin-detail-mother-and-daughter-matching-outfits,Elegant Chiffon Sleeveless Dress with Sequin Detail... | DLM,Child 4T / Pink,5034314536982-Color:Pink;Size:Child 4T;,5034314536982,shopify_US_7108125753441_41493913829473,shopify_US_7108125753441,INFERRED_FROM_SHOPIFY_PRODUCT_ID; exact live MC item_group_id export not present locally,dlm_7108125753441_child_dress,dlm_style_7108125753441_elegant_chiffon_sleeveless_dress_with_sequin_detail_mother_and_daughter_matching_outfits,child,dress,Sets,mommy_me,NEEDS_MERCHANT_EXPORT,https://cdn.shopify.com/s/files/1/1557/1635/files/pomelli-image_34_a8b4ceeb-9dfe-45c8-9f43-fd8285dc1045.png?v=1771838877,https://www.dresslikemommy.com/products/elegant-chiffon-sleeveless-dress-with-sequin-detail-mother-and-daughter-matching-outfits,23.99,in_stock,12.00,49.98,margin_medium,716,paid_eligible,margin_medium,mommy_me,aov_medium,us_test_ready,True,True,high,set,true,year-round,0-25
7108125753441,41493913862241,elegant-chiffon-sleeveless-dress-with-sequin-detail-mother-and-daughter-matching-outfits,Elegant Chiffon Sleeveless Dress with Sequin Detail... | DLM,Child 5-6T / Pink,5034314536977-Color:Pink;Size:Child 5-6T;,5034314536977,shopify_US_7108125753441_41493913862241,shopify_US_7108125753441,INFERRED_FROM_SHOPIFY_PRODUCT_ID; exact live MC item_group_id export not present locally,dlm_7108125753441_child_dress,dlm_style_7108125753441_elegant_chiffon_sleeveless_dress_with_sequin_detail_mother_and_daughter_matching_outfits,child,dress,Sets,mommy_me,NEEDS_MERCHANT_EXPORT,https://cdn.shopify.com/s/files/1/1557/1635/files/pomelli-image_34_a8b4ceeb-9dfe-45c8-9f43-fd8285dc1045.png?v=1771838877,https://www.dresslikemommy.com/products/elegant-chiffon-sleeveless-dress-with-sequin-detail-mother-and-daughter-matching-outfits,23.99,in_stock,12.00,49.98,margin_medium,54,paid_eligible,margin_medium,mommy_me,aov_medium,us_test_ready,True,True,high,set,true,year-round,0-25
7108928766049,41496423235681,elegant-chocolate-brown-monokini-for-mother-daughter-duo-sleek-halter-neckline-with-playful-polka-dot-tie-sides,Elegant Chocolate Brown Monokini for Mother & Daugh... | DLM,Mother M / Brown,4881577083835-Size:Adult M;Color:Brown;,4881577083835,shopify_US_7108928766049_41496423235681,shopify_US_7108928766049,INFERRED_FROM_SHOPIFY_PRODUCT_ID; exact live MC item_group_id export not present locally,dlm_7108928766049_mother_swimwear,dlm_style_7108928766049_elegant_chocolate_brown_monokini_for_mother_daughter_duo_sleek_halter_neckline_with_playful_polka_dot_tie_sides,mother,swimwear,Swimwear,mommy_me,NEEDS_MERCHANT_EXPORT,https://cdn.shopify.com/s/files/1/1557/1635/files/pomelli-image_22.png?v=1771565277,https://www.dresslikemommy.com/products/elegant-chocolate-brown-monokini-for-mother-daughter-duo-sleek-halter-neckline-with-playful-polka-dot-tie-sides,19.99,in_stock,10.00,49.97,margin_medium,9816,paid_eligible,margin_medium,mommy_me,aov_medium,us_test_ready,True,True,high,set,true,summer,0-25
7108928766049,41496423366753,elegant-chocolate-brown-monokini-for-mother-daughter-duo-sleek-halter-neckline-with-playful-polka-dot-tie-sides,Elegant Chocolate Brown Monokini for Mother & Daugh... | DLM,Child 4-5 years / Brown,4881577083839-Size:Child 4-5T;Color:Brown;,4881577083839,shopify_US_7108928766049_41496423366753,shopify_US_7108928766049,INFERRED_FROM_SHOPIFY_PRODUCT_ID; exact live MC item_group_id export not present locally,dlm_7108928766049_mother_swimwear,dlm_style_7108928766049_elegant_chocolate_brown_monokini_for_mother_daughter_duo_sleek_halter_neckline_with_playful_polka_dot_tie_sides,mother,swimwear,Swimwear,mommy_me,NEEDS_MERCHANT_EXPORT,https://cdn.shopify.com/s/files/1/1557/1635/files/pomelli-image_22.png?v=1771565277,https://www.dresslikemommy.com/products/elegant-chocolate-brown-monokini-for-mother-daughter-duo-sleek-halter-neckline-with-playful-polka-dot-tie-sides,16.99,in_stock,8.50,49.97,margin_medium,9984,paid_eligible,margin_medium,mommy_me,aov_medium,us_test_ready,True,True,high,set,true,summer,0-25
7108928766049,41496423399521,elegant-chocolate-brown-monokini-for-mother-daughter-duo-sleek-halter-neckline-with-playful-polka-dot-tie-sides,Elegant Chocolate Brown Monokini for Mother & Daugh... | DLM,Child 5-6 years / Brown,4881577083840-Size:Child 5-6T;Color:Brown;,4881577083840,shopify_US_7108928766049_41496423399521,shopify_US_7108928766049,INFERRED_FROM_SHOPIFY_PRODUCT_ID; exact live MC item_group_id export not present locally,dlm_7108928766049_mother_swimwear,dlm_style_7108928766049_elegant_chocolate_brown_monokini_for_mother_daughter_duo_sleek_halter_neckline_with_playful_polka_dot_tie_sides,mother,swimwear,Swimwear,mommy_me,NEEDS_MERCHANT_EXPORT,https://cdn.shopify.com/s/files/1/1557/1635/files/pomelli-image_22.png?v=1771565277,https://www.dresslikemommy.com/products/elegant-chocolate-brown-monokini-for-mother-daughter-duo-sleek-halter-neckline-with-playful-polka-dot-tie-sides,16.99,in_stock,8.50,49.97,margin_medium,9993,paid_eligible,margin_medium,mommy_me,aov_medium,us_test_ready,True,True,high,set,true,summer,0-25
7108928766049,41496423432289,elegant-chocolate-brown-monokini-for-mother-daughter-duo-sleek-halter-neckline-with-playful-polka-dot-tie-sides,Elegant Chocolate Brown Monokini for Mother & Daugh... | DLM,Child 6-8 years / Brown,4881577083841-Size:Child 6-8T;Color:Brown;,4881577083841,shopify_US_7108928766049_41496423432289,shopify_US_7108928766049,INFERRED_FROM_SHOPIFY_PRODUCT_ID; exact live MC item_group_id export not present locally,dlm_7108928766049_mother_swimwear,dlm_style_7108928766049_elegant_chocolate_brown_monokini_for_mother_daughter_duo_sleek_halter_neckline_with_playful_polka_dot_tie_sides,mother,swimwear,Swimwear,mommy_me,NEEDS_MERCHANT_EXPORT,https://cdn.shopify.com/s/files/1/1557/1635/files/pomelli-image_22.png?v=1771565277,https://www.dresslikemommy.com/products/elegant-chocolate-brown-monokini-for-mother-daughter-duo-sleek-halter-neckline-with-playful-polka-dot-tie-sides,16.99,in_stock,8.50,49.97,margin_medium,9987,paid_eligible,margin_medium,mommy_me,aov_medium,us_test_ready,True,True,high,set,true,summer,0-25
7108928766049,41496423465057,elegant-chocolate-brown-monokini-for-mother-daughter-duo-sleek-halter-neckline-with-playful-polka-dot-tie-sides,Elegant Chocolate Brown Monokini for Mother & Daugh... | DLM,Child 8-10 years / Brown,4881577083842-Size:Child 8-10T;Color:Brown;,4881577083842,shopify_US_7108928766049_41496423465057,shopify_US_7108928766049,INFERRED_FROM_SHOPIFY_PRODUCT_ID; exact live MC item_group_id export not present locally,dlm_7108928766049_mother_swimwear,dlm_style_7108928766049_elegant_chocolate_brown_monokini_for_mother_daughter_duo_sleek_halter_neckline_with_playful_polka_dot_tie_sides,mother,swimwear,Swimwear,mommy_me,NEEDS_MERCHANT_EXPORT,https://cdn.shopify.com/s/files/1/1557/1635/files/pomelli-image_22.png?v=1771565277,https://www.dresslikemommy.com/products/elegant-chocolate-brown-monokini-for-mother-daughter-duo-sleek-halter-neckline-with-playful-polka-dot-tie-sides,16.99,in_stock,8.50,49.97,margin_medium,9987,paid_eligible,margin_medium,mommy_me,aov_medium,us_test_ready,True,True,high,set,true,summer,0-25
7108928766049,41496423497825,elegant-chocolate-brown-monokini-for-mother-daughter-duo-sleek-halter-neckline-with-playful-polka-dot-tie-sides,Elegant Chocolate Brown Monokini for Mother & Daugh... | DLM,Child 10-12 years / Brown,4881577083843-Size:Child 10-12T;Color:Brown;,4881577083843,shopify_US_7108928766049_41496423497825,shopify_US_7108928766049,INFERRED_FROM_SHOPIFY_PRODUCT_ID; exact live MC item_group_id export not present locally,dlm_7108928766049_mother_swimwear,dlm_style_7108928766049_elegant_chocolate_brown_monokini_for_mother_daughter_duo_sleek_halter_neckline_with_playful_polka_dot_tie_sides,mother,swimwear,Swimwear,mommy_me,NEEDS_MERCHANT_EXPORT,https://cdn.shopify.com/s/files/1/1557/1635/files/pomelli-image_22.png?v=1771565277,https://www.dresslikemommy.com/products/elegant-chocolate-brown-monokini-for-mother-daughter-duo-sleek-halter-neckline-with-playful-polka-dot-tie-sides,16.99,in_stock,8.50,49.97,margin_medium,9976,paid_eligible,margin_medium,mommy_me,aov_medium,us_test_ready,True,True,high,set,true,summer,0-25
7229026304097,41878208249953,elegant-floral-off-shoulder-mommy-and-me-dress-set-perfect-for-summer-outings,Elegant Floral Off-Shoulder Dress Set Perfect for S... | DLM,Child 1 years / Multi Color,5671399627552-01,5671399627552,shopify_US_7229026304097_41878208249953,shopify_US_7229026304097,INFERRED_FROM_SHOPIFY_PRODUCT_ID; exact live MC item_group_id export not present locally,dlm_7229026304097_child_dress,dlm_style_7229026304097_elegant_floral_off_shoulder_mommy_and_me_dress_set_perfect_for_summer_outings,child,dress,Dresses,mommy_me,NEEDS_MERCHANT_EXPORT,https://cdn.shopify.com/s/files/1/1557/1635/files/pomelli-image_7_7a929dc7-4c4a-4206-975d-fec8ba0fa3fa.png?v=1771562490,https://www.dresslikemommy.com/products/elegant-floral-off-shoulder-mommy-and-me-dress-set-perfect-for-summer-outings,22.99,in_stock,11.50,49.98,margin_medium,189,paid_eligible,margin_medium,mommy_me,aov_medium,us_test_ready,True,True,high,set,true,summer,0-25
7229026304097,41878208282721,elegant-floral-off-shoulder-mommy-and-me-dress-set-perfect-for-summer-outings,Elegant Floral Off-Shoulder Dress Set Perfect for S... | DLM,Child 2 years / Multi Color,5671399627553-01,5671399627553,shopify_US_7229026304097_41878208282721,shopify_US_7229026304097,INFERRED_FROM_SHOPIFY_PRODUCT_ID; exact live MC item_group_id export not present locally,dlm_7229026304097_child_dress,dlm_style_7229026304097_elegant_floral_off_shoulder_mommy_and_me_dress_set_perfect_for_summer_outings,child,dress,Dresses,mommy_me,NEEDS_MERCHANT_EXPORT,https://cdn.shopify.com/s/files/1/1557/1635/files/pomelli-image_7_7a929dc7-4c4a-4206-975d-fec8ba0fa3fa.png?v=1771562490,https://www.dresslikemommy.com/products/elegant-floral-off-shoulder-mommy-and-me-dress-set-perfect-for-summer-outings,22.99,in_stock,11.50,49.98,margin_medium,179,paid_eligible,margin_medium,mommy_me,aov_medium,us_test_ready,True,True,high,set,true,summer,0-25
7229026304097,41878208315489,elegant-floral-off-shoulder-mommy-and-me-dress-set-perfect-for-summer-outings,Elegant Floral Off-Shoulder Dress Set Perfect for S... | DLM,Child 4 years / Multi Color,5671399627554-01,5671399627554,shopify_US_7229026304097_41878208315489,shopify_US_7229026304097,INFERRED_FROM_SHOPIFY_PRODUCT_ID; exact live MC item_group_id export not present locally,dlm_7229026304097_child_dress,dlm_style_7229026304097_elegant_floral_off_shoulder_mommy_and_me_dress_set_perfect_for_summer_outings,child,dress,Dresses,mommy_me,NEEDS_MERCHANT_EXPORT,https://cdn.shopify.com/s/files/1/1557/1635/files/pomelli-image_7_7a929dc7-4c4a-4206-975d-fec8ba0fa3fa.png?v=1771562490,https://www.dresslikemommy.com/products/elegant-floral-off-shoulder-mommy-and-me-dress-set-perfect-for-summer-outings,22.99,in_stock,11.50,49.98,margin_medium,170,paid_eligible,margin_medium,mommy_me,aov_medium,us_test_ready,True,True,high,set,true,summer,0-25
7229026304097,41878208446561,elegant-floral-off-shoulder-mommy-and-me-dress-set-perfect-for-summer-outings,Elegant Floral Off-Shoulder Dress Set Perfect for S... | DLM,Child 10 years / Multi Color,5671399627558-01,5671399627558,shopify_US_7229026304097_41878208446561,shopify_US_7229026304097,INFERRED_FROM_SHOPIFY_PRODUCT_ID; exact live MC item_group_id export not present locally,dlm_7229026304097_child_dress,dlm_style_7229026304097_elegant_floral_off_shoulder_mommy_and_me_dress_set_perfect_for_summer_outings,child,dress,Dresses,mommy_me,NEEDS_MERCHANT_EXPORT,https://cdn.shopify.com/s/files/1/1557/1635/files/pomelli-image_7_7a929dc7-4c4a-4206-975d-fec8ba0fa3fa.png?v=1771562490,https://www.dresslikemommy.com/products/elegant-floral-off-shoulder-mommy-and-me-dress-set-perfect-for-summer-outings,22.99,in_stock,11.50,49.98,margin_medium,171,paid_eligible,margin_medium,mommy_me,aov_medium,us_test_ready,True,True,high,set,true,summer,0-25
7229026304097,41878208479329,elegant-floral-off-shoulder-mommy-and-me-dress-set-perfect-for-summer-outings,Elegant Floral Off-Shoulder Dress Set Perfect for S... | DLM,Child 12 years / Multi Color,5671399627559-01,5671399627559,shopify_US_7229026304097_41878208479329,shopify_US_7229026304097,INFERRED_FROM_SHOPIFY_PRODUCT_ID; exact live MC item_group_id export not present locally,dlm_7229026304097_child_dress,dlm_style_7229026304097_elegant_floral_off_shoulder_mommy_and_me_dress_set_perfect_for_summer_outings,child,dress,Dresses,mommy_me,NEEDS_MERCHANT_EXPORT,https://cdn.shopify.com/s/files/1/1557/1635/files/pomelli-image_7_7a929dc7-4c4a-4206-975d-fec8ba0fa3fa.png?v=1771562490,https://www.dresslikemommy.com/products/elegant-floral-off-shoulder-mommy-and-me-dress-set-perfect-for-summer-outings,22.99,in_stock,11.50,49.98,margin_medium,162,paid_eligible,margin_medium,mommy_me,aov_medium,us_test_ready,True,True,high,set,true,summer,0-25
7229026304097,41878208512097,elegant-floral-off-shoulder-mommy-and-me-dress-set-perfect-for-summer-outings,Elegant Floral Off-Shoulder Dress Set Perfect for S... | DLM,Mother S / Multi Color,5671399627560-01,5671399627560,shopify_US_7229026304097_41878208512097,shopify_US_7229026304097,INFERRED_FROM_SHOPIFY_PRODUCT_ID; exact live MC item_group_id export not present locally,dlm_7229026304097_mother_dress,dlm_style_7229026304097_elegant_floral_off_shoulder_mommy_and_me_dress_set_perfect_for_summer_outings,mother,dress,Dresses,mommy_me,NEEDS_MERCHANT_EXPORT,https://cdn.shopify.com/s/files/1/1557/1635/files/pomelli-image_7_7a929dc7-4c4a-4206-975d-fec8ba0fa3fa.png?v=1771562490,https://www.dresslikemommy.com/products/elegant-floral-off-shoulder-mommy-and-me-dress-set-perfect-for-summer-outings,27.99,in_stock,14.00,49.98,margin_medium,152,paid_eligible,margin_medium,mommy_me,aov_medium,us_test_ready,True,True,high,set,true,summer,0-25
7229026304097,41878208577633,elegant-floral-off-shoulder-mommy-and-me-dress-set-perfect-for-summer-outings,Elegant Floral Off-Shoulder Dress Set Perfect for S... | DLM,Mother L / Multi Color,5671399627562-01,5671399627562,shopify_US_7229026304097_41878208577633,shopify_US_7229026304097,INFERRED_FROM_SHOPIFY_PRODUCT_ID; exact live MC item_group_id export not present locally,dlm_7229026304097_mother_dress,dlm_style_7229026304097_elegant_floral_off_shoulder_mommy_and_me_dress_set_perfect_for_summer_outings,mother,dress,Dresses,mommy_me,NEEDS_MERCHANT_EXPORT,https://cdn.shopify.com/s/files/1/1557/1635/files/pomelli-image_7_7a929dc7-4c4a-4206-975d-fec8ba0fa3fa.png?v=1771562490,https://www.dresslikemommy.com/products/elegant-floral-off-shoulder-mommy-and-me-dress-set-perfect-for-summer-outings,27.99,in_stock,14.00,49.98,margin_medium,113,paid_eligible,margin_medium,mommy_me,aov_medium,us_test_ready,True,True,high,set,true,summer,0-25
7229026304097,41878208610401,elegant-floral-off-shoulder-mommy-and-me-dress-set-perfect-for-summer-outings,Elegant Floral Off-Shoulder Dress Set Perfect for S... | DLM,Mother XL / Multi Color,5671399627563-01,5671399627563,shopify_US_7229026304097_41878208610401,shopify_US_7229026304097,INFERRED_FROM_SHOPIFY_PRODUCT_ID; exact live MC item_group_id export not present locally,dlm_7229026304097_mother_dress,dlm_style_7229026304097_elegant_floral_off_shoulder_mommy_and_me_dress_set_perfect_for_summer_outings,mother,dress,Dresses,mommy_me,NEEDS_MERCHANT_EXPORT,https://cdn.shopify.com/s/files/1/1557/1635/files/pomelli-image_7_7a929dc7-4c4a-4206-975d-fec8ba0fa3fa.png?v=1771562490,https://www.dresslikemommy.com/products/elegant-floral-off-shoulder-mommy-and-me-dress-set-perfect-for-summer-outings,27.99,in_stock,14.00,49.98,margin_medium,153,paid_eligible,margin_medium,mommy_me,aov_medium,us_test_ready,True,True,high,set,true,summer,0-25
7229026304097,41878208643169,elegant-floral-off-shoulder-mommy-and-me-dress-set-perfect-for-summer-outings,Elegant Floral Off-Shoulder Dress Set Perfect for S... | DLM,Mother 2XL / Multi Color,5671399627564-01,5671399627564,shopify_US_7229026304097_41878208643169,shopify_US_7229026304097,INFERRED_FROM_SHOPIFY_PRODUCT_ID; exact live MC item_group_id export not present locally,dlm_7229026304097_mother_dress,dlm_style_7229026304097_elegant_floral_off_shoulder_mommy_and_me_dress_set_perfect_for_summer_outings,mother,dress,Dresses,mommy_me,NEEDS_MERCHANT_EXPORT,https://cdn.shopify.com/s/files/1/1557/1635/files/pomelli-image_7_7a929dc7-4c4a-4206-975d-fec8ba0fa3fa.png?v=1771562490,https://www.dresslikemommy.com/products/elegant-floral-off-shoulder-mommy-and-me-dress-set-perfect-for-summer-outings,27.99,in_stock,14.00,49.98,margin_medium,179,paid_eligible,margin_medium,mommy_me,aov_medium,us_test_ready,True,True,high,set,true,summer,0-25
7108141383777,41493943812193,elegant-mother-daughter-matching-summer-dress-ruffled-layered-chiffon-with-sequin-embellishments,Elegant Mother & Daughter Matching Summer Dress - R... | DLM,Child 2-3 years / Champagne,4987864940675-Color:Champagne;Size:Child 2T;,4987864940675,shopify_US_7108141383777_41493943812193,shopify_US_7108141383777,INFERRED_FROM_SHOPIFY_PRODUCT_ID; exact live MC item_group_id export not present locally,dlm_7108141383777_mother_dress,dlm_style_7108141383777_elegant_mother_daughter_matching_summer_dress_ruffled_layered_chiffon_with_sequin_embellishments,mother,dress,Dresses,mommy_me,NEEDS_MERCHANT_EXPORT,https://cdn.shopify.com/s/files/1/1557/1635/files/pomelli-image_30_34bbb88e-6fc5-4596-a1f1-3c21080b2dec.png?v=1771838383,https://www.dresslikemommy.com/products/elegant-mother-daughter-matching-summer-dress-ruffled-layered-chiffon-with-sequin-embellishments,23.99,in_stock,12.00,49.98,margin_medium,66,paid_eligible,margin_medium,mommy_me,aov_medium,us_test_ready,True,True,high,set,true,summer,0-25
7108141383777,41493943976033,elegant-mother-daughter-matching-summer-dress-ruffled-layered-chiffon-with-sequin-embellishments,Elegant Mother & Daughter Matching Summer Dress - R... | DLM,Child 6-7 years / Champagne,4987864940672-Color:Champagne;Size:Child 7-8T;,4987864940672,shopify_US_7108141383777_41493943976033,shopify_US_7108141383777,INFERRED_FROM_SHOPIFY_PRODUCT_ID; exact live MC item_group_id export not present locally,dlm_7108141383777_mother_dress,dlm_style_7108141383777_elegant_mother_daughter_matching_summer_dress_ruffled_layered_chiffon_with_sequin_embellishments,mother,dress,Dresses,mommy_me,NEEDS_MERCHANT_EXPORT,https://cdn.shopify.com/s/files/1/1557/1635/files/pomelli-image_30_34bbb88e-6fc5-4596-a1f1-3c21080b2dec.png?v=1771838383,https://www.dresslikemommy.com/products/elegant-mother-daughter-matching-summer-dress-ruffled-layered-chiffon-with-sequin-embellishments,23.99,in_stock,12.00,49.98,margin_medium,8628,paid_eligible,margin_medium,mommy_me,aov_medium,us_test_ready,True,True,high,set,true,summer,0-25
7108141383777,41493944041569,elegant-mother-daughter-matching-summer-dress-ruffled-layered-chiffon-with-sequin-embellishments,Elegant Mother & Daughter Matching Summer Dress - R... | DLM,Child 7-8 years / Champagne,4987864940673-Color:Champagne;Size:Child 9-10T;,4987864940673,shopify_US_7108141383777_41493944041569,shopify_US_7108141383777,INFERRED_FROM_SHOPIFY_PRODUCT_ID; exact live MC item_group_id export not present locally,dlm_7108141383777_mother_dress,dlm_style_7108141383777_elegant_mother_daughter_matching_summer_dress_ruffled_layered_chiffon_with_sequin_embellishments,mother,dress,Dresses,mommy_me,NEEDS_MERCHANT_EXPORT,https://cdn.shopify.com/s/files/1/1557/1635/files/pomelli-image_30_34bbb88e-6fc5-4596-a1f1-3c21080b2dec.png?v=1771838383,https://www.dresslikemommy.com/products/elegant-mother-daughter-matching-summer-dress-ruffled-layered-chiffon-with-sequin-embellishments,23.99,in_stock,12.00,49.98,margin_medium,8675,paid_eligible,margin_medium,mommy_me,aov_medium,us_test_ready,True,True,high,set,true,summer,0-25
7108141383777,41493944107105,elegant-mother-daughter-matching-summer-dress-ruffled-layered-chiffon-with-sequin-embellishments,Elegant Mother & Daughter Matching Summer Dress - R... | DLM,Mother S / Champagne,4987864940667-Color:Champagne;Size:Mother S;,4987864940667,shopify_US_7108141383777_41493944107105,shopify_US_7108141383777,INFERRED_FROM_SHOPIFY_PRODUCT_ID; exact live MC item_group_id export not present locally,dlm_7108141383777_mother_dress,dlm_style_7108141383777_elegant_mother_daughter_matching_summer_dress_ruffled_layered_chiffon_with_sequin_embellishments,mother,dress,Dresses,mommy_me,NEEDS_MERCHANT_EXPORT,https://cdn.shopify.com/s/files/1/1557/1635/files/pomelli-image_30_34bbb88e-6fc5-4596-a1f1-3c21080b2dec.png?v=1771838383,https://www.dresslikemommy.com/products/elegant-mother-daughter-matching-summer-dress-ruffled-layered-chiffon-with-sequin-embellishments,29.99,in_stock,15.00,49.98,margin_medium,8564,paid_eligible,margin_medium,mommy_me,aov_medium,us_test_ready,True,True,high,set,true,summer,0-25
7108141383777,41493944139873,elegant-mother-daughter-matching-summer-dress-ruffled-layered-chiffon-with-sequin-embellishments,Elegant Mother & Daughter Matching Summer Dress - R... | DLM,Mother M / Champagne,4987864940668-Color:Champagne;Size:Mother M;,4987864940668,shopify_US_7108141383777_41493944139873,shopify_US_7108141383777,INFERRED_FROM_SHOPIFY_PRODUCT_ID; exact live MC item_group_id export not present locally,dlm_7108141383777_mother_dress,dlm_style_7108141383777_elegant_mother_daughter_matching_summer_dress_ruffled_layered_chiffon_with_sequin_embellishments,mother,dress,Dresses,mommy_me,NEEDS_MERCHANT_EXPORT,https://cdn.shopify.com/s/files/1/1557/1635/files/pomelli-image_30_34bbb88e-6fc5-4596-a1f1-3c21080b2dec.png?v=1771838383,https://www.dresslikemommy.com/products/elegant-mother-daughter-matching-summer-dress-ruffled-layered-chiffon-with-sequin-embellishments,29.99,in_stock,15.00,49.98,margin_medium,8562,paid_eligible,margin_medium,mommy_me,aov_medium,us_test_ready,True,True,high,set,true,summer,0-25
7108141383777,41493944172641,elegant-mother-daughter-matching-summer-dress-ruffled-layered-chiffon-with-sequin-embellishments,Elegant Mother & Daughter Matching Summer Dress - R... | DLM,Mother L / Champagne,4987864940669-Color:Champagne;Size:Mother L;,4987864940669,shopify_US_7108141383777_41493944172641,shopify_US_7108141383777,INFERRED_FROM_SHOPIFY_PRODUCT_ID; exact live MC item_group_id export not present locally,dlm_7108141383777_mother_dress,dlm_style_7108141383777_elegant_mother_daughter_matching_summer_dress_ruffled_layered_chiffon_with_sequin_embellishments,mother,dress,Dresses,mommy_me,NEEDS_MERCHANT_EXPORT,https://cdn.shopify.com/s/files/1/1557/1635/files/pomelli-image_30_34bbb88e-6fc5-4596-a1f1-3c21080b2dec.png?v=1771838383,https://www.dresslikemommy.com/products/elegant-mother-daughter-matching-summer-dress-ruffled-layered-chiffon-with-sequin-embellishments,29.99,in_stock,15.00,49.98,margin_medium,8695,paid_eligible,margin_medium,mommy_me,aov_medium,us_test_ready,True,True,high,set,true,summer,0-25
7108141383777,41493944205409,elegant-mother-daughter-matching-summer-dress-ruffled-layered-chiffon-with-sequin-embellishments,Elegant Mother & Daughter Matching Summer Dress - R... | DLM,Mother XL / Champagne,4987864940670-Color:Champagne;Size:Mother XL;,4987864940670,shopify_US_7108141383777_41493944205409,shopify_US_7108141383777,INFERRED_FROM_SHOPIFY_PRODUCT_ID; exact live MC item_group_id export not present locally,dlm_7108141383777_mother_dress,dlm_style_7108141383777_elegant_mother_daughter_matching_summer_dress_ruffled_layered_chiffon_with_sequin_embellishments,mother,dress,Dresses,mommy_me,NEEDS_MERCHANT_EXPORT,https://cdn.shopify.com/s/files/1/1557/1635/files/pomelli-image_30_34bbb88e-6fc5-4596-a1f1-3c21080b2dec.png?v=1771838383,https://www.dresslikemommy.com/products/elegant-mother-daughter-matching-summer-dress-ruffled-layered-chiffon-with-sequin-embellishments,29.99,in_stock,15.00,49.98,margin_medium,751,paid_eligible,margin_medium,mommy_me,aov_medium,us_test_ready,True,True,high,set,true,summer,0-25
7227379023969,41871522267233,elegant-matching-family-outfits-light-blue-halter-dresses-casual-t-shirt-set-for-summer,Elegant Outfits Light Blue Halter Dresses & Casual ... | DLM,Mother S / blue,5672249086497-01,5672249086497,shopify_US_7227379023969_41871522267233,shopify_US_7227379023969,INFERRED_FROM_SHOPIFY_PRODUCT_ID; exact live MC item_group_id export not present locally,dlm_7227379023969_mother_dress,dlm_style_7227379023969_elegant_matching_family_outfits_light_blue_halter_dresses_casual_t_shirt_set_for_summer,mother,dress,Sets,mommy_me,NEEDS_MERCHANT_EXPORT,https://cdn.shopify.com/s/files/1/1557/1635/files/pomelli-image_44_0e028ffb-5d6c-4fc0-8d3e-8ec228f0ef5e.png?v=1772570393,https://www.dresslikemommy.com/products/elegant-matching-family-outfits-light-blue-halter-dresses-casual-t-shirt-set-for-summer,29.99,in_stock,15.00,49.98,margin_medium,12,paid_eligible,margin_medium,mommy_me,aov_medium,us_test_ready,True,True,high,set,true,year-round,0-25
7227379023969,41871522300001,elegant-matching-family-outfits-light-blue-halter-dresses-casual-t-shirt-set-for-summer,Elegant Outfits Light Blue Halter Dresses & Casual ... | DLM,Mother M / blue,5672249086498-01,5672249086498,shopify_US_7227379023969_41871522300001,shopify_US_7227379023969,INFERRED_FROM_SHOPIFY_PRODUCT_ID; exact live MC item_group_id export not present locally,dlm_7227379023969_mother_dress,dlm_style_7227379023969_elegant_matching_family_outfits_light_blue_halter_dresses_casual_t_shirt_set_for_summer,mother,dress,Sets,mommy_me,NEEDS_MERCHANT_EXPORT,https://cdn.shopify.com/s/files/1/1557/1635/files/pomelli-image_44_0e028ffb-5d6c-4fc0-8d3e-8ec228f0ef5e.png?v=1772570393,https://www.dresslikemommy.com/products/elegant-matching-family-outfits-light-blue-halter-dresses-casual-t-shirt-set-for-summer,29.99,in_stock,15.00,49.98,margin_medium,19,paid_eligible,margin_medium,mommy_me,aov_medium,us_test_ready,True,True,high,set,true,year-round,0-25
7227379023969,41871522332769,elegant-matching-family-outfits-light-blue-halter-dresses-casual-t-shirt-set-for-summer,Elegant Outfits Light Blue Halter Dresses & Casual ... | DLM,Mother L / blue,5672249086499-01,5672249086499,shopify_US_7227379023969_41871522332769,shopify_US_7227379023969,INFERRED_FROM_SHOPIFY_PRODUCT_ID; exact live MC item_group_id export not present locally,dlm_7227379023969_mother_dress,dlm_style_7227379023969_elegant_matching_family_outfits_light_blue_halter_dresses_casual_t_shirt_set_for_summer,mother,dress,Sets,mommy_me,NEEDS_MERCHANT_EXPORT,https://cdn.shopify.com/s/files/1/1557/1635/files/pomelli-image_44_0e028ffb-5d6c-4fc0-8d3e-8ec228f0ef5e.png?v=1772570393,https://www.dresslikemommy.com/products/elegant-matching-family-outfits-light-blue-halter-dresses-casual-t-shirt-set-for-summer,29.99,in_stock,15.00,49.98,margin_medium,67,paid_eligible,margin_medium,mommy_me,aov_medium,us_test_ready,True,True,high,set,true,year-round,0-25
7229130342497,41878478389345,gradient-ombre-family-matching-outfits-pink-blue-t-shirts-with-white-shorts-set,Gradient Ombre Outfits Pink & Blue T-Shirts with Wh... | DLM,Mother S / Multi Color,5457112755517-01,5457112755517,shopify_US_7229130342497_41878478389345,shopify_US_7229130342497,INFERRED_FROM_SHOPIFY_PRODUCT_ID; exact live MC item_group_id export not present locally,dlm_7229130342497_mother_shirt_or_top,dlm_style_7229130342497_gradient_ombre_family_matching_outfits_pink_blue_t_shirts_with_white_shorts_set,mother,shirt_or_top,Sets,mommy_me,NEEDS_MERCHANT_EXPORT,https://cdn.shopify.com/s/files/1/1557/1635/files/pomelli-image_47_c146f6af-d66f-45e7-b500-674118dfd368.png?v=1772566952,https://www.dresslikemommy.com/products/gradient-ombre-family-matching-outfits-pink-blue-t-shirts-with-white-shorts-set,17.99,in_stock,9.00,49.97,margin_medium,9990,paid_eligible,margin_medium,mommy_me,aov_medium,us_test_ready,True,True,high,set,true,year-round,0-25
7229130342497,41878478422113,gradient-ombre-family-matching-outfits-pink-blue-t-shirts-with-white-shorts-set,Gradient Ombre Outfits Pink & Blue T-Shirts with Wh... | DLM,Mother M / Multi Color,5457112755518-01,5457112755518,shopify_US_7229130342497_41878478422113,shopify_US_7229130342497,INFERRED_FROM_SHOPIFY_PRODUCT_ID; exact live MC item_group_id export not present locally,dlm_7229130342497_mother_shirt_or_top,dlm_style_7229130342497_gradient_ombre_family_matching_outfits_pink_blue_t_shirts_with_white_shorts_set,mother,shirt_or_top,Sets,mommy_me,NEEDS_MERCHANT_EXPORT,https://cdn.shopify.com/s/files/1/1557/1635/files/pomelli-image_47_c146f6af-d66f-45e7-b500-674118dfd368.png?v=1772566952,https://www.dresslikemommy.com/products/gradient-ombre-family-matching-outfits-pink-blue-t-shirts-with-white-shorts-set,17.99,in_stock,9.00,49.97,margin_medium,9988,paid_eligible,margin_medium,mommy_me,aov_medium,us_test_ready,True,True,high,set,true,year-round,0-25
7229130342497,41878478454881,gradient-ombre-family-matching-outfits-pink-blue-t-shirts-with-white-shorts-set,Gradient Ombre Outfits Pink & Blue T-Shirts with Wh... | DLM,Mother L / Multi Color,5457112755519-01,5457112755519,shopify_US_7229130342497_41878478454881,shopify_US_7229130342497,INFERRED_FROM_SHOPIFY_PRODUCT_ID; exact live MC item_group_id export not present locally,dlm_7229130342497_mother_shirt_or_top,dlm_style_7229130342497_gradient_ombre_family_matching_outfits_pink_blue_t_shirts_with_white_shorts_set,mother,shirt_or_top,Sets,mommy_me,NEEDS_MERCHANT_EXPORT,https://cdn.shopify.com/s/files/1/1557/1635/files/pomelli-image_47_c146f6af-d66f-45e7-b500-674118dfd368.png?v=1772566952,https://www.dresslikemommy.com/products/gradient-ombre-family-matching-outfits-pink-blue-t-shirts-with-white-shorts-set,17.99,in_stock,9.00,49.97,margin_medium,9981,paid_eligible,margin_medium,mommy_me,aov_medium,us_test_ready,True,True,high,set,true,year-round,0-25
7229130342497,41878478487649,gradient-ombre-family-matching-outfits-pink-blue-t-shirts-with-white-shorts-set,Gradient Ombre Outfits Pink & Blue T-Shirts with Wh... | DLM,Mother XL / Multi Color,5457112755520-01,5457112755520,shopify_US_7229130342497_41878478487649,shopify_US_7229130342497,INFERRED_FROM_SHOPIFY_PRODUCT_ID; exact live MC item_group_id export not present locally,dlm_7229130342497_mother_shirt_or_top,dlm_style_7229130342497_gradient_ombre_family_matching_outfits_pink_blue_t_shirts_with_white_shorts_set,mother,shirt_or_top,Sets,mommy_me,NEEDS_MERCHANT_EXPORT,https://cdn.shopify.com/s/files/1/1557/1635/files/pomelli-image_47_c146f6af-d66f-45e7-b500-674118dfd368.png?v=1772566952,https://www.dresslikemommy.com/products/gradient-ombre-family-matching-outfits-pink-blue-t-shirts-with-white-shorts-set,17.99,in_stock,9.00,49.97,margin_medium,9988,paid_eligible,margin_medium,mommy_me,aov_medium,us_test_ready,True,True,high,set,true,year-round,0-25
7229130342497,41878478520417,gradient-ombre-family-matching-outfits-pink-blue-t-shirts-with-white-shorts-set,Gradient Ombre Outfits Pink & Blue T-Shirts with Wh... | DLM,Mother 2XL / Multi Color,5457112755521-01,5457112755521,shopify_US_7229130342497_41878478520417,shopify_US_7229130342497,INFERRED_FROM_SHOPIFY_PRODUCT_ID; exact live MC item_group_id export not present locally,dlm_7229130342497_mother_shirt_or_top,dlm_style_7229130342497_gradient_ombre_family_matching_outfits_pink_blue_t_shirts_with_white_shorts_set,mother,shirt_or_top,Sets,mommy_me,NEEDS_MERCHANT_EXPORT,https://cdn.shopify.com/s/files/1/1557/1635/files/pomelli-image_47_c146f6af-d66f-45e7-b500-674118dfd368.png?v=1772566952,https://www.dresslikemommy.com/products/gradient-ombre-family-matching-outfits-pink-blue-t-shirts-with-white-shorts-set,17.99,in_stock,9.00,49.97,margin_medium,9990,paid_eligible,margin_medium,mommy_me,aov_medium,us_test_ready,True,True,high,set,true,year-round,0-25
7229124673633,41878467543137,green-and-white-matching-family-outfits-stylish-floral-print-family-set-for-parents-and-kids,Green and White Outfits Stylish Floral Print Family... | DLM,Mother S / Dress,5288709961617-01,5288709961617,shopify_US_7229124673633_41878467543137,shopify_US_7229124673633,INFERRED_FROM_SHOPIFY_PRODUCT_ID; exact live MC item_group_id export not present locally,dlm_7229124673633_mother_sets,dlm_style_7229124673633_green_and_white_matching_family_outfits_stylish_floral_print_family_set_for_parents_and_kids,mother,sets,Sets,mommy_me,NEEDS_MERCHANT_EXPORT,https://cdn.shopify.com/s/files/1/1557/1635/files/pomelli-image_18_04f61717-a318-44e6-be0d-2eb880ff1924.png?v=1772564911,https://www.dresslikemommy.com/products/green-and-white-matching-family-outfits-stylish-floral-print-family-set-for-parents-and-kids,27.99,in_stock,14.00,49.98,margin_medium,9993,paid_eligible,margin_medium,mommy_me,aov_medium,us_test_ready,True,True,high,set,true,year-round,0-25
7229124673633,41878467575905,green-and-white-matching-family-outfits-stylish-floral-print-family-set-for-parents-and-kids,Green and White Outfits Stylish Floral Print Family... | DLM,Mother M / Dress,5288709961618-01,5288709961618,shopify_US_7229124673633_41878467575905,shopify_US_7229124673633,INFERRED_FROM_SHOPIFY_PRODUCT_ID; exact live MC item_group_id export not present locally,dlm_7229124673633_mother_sets,dlm_style_7229124673633_green_and_white_matching_family_outfits_stylish_floral_print_family_set_for_parents_and_kids,mother,sets,Sets,mommy_me,NEEDS_MERCHANT_EXPORT,https://cdn.shopify.com/s/files/1/1557/1635/files/pomelli-image_18_04f61717-a318-44e6-be0d-2eb880ff1924.png?v=1772564911,https://www.dresslikemommy.com/products/green-and-white-matching-family-outfits-stylish-floral-print-family-set-for-parents-and-kids,27.99,in_stock,14.00,49.98,margin_medium,9995,paid_eligible,margin_medium,mommy_me,aov_medium,us_test_ready,True,True,high,set,true,year-round,0-25
7229124673633,41878467608673,green-and-white-matching-family-outfits-stylish-floral-print-family-set-for-parents-and-kids,Green and White Outfits Stylish Floral Print Family... | DLM,Mother L / Dress,5288709961619-01,5288709961619,shopify_US_7229124673633_41878467608673,shopify_US_7229124673633,INFERRED_FROM_SHOPIFY_PRODUCT_ID; exact live MC item_group_id export not present locally,dlm_7229124673633_mother_sets,dlm_style_7229124673633_green_and_white_matching_family_outfits_stylish_floral_print_family_set_for_parents_and_kids,mother,sets,Sets,mommy_me,NEEDS_MERCHANT_EXPORT,https://cdn.shopify.com/s/files/1/1557/1635/files/pomelli-image_18_04f61717-a318-44e6-be0d-2eb880ff1924.png?v=1772564911,https://www.dresslikemommy.com/products/green-and-white-matching-family-outfits-stylish-floral-print-family-set-for-parents-and-kids,27.99,in_stock,14.00,49.98,margin_medium,9986,paid_eligible,margin_medium,mommy_me,aov_medium,us_test_ready,True,True,high,set,true,year-round,0-25
7227435450465,41871766224993,matching-color-block-knit-sweaters-vibrant-family-pullover-for-mom-and-kids,Matching Color-Block Knit Sweaters Vibrant Family P... | DLM,Child 2-3 Years / Multi Color,5102206157568-01,5102206157568,shopify_US_7227435450465_41871766224993,shopify_US_7227435450465,INFERRED_FROM_SHOPIFY_PRODUCT_ID; exact live MC item_group_id export not present locally,dlm_7227435450465_child_sweaters,dlm_style_7227435450465_matching_color_block_knit_sweaters_vibrant_family_pullover_for_mom_and_kids,child,sweaters,Sweaters,mommy_me,NEEDS_MERCHANT_EXPORT,https://cdn.shopify.com/s/files/1/1557/1635/files/pomelli-image_30_dad86d45-9012-474b-8b93-211269ee81fb.png?v=1772132961,https://www.dresslikemommy.com/products/matching-color-block-knit-sweaters-vibrant-family-pullover-for-mom-and-kids,23.99,in_stock,12.00,49.98,margin_medium,150,paid_eligible,margin_medium,mommy_me,aov_medium,us_test_ready,True,True,high,set,true,year-round,0-25
7227435450465,41871766356065,matching-color-block-knit-sweaters-vibrant-family-pullover-for-mom-and-kids,Matching Color-Block Knit Sweaters Vibrant Family P... | DLM,Child 6-7 Years / Multi Color,5102206157572-01,5102206157572,shopify_US_7227435450465_41871766356065,shopify_US_7227435450465,INFERRED_FROM_SHOPIFY_PRODUCT_ID; exact live MC item_group_id export not present locally,dlm_7227435450465_child_sweaters,dlm_style_7227435450465_matching_color_block_knit_sweaters_vibrant_family_pullover_for_mom_and_kids,child,sweaters,Sweaters,mommy_me,NEEDS_MERCHANT_EXPORT,https://cdn.shopify.com/s/files/1/1557/1635/files/pomelli-image_30_dad86d45-9012-474b-8b93-211269ee81fb.png?v=1772132961,https://www.dresslikemommy.com/products/matching-color-block-knit-sweaters-vibrant-family-pullover-for-mom-and-kids,23.99,in_stock,12.00,49.98,margin_medium,149,paid_eligible,margin_medium,mommy_me,aov_medium,us_test_ready,True,True,high,set,true,year-round,0-25
7227435450465,41871766388833,matching-color-block-knit-sweaters-vibrant-family-pullover-for-mom-and-kids,Matching Color-Block Knit Sweaters Vibrant Family P... | DLM,Child 7-8 Years / Multi Color,5102206157573-01,5102206157573,shopify_US_7227435450465_41871766388833,shopify_US_7227435450465,INFERRED_FROM_SHOPIFY_PRODUCT_ID; exact live MC item_group_id export not present locally,dlm_7227435450465_child_sweaters,dlm_style_7227435450465_matching_color_block_knit_sweaters_vibrant_family_pullover_for_mom_and_kids,child,sweaters,Sweaters,mommy_me,NEEDS_MERCHANT_EXPORT,https://cdn.shopify.com/s/files/1/1557/1635/files/pomelli-image_30_dad86d45-9012-474b-8b93-211269ee81fb.png?v=1772132961,https://www.dresslikemommy.com/products/matching-color-block-knit-sweaters-vibrant-family-pullover-for-mom-and-kids,23.99,in_stock,12.00,49.98,margin_medium,148,paid_eligible,margin_medium,mommy_me,aov_medium,us_test_ready,True,True,high,set,true,year-round,0-25
7227435450465,41871766454369,matching-color-block-knit-sweaters-vibrant-family-pullover-for-mom-and-kids,Matching Color-Block Knit Sweaters Vibrant Family P... | DLM,Mother S / Multi Color,5102206157575-01,5102206157575,shopify_US_7227435450465_41871766454369,shopify_US_7227435450465,INFERRED_FROM_SHOPIFY_PRODUCT_ID; exact live MC item_group_id export not present locally,dlm_7227435450465_mother_sweaters,dlm_style_7227435450465_matching_color_block_knit_sweaters_vibrant_family_pullover_for_mom_and_kids,mother,sweaters,Sweaters,mommy_me,NEEDS_MERCHANT_EXPORT,https://cdn.shopify.com/s/files/1/1557/1635/files/pomelli-image_30_dad86d45-9012-474b-8b93-211269ee81fb.png?v=1772132961,https://www.dresslikemommy.com/products/matching-color-block-knit-sweaters-vibrant-family-pullover-for-mom-and-kids,29.99,in_stock,15.00,49.98,margin_medium,147,paid_eligible,margin_medium,mommy_me,aov_medium,us_test_ready,True,True,high,set,true,year-round,0-25
7227435450465,41871766487137,matching-color-block-knit-sweaters-vibrant-family-pullover-for-mom-and-kids,Matching Color-Block Knit Sweaters Vibrant Family P... | DLM,Mother M / Multi Color,5102206157576-01,5102206157576,shopify_US_7227435450465_41871766487137,shopify_US_7227435450465,INFERRED_FROM_SHOPIFY_PRODUCT_ID; exact live MC item_group_id export not present locally,dlm_7227435450465_mother_sweaters,dlm_style_7227435450465_matching_color_block_knit_sweaters_vibrant_family_pullover_for_mom_and_kids,mother,sweaters,Sweaters,mommy_me,NEEDS_MERCHANT_EXPORT,https://cdn.shopify.com/s/files/1/1557/1635/files/pomelli-image_30_dad86d45-9012-474b-8b93-211269ee81fb.png?v=1772132961,https://www.dresslikemommy.com/products/matching-color-block-knit-sweaters-vibrant-family-pullover-for-mom-and-kids,29.99,in_stock,15.00,49.98,margin_medium,148,paid_eligible,margin_medium,mommy_me,aov_medium,us_test_ready,True,True,high,set,true,year-round,0-25
7227435450465,41871766519905,matching-color-block-knit-sweaters-vibrant-family-pullover-for-mom-and-kids,Matching Color-Block Knit Sweaters Vibrant Family P... | DLM,Mother L / Multi Color,5102206157577-01,5102206157577,shopify_US_7227435450465_41871766519905,shopify_US_7227435450465,INFERRED_FROM_SHOPIFY_PRODUCT_ID; exact live MC item_group_id export not present locally,dlm_7227435450465_mother_sweaters,dlm_style_7227435450465_matching_color_block_knit_sweaters_vibrant_family_pullover_for_mom_and_kids,mother,sweaters,Sweaters,mommy_me,NEEDS_MERCHANT_EXPORT,https://cdn.shopify.com/s/files/1/1557/1635/files/pomelli-image_30_dad86d45-9012-474b-8b93-211269ee81fb.png?v=1772132961,https://www.dresslikemommy.com/products/matching-color-block-knit-sweaters-vibrant-family-pullover-for-mom-and-kids,29.99,in_stock,15.00,49.98,margin_medium,147,paid_eligible,margin_medium,mommy_me,aov_medium,us_test_ready,True,True,high,set,true,year-round,0-25
7227435450465,41871766552673,matching-color-block-knit-sweaters-vibrant-family-pullover-for-mom-and-kids,Matching Color-Block Knit Sweaters Vibrant Family P... | DLM,Mother XL / Multi Color,5102206157578-01,5102206157578,shopify_US_7227435450465_41871766552673,shopify_US_7227435450465,INFERRED_FROM_SHOPIFY_PRODUCT_ID; exact live MC item_group_id export not present locally,dlm_7227435450465_mother_sweaters,dlm_style_7227435450465_matching_color_block_knit_sweaters_vibrant_family_pullover_for_mom_and_kids,mother,sweaters,Sweaters,mommy_me,NEEDS_MERCHANT_EXPORT,https://cdn.shopify.com/s/files/1/1557/1635/files/pomelli-image_30_dad86d45-9012-474b-8b93-211269ee81fb.png?v=1772132961,https://www.dresslikemommy.com/products/matching-color-block-knit-sweaters-vibrant-family-pullover-for-mom-and-kids,29.99,in_stock,15.00,49.98,margin_medium,150,paid_eligible,margin_medium,mommy_me,aov_medium,us_test_ready,True,True,high,set,true,year-round,0-25
7227356282977,41871478751329,matching-mommy-me-colorful-watercolor-maxi-dresses-sleeveless-summer-dress,Matching Mommy & Me Colorful Watercolor Maxi Dresse... | DLM,Child 3-4 Years / Multi Color,5540807550140-01,5540807550140,shopify_US_7227356282977_41871478751329,shopify_US_7227356282977,INFERRED_FROM_SHOPIFY_PRODUCT_ID; exact live MC item_group_id export not present locally,dlm_7227356282977_mother_dress,dlm_style_7227356282977_matching_mommy_me_colorful_watercolor_maxi_dresses_sleeveless_summer_dress,mother,dress,Dresses,mommy_me,NEEDS_MERCHANT_EXPORT,https://cdn.shopify.com/s/files/1/1557/1635/files/pomelli-image_22_b8e4aa6f-3e40-49a2-8be0-4ff145632154.png?v=1771835617,https://www.dresslikemommy.com/products/matching-mommy-me-colorful-watercolor-maxi-dresses-sleeveless-summer-dress,19.99,in_stock,10.00,49.97,margin_medium,129,paid_eligible,margin_medium,mommy_me,aov_medium,us_test_ready,True,True,high,set,true,summer,0-25
7227356282977,41871478784097,matching-mommy-me-colorful-watercolor-maxi-dresses-sleeveless-summer-dress,Matching Mommy & Me Colorful Watercolor Maxi Dresse... | DLM,Child 4-5 Years / Multi Color,5540807550141-01,5540807550141,shopify_US_7227356282977_41871478784097,shopify_US_7227356282977,INFERRED_FROM_SHOPIFY_PRODUCT_ID; exact live MC item_group_id export not present locally,dlm_7227356282977_mother_dress,dlm_style_7227356282977_matching_mommy_me_colorful_watercolor_maxi_dresses_sleeveless_summer_dress,mother,dress,Dresses,mommy_me,NEEDS_MERCHANT_EXPORT,https://cdn.shopify.com/s/files/1/1557/1635/files/pomelli-image_22_b8e4aa6f-3e40-49a2-8be0-4ff145632154.png?v=1771835617,https://www.dresslikemommy.com/products/matching-mommy-me-colorful-watercolor-maxi-dresses-sleeveless-summer-dress,19.99,in_stock,10.00,49.97,margin_medium,129,paid_eligible,margin_medium,mommy_me,aov_medium,us_test_ready,True,True,high,set,true,summer,0-25
7227356282977,41871478816865,matching-mommy-me-colorful-watercolor-maxi-dresses-sleeveless-summer-dress,Matching Mommy & Me Colorful Watercolor Maxi Dresse... | DLM,Child 5-6 Years / Multi Color,5540807550142-01,5540807550142,shopify_US_7227356282977_41871478816865,shopify_US_7227356282977,INFERRED_FROM_SHOPIFY_PRODUCT_ID; exact live MC item_group_id export not present locally,dlm_7227356282977_mother_dress,dlm_style_7227356282977_matching_mommy_me_colorful_watercolor_maxi_dresses_sleeveless_summer_dress,mother,dress,Dresses,mommy_me,NEEDS_MERCHANT_EXPORT,https://cdn.shopify.com/s/files/1/1557/1635/files/pomelli-image_22_b8e4aa6f-3e40-49a2-8be0-4ff145632154.png?v=1771835617,https://www.dresslikemommy.com/products/matching-mommy-me-colorful-watercolor-maxi-dresses-sleeveless-summer-dress,19.99,in_stock,10.00,49.97,margin_medium,76,paid_eligible,margin_medium,mommy_me,aov_medium,us_test_ready,True,True,high,set,true,summer,0-25
7227356282977,41871478849633,matching-mommy-me-colorful-watercolor-maxi-dresses-sleeveless-summer-dress,Matching Mommy & Me Colorful Watercolor Maxi Dresse... | DLM,Child 6-7 Years / Multi Color,5540807550143-01,5540807550143,shopify_US_7227356282977_41871478849633,shopify_US_7227356282977,INFERRED_FROM_SHOPIFY_PRODUCT_ID; exact live MC item_group_id export not present locally,dlm_7227356282977_mother_dress,dlm_style_7227356282977_matching_mommy_me_colorful_watercolor_maxi_dresses_sleeveless_summer_dress,mother,dress,Dresses,mommy_me,NEEDS_MERCHANT_EXPORT,https://cdn.shopify.com/s/files/1/1557/1635/files/pomelli-image_22_b8e4aa6f-3e40-49a2-8be0-4ff145632154.png?v=1771835617,https://www.dresslikemommy.com/products/matching-mommy-me-colorful-watercolor-maxi-dresses-sleeveless-summer-dress,19.99,in_stock,10.00,49.97,margin_medium,69,paid_eligible,margin_medium,mommy_me,aov_medium,us_test_ready,True,True,high,set,true,summer,0-25
7227356282977,41871478882401,matching-mommy-me-colorful-watercolor-maxi-dresses-sleeveless-summer-dress,Matching Mommy & Me Colorful Watercolor Maxi Dresse... | DLM,Child 7-8 Years / Multi Color,5540807550144-01,5540807550144,shopify_US_7227356282977_41871478882401,shopify_US_7227356282977,INFERRED_FROM_SHOPIFY_PRODUCT_ID; exact live MC item_group_id export not present locally,dlm_7227356282977_mother_dress,dlm_style_7227356282977_matching_mommy_me_colorful_watercolor_maxi_dresses_sleeveless_summer_dress,mother,dress,Dresses,mommy_me,NEEDS_MERCHANT_EXPORT,https://cdn.shopify.com/s/files/1/1557/1635/files/pomelli-image_22_b8e4aa6f-3e40-49a2-8be0-4ff145632154.png?v=1771835617,https://www.dresslikemommy.com/products/matching-mommy-me-colorful-watercolor-maxi-dresses-sleeveless-summer-dress,19.99,in_stock,10.00,49.97,margin_medium,64,paid_eligible,margin_medium,mommy_me,aov_medium,us_test_ready,True,True,high,set,true,summer,0-25
7227356282977,41871478915169,matching-mommy-me-colorful-watercolor-maxi-dresses-sleeveless-summer-dress,Matching Mommy & Me Colorful Watercolor Maxi Dresse... | DLM,Child 8-9 Years / Multi Color,5540807550145-01,5540807550145,shopify_US_7227356282977_41871478915169,shopify_US_7227356282977,INFERRED_FROM_SHOPIFY_PRODUCT_ID; exact live MC item_group_id export not present locally,dlm_7227356282977_mother_dress,dlm_style_7227356282977_matching_mommy_me_colorful_watercolor_maxi_dresses_sleeveless_summer_dress,mother,dress,Dresses,mommy_me,NEEDS_MERCHANT_EXPORT,https://cdn.shopify.com/s/files/1/1557/1635/files/pomelli-image_22_b8e4aa6f-3e40-49a2-8be0-4ff145632154.png?v=1771835617,https://www.dresslikemommy.com/products/matching-mommy-me-colorful-watercolor-maxi-dresses-sleeveless-summer-dress,19.99,in_stock,10.00,49.97,margin_medium,50,paid_eligible,margin_medium,mommy_me,aov_medium,us_test_ready,True,True,high,set,true,summer,0-25
7227356282977,41871478980705,matching-mommy-me-colorful-watercolor-maxi-dresses-sleeveless-summer-dress,Matching Mommy & Me Colorful Watercolor Maxi Dresse... | DLM,Mother M / Multi Color,5540807550147-01,5540807550147,shopify_US_7227356282977_41871478980705,shopify_US_7227356282977,INFERRED_FROM_SHOPIFY_PRODUCT_ID; exact live MC item_group_id export not present locally,dlm_7227356282977_mother_dress,dlm_style_7227356282977_matching_mommy_me_colorful_watercolor_maxi_dresses_sleeveless_summer_dress,mother,dress,Dresses,mommy_me,NEEDS_MERCHANT_EXPORT,https://cdn.shopify.com/s/files/1/1557/1635/files/pomelli-image_22_b8e4aa6f-3e40-49a2-8be0-4ff145632154.png?v=1771835617,https://www.dresslikemommy.com/products/matching-mommy-me-colorful-watercolor-maxi-dresses-sleeveless-summer-dress,24.99,in_stock,12.50,49.98,margin_medium,66,paid_eligible,margin_medium,mommy_me,aov_medium,us_test_ready,True,True,high,set,true,summer,0-25
7227270791265,41871164473441,matching-mommy-me-smocked-sundresses-vibrant-floral-and-patterned-summer-dresses,Matching Mommy & Me Smocked Sundresses Vibrant Flor... | DLM,Child 1-2 Years / Brown,4844544388566-01,4844544388566,shopify_US_7227270791265_41871164473441,shopify_US_7227270791265,INFERRED_FROM_SHOPIFY_PRODUCT_ID; exact live MC item_group_id export not present locally,dlm_7227270791265_mother_dress,dlm_style_7227270791265_matching_mommy_me_smocked_sundresses_vibrant_floral_and_patterned_summer_dresses,mother,dress,Dresses,mommy_me,NEEDS_MERCHANT_EXPORT,https://cdn.shopify.com/s/files/1/1557/1635/files/pomelli-image_4_d5439f03-b9e7-4da3-83a7-f814dd4c3675.png?v=1771563343,https://www.dresslikemommy.com/products/matching-mommy-me-smocked-sundresses-vibrant-floral-and-patterned-summer-dresses,19.99,in_stock,10.00,49.97,margin_medium,500,paid_eligible,margin_medium,mommy_me,aov_medium,us_test_ready,True,True,high,set,true,summer,0-25
7227270791265,41871164637281,matching-mommy-me-smocked-sundresses-vibrant-floral-and-patterned-summer-dresses,Matching Mommy & Me Smocked Sundresses Vibrant Flor... | DLM,Child 9-10 Years / Brown,3158604979774-01,3158604979774,shopify_US_7227270791265_41871164637281,shopify_US_7227270791265,INFERRED_FROM_SHOPIFY_PRODUCT_ID; exact live MC item_group_id export not present locally,dlm_7227270791265_mother_dress,dlm_style_7227270791265_matching_mommy_me_smocked_sundresses_vibrant_floral_and_patterned_summer_dresses,mother,dress,Dresses,mommy_me,NEEDS_MERCHANT_EXPORT,https://cdn.shopify.com/s/files/1/1557/1635/files/pomelli-image_4_d5439f03-b9e7-4da3-83a7-f814dd4c3675.png?v=1771563343,https://www.dresslikemommy.com/products/matching-mommy-me-smocked-sundresses-vibrant-floral-and-patterned-summer-dresses,19.99,in_stock,10.00,49.97,margin_medium,193,paid_eligible,margin_medium,mommy_me,aov_medium,us_test_ready,True,True,high,set,true,summer,0-25
7227270791265,41871164702817,matching-mommy-me-smocked-sundresses-vibrant-floral-and-patterned-summer-dresses,Matching Mommy & Me Smocked Sundresses Vibrant Flor... | DLM,Mother L / Brown,3426459172684-01,3426459172684,shopify_US_7227270791265_41871164702817,shopify_US_7227270791265,INFERRED_FROM_SHOPIFY_PRODUCT_ID; exact live MC item_group_id export not present locally,dlm_7227270791265_mother_dress,dlm_style_7227270791265_matching_mommy_me_smocked_sundresses_vibrant_floral_and_patterned_summer_dresses,mother,dress,Dresses,mommy_me,NEEDS_MERCHANT_EXPORT,https://cdn.shopify.com/s/files/1/1557/1635/files/pomelli-image_4_d5439f03-b9e7-4da3-83a7-f814dd4c3675.png?v=1771563343,https://www.dresslikemommy.com/products/matching-mommy-me-smocked-sundresses-vibrant-floral-and-patterned-summer-dresses,24.99,in_stock,12.50,49.98,margin_medium,195,paid_eligible,margin_medium,mommy_me,aov_medium,us_test_ready,True,True,high,set,true,summer,0-25
7227270791265,41871164735585,matching-mommy-me-smocked-sundresses-vibrant-floral-and-patterned-summer-dresses,Matching Mommy & Me Smocked Sundresses Vibrant Flor... | DLM,Mother XL / Brown,3426459172683-01,3426459172683,shopify_US_7227270791265_41871164735585,shopify_US_7227270791265,INFERRED_FROM_SHOPIFY_PRODUCT_ID; exact live MC item_group_id export not present locally,dlm_7227270791265_mother_dress,dlm_style_7227270791265_matching_mommy_me_smocked_sundresses_vibrant_floral_and_patterned_summer_dresses,mother,dress,Dresses,mommy_me,NEEDS_MERCHANT_EXPORT,https://cdn.shopify.com/s/files/1/1557/1635/files/pomelli-image_4_d5439f03-b9e7-4da3-83a7-f814dd4c3675.png?v=1771563343,https://www.dresslikemommy.com/products/matching-mommy-me-smocked-sundresses-vibrant-floral-and-patterned-summer-dresses,24.99,in_stock,12.50,49.98,margin_medium,195,paid_eligible,margin_medium,mommy_me,aov_medium,us_test_ready,True,True,high,set,true,summer,0-25
7227270791265,41871164801121,matching-mommy-me-smocked-sundresses-vibrant-floral-and-patterned-summer-dresses,Matching Mommy & Me Smocked Sundresses Vibrant Flor... | DLM,Child 2-3 Years / Rainbow,3191331710386-01,3191331710386,shopify_US_7227270791265_41871164801121,shopify_US_7227270791265,INFERRED_FROM_SHOPIFY_PRODUCT_ID; exact live MC item_group_id export not present locally,dlm_7227270791265_mother_dress,dlm_style_7227270791265_matching_mommy_me_smocked_sundresses_vibrant_floral_and_patterned_summer_dresses,mother,dress,Dresses,mommy_me,NEEDS_MERCHANT_EXPORT,https://cdn.shopify.com/s/files/1/1557/1635/files/pomelli-image_4_d5439f03-b9e7-4da3-83a7-f814dd4c3675.png?v=1771563343,https://www.dresslikemommy.com/products/matching-mommy-me-smocked-sundresses-vibrant-floral-and-patterned-summer-dresses,19.99,in_stock,10.00,49.97,margin_medium,194,paid_eligible,margin_medium,mommy_me,aov_medium,us_test_ready,True,True,high,set,true,summer,0-25
7227270791265,41871164833889,matching-mommy-me-smocked-sundresses-vibrant-floral-and-patterned-summer-dresses,Matching Mommy & Me Smocked Sundresses Vibrant Flor... | DLM,Child 4 -5 Years / Rainbow,3158604979795-01,3158604979795,shopify_US_7227270791265_41871164833889,shopify_US_7227270791265,INFERRED_FROM_SHOPIFY_PRODUCT_ID; exact live MC item_group_id export not present locally,dlm_7227270791265_mother_dress,dlm_style_7227270791265_matching_mommy_me_smocked_sundresses_vibrant_floral_and_patterned_summer_dresses,mother,dress,Dresses,mommy_me,NEEDS_MERCHANT_EXPORT,https://cdn.shopify.com/s/files/1/1557/1635/files/pomelli-image_4_d5439f03-b9e7-4da3-83a7-f814dd4c3675.png?v=1771563343,https://www.dresslikemommy.com/products/matching-mommy-me-smocked-sundresses-vibrant-floral-and-patterned-summer-dresses,19.99,in_stock,10.00,49.97,margin_medium,195,paid_eligible,margin_medium,mommy_me,aov_medium,us_test_ready,True,True,high,set,true,summer,0-25
7227270791265,41871164899425,matching-mommy-me-smocked-sundresses-vibrant-floral-and-patterned-summer-dresses,Matching Mommy & Me Smocked Sundresses Vibrant Flor... | DLM,Child 8-9 Years / Rainbow,3158604979797-01,3158604979797,shopify_US_7227270791265_41871164899425,shopify_US_7227270791265,INFERRED_FROM_SHOPIFY_PRODUCT_ID; exact live MC item_group_id export not present locally,dlm_7227270791265_mother_dress,dlm_style_7227270791265_matching_mommy_me_smocked_sundresses_vibrant_floral_and_patterned_summer_dresses,mother,dress,Dresses,mommy_me,NEEDS_MERCHANT_EXPORT,https://cdn.shopify.com/s/files/1/1557/1635/files/pomelli-image_4_d5439f03-b9e7-4da3-83a7-f814dd4c3675.png?v=1771563343,https://www.dresslikemommy.com/products/matching-mommy-me-smocked-sundresses-vibrant-floral-and-patterned-summer-dresses,19.99,in_stock,10.00,49.97,margin_medium,195,paid_eligible,margin_medium,mommy_me,aov_medium,us_test_ready,True,True,high,set,true,summer,0-25
7227270791265,41871164932193,matching-mommy-me-smocked-sundresses-vibrant-floral-and-patterned-summer-dresses,Matching Mommy & Me Smocked Sundresses Vibrant Flor... | DLM,Child 9-10 Years / Rainbow,3158604979798-01,3158604979798,shopify_US_7227270791265_41871164932193,shopify_US_7227270791265,INFERRED_FROM_SHOPIFY_PRODUCT_ID; exact live MC item_group_id export not present locally,dlm_7227270791265_mother_dress,dlm_style_7227270791265_matching_mommy_me_smocked_sundresses_vibrant_floral_and_patterned_summer_dresses,mother,dress,Dresses,mommy_me,NEEDS_MERCHANT_EXPORT,https://cdn.shopify.com/s/files/1/1557/1635/files/pomelli-image_4_d5439f03-b9e7-4da3-83a7-f814dd4c3675.png?v=1771563343,https://www.dresslikemommy.com/products/matching-mommy-me-smocked-sundresses-vibrant-floral-and-patterned-summer-dresses,19.99,in_stock,10.00,49.97,margin_medium,196,paid_eligible,margin_medium,mommy_me,aov_medium,us_test_ready,True,True,high,set,true,summer,0-25
7227270791265,41871165030497,matching-mommy-me-smocked-sundresses-vibrant-floral-and-patterned-summer-dresses,Matching Mommy & Me Smocked Sundresses Vibrant Flor... | DLM,Mother XL / Rainbow,3426459172679-01,3426459172679,shopify_US_7227270791265_41871165030497,shopify_US_7227270791265,INFERRED_FROM_SHOPIFY_PRODUCT_ID; exact live MC item_group_id export not present locally,dlm_7227270791265_mother_dress,dlm_style_7227270791265_matching_mommy_me_smocked_sundresses_vibrant_floral_and_patterned_summer_dresses,mother,dress,Dresses,mommy_me,NEEDS_MERCHANT_EXPORT,https://cdn.shopify.com/s/files/1/1557/1635/files/pomelli-image_4_d5439f03-b9e7-4da3-83a7-f814dd4c3675.png?v=1771563343,https://www.dresslikemommy.com/products/matching-mommy-me-smocked-sundresses-vibrant-floral-and-patterned-summer-dresses,24.99,in_stock,12.50,49.98,margin_medium,194,paid_eligible,margin_medium,mommy_me,aov_medium,us_test_ready,True,True,high,set,true,summer,0-25
7227270791265,41871165096033,matching-mommy-me-smocked-sundresses-vibrant-floral-and-patterned-summer-dresses,Matching Mommy & Me Smocked Sundresses Vibrant Flor... | DLM,Child 2-3 Years / Purple,3306129732021-01,3306129732021,shopify_US_7227270791265_41871165096033,shopify_US_7227270791265,INFERRED_FROM_SHOPIFY_PRODUCT_ID; exact live MC item_group_id export not present locally,dlm_7227270791265_mother_dress,dlm_style_7227270791265_matching_mommy_me_smocked_sundresses_vibrant_floral_and_patterned_summer_dresses,mother,dress,Dresses,mommy_me,NEEDS_MERCHANT_EXPORT,https://cdn.shopify.com/s/files/1/1557/1635/files/pomelli-image_4_d5439f03-b9e7-4da3-83a7-f814dd4c3675.png?v=1771563343,https://www.dresslikemommy.com/products/matching-mommy-me-smocked-sundresses-vibrant-floral-and-patterned-summer-dresses,19.99,in_stock,10.00,49.97,margin_medium,200,paid_eligible,margin_medium,mommy_me,aov_medium,us_test_ready,True,True,high,set,true,summer,0-25
7227270791265,41871165161569,matching-mommy-me-smocked-sundresses-vibrant-floral-and-patterned-summer-dresses,Matching Mommy & Me Smocked Sundresses Vibrant Flor... | DLM,Child 6-7 Years / Purple,3306129732018-01,3306129732018,shopify_US_7227270791265_41871165161569,shopify_US_7227270791265,INFERRED_FROM_SHOPIFY_PRODUCT_ID; exact live MC item_group_id export not present locally,dlm_7227270791265_mother_dress,dlm_style_7227270791265_matching_mommy_me_smocked_sundresses_vibrant_floral_and_patterned_summer_dresses,mother,dress,Dresses,mommy_me,NEEDS_MERCHANT_EXPORT,https://cdn.shopify.com/s/files/1/1557/1635/files/pomelli-image_4_d5439f03-b9e7-4da3-83a7-f814dd4c3675.png?v=1771563343,https://www.dresslikemommy.com/products/matching-mommy-me-smocked-sundresses-vibrant-floral-and-patterned-summer-dresses,19.99,in_stock,10.00,49.97,margin_medium,198,paid_eligible,margin_medium,mommy_me,aov_medium,us_test_ready,True,True,high,set,true,summer,0-25
7227270791265,41871165194337,matching-mommy-me-smocked-sundresses-vibrant-floral-and-patterned-summer-dresses,Matching Mommy & Me Smocked Sundresses Vibrant Flor... | DLM,Child 8-9 Years / Purple,3306129732019-01,3306129732019,shopify_US_7227270791265_41871165194337,shopify_US_7227270791265,INFERRED_FROM_SHOPIFY_PRODUCT_ID; exact live MC item_group_id export not present locally,dlm_7227270791265_mother_dress,dlm_style_7227270791265_matching_mommy_me_smocked_sundresses_vibrant_floral_and_patterned_summer_dresses,mother,dress,Dresses,mommy_me,NEEDS_MERCHANT_EXPORT,https://cdn.shopify.com/s/files/1/1557/1635/files/pomelli-image_4_d5439f03-b9e7-4da3-83a7-f814dd4c3675.png?v=1771563343,https://www.dresslikemommy.com/products/matching-mommy-me-smocked-sundresses-vibrant-floral-and-patterned-summer-dresses,19.99,in_stock,10.00,49.97,margin_medium,199,paid_eligible,margin_medium,mommy_me,aov_medium,us_test_ready,True,True,high,set,true,summer,0-25
7227270791265,41871165227105,matching-mommy-me-smocked-sundresses-vibrant-floral-and-patterned-summer-dresses,Matching Mommy & Me Smocked Sundresses Vibrant Flor... | DLM,Child 9-10 Years / Purple,3306129732017-01,3306129732017,shopify_US_7227270791265_41871165227105,shopify_US_7227270791265,INFERRED_FROM_SHOPIFY_PRODUCT_ID; exact live MC item_group_id export not present locally,dlm_7227270791265_mother_dress,dlm_style_7227270791265_matching_mommy_me_smocked_sundresses_vibrant_floral_and_patterned_summer_dresses,mother,dress,Dresses,mommy_me,NEEDS_MERCHANT_EXPORT,https://cdn.shopify.com/s/files/1/1557/1635/files/pomelli-image_4_d5439f03-b9e7-4da3-83a7-f814dd4c3675.png?v=1771563343,https://www.dresslikemommy.com/products/matching-mommy-me-smocked-sundresses-vibrant-floral-and-patterned-summer-dresses,19.99,in_stock,10.00,49.97,margin_medium,199,paid_eligible,margin_medium,mommy_me,aov_medium,us_test_ready,True,True,high,set,true,summer,0-25
7227270791265,41871165390945,matching-mommy-me-smocked-sundresses-vibrant-floral-and-patterned-summer-dresses,Matching Mommy & Me Smocked Sundresses Vibrant Flor... | DLM,Child 2-3 Years / Yellow,3306129732007-01,3306129732007,shopify_US_7227270791265_41871165390945,shopify_US_7227270791265,INFERRED_FROM_SHOPIFY_PRODUCT_ID; exact live MC item_group_id export not present locally,dlm_7227270791265_mother_dress,dlm_style_7227270791265_matching_mommy_me_smocked_sundresses_vibrant_floral_and_patterned_summer_dresses,mother,dress,Dresses,mommy_me,NEEDS_MERCHANT_EXPORT,https://cdn.shopify.com/s/files/1/1557/1635/files/pomelli-image_4_d5439f03-b9e7-4da3-83a7-f814dd4c3675.png?v=1771563343,https://www.dresslikemommy.com/products/matching-mommy-me-smocked-sundresses-vibrant-floral-and-patterned-summer-dresses,19.99,in_stock,10.00,49.97,margin_medium,200,paid_eligible,margin_medium,mommy_me,aov_medium,us_test_ready,True,True,high,set,true,summer,0-25
7227270791265,41871165423713,matching-mommy-me-smocked-sundresses-vibrant-floral-and-patterned-summer-dresses,Matching Mommy & Me Smocked Sundresses Vibrant Flor... | DLM,Child 4 -5 Years / Yellow,3306129732001-01,3306129732001,shopify_US_7227270791265_41871165423713,shopify_US_7227270791265,INFERRED_FROM_SHOPIFY_PRODUCT_ID; exact live MC item_group_id export not present locally,dlm_7227270791265_mother_dress,dlm_style_7227270791265_matching_mommy_me_smocked_sundresses_vibrant_floral_and_patterned_summer_dresses,mother,dress,Dresses,mommy_me,NEEDS_MERCHANT_EXPORT,https://cdn.shopify.com/s/files/1/1557/1635/files/pomelli-image_4_d5439f03-b9e7-4da3-83a7-f814dd4c3675.png?v=1771563343,https://www.dresslikemommy.com/products/matching-mommy-me-smocked-sundresses-vibrant-floral-and-patterned-summer-dresses,19.99,in_stock,10.00,49.97,margin_medium,200,paid_eligible,margin_medium,mommy_me,aov_medium,us_test_ready,True,True,high,set,true,summer,0-25
7227270791265,41871165456481,matching-mommy-me-smocked-sundresses-vibrant-floral-and-patterned-summer-dresses,Matching Mommy & Me Smocked Sundresses Vibrant Flor... | DLM,Child 6-7 Years / Yellow,3306129732004-01,3306129732004,shopify_US_7227270791265_41871165456481,shopify_US_7227270791265,INFERRED_FROM_SHOPIFY_PRODUCT_ID; exact live MC item_group_id export not present locally,dlm_7227270791265_mother_dress,dlm_style_7227270791265_matching_mommy_me_smocked_sundresses_vibrant_floral_and_patterned_summer_dresses,mother,dress,Dresses,mommy_me,NEEDS_MERCHANT_EXPORT,https://cdn.shopify.com/s/files/1/1557/1635/files/pomelli-image_4_d5439f03-b9e7-4da3-83a7-f814dd4c3675.png?v=1771563343,https://www.dresslikemommy.com/products/matching-mommy-me-smocked-sundresses-vibrant-floral-and-patterned-summer-dresses,19.99,in_stock,10.00,49.97,margin_medium,199,paid_eligible,margin_medium,mommy_me,aov_medium,us_test_ready,True,True,high,set,true,summer,0-25
7227270791265,41871165522017,matching-mommy-me-smocked-sundresses-vibrant-floral-and-patterned-summer-dresses,Matching Mommy & Me Smocked Sundresses Vibrant Flor... | DLM,Child 9-10 Years / Yellow,3306129732003-01,3306129732003,shopify_US_7227270791265_41871165522017,shopify_US_7227270791265,INFERRED_FROM_SHOPIFY_PRODUCT_ID; exact live MC item_group_id export not present locally,dlm_7227270791265_mother_dress,dlm_style_7227270791265_matching_mommy_me_smocked_sundresses_vibrant_floral_and_patterned_summer_dresses,mother,dress,Dresses,mommy_me,NEEDS_MERCHANT_EXPORT,https://cdn.shopify.com/s/files/1/1557/1635/files/pomelli-image_4_d5439f03-b9e7-4da3-83a7-f814dd4c3675.png?v=1771563343,https://www.dresslikemommy.com/products/matching-mommy-me-smocked-sundresses-vibrant-floral-and-patterned-summer-dresses,19.99,in_stock,10.00,49.97,margin_medium,199,paid_eligible,margin_medium,mommy_me,aov_medium,us_test_ready,True,True,high,set,true,summer,0-25
7227270791265,41871165620321,matching-mommy-me-smocked-sundresses-vibrant-floral-and-patterned-summer-dresses,Matching Mommy & Me Smocked Sundresses Vibrant Flor... | DLM,Mother XL / Yellow,3426459172693-01,3426459172693,shopify_US_7227270791265_41871165620321,shopify_US_7227270791265,INFERRED_FROM_SHOPIFY_PRODUCT_ID; exact live MC item_group_id export not present locally,dlm_7227270791265_mother_dress,dlm_style_7227270791265_matching_mommy_me_smocked_sundresses_vibrant_floral_and_patterned_summer_dresses,mother,dress,Dresses,mommy_me,NEEDS_MERCHANT_EXPORT,https://cdn.shopify.com/s/files/1/1557/1635/files/pomelli-image_4_d5439f03-b9e7-4da3-83a7-f814dd4c3675.png?v=1771563343,https://www.dresslikemommy.com/products/matching-mommy-me-smocked-sundresses-vibrant-floral-and-patterned-summer-dresses,24.99,in_stock,12.50,49.98,margin_medium,200,paid_eligible,margin_medium,mommy_me,aov_medium,us_test_ready,True,True,high,set,true,summer,0-25
7227270791265,41871165653089,matching-mommy-me-smocked-sundresses-vibrant-floral-and-patterned-summer-dresses,Matching Mommy & Me Smocked Sundresses Vibrant Flor... | DLM,Child 1-2 Years / Red,4844544388634-01,4844544388634,shopify_US_7227270791265_41871165653089,shopify_US_7227270791265,INFERRED_FROM_SHOPIFY_PRODUCT_ID; exact live MC item_group_id export not present locally,dlm_7227270791265_mother_dress,dlm_style_7227270791265_matching_mommy_me_smocked_sundresses_vibrant_floral_and_patterned_summer_dresses,mother,dress,Dresses,mommy_me,NEEDS_MERCHANT_EXPORT,https://cdn.shopify.com/s/files/1/1557/1635/files/pomelli-image_4_d5439f03-b9e7-4da3-83a7-f814dd4c3675.png?v=1771563343,https://www.dresslikemommy.com/products/matching-mommy-me-smocked-sundresses-vibrant-floral-and-patterned-summer-dresses,19.99,in_stock,10.00,49.97,margin_medium,500,paid_eligible,margin_medium,mommy_me,aov_medium,us_test_ready,True,True,high,set,true,summer,0-25
7227270791265,41871165784161,matching-mommy-me-smocked-sundresses-vibrant-floral-and-patterned-summer-dresses,Matching Mommy & Me Smocked Sundresses Vibrant Flor... | DLM,Child 8-9 Years / Red,3306129732012-01,3306129732012,shopify_US_7227270791265_41871165784161,shopify_US_7227270791265,INFERRED_FROM_SHOPIFY_PRODUCT_ID; exact live MC item_group_id export not present locally,dlm_7227270791265_mother_dress,dlm_style_7227270791265_matching_mommy_me_smocked_sundresses_vibrant_floral_and_patterned_summer_dresses,mother,dress,Dresses,mommy_me,NEEDS_MERCHANT_EXPORT,https://cdn.shopify.com/s/files/1/1557/1635/files/pomelli-image_4_d5439f03-b9e7-4da3-83a7-f814dd4c3675.png?v=1771563343,https://www.dresslikemommy.com/products/matching-mommy-me-smocked-sundresses-vibrant-floral-and-patterned-summer-dresses,19.99,in_stock,10.00,49.97,margin_medium,200,paid_eligible,margin_medium,mommy_me,aov_medium,us_test_ready,True,True,high,set,true,summer,0-25
7227270791265,41871165816929,matching-mommy-me-smocked-sundresses-vibrant-floral-and-patterned-summer-dresses,Matching Mommy & Me Smocked Sundresses Vibrant Flor... | DLM,Child 9-10 Years / Red,3306129732010-01,3306129732010,shopify_US_7227270791265_41871165816929,shopify_US_7227270791265,INFERRED_FROM_SHOPIFY_PRODUCT_ID; exact live MC item_group_id export not present locally,dlm_7227270791265_mother_dress,dlm_style_7227270791265_matching_mommy_me_smocked_sundresses_vibrant_floral_and_patterned_summer_dresses,mother,dress,Dresses,mommy_me,NEEDS_MERCHANT_EXPORT,https://cdn.shopify.com/s/files/1/1557/1635/files/pomelli-image_4_d5439f03-b9e7-4da3-83a7-f814dd4c3675.png?v=1771563343,https://www.dresslikemommy.com/products/matching-mommy-me-smocked-sundresses-vibrant-floral-and-patterned-summer-dresses,19.99,in_stock,10.00,49.97,margin_medium,200,paid_eligible,margin_medium,mommy_me,aov_medium,us_test_ready,True,True,high,set,true,summer,0-25
7227270791265,41871165882465,matching-mommy-me-smocked-sundresses-vibrant-floral-and-patterned-summer-dresses,Matching Mommy & Me Smocked Sundresses Vibrant Flor... | DLM,Mother L / Red,3426459172698-01,3426459172698,shopify_US_7227270791265_41871165882465,shopify_US_7227270791265,INFERRED_FROM_SHOPIFY_PRODUCT_ID; exact live MC item_group_id export not present locally,dlm_7227270791265_mother_dress,dlm_style_7227270791265_matching_mommy_me_smocked_sundresses_vibrant_floral_and_patterned_summer_dresses,mother,dress,Dresses,mommy_me,NEEDS_MERCHANT_EXPORT,https://cdn.shopify.com/s/files/1/1557/1635/files/pomelli-image_4_d5439f03-b9e7-4da3-83a7-f814dd4c3675.png?v=1771563343,https://www.dresslikemommy.com/products/matching-mommy-me-smocked-sundresses-vibrant-floral-and-patterned-summer-dresses,24.99,in_stock,12.50,49.98,margin_medium,200,paid_eligible,margin_medium,mommy_me,aov_medium,us_test_ready,True,True,high,set,true,summer,0-25
7227270791265,41871165948001,matching-mommy-me-smocked-sundresses-vibrant-floral-and-patterned-summer-dresses,Matching Mommy & Me Smocked Sundresses Vibrant Flor... | DLM,Child 1-2 Years / Blue,4844544388556-01,4844544388556,shopify_US_7227270791265_41871165948001,shopify_US_7227270791265,INFERRED_FROM_SHOPIFY_PRODUCT_ID; exact live MC item_group_id export not present locally,dlm_7227270791265_mother_dress,dlm_style_7227270791265_matching_mommy_me_smocked_sundresses_vibrant_floral_and_patterned_summer_dresses,mother,dress,Dresses,mommy_me,NEEDS_MERCHANT_EXPORT,https://cdn.shopify.com/s/files/1/1557/1635/files/pomelli-image_4_d5439f03-b9e7-4da3-83a7-f814dd4c3675.png?v=1771563343,https://www.dresslikemommy.com/products/matching-mommy-me-smocked-sundresses-vibrant-floral-and-patterned-summer-dresses,19.99,in_stock,10.00,49.97,margin_medium,500,paid_eligible,margin_medium,mommy_me,aov_medium,us_test_ready,True,True,high,set,true,summer,0-25
7227270791265,41871165980769,matching-mommy-me-smocked-sundresses-vibrant-floral-and-patterned-summer-dresses,Matching Mommy & Me Smocked Sundresses Vibrant Flor... | DLM,Child 2-3 Years / Blue,3470581231979-01,3470581231979,shopify_US_7227270791265_41871165980769,shopify_US_7227270791265,INFERRED_FROM_SHOPIFY_PRODUCT_ID; exact live MC item_group_id export not present locally,dlm_7227270791265_mother_dress,dlm_style_7227270791265_matching_mommy_me_smocked_sundresses_vibrant_floral_and_patterned_summer_dresses,mother,dress,Dresses,mommy_me,NEEDS_MERCHANT_EXPORT,https://cdn.shopify.com/s/files/1/1557/1635/files/pomelli-image_4_d5439f03-b9e7-4da3-83a7-f814dd4c3675.png?v=1771563343,https://www.dresslikemommy.com/products/matching-mommy-me-smocked-sundresses-vibrant-floral-and-patterned-summer-dresses,19.99,in_stock,10.00,49.97,margin_medium,200,paid_eligible,margin_medium,mommy_me,aov_medium,us_test_ready,True,True,high,set,true,summer,0-25
7227270791265,41871166046305,matching-mommy-me-smocked-sundresses-vibrant-floral-and-patterned-summer-dresses,Matching Mommy & Me Smocked Sundresses Vibrant Flor... | DLM,Child 6-7 Years / Blue,3470581231976-01,3470581231976,shopify_US_7227270791265_41871166046305,shopify_US_7227270791265,INFERRED_FROM_SHOPIFY_PRODUCT_ID; exact live MC item_group_id export not present locally,dlm_7227270791265_mother_dress,dlm_style_7227270791265_matching_mommy_me_smocked_sundresses_vibrant_floral_and_patterned_summer_dresses,mother,dress,Dresses,mommy_me,NEEDS_MERCHANT_EXPORT,https://cdn.shopify.com/s/files/1/1557/1635/files/pomelli-image_4_d5439f03-b9e7-4da3-83a7-f814dd4c3675.png?v=1771563343,https://www.dresslikemommy.com/products/matching-mommy-me-smocked-sundresses-vibrant-floral-and-patterned-summer-dresses,19.99,in_stock,10.00,49.97,margin_medium,200,paid_eligible,margin_medium,mommy_me,aov_medium,us_test_ready,True,True,high,set,true,summer,0-25
7227270791265,41871166177377,matching-mommy-me-smocked-sundresses-vibrant-floral-and-patterned-summer-dresses,Matching Mommy & Me Smocked Sundresses Vibrant Flor... | DLM,Mother L / Blue,3426459172682-01,3426459172682,shopify_US_7227270791265_41871166177377,shopify_US_7227270791265,INFERRED_FROM_SHOPIFY_PRODUCT_ID; exact live MC item_group_id export not present locally,dlm_7227270791265_mother_dress,dlm_style_7227270791265_matching_mommy_me_smocked_sundresses_vibrant_floral_and_patterned_summer_dresses,mother,dress,Dresses,mommy_me,NEEDS_MERCHANT_EXPORT,https://cdn.shopify.com/s/files/1/1557/1635/files/pomelli-image_4_d5439f03-b9e7-4da3-83a7-f814dd4c3675.png?v=1771563343,https://www.dresslikemommy.com/products/matching-mommy-me-smocked-sundresses-vibrant-floral-and-patterned-summer-dresses,24.99,in_stock,12.50,49.98,margin_medium,200,paid_eligible,margin_medium,mommy_me,aov_medium,us_test_ready,True,True,high,set,true,summer,0-25
7227270791265,41871166210145,matching-mommy-me-smocked-sundresses-vibrant-floral-and-patterned-summer-dresses,Matching Mommy & Me Smocked Sundresses Vibrant Flor... | DLM,Mother XL / Blue,3426459172681-01,3426459172681,shopify_US_7227270791265_41871166210145,shopify_US_7227270791265,INFERRED_FROM_SHOPIFY_PRODUCT_ID; exact live MC item_group_id export not present locally,dlm_7227270791265_mother_dress,dlm_style_7227270791265_matching_mommy_me_smocked_sundresses_vibrant_floral_and_patterned_summer_dresses,mother,dress,Dresses,mommy_me,NEEDS_MERCHANT_EXPORT,https://cdn.shopify.com/s/files/1/1557/1635/files/pomelli-image_4_d5439f03-b9e7-4da3-83a7-f814dd4c3675.png?v=1771563343,https://www.dresslikemommy.com/products/matching-mommy-me-smocked-sundresses-vibrant-floral-and-patterned-summer-dresses,24.99,in_stock,12.50,49.98,margin_medium,200,paid_eligible,margin_medium,mommy_me,aov_medium,us_test_ready,True,True,high,set,true,summer,0-25
7227270791265,41871166242913,matching-mommy-me-smocked-sundresses-vibrant-floral-and-patterned-summer-dresses,Matching Mommy & Me Smocked Sundresses Vibrant Flor... | DLM,Child 1-2 Years / Pink,4844544388567-01,4844544388567,shopify_US_7227270791265_41871166242913,shopify_US_7227270791265,INFERRED_FROM_SHOPIFY_PRODUCT_ID; exact live MC item_group_id export not present locally,dlm_7227270791265_mother_dress,dlm_style_7227270791265_matching_mommy_me_smocked_sundresses_vibrant_floral_and_patterned_summer_dresses,mother,dress,Dresses,mommy_me,NEEDS_MERCHANT_EXPORT,https://cdn.shopify.com/s/files/1/1557/1635/files/pomelli-image_4_d5439f03-b9e7-4da3-83a7-f814dd4c3675.png?v=1771563343,https://www.dresslikemommy.com/products/matching-mommy-me-smocked-sundresses-vibrant-floral-and-patterned-summer-dresses,19.99,in_stock,10.00,49.97,margin_medium,500,paid_eligible,margin_medium,mommy_me,aov_medium,us_test_ready,True,True,high,set,true,summer,0-25
7227270791265,41871166308449,matching-mommy-me-smocked-sundresses-vibrant-floral-and-patterned-summer-dresses,Matching Mommy & Me Smocked Sundresses Vibrant Flor... | DLM,Child 4 -5 Years / Pink,3470581231980-01,3470581231980,shopify_US_7227270791265_41871166308449,shopify_US_7227270791265,INFERRED_FROM_SHOPIFY_PRODUCT_ID; exact live MC item_group_id export not present locally,dlm_7227270791265_mother_dress,dlm_style_7227270791265_matching_mommy_me_smocked_sundresses_vibrant_floral_and_patterned_summer_dresses,mother,dress,Dresses,mommy_me,NEEDS_MERCHANT_EXPORT,https://cdn.shopify.com/s/files/1/1557/1635/files/pomelli-image_4_d5439f03-b9e7-4da3-83a7-f814dd4c3675.png?v=1771563343,https://www.dresslikemommy.com/products/matching-mommy-me-smocked-sundresses-vibrant-floral-and-patterned-summer-dresses,19.99,in_stock,10.00,49.97,margin_medium,200,paid_eligible,margin_medium,mommy_me,aov_medium,us_test_ready,True,True,high,set,true,summer,0-25
7227270791265,41871166341217,matching-mommy-me-smocked-sundresses-vibrant-floral-and-patterned-summer-dresses,Matching Mommy & Me Smocked Sundresses Vibrant Flor... | DLM,Child 6-7 Years / Pink,3470581231983-01,3470581231983,shopify_US_7227270791265_41871166341217,shopify_US_7227270791265,INFERRED_FROM_SHOPIFY_PRODUCT_ID; exact live MC item_group_id export not present locally,dlm_7227270791265_mother_dress,dlm_style_7227270791265_matching_mommy_me_smocked_sundresses_vibrant_floral_and_patterned_summer_dresses,mother,dress,Dresses,mommy_me,NEEDS_MERCHANT_EXPORT,https://cdn.shopify.com/s/files/1/1557/1635/files/pomelli-image_4_d5439f03-b9e7-4da3-83a7-f814dd4c3675.png?v=1771563343,https://www.dresslikemommy.com/products/matching-mommy-me-smocked-sundresses-vibrant-floral-and-patterned-summer-dresses,19.99,in_stock,10.00,49.97,margin_medium,200,paid_eligible,margin_medium,mommy_me,aov_medium,us_test_ready,True,True,high,set,true,summer,0-25
7227270791265,41871166406753,matching-mommy-me-smocked-sundresses-vibrant-floral-and-patterned-summer-dresses,Matching Mommy & Me Smocked Sundresses Vibrant Flor... | DLM,Child 9-10 Years / Pink,3470581231982-01,3470581231982,shopify_US_7227270791265_41871166406753,shopify_US_7227270791265,INFERRED_FROM_SHOPIFY_PRODUCT_ID; exact live MC item_group_id export not present locally,dlm_7227270791265_mother_dress,dlm_style_7227270791265_matching_mommy_me_smocked_sundresses_vibrant_floral_and_patterned_summer_dresses,mother,dress,Dresses,mommy_me,NEEDS_MERCHANT_EXPORT,https://cdn.shopify.com/s/files/1/1557/1635/files/pomelli-image_4_d5439f03-b9e7-4da3-83a7-f814dd4c3675.png?v=1771563343,https://www.dresslikemommy.com/products/matching-mommy-me-smocked-sundresses-vibrant-floral-and-patterned-summer-dresses,19.99,in_stock,10.00,49.97,margin_medium,200,paid_eligible,margin_medium,mommy_me,aov_medium,us_test_ready,True,True,high,set,true,summer,0-25
7227270791265,41871166537825,matching-mommy-me-smocked-sundresses-vibrant-floral-and-patterned-summer-dresses,Matching Mommy & Me Smocked Sundresses Vibrant Flor... | DLM,Mother XL / Pink,3426459172685-01,3426459172685,shopify_US_7227270791265_41871166537825,shopify_US_7227270791265,INFERRED_FROM_SHOPIFY_PRODUCT_ID; exact live MC item_group_id export not present locally,dlm_7227270791265_mother_dress,dlm_style_7227270791265_matching_mommy_me_smocked_sundresses_vibrant_floral_and_patterned_summer_dresses,mother,dress,Dresses,mommy_me,NEEDS_MERCHANT_EXPORT,https://cdn.shopify.com/s/files/1/1557/1635/files/pomelli-image_4_d5439f03-b9e7-4da3-83a7-f814dd4c3675.png?v=1771563343,https://www.dresslikemommy.com/products/matching-mommy-me-smocked-sundresses-vibrant-floral-and-patterned-summer-dresses,24.99,in_stock,12.50,49.98,margin_medium,200,paid_eligible,margin_medium,mommy_me,aov_medium,us_test_ready,True,True,high,set,true,summer,0-25
7227270299745,41871161294945,matching-mommy-me-sunflower-maxi-dresses-sleeveless-floral-print-summer-dress,Matching Mommy & Me Sunflower Maxi Dresses Sleevele... | DLM,Child 3-4 Years / white,5023477202124-01,5023477202124,shopify_US_7227270299745_41871161294945,shopify_US_7227270299745,INFERRED_FROM_SHOPIFY_PRODUCT_ID; exact live MC item_group_id export not present locally,dlm_7227270299745_mother_dress,dlm_style_7227270299745_matching_mommy_me_sunflower_maxi_dresses_sleeveless_floral_print_summer_dress,mother,dress,Dresses,mommy_me,NEEDS_MERCHANT_EXPORT,https://cdn.shopify.com/s/files/1/1557/1635/files/pomelli-image_10_ffbceeb7-ac55-4fa2-a8fe-9bbd6269839e.png?v=1771563904,https://www.dresslikemommy.com/products/matching-mommy-me-sunflower-maxi-dresses-sleeveless-floral-print-summer-dress,19.99,in_stock,10.00,49.97,margin_medium,3588,paid_eligible,margin_medium,mommy_me,aov_medium,us_test_ready,True,True,high,set,true,summer,0-25
7227270299745,41871161360481,matching-mommy-me-sunflower-maxi-dresses-sleeveless-floral-print-summer-dress,Matching Mommy & Me Sunflower Maxi Dresses Sleevele... | DLM,Child 5-6 Years / white,5023477202126-01,5023477202126,shopify_US_7227270299745_41871161360481,shopify_US_7227270299745,INFERRED_FROM_SHOPIFY_PRODUCT_ID; exact live MC item_group_id export not present locally,dlm_7227270299745_mother_dress,dlm_style_7227270299745_matching_mommy_me_sunflower_maxi_dresses_sleeveless_floral_print_summer_dress,mother,dress,Dresses,mommy_me,NEEDS_MERCHANT_EXPORT,https://cdn.shopify.com/s/files/1/1557/1635/files/pomelli-image_10_ffbceeb7-ac55-4fa2-a8fe-9bbd6269839e.png?v=1771563904,https://www.dresslikemommy.com/products/matching-mommy-me-sunflower-maxi-dresses-sleeveless-floral-print-summer-dress,19.99,in_stock,10.00,49.97,margin_medium,4155,paid_eligible,margin_medium,mommy_me,aov_medium,us_test_ready,True,True,high,set,true,summer,0-25
7227270299745,41871161393249,matching-mommy-me-sunflower-maxi-dresses-sleeveless-floral-print-summer-dress,Matching Mommy & Me Sunflower Maxi Dresses Sleevele... | DLM,Child 6-7 Years / white,5023477202127-01,5023477202127,shopify_US_7227270299745_41871161393249,shopify_US_7227270299745,INFERRED_FROM_SHOPIFY_PRODUCT_ID; exact live MC item_group_id export not present locally,dlm_7227270299745_mother_dress,dlm_style_7227270299745_matching_mommy_me_sunflower_maxi_dresses_sleeveless_floral_print_summer_dress,mother,dress,Dresses,mommy_me,NEEDS_MERCHANT_EXPORT,https://cdn.shopify.com/s/files/1/1557/1635/files/pomelli-image_10_ffbceeb7-ac55-4fa2-a8fe-9bbd6269839e.png?v=1771563904,https://www.dresslikemommy.com/products/matching-mommy-me-sunflower-maxi-dresses-sleeveless-floral-print-summer-dress,19.99,in_stock,10.00,49.97,margin_medium,4509,paid_eligible,margin_medium,mommy_me,aov_medium,us_test_ready,True,True,high,set,true,summer,0-25
7227270299745,41871161458785,matching-mommy-me-sunflower-maxi-dresses-sleeveless-floral-print-summer-dress,Matching Mommy & Me Sunflower Maxi Dresses Sleevele... | DLM,Child 8-9 Years / white,5023477202129-01,5023477202129,shopify_US_7227270299745_41871161458785,shopify_US_7227270299745,INFERRED_FROM_SHOPIFY_PRODUCT_ID; exact live MC item_group_id export not present locally,dlm_7227270299745_mother_dress,dlm_style_7227270299745_matching_mommy_me_sunflower_maxi_dresses_sleeveless_floral_print_summer_dress,mother,dress,Dresses,mommy_me,NEEDS_MERCHANT_EXPORT,https://cdn.shopify.com/s/files/1/1557/1635/files/pomelli-image_10_ffbceeb7-ac55-4fa2-a8fe-9bbd6269839e.png?v=1771563904,https://www.dresslikemommy.com/products/matching-mommy-me-sunflower-maxi-dresses-sleeveless-floral-print-summer-dress,19.99,in_stock,10.00,49.97,margin_medium,4589,paid_eligible,margin_medium,mommy_me,aov_medium,us_test_ready,True,True,high,set,true,summer,0-25
7227270299745,41871161524321,matching-mommy-me-sunflower-maxi-dresses-sleeveless-floral-print-summer-dress,Matching Mommy & Me Sunflower Maxi Dresses Sleevele... | DLM,Mother M / white,5023477202131-01,5023477202131,shopify_US_7227270299745_41871161524321,shopify_US_7227270299745,INFERRED_FROM_SHOPIFY_PRODUCT_ID; exact live MC item_group_id export not present locally,dlm_7227270299745_mother_dress,dlm_style_7227270299745_matching_mommy_me_sunflower_maxi_dresses_sleeveless_floral_print_summer_dress,mother,dress,Dresses,mommy_me,NEEDS_MERCHANT_EXPORT,https://cdn.shopify.com/s/files/1/1557/1635/files/pomelli-image_10_ffbceeb7-ac55-4fa2-a8fe-9bbd6269839e.png?v=1771563904,https://www.dresslikemommy.com/products/matching-mommy-me-sunflower-maxi-dresses-sleeveless-floral-print-summer-dress,27.99,in_stock,14.00,49.98,margin_medium,4039,paid_eligible,margin_medium,mommy_me,aov_medium,us_test_ready,True,True,high,set,true,summer,0-25
7227270299745,41871161786465,matching-mommy-me-sunflower-maxi-dresses-sleeveless-floral-print-summer-dress,Matching Mommy & Me Sunflower Maxi Dresses Sleevele... | DLM,Child 6-7 Years / black,5023477202140-01,5023477202140,shopify_US_7227270299745_41871161786465,shopify_US_7227270299745,INFERRED_FROM_SHOPIFY_PRODUCT_ID; exact live MC item_group_id export not present locally,dlm_7227270299745_mother_dress,dlm_style_7227270299745_matching_mommy_me_sunflower_maxi_dresses_sleeveless_floral_print_summer_dress,mother,dress,Dresses,mommy_me,NEEDS_MERCHANT_EXPORT,https://cdn.shopify.com/s/files/1/1557/1635/files/pomelli-image_10_ffbceeb7-ac55-4fa2-a8fe-9bbd6269839e.png?v=1771563904,https://www.dresslikemommy.com/products/matching-mommy-me-sunflower-maxi-dresses-sleeveless-floral-print-summer-dress,19.99,in_stock,10.00,49.97,margin_medium,4431,paid_eligible,margin_medium,mommy_me,aov_medium,us_test_ready,True,True,high,set,true,summer,0-25
7227270299745,41871161819233,matching-mommy-me-sunflower-maxi-dresses-sleeveless-floral-print-summer-dress,Matching Mommy & Me Sunflower Maxi Dresses Sleevele... | DLM,Child 7-8 Years / black,5023477202141-01,5023477202141,shopify_US_7227270299745_41871161819233,shopify_US_7227270299745,INFERRED_FROM_SHOPIFY_PRODUCT_ID; exact live MC item_group_id export not present locally,dlm_7227270299745_mother_dress,dlm_style_7227270299745_matching_mommy_me_sunflower_maxi_dresses_sleeveless_floral_print_summer_dress,mother,dress,Dresses,mommy_me,NEEDS_MERCHANT_EXPORT,https://cdn.shopify.com/s/files/1/1557/1635/files/pomelli-image_10_ffbceeb7-ac55-4fa2-a8fe-9bbd6269839e.png?v=1771563904,https://www.dresslikemommy.com/products/matching-mommy-me-sunflower-maxi-dresses-sleeveless-floral-print-summer-dress,19.99,in_stock,10.00,49.97,margin_medium,4030,paid_eligible,margin_medium,mommy_me,aov_medium,us_test_ready,True,True,high,set,true,summer,0-25
7227270299745,41871161852001,matching-mommy-me-sunflower-maxi-dresses-sleeveless-floral-print-summer-dress,Matching Mommy & Me Sunflower Maxi Dresses Sleevele... | DLM,Child 8-9 Years / black,5023477202142-01,5023477202142,shopify_US_7227270299745_41871161852001,shopify_US_7227270299745,INFERRED_FROM_SHOPIFY_PRODUCT_ID; exact live MC item_group_id export not present locally,dlm_7227270299745_mother_dress,dlm_style_7227270299745_matching_mommy_me_sunflower_maxi_dresses_sleeveless_floral_print_summer_dress,mother,dress,Dresses,mommy_me,NEEDS_MERCHANT_EXPORT,https://cdn.shopify.com/s/files/1/1557/1635/files/pomelli-image_10_ffbceeb7-ac55-4fa2-a8fe-9bbd6269839e.png?v=1771563904,https://www.dresslikemommy.com/products/matching-mommy-me-sunflower-maxi-dresses-sleeveless-floral-print-summer-dress,19.99,in_stock,10.00,49.97,margin_medium,4420,paid_eligible,margin_medium,mommy_me,aov_medium,us_test_ready,True,True,high,set,true,summer,0-25
7227270299745,41871161884769,matching-mommy-me-sunflower-maxi-dresses-sleeveless-floral-print-summer-dress,Matching Mommy & Me Sunflower Maxi Dresses Sleevele... | DLM,Mother S / black,5023477202143-01,5023477202143,shopify_US_7227270299745_41871161884769,shopify_US_7227270299745,INFERRED_FROM_SHOPIFY_PRODUCT_ID; exact live MC item_group_id export not present locally,dlm_7227270299745_mother_dress,dlm_style_7227270299745_matching_mommy_me_sunflower_maxi_dresses_sleeveless_floral_print_summer_dress,mother,dress,Dresses,mommy_me,NEEDS_MERCHANT_EXPORT,https://cdn.shopify.com/s/files/1/1557/1635/files/pomelli-image_10_ffbceeb7-ac55-4fa2-a8fe-9bbd6269839e.png?v=1771563904,https://www.dresslikemommy.com/products/matching-mommy-me-sunflower-maxi-dresses-sleeveless-floral-print-summer-dress,27.99,in_stock,14.00,49.98,margin_medium,3940,paid_eligible,margin_medium,mommy_me,aov_medium,us_test_ready,True,True,high,set,true,summer,0-25
7227270299745,41871161917537,matching-mommy-me-sunflower-maxi-dresses-sleeveless-floral-print-summer-dress,Matching Mommy & Me Sunflower Maxi Dresses Sleevele... | DLM,Mother M / black,5023477202144-01,5023477202144,shopify_US_7227270299745_41871161917537,shopify_US_7227270299745,INFERRED_FROM_SHOPIFY_PRODUCT_ID; exact live MC item_group_id export not present locally,dlm_7227270299745_mother_dress,dlm_style_7227270299745_matching_mommy_me_sunflower_maxi_dresses_sleeveless_floral_print_summer_dress,mother,dress,Dresses,mommy_me,NEEDS_MERCHANT_EXPORT,https://cdn.shopify.com/s/files/1/1557/1635/files/pomelli-image_10_ffbceeb7-ac55-4fa2-a8fe-9bbd6269839e.png?v=1771563904,https://www.dresslikemommy.com/products/matching-mommy-me-sunflower-maxi-dresses-sleeveless-floral-print-summer-dress,27.99,in_stock,14.00,49.98,margin_medium,3872,paid_eligible,margin_medium,mommy_me,aov_medium,us_test_ready,True,True,high,set,true,summer,0-25
7227270299745,41871162015841,matching-mommy-me-sunflower-maxi-dresses-sleeveless-floral-print-summer-dress,Matching Mommy & Me Sunflower Maxi Dresses Sleevele... | DLM,Mother 2XL / black,5023477202147-01,5023477202147,shopify_US_7227270299745_41871162015841,shopify_US_7227270299745,INFERRED_FROM_SHOPIFY_PRODUCT_ID; exact live MC item_group_id export not present locally,dlm_7227270299745_mother_dress,dlm_style_7227270299745_matching_mommy_me_sunflower_maxi_dresses_sleeveless_floral_print_summer_dress,mother,dress,Dresses,mommy_me,NEEDS_MERCHANT_EXPORT,https://cdn.shopify.com/s/files/1/1557/1635/files/pomelli-image_10_ffbceeb7-ac55-4fa2-a8fe-9bbd6269839e.png?v=1771563904,https://www.dresslikemommy.com/products/matching-mommy-me-sunflower-maxi-dresses-sleeveless-floral-print-summer-dress,27.99,in_stock,14.00,49.98,margin_medium,4282,paid_eligible,margin_medium,mommy_me,aov_medium,us_test_ready,True,True,high,set,true,summer,0-25
7227434958945,41871763701857,matching-mother-and-daughter-heart-knit-cardigans-cream-and-black-sweaters-for-mommy-me,Matching Mother and Daughter Heart Knit Cardigans C... | DLM,Baby 1-2 Years / Beige,5260557579033-01,5260557579033,shopify_US_7227434958945_41871763701857,shopify_US_7227434958945,INFERRED_FROM_SHOPIFY_PRODUCT_ID; exact live MC item_group_id export not present locally,dlm_7227434958945_mother_sweaters,dlm_style_7227434958945_matching_mother_and_daughter_heart_knit_cardigans_cream_and_black_sweaters_for_mommy_me,mother,sweaters,Sweaters,mommy_me,NEEDS_MERCHANT_EXPORT,https://cdn.shopify.com/s/files/1/1557/1635/files/pomelli-image_38_f5f8fa8b-4db9-4f41-9a60-1b81124393e3.png?v=1772134893,https://www.dresslikemommy.com/products/matching-mother-and-daughter-heart-knit-cardigans-cream-and-black-sweaters-for-mommy-me,25.60,in_stock,12.80,50.00,margin_medium,120,paid_eligible,margin_medium,mommy_me,aov_medium,us_test_ready,True,True,high,set,true,year-round,0-25
7227434958945,41871763767393,matching-mother-and-daughter-heart-knit-cardigans-cream-and-black-sweaters-for-mommy-me,Matching Mother and Daughter Heart Knit Cardigans C... | DLM,Child 3-4 Years / Beige,5260557579035-01,5260557579035,shopify_US_7227434958945_41871763767393,shopify_US_7227434958945,INFERRED_FROM_SHOPIFY_PRODUCT_ID; exact live MC item_group_id export not present locally,dlm_7227434958945_mother_sweaters,dlm_style_7227434958945_matching_mother_and_daughter_heart_knit_cardigans_cream_and_black_sweaters_for_mommy_me,mother,sweaters,Sweaters,mommy_me,NEEDS_MERCHANT_EXPORT,https://cdn.shopify.com/s/files/1/1557/1635/files/pomelli-image_38_f5f8fa8b-4db9-4f41-9a60-1b81124393e3.png?v=1772134893,https://www.dresslikemommy.com/products/matching-mother-and-daughter-heart-knit-cardigans-cream-and-black-sweaters-for-mommy-me,24.99,in_stock,12.50,49.98,margin_medium,111,paid_eligible,margin_medium,mommy_me,aov_medium,us_test_ready,True,True,high,set,true,year-round,0-25
7227434958945,41871763800161,matching-mother-and-daughter-heart-knit-cardigans-cream-and-black-sweaters-for-mommy-me,Matching Mother and Daughter Heart Knit Cardigans C... | DLM,Child 4-5 Years / Beige,5260557579036-01,5260557579036,shopify_US_7227434958945_41871763800161,shopify_US_7227434958945,INFERRED_FROM_SHOPIFY_PRODUCT_ID; exact live MC item_group_id export not present locally,dlm_7227434958945_mother_sweaters,dlm_style_7227434958945_matching_mother_and_daughter_heart_knit_cardigans_cream_and_black_sweaters_for_mommy_me,mother,sweaters,Sweaters,mommy_me,NEEDS_MERCHANT_EXPORT,https://cdn.shopify.com/s/files/1/1557/1635/files/pomelli-image_38_f5f8fa8b-4db9-4f41-9a60-1b81124393e3.png?v=1772134893,https://www.dresslikemommy.com/products/matching-mother-and-daughter-heart-knit-cardigans-cream-and-black-sweaters-for-mommy-me,24.99,in_stock,12.50,49.98,margin_medium,125,paid_eligible,margin_medium,mommy_me,aov_medium,us_test_ready,True,True,high,set,true,year-round,0-25
7227434958945,41871763832929,matching-mother-and-daughter-heart-knit-cardigans-cream-and-black-sweaters-for-mommy-me,Matching Mother and Daughter Heart Knit Cardigans C... | DLM,Child 5-6 Years / Beige,5260557579037-01,5260557579037,shopify_US_7227434958945_41871763832929,shopify_US_7227434958945,INFERRED_FROM_SHOPIFY_PRODUCT_ID; exact live MC item_group_id export not present locally,dlm_7227434958945_mother_sweaters,dlm_style_7227434958945_matching_mother_and_daughter_heart_knit_cardigans_cream_and_black_sweaters_for_mommy_me,mother,sweaters,Sweaters,mommy_me,NEEDS_MERCHANT_EXPORT,https://cdn.shopify.com/s/files/1/1557/1635/files/pomelli-image_38_f5f8fa8b-4db9-4f41-9a60-1b81124393e3.png?v=1772134893,https://www.dresslikemommy.com/products/matching-mother-and-daughter-heart-knit-cardigans-cream-and-black-sweaters-for-mommy-me,24.99,in_stock,12.50,49.98,margin_medium,124,paid_eligible,margin_medium,mommy_me,aov_medium,us_test_ready,True,True,high,set,true,year-round,0-25
7227434958945,41871763865697,matching-mother-and-daughter-heart-knit-cardigans-cream-and-black-sweaters-for-mommy-me,Matching Mother and Daughter Heart Knit Cardigans C... | DLM,Child 6-7 Years / Beige,5260557579038-01,5260557579038,shopify_US_7227434958945_41871763865697,shopify_US_7227434958945,INFERRED_FROM_SHOPIFY_PRODUCT_ID; exact live MC item_group_id export not present locally,dlm_7227434958945_mother_sweaters,dlm_style_7227434958945_matching_mother_and_daughter_heart_knit_cardigans_cream_and_black_sweaters_for_mommy_me,mother,sweaters,Sweaters,mommy_me,NEEDS_MERCHANT_EXPORT,https://cdn.shopify.com/s/files/1/1557/1635/files/pomelli-image_38_f5f8fa8b-4db9-4f41-9a60-1b81124393e3.png?v=1772134893,https://www.dresslikemommy.com/products/matching-mother-and-daughter-heart-knit-cardigans-cream-and-black-sweaters-for-mommy-me,24.99,in_stock,12.50,49.98,margin_medium,129,paid_eligible,margin_medium,mommy_me,aov_medium,us_test_ready,True,True,high,set,true,year-round,0-25
7227434958945,41871763931233,matching-mother-and-daughter-heart-knit-cardigans-cream-and-black-sweaters-for-mommy-me,Matching Mother and Daughter Heart Knit Cardigans C... | DLM,Child 8-9 Years / Beige,5260557579040-01,5260557579040,shopify_US_7227434958945_41871763931233,shopify_US_7227434958945,INFERRED_FROM_SHOPIFY_PRODUCT_ID; exact live MC item_group_id export not present locally,dlm_7227434958945_mother_sweaters,dlm_style_7227434958945_matching_mother_and_daughter_heart_knit_cardigans_cream_and_black_sweaters_for_mommy_me,mother,sweaters,Sweaters,mommy_me,NEEDS_MERCHANT_EXPORT,https://cdn.shopify.com/s/files/1/1557/1635/files/pomelli-image_38_f5f8fa8b-4db9-4f41-9a60-1b81124393e3.png?v=1772134893,https://www.dresslikemommy.com/products/matching-mother-and-daughter-heart-knit-cardigans-cream-and-black-sweaters-for-mommy-me,24.99,in_stock,12.50,49.98,margin_medium,131,paid_eligible,margin_medium,mommy_me,aov_medium,us_test_ready,True,True,high,set,true,year-round,0-25
7227434958945,41871763964001,matching-mother-and-daughter-heart-knit-cardigans-cream-and-black-sweaters-for-mommy-me,Matching Mother and Daughter Heart Knit Cardigans C... | DLM,Mother S / Beige,5260557579041-01,5260557579041,shopify_US_7227434958945_41871763964001,shopify_US_7227434958945,INFERRED_FROM_SHOPIFY_PRODUCT_ID; exact live MC item_group_id export not present locally,dlm_7227434958945_mother_sweaters,dlm_style_7227434958945_matching_mother_and_daughter_heart_knit_cardigans_cream_and_black_sweaters_for_mommy_me,mother,sweaters,Sweaters,mommy_me,NEEDS_MERCHANT_EXPORT,https://cdn.shopify.com/s/files/1/1557/1635/files/pomelli-image_38_f5f8fa8b-4db9-4f41-9a60-1b81124393e3.png?v=1772134893,https://www.dresslikemommy.com/products/matching-mother-and-daughter-heart-knit-cardigans-cream-and-black-sweaters-for-mommy-me,32.99,in_stock,16.50,49.98,margin_medium,118,paid_eligible,margin_medium,mommy_me,aov_medium,us_test_ready,True,True,high,set,true,year-round,0-25
7227434958945,41871764029537,matching-mother-and-daughter-heart-knit-cardigans-cream-and-black-sweaters-for-mommy-me,Matching Mother and Daughter Heart Knit Cardigans C... | DLM,Mother L / Beige,5164832837049-01,5164832837049,shopify_US_7227434958945_41871764029537,shopify_US_7227434958945,INFERRED_FROM_SHOPIFY_PRODUCT_ID; exact live MC item_group_id export not present locally,dlm_7227434958945_mother_sweaters,dlm_style_7227434958945_matching_mother_and_daughter_heart_knit_cardigans_cream_and_black_sweaters_for_mommy_me,mother,sweaters,Sweaters,mommy_me,NEEDS_MERCHANT_EXPORT,https://cdn.shopify.com/s/files/1/1557/1635/files/pomelli-image_38_f5f8fa8b-4db9-4f41-9a60-1b81124393e3.png?v=1772134893,https://www.dresslikemommy.com/products/matching-mother-and-daughter-heart-knit-cardigans-cream-and-black-sweaters-for-mommy-me,32.99,in_stock,16.50,49.98,margin_medium,113,paid_eligible,margin_medium,mommy_me,aov_medium,us_test_ready,True,True,high,set,true,year-round,0-25
7227252670561,41871110242401,mommy-and-me-matching-pink-sleeveless-summer-dress-elegant-sundress-for-mother-daughter,Matching Pink Sleeveless Summer Dress Elegant Sundr... | DLM,Child 2 Years / Pink,5457699851665-01,5457699851665,shopify_US_7227252670561_41871110242401,shopify_US_7227252670561,INFERRED_FROM_SHOPIFY_PRODUCT_ID; exact live MC item_group_id export not present locally,dlm_7227252670561_child_dress,dlm_style_7227252670561_mommy_and_me_matching_pink_sleeveless_summer_dress_elegant_sundress_for_mother_daughter,child,dress,Dresses,mommy_me,NEEDS_MERCHANT_EXPORT,https://cdn.shopify.com/s/files/1/1557/1635/files/pomelli-image_54_52c4c360-195c-441f-acd2-8008a5609300.png?v=1771843132,https://www.dresslikemommy.com/products/mommy-and-me-matching-pink-sleeveless-summer-dress-elegant-sundress-for-mother-daughter,19.99,in_stock,10.00,49.97,margin_medium,504,paid_eligible,margin_medium,mommy_me,aov_medium,us_test_ready,True,True,high,set,true,summer,0-25
7227252670561,41871110275169,mommy-and-me-matching-pink-sleeveless-summer-dress-elegant-sundress-for-mother-daughter,Matching Pink Sleeveless Summer Dress Elegant Sundr... | DLM,Child 3-4 Years / Pink,5457699851666-01,5457699851666,shopify_US_7227252670561_41871110275169,shopify_US_7227252670561,INFERRED_FROM_SHOPIFY_PRODUCT_ID; exact live MC item_group_id export not present locally,dlm_7227252670561_child_dress,dlm_style_7227252670561_mommy_and_me_matching_pink_sleeveless_summer_dress_elegant_sundress_for_mother_daughter,child,dress,Dresses,mommy_me,NEEDS_MERCHANT_EXPORT,https://cdn.shopify.com/s/files/1/1557/1635/files/pomelli-image_54_52c4c360-195c-441f-acd2-8008a5609300.png?v=1771843132,https://www.dresslikemommy.com/products/mommy-and-me-matching-pink-sleeveless-summer-dress-elegant-sundress-for-mother-daughter,19.99,in_stock,10.00,49.97,margin_medium,422,paid_eligible,margin_medium,mommy_me,aov_medium,us_test_ready,True,True,high,set,true,summer,0-25
7227252670561,41871110307937,mommy-and-me-matching-pink-sleeveless-summer-dress-elegant-sundress-for-mother-daughter,Matching Pink Sleeveless Summer Dress Elegant Sundr... | DLM,Child 5-6 Years / Pink,5457699851668-01,5457699851668,shopify_US_7227252670561_41871110307937,shopify_US_7227252670561,INFERRED_FROM_SHOPIFY_PRODUCT_ID; exact live MC item_group_id export not present locally,dlm_7227252670561_child_dress,dlm_style_7227252670561_mommy_and_me_matching_pink_sleeveless_summer_dress_elegant_sundress_for_mother_daughter,child,dress,Dresses,mommy_me,NEEDS_MERCHANT_EXPORT,https://cdn.shopify.com/s/files/1/1557/1635/files/pomelli-image_54_52c4c360-195c-441f-acd2-8008a5609300.png?v=1771843132,https://www.dresslikemommy.com/products/mommy-and-me-matching-pink-sleeveless-summer-dress-elegant-sundress-for-mother-daughter,19.99,in_stock,10.00,49.97,margin_medium,309,paid_eligible,margin_medium,mommy_me,aov_medium,us_test_ready,True,True,high,set,true,summer,0-25
7227252670561,41871110340705,mommy-and-me-matching-pink-sleeveless-summer-dress-elegant-sundress-for-mother-daughter,Matching Pink Sleeveless Summer Dress Elegant Sundr... | DLM,Child 7-8 Years / Pink,5457699851672-01,5457699851672,shopify_US_7227252670561_41871110340705,shopify_US_7227252670561,INFERRED_FROM_SHOPIFY_PRODUCT_ID; exact live MC item_group_id export not present locally,dlm_7227252670561_child_dress,dlm_style_7227252670561_mommy_and_me_matching_pink_sleeveless_summer_dress_elegant_sundress_for_mother_daughter,child,dress,Dresses,mommy_me,NEEDS_MERCHANT_EXPORT,https://cdn.shopify.com/s/files/1/1557/1635/files/pomelli-image_54_52c4c360-195c-441f-acd2-8008a5609300.png?v=1771843132,https://www.dresslikemommy.com/products/mommy-and-me-matching-pink-sleeveless-summer-dress-elegant-sundress-for-mother-daughter,19.99,in_stock,10.00,49.97,margin_medium,297,paid_eligible,margin_medium,mommy_me,aov_medium,us_test_ready,True,True,high,set,true,summer,0-25
7227252670561,41871110373473,mommy-and-me-matching-pink-sleeveless-summer-dress-elegant-sundress-for-mother-daughter,Matching Pink Sleeveless Summer Dress Elegant Sundr... | DLM,Child 9-10 Years / Pink,5454766922534-01,5454766922534,shopify_US_7227252670561_41871110373473,shopify_US_7227252670561,INFERRED_FROM_SHOPIFY_PRODUCT_ID; exact live MC item_group_id export not present locally,dlm_7227252670561_child_dress,dlm_style_7227252670561_mommy_and_me_matching_pink_sleeveless_summer_dress_elegant_sundress_for_mother_daughter,child,dress,Dresses,mommy_me,NEEDS_MERCHANT_EXPORT,https://cdn.shopify.com/s/files/1/1557/1635/files/pomelli-image_54_52c4c360-195c-441f-acd2-8008a5609300.png?v=1771843132,https://www.dresslikemommy.com/products/mommy-and-me-matching-pink-sleeveless-summer-dress-elegant-sundress-for-mother-daughter,19.99,in_stock,10.00,49.97,margin_medium,436,paid_eligible,margin_medium,mommy_me,aov_medium,us_test_ready,True,True,high,set,true,summer,0-25
7227252670561,41871110406241,mommy-and-me-matching-pink-sleeveless-summer-dress-elegant-sundress-for-mother-daughter,Matching Pink Sleeveless Summer Dress Elegant Sundr... | DLM,Child 11-12 Years / Pink,5457699851671-01,5457699851671,shopify_US_7227252670561_41871110406241,shopify_US_7227252670561,INFERRED_FROM_SHOPIFY_PRODUCT_ID; exact live MC item_group_id export not present locally,dlm_7227252670561_child_dress,dlm_style_7227252670561_mommy_and_me_matching_pink_sleeveless_summer_dress_elegant_sundress_for_mother_daughter,child,dress,Dresses,mommy_me,NEEDS_MERCHANT_EXPORT,https://cdn.shopify.com/s/files/1/1557/1635/files/pomelli-image_54_52c4c360-195c-441f-acd2-8008a5609300.png?v=1771843132,https://www.dresslikemommy.com/products/mommy-and-me-matching-pink-sleeveless-summer-dress-elegant-sundress-for-mother-daughter,19.99,in_stock,10.00,49.97,margin_medium,485,paid_eligible,margin_medium,mommy_me,aov_medium,us_test_ready,True,True,high,set,true,summer,0-25
7227252670561,41871110439009,mommy-and-me-matching-pink-sleeveless-summer-dress-elegant-sundress-for-mother-daughter,Matching Pink Sleeveless Summer Dress Elegant Sundr... | DLM,Mother S / Pink,5457699851669-01,5457699851669,shopify_US_7227252670561_41871110439009,shopify_US_7227252670561,INFERRED_FROM_SHOPIFY_PRODUCT_ID; exact live MC item_group_id export not present locally,dlm_7227252670561_mother_dress,dlm_style_7227252670561_mommy_and_me_matching_pink_sleeveless_summer_dress_elegant_sundress_for_mother_daughter,mother,dress,Dresses,mommy_me,NEEDS_MERCHANT_EXPORT,https://cdn.shopify.com/s/files/1/1557/1635/files/pomelli-image_54_52c4c360-195c-441f-acd2-8008a5609300.png?v=1771843132,https://www.dresslikemommy.com/products/mommy-and-me-matching-pink-sleeveless-summer-dress-elegant-sundress-for-mother-daughter,21.99,in_stock,11.00,49.98,margin_medium,180,paid_eligible,margin_medium,mommy_me,aov_medium,us_test_ready,True,True,high,set,true,summer,0-25
7227252670561,41871110471777,mommy-and-me-matching-pink-sleeveless-summer-dress-elegant-sundress-for-mother-daughter,Matching Pink Sleeveless Summer Dress Elegant Sundr... | DLM,Mother M / Pink,5457699851667-01,5457699851667,shopify_US_7227252670561_41871110471777,shopify_US_7227252670561,INFERRED_FROM_SHOPIFY_PRODUCT_ID; exact live MC item_group_id export not present locally,dlm_7227252670561_mother_dress,dlm_style_7227252670561_mommy_and_me_matching_pink_sleeveless_summer_dress_elegant_sundress_for_mother_daughter,mother,dress,Dresses,mommy_me,NEEDS_MERCHANT_EXPORT,https://cdn.shopify.com/s/files/1/1557/1635/files/pomelli-image_54_52c4c360-195c-441f-acd2-8008a5609300.png?v=1771843132,https://www.dresslikemommy.com/products/mommy-and-me-matching-pink-sleeveless-summer-dress-elegant-sundress-for-mother-daughter,21.99,in_stock,11.00,49.98,margin_medium,415,paid_eligible,margin_medium,mommy_me,aov_medium,us_test_ready,True,True,high,set,true,summer,0-25
7227252670561,41871110504545,mommy-and-me-matching-pink-sleeveless-summer-dress-elegant-sundress-for-mother-daughter,Matching Pink Sleeveless Summer Dress Elegant Sundr... | DLM,Mother L / Pink,5457699851670-01,5457699851670,shopify_US_7227252670561_41871110504545,shopify_US_7227252670561,INFERRED_FROM_SHOPIFY_PRODUCT_ID; exact live MC item_group_id export not present locally,dlm_7227252670561_mother_dress,dlm_style_7227252670561_mommy_and_me_matching_pink_sleeveless_summer_dress_elegant_sundress_for_mother_daughter,mother,dress,Dresses,mommy_me,NEEDS_MERCHANT_EXPORT,https://cdn.shopify.com/s/files/1/1557/1635/files/pomelli-image_54_52c4c360-195c-441f-acd2-8008a5609300.png?v=1771843132,https://www.dresslikemommy.com/products/mommy-and-me-matching-pink-sleeveless-summer-dress-elegant-sundress-for-mother-daughter,21.99,in_stock,11.00,49.98,margin_medium,532,paid_eligible,margin_medium,mommy_me,aov_medium,us_test_ready,True,True,high,set,true,summer,0-25
7108009197665,41493704310881,mommy-and-me-matching-pink-tie-dye-pleated-maxi-dresses-with-adjustable-straps,Matching Pink Tie-Dye Pleated Maxi Dresses with Adj... | DLM,Mother S / Multi Color,5200122926278-Color:Tie-dye;Size:Mother S;,5200122926278,shopify_US_7108009197665_41493704310881,shopify_US_7108009197665,INFERRED_FROM_SHOPIFY_PRODUCT_ID; exact live MC item_group_id export not present locally,dlm_7108009197665_mother_dress,dlm_style_7108009197665_mommy_and_me_matching_pink_tie_dye_pleated_maxi_dresses_with_adjustable_straps,mother,dress,Dresses,mommy_me,NEEDS_MERCHANT_EXPORT,https://cdn.shopify.com/s/files/1/1557/1635/files/pomelli-image_18_af65a660-5f30-40d4-85f2-b41b39ece5d3.png?v=1771834477,https://www.dresslikemommy.com/products/mommy-and-me-matching-pink-tie-dye-pleated-maxi-dresses-with-adjustable-straps,24.99,in_stock,12.50,49.98,margin_medium,536,paid_eligible,margin_medium,mommy_me,aov_medium,us_test_ready,True,True,high,set,true,summer,0-25
7108009197665,41493704343649,mommy-and-me-matching-pink-tie-dye-pleated-maxi-dresses-with-adjustable-straps,Matching Pink Tie-Dye Pleated Maxi Dresses with Adj... | DLM,Mother M / Multi Color,5200122926279-Color:Tie-dye;Size:Mother M;,5200122926279,shopify_US_7108009197665_41493704343649,shopify_US_7108009197665,INFERRED_FROM_SHOPIFY_PRODUCT_ID; exact live MC item_group_id export not present locally,dlm_7108009197665_mother_dress,dlm_style_7108009197665_mommy_and_me_matching_pink_tie_dye_pleated_maxi_dresses_with_adjustable_straps,mother,dress,Dresses,mommy_me,NEEDS_MERCHANT_EXPORT,https://cdn.shopify.com/s/files/1/1557/1635/files/pomelli-image_18_af65a660-5f30-40d4-85f2-b41b39ece5d3.png?v=1771834477,https://www.dresslikemommy.com/products/mommy-and-me-matching-pink-tie-dye-pleated-maxi-dresses-with-adjustable-straps,24.99,in_stock,12.50,49.98,margin_medium,473,paid_eligible,margin_medium,mommy_me,aov_medium,us_test_ready,True,True,high,set,true,summer,0-25
7108009197665,41493704441953,mommy-and-me-matching-pink-tie-dye-pleated-maxi-dresses-with-adjustable-straps,Matching Pink Tie-Dye Pleated Maxi Dresses with Adj... | DLM,Child 3-4 Years / Multi Color,5200122926284-Color:Tie-dye;Size:Child 3-4T;,5200122926284,shopify_US_7108009197665_41493704441953,shopify_US_7108009197665,INFERRED_FROM_SHOPIFY_PRODUCT_ID; exact live MC item_group_id export not present locally,dlm_7108009197665_child_dress,dlm_style_7108009197665_mommy_and_me_matching_pink_tie_dye_pleated_maxi_dresses_with_adjustable_straps,child,dress,Dresses,mommy_me,NEEDS_MERCHANT_EXPORT,https://cdn.shopify.com/s/files/1/1557/1635/files/pomelli-image_18_af65a660-5f30-40d4-85f2-b41b39ece5d3.png?v=1771834477,https://www.dresslikemommy.com/products/mommy-and-me-matching-pink-tie-dye-pleated-maxi-dresses-with-adjustable-straps,19.99,in_stock,10.00,49.97,margin_medium,869,paid_eligible,margin_medium,mommy_me,aov_medium,us_test_ready,True,True,high,set,true,summer,0-25
7108009197665,41493704507489,mommy-and-me-matching-pink-tie-dye-pleated-maxi-dresses-with-adjustable-straps,Matching Pink Tie-Dye Pleated Maxi Dresses with Adj... | DLM,Child 7-8 Years / Multi Color,5200122926281-Color:Tie-dye;Size:Child 5-6T;,5200122926281,shopify_US_7108009197665_41493704507489,shopify_US_7108009197665,INFERRED_FROM_SHOPIFY_PRODUCT_ID; exact live MC item_group_id export not present locally,dlm_7108009197665_child_dress,dlm_style_7108009197665_mommy_and_me_matching_pink_tie_dye_pleated_maxi_dresses_with_adjustable_straps,child,dress,Dresses,mommy_me,NEEDS_MERCHANT_EXPORT,https://cdn.shopify.com/s/files/1/1557/1635/files/pomelli-image_18_af65a660-5f30-40d4-85f2-b41b39ece5d3.png?v=1771834477,https://www.dresslikemommy.com/products/mommy-and-me-matching-pink-tie-dye-pleated-maxi-dresses-with-adjustable-straps,19.99,in_stock,10.00,49.97,margin_medium,756,paid_eligible,margin_medium,mommy_me,aov_medium,us_test_ready,True,True,high,set,true,summer,0-25
7108009197665,41493704540257,mommy-and-me-matching-pink-tie-dye-pleated-maxi-dresses-with-adjustable-straps,Matching Pink Tie-Dye Pleated Maxi Dresses with Adj... | DLM,Child 9-10 Years / Multi Color,5200122926282-Color:Tie-dye;Size:Child 7-8T;,5200122926282,shopify_US_7108009197665_41493704540257,shopify_US_7108009197665,INFERRED_FROM_SHOPIFY_PRODUCT_ID; exact live MC item_group_id export not present locally,dlm_7108009197665_child_dress,dlm_style_7108009197665_mommy_and_me_matching_pink_tie_dye_pleated_maxi_dresses_with_adjustable_straps,child,dress,Dresses,mommy_me,NEEDS_MERCHANT_EXPORT,https://cdn.shopify.com/s/files/1/1557/1635/files/pomelli-image_18_af65a660-5f30-40d4-85f2-b41b39ece5d3.png?v=1771834477,https://www.dresslikemommy.com/products/mommy-and-me-matching-pink-tie-dye-pleated-maxi-dresses-with-adjustable-straps,19.99,in_stock,10.00,49.97,margin_medium,742,paid_eligible,margin_medium,mommy_me,aov_medium,us_test_ready,True,True,high,set,true,summer,0-25
7108009197665,41493704573025,mommy-and-me-matching-pink-tie-dye-pleated-maxi-dresses-with-adjustable-straps,Matching Pink Tie-Dye Pleated Maxi Dresses with Adj... | DLM,Child 11-12 Years / Multi Color,5200122926283-Color:Tie-dye;Size:Child 9-10T;,5200122926283,shopify_US_7108009197665_41493704573025,shopify_US_7108009197665,INFERRED_FROM_SHOPIFY_PRODUCT_ID; exact live MC item_group_id export not present locally,dlm_7108009197665_child_dress,dlm_style_7108009197665_mommy_and_me_matching_pink_tie_dye_pleated_maxi_dresses_with_adjustable_straps,child,dress,Dresses,mommy_me,NEEDS_MERCHANT_EXPORT,https://cdn.shopify.com/s/files/1/1557/1635/files/pomelli-image_18_af65a660-5f30-40d4-85f2-b41b39ece5d3.png?v=1771834477,https://www.dresslikemommy.com/products/mommy-and-me-matching-pink-tie-dye-pleated-maxi-dresses-with-adjustable-straps,19.99,in_stock,10.00,49.97,margin_medium,661,paid_eligible,margin_medium,mommy_me,aov_medium,us_test_ready,True,True,high,set,true,summer,0-25
7108104061025,41493868970081,chic-family-matching-sleeveless-dresses-ruffled-hem-mother-daughter-summer-outfit,Matching Sequin Lace Tulle Dresses with Crisscross ... | DLM,Mother S / Beige,4939515852329-Color:Sequin;Size:Mother S;,4939515852329,shopify_US_7108104061025_41493868970081,shopify_US_7108104061025,INFERRED_FROM_SHOPIFY_PRODUCT_ID; exact live MC item_group_id export not present locally,dlm_7108104061025_mother_dress,dlm_style_7108104061025_chic_family_matching_sleeveless_dresses_ruffled_hem_mother_daughter_summer_outfit,mother,dress,Sets,mommy_me,NEEDS_MERCHANT_EXPORT,https://cdn.shopify.com/s/files/1/1557/1635/files/pomelli-image_26_bde8f304-2e9d-456d-bd78-e6b373f95774.png?v=1771837119,https://www.dresslikemommy.com/products/chic-family-matching-sleeveless-dresses-ruffled-hem-mother-daughter-summer-outfit,29.99,in_stock,15.00,49.98,margin_medium,576,paid_eligible,margin_medium,mommy_me,aov_medium,us_test_ready,True,True,high,set,true,year-round,0-25
7108104061025,41493869101153,chic-family-matching-sleeveless-dresses-ruffled-hem-mother-daughter-summer-outfit,Matching Sequin Lace Tulle Dresses with Crisscross ... | DLM,Child 3-4 Years / Beige,4939515852335-Color:Sequin;Size:Child 3T;,4939515852335,shopify_US_7108104061025_41493869101153,shopify_US_7108104061025,INFERRED_FROM_SHOPIFY_PRODUCT_ID; exact live MC item_group_id export not present locally,dlm_7108104061025_child_dress,dlm_style_7108104061025_chic_family_matching_sleeveless_dresses_ruffled_hem_mother_daughter_summer_outfit,child,dress,Sets,mommy_me,NEEDS_MERCHANT_EXPORT,https://cdn.shopify.com/s/files/1/1557/1635/files/pomelli-image_26_bde8f304-2e9d-456d-bd78-e6b373f95774.png?v=1771837119,https://www.dresslikemommy.com/products/chic-family-matching-sleeveless-dresses-ruffled-hem-mother-daughter-summer-outfit,22.99,in_stock,11.50,49.98,margin_medium,806,paid_eligible,margin_medium,mommy_me,aov_medium,us_test_ready,True,True,high,set,true,year-round,0-25
7108104061025,41493869166689,chic-family-matching-sleeveless-dresses-ruffled-hem-mother-daughter-summer-outfit,Matching Sequin Lace Tulle Dresses with Crisscross ... | DLM,Child 7-8 Years / Beige,4939515852332-Color:Sequin;Size:Child 5-6T;,4939515852332,shopify_US_7108104061025_41493869166689,shopify_US_7108104061025,INFERRED_FROM_SHOPIFY_PRODUCT_ID; exact live MC item_group_id export not present locally,dlm_7108104061025_child_dress,dlm_style_7108104061025_chic_family_matching_sleeveless_dresses_ruffled_hem_mother_daughter_summer_outfit,child,dress,Sets,mommy_me,NEEDS_MERCHANT_EXPORT,https://cdn.shopify.com/s/files/1/1557/1635/files/pomelli-image_26_bde8f304-2e9d-456d-bd78-e6b373f95774.png?v=1771837119,https://www.dresslikemommy.com/products/chic-family-matching-sleeveless-dresses-ruffled-hem-mother-daughter-summer-outfit,22.99,in_stock,11.50,49.98,margin_medium,607,paid_eligible,margin_medium,mommy_me,aov_medium,us_test_ready,True,True,high,set,true,year-round,0-25
7108045897825,41493759918177,mommy-and-me-matching-silver-asymmetrical-chiffon-dresses-with-strappy-backs,Matching Silver Asymmetrical Chiffon Dresses with S... | DLM,Child 3-4 Years / Gray,4626791645017-Color:Gray;Size:Child 3T;,4626791645017,shopify_US_7108045897825_41493759918177,shopify_US_7108045897825,INFERRED_FROM_SHOPIFY_PRODUCT_ID; exact live MC item_group_id export not present locally,dlm_7108045897825_child_dress,dlm_style_7108045897825_mommy_and_me_matching_silver_asymmetrical_chiffon_dresses_with_strappy_backs,child,dress,Dresses,mommy_me,NEEDS_MERCHANT_EXPORT,https://cdn.shopify.com/s/files/1/1557/1635/files/pomelli-image_46_f8f1194f-2fd2-4419-8b77-86fcb687b4f9.png?v=1771839957,https://www.dresslikemommy.com/products/mommy-and-me-matching-silver-asymmetrical-chiffon-dresses-with-strappy-backs,24.99,in_stock,12.50,49.98,margin_medium,610,paid_eligible,margin_medium,mommy_me,aov_medium,us_test_ready,True,True,high,set,true,summer,0-25
7108045897825,41493759950945,mommy-and-me-matching-silver-asymmetrical-chiffon-dresses-with-strappy-backs,Matching Silver Asymmetrical Chiffon Dresses with S... | DLM,Child 5-6 Years / Gray,4626791645019-Color:Gray;Size:Child 4-5T;,4626791645019,shopify_US_7108045897825_41493759950945,shopify_US_7108045897825,INFERRED_FROM_SHOPIFY_PRODUCT_ID; exact live MC item_group_id export not present locally,dlm_7108045897825_child_dress,dlm_style_7108045897825_mommy_and_me_matching_silver_asymmetrical_chiffon_dresses_with_strappy_backs,child,dress,Dresses,mommy_me,NEEDS_MERCHANT_EXPORT,https://cdn.shopify.com/s/files/1/1557/1635/files/pomelli-image_46_f8f1194f-2fd2-4419-8b77-86fcb687b4f9.png?v=1771839957,https://www.dresslikemommy.com/products/mommy-and-me-matching-silver-asymmetrical-chiffon-dresses-with-strappy-backs,24.99,in_stock,12.50,49.98,margin_medium,522,paid_eligible,margin_medium,mommy_me,aov_medium,us_test_ready,True,True,high,set,true,summer,0-25
7108045897825,41493760049249,mommy-and-me-matching-silver-asymmetrical-chiffon-dresses-with-strappy-backs,Matching Silver Asymmetrical Chiffon Dresses with S... | DLM,Child 11-12 Years / Gray,4626791645016-Color:Gray;Size:Child 9-10T;,4626791645016,shopify_US_7108045897825_41493760049249,shopify_US_7108045897825,INFERRED_FROM_SHOPIFY_PRODUCT_ID; exact live MC item_group_id export not present locally,dlm_7108045897825_child_dress,dlm_style_7108045897825_mommy_and_me_matching_silver_asymmetrical_chiffon_dresses_with_strappy_backs,child,dress,Dresses,mommy_me,NEEDS_MERCHANT_EXPORT,https://cdn.shopify.com/s/files/1/1557/1635/files/pomelli-image_46_f8f1194f-2fd2-4419-8b77-86fcb687b4f9.png?v=1771839957,https://www.dresslikemommy.com/products/mommy-and-me-matching-silver-asymmetrical-chiffon-dresses-with-strappy-backs,24.99,in_stock,12.50,49.98,margin_medium,681,paid_eligible,margin_medium,mommy_me,aov_medium,us_test_ready,True,True,high,set,true,summer,0-25
7108045897825,41493760082017,mommy-and-me-matching-silver-asymmetrical-chiffon-dresses-with-strappy-backs,Matching Silver Asymmetrical Chiffon Dresses with S... | DLM,Mother S / Gray,4626791645011-Color:Gray;Size:Mother S;,4626791645011,shopify_US_7108045897825_41493760082017,shopify_US_7108045897825,INFERRED_FROM_SHOPIFY_PRODUCT_ID; exact live MC item_group_id export not present locally,dlm_7108045897825_mother_dress,dlm_style_7108045897825_mommy_and_me_matching_silver_asymmetrical_chiffon_dresses_with_strappy_backs,mother,dress,Dresses,mommy_me,NEEDS_MERCHANT_EXPORT,https://cdn.shopify.com/s/files/1/1557/1635/files/pomelli-image_46_f8f1194f-2fd2-4419-8b77-86fcb687b4f9.png?v=1771839957,https://www.dresslikemommy.com/products/mommy-and-me-matching-silver-asymmetrical-chiffon-dresses-with-strappy-backs,29.99,in_stock,15.00,49.98,margin_medium,615,paid_eligible,margin_medium,mommy_me,aov_medium,us_test_ready,True,True,high,set,true,summer,0-25
7227436367969,41871769829473,matching-star-knit-sweater-dress-cozy-cream-family-outfit-for-mom-and-daughter,Matching Star Knit Sweater Dress Cozy Cream Family ... | DLM,Child 2-3 Years / White,5251202795679-01,5251202795679,shopify_US_7227436367969_41871769829473,shopify_US_7227436367969,INFERRED_FROM_SHOPIFY_PRODUCT_ID; exact live MC item_group_id export not present locally,dlm_7227436367969_child_dress,dlm_style_7227436367969_matching_star_knit_sweater_dress_cozy_cream_family_outfit_for_mom_and_daughter,child,dress,Sets,mommy_me,NEEDS_MERCHANT_EXPORT,https://cdn.shopify.com/s/files/1/1557/1635/files/pomelli-image_18_20070be8-4be0-41ca-9f4e-843b064ec164.png?v=1772133482,https://www.dresslikemommy.com/products/matching-star-knit-sweater-dress-cozy-cream-family-outfit-for-mom-and-daughter,27.99,in_stock,14.00,49.98,margin_medium,119,paid_eligible,margin_medium,mommy_me,aov_medium,us_test_ready,True,True,high,set,true,year-round,25-50
7227436367969,41871769862241,matching-star-knit-sweater-dress-cozy-cream-family-outfit-for-mom-and-daughter,Matching Star Knit Sweater Dress Cozy Cream Family ... | DLM,Child 3-4 Years / White,5251202795680-01,5251202795680,shopify_US_7227436367969_41871769862241,shopify_US_7227436367969,INFERRED_FROM_SHOPIFY_PRODUCT_ID; exact live MC item_group_id export not present locally,dlm_7227436367969_child_dress,dlm_style_7227436367969_matching_star_knit_sweater_dress_cozy_cream_family_outfit_for_mom_and_daughter,child,dress,Sets,mommy_me,NEEDS_MERCHANT_EXPORT,https://cdn.shopify.com/s/files/1/1557/1635/files/pomelli-image_18_20070be8-4be0-41ca-9f4e-843b064ec164.png?v=1772133482,https://www.dresslikemommy.com/products/matching-star-knit-sweater-dress-cozy-cream-family-outfit-for-mom-and-daughter,27.99,in_stock,14.00,49.98,margin_medium,116,paid_eligible,margin_medium,mommy_me,aov_medium,us_test_ready,True,True,high,set,true,year-round,25-50
7227436367969,41871769895009,matching-star-knit-sweater-dress-cozy-cream-family-outfit-for-mom-and-daughter,Matching Star Knit Sweater Dress Cozy Cream Family ... | DLM,Child 4-5 Years / White,5251202795681-01,5251202795681,shopify_US_7227436367969_41871769895009,shopify_US_7227436367969,INFERRED_FROM_SHOPIFY_PRODUCT_ID; exact live MC item_group_id export not present locally,dlm_7227436367969_child_dress,dlm_style_7227436367969_matching_star_knit_sweater_dress_cozy_cream_family_outfit_for_mom_and_daughter,child,dress,Sets,mommy_me,NEEDS_MERCHANT_EXPORT,https://cdn.shopify.com/s/files/1/1557/1635/files/pomelli-image_18_20070be8-4be0-41ca-9f4e-843b064ec164.png?v=1772133482,https://www.dresslikemommy.com/products/matching-star-knit-sweater-dress-cozy-cream-family-outfit-for-mom-and-daughter,27.99,in_stock,14.00,49.98,margin_medium,119,paid_eligible,margin_medium,mommy_me,aov_medium,us_test_ready,True,True,high,set,true,year-round,25-50
7227436367969,41871769927777,matching-star-knit-sweater-dress-cozy-cream-family-outfit-for-mom-and-daughter,Matching Star Knit Sweater Dress Cozy Cream Family ... | DLM,Child 5-6 Years / White,5251202795682-01,5251202795682,shopify_US_7227436367969_41871769927777,shopify_US_7227436367969,INFERRED_FROM_SHOPIFY_PRODUCT_ID; exact live MC item_group_id export not present locally,dlm_7227436367969_child_dress,dlm_style_7227436367969_matching_star_knit_sweater_dress_cozy_cream_family_outfit_for_mom_and_daughter,child,dress,Sets,mommy_me,NEEDS_MERCHANT_EXPORT,https://cdn.shopify.com/s/files/1/1557/1635/files/pomelli-image_18_20070be8-4be0-41ca-9f4e-843b064ec164.png?v=1772133482,https://www.dresslikemommy.com/products/matching-star-knit-sweater-dress-cozy-cream-family-outfit-for-mom-and-daughter,27.99,in_stock,14.00,49.98,margin_medium,117,paid_eligible,margin_medium,mommy_me,aov_medium,us_test_ready,True,True,high,set,true,year-round,25-50
7227436367969,41871769960545,matching-star-knit-sweater-dress-cozy-cream-family-outfit-for-mom-and-daughter,Matching Star Knit Sweater Dress Cozy Cream Family ... | DLM,Child 6-7 Years / White,5251202795683-01,5251202795683,shopify_US_7227436367969_41871769960545,shopify_US_7227436367969,INFERRED_FROM_SHOPIFY_PRODUCT_ID; exact live MC item_group_id export not present locally,dlm_7227436367969_child_dress,dlm_style_7227436367969_matching_star_knit_sweater_dress_cozy_cream_family_outfit_for_mom_and_daughter,child,dress,Sets,mommy_me,NEEDS_MERCHANT_EXPORT,https://cdn.shopify.com/s/files/1/1557/1635/files/pomelli-image_18_20070be8-4be0-41ca-9f4e-843b064ec164.png?v=1772133482,https://www.dresslikemommy.com/products/matching-star-knit-sweater-dress-cozy-cream-family-outfit-for-mom-and-daughter,27.99,in_stock,14.00,49.98,margin_medium,120,paid_eligible,margin_medium,mommy_me,aov_medium,us_test_ready,True,True,high,set,true,year-round,25-50
7227436367969,41871769993313,matching-star-knit-sweater-dress-cozy-cream-family-outfit-for-mom-and-daughter,Matching Star Knit Sweater Dress Cozy Cream Family ... | DLM,Child 7-8 Years / White,5251202795684-01,5251202795684,shopify_US_7227436367969_41871769993313,shopify_US_7227436367969,INFERRED_FROM_SHOPIFY_PRODUCT_ID; exact live MC item_group_id export not present locally,dlm_7227436367969_child_dress,dlm_style_7227436367969_matching_star_knit_sweater_dress_cozy_cream_family_outfit_for_mom_and_daughter,child,dress,Sets,mommy_me,NEEDS_MERCHANT_EXPORT,https://cdn.shopify.com/s/files/1/1557/1635/files/pomelli-image_18_20070be8-4be0-41ca-9f4e-843b064ec164.png?v=1772133482,https://www.dresslikemommy.com/products/matching-star-knit-sweater-dress-cozy-cream-family-outfit-for-mom-and-daughter,27.99,in_stock,14.00,49.98,margin_medium,119,paid_eligible,margin_medium,mommy_me,aov_medium,us_test_ready,True,True,high,set,true,year-round,25-50
7227436367969,41871770026081,matching-star-knit-sweater-dress-cozy-cream-family-outfit-for-mom-and-daughter,Matching Star Knit Sweater Dress Cozy Cream Family ... | DLM,Child 8-9 Years / White,5286765934443-01,5286765934443,shopify_US_7227436367969_41871770026081,shopify_US_7227436367969,INFERRED_FROM_SHOPIFY_PRODUCT_ID; exact live MC item_group_id export not present locally,dlm_7227436367969_child_dress,dlm_style_7227436367969_matching_star_knit_sweater_dress_cozy_cream_family_outfit_for_mom_and_daughter,child,dress,Sets,mommy_me,NEEDS_MERCHANT_EXPORT,https://cdn.shopify.com/s/files/1/1557/1635/files/pomelli-image_18_20070be8-4be0-41ca-9f4e-843b064ec164.png?v=1772133482,https://www.dresslikemommy.com/products/matching-star-knit-sweater-dress-cozy-cream-family-outfit-for-mom-and-daughter,27.99,in_stock,14.00,49.98,margin_medium,50,paid_eligible,margin_medium,mommy_me,aov_medium,us_test_ready,True,True,high,set,true,year-round,25-50
7227436367969,41871770058849,matching-star-knit-sweater-dress-cozy-cream-family-outfit-for-mom-and-daughter,Matching Star Knit Sweater Dress Cozy Cream Family ... | DLM,Mother S / White,5251202795685-01,5251202795685,shopify_US_7227436367969_41871770058849,shopify_US_7227436367969,INFERRED_FROM_SHOPIFY_PRODUCT_ID; exact live MC item_group_id export not present locally,dlm_7227436367969_mother_dress,dlm_style_7227436367969_matching_star_knit_sweater_dress_cozy_cream_family_outfit_for_mom_and_daughter,mother,dress,Sets,mommy_me,NEEDS_MERCHANT_EXPORT,https://cdn.shopify.com/s/files/1/1557/1635/files/pomelli-image_18_20070be8-4be0-41ca-9f4e-843b064ec164.png?v=1772133482,https://www.dresslikemommy.com/products/matching-star-knit-sweater-dress-cozy-cream-family-outfit-for-mom-and-daughter,33.99,in_stock,17.00,49.99,margin_medium,120,paid_eligible,margin_medium,mommy_me,aov_medium,us_test_ready,True,True,high,set,true,year-round,25-50
7227436367969,41871770157153,matching-star-knit-sweater-dress-cozy-cream-family-outfit-for-mom-and-daughter,Matching Star Knit Sweater Dress Cozy Cream Family ... | DLM,Mother XL / White,5251202795688-01,5251202795688,shopify_US_7227436367969_41871770157153,shopify_US_7227436367969,INFERRED_FROM_SHOPIFY_PRODUCT_ID; exact live MC item_group_id export not present locally,dlm_7227436367969_mother_dress,dlm_style_7227436367969_matching_star_knit_sweater_dress_cozy_cream_family_outfit_for_mom_and_daughter,mother,dress,Sets,mommy_me,NEEDS_MERCHANT_EXPORT,https://cdn.shopify.com/s/files/1/1557/1635/files/pomelli-image_18_20070be8-4be0-41ca-9f4e-843b064ec164.png?v=1772133482,https://www.dresslikemommy.com/products/matching-star-knit-sweater-dress-cozy-cream-family-outfit-for-mom-and-daughter,33.99,in_stock,17.00,49.99,margin_medium,119,paid_eligible,margin_medium,mommy_me,aov_medium,us_test_ready,True,True,high,set,true,year-round,25-50
7227436367969,41871770189921,matching-star-knit-sweater-dress-cozy-cream-family-outfit-for-mom-and-daughter,Matching Star Knit Sweater Dress Cozy Cream Family ... | DLM,Mother 2XL / White,5251202795689-01,5251202795689,shopify_US_7227436367969_41871770189921,shopify_US_7227436367969,INFERRED_FROM_SHOPIFY_PRODUCT_ID; exact live MC item_group_id export not present locally,dlm_7227436367969_mother_dress,dlm_style_7227436367969_matching_star_knit_sweater_dress_cozy_cream_family_outfit_for_mom_and_daughter,mother,dress,Sets,mommy_me,NEEDS_MERCHANT_EXPORT,https://cdn.shopify.com/s/files/1/1557/1635/files/pomelli-image_18_20070be8-4be0-41ca-9f4e-843b064ec164.png?v=1772133482,https://www.dresslikemommy.com/products/matching-star-knit-sweater-dress-cozy-cream-family-outfit-for-mom-and-daughter,33.99,in_stock,17.00,49.99,margin_medium,119,paid_eligible,margin_medium,mommy_me,aov_medium,us_test_ready,True,True,high,set,true,year-round,25-50
7107978395745,41493652963425,mommy-and-me-matching-light-blue-halter-neck-tiered-dresses,Mommy and Me Matching Light Blue Halter Neck Tiered Dresses,Child 3-4 Years / Blue,5061354849730-Color:Blue;Size:Child 2-3T;,5061354849730,shopify_US_7107978395745_41493652963425,shopify_US_7107978395745,INFERRED_FROM_SHOPIFY_PRODUCT_ID; exact live MC item_group_id export not present locally,dlm_7107978395745_mother_dress,dlm_style_7107978395745_mommy_and_me_matching_light_blue_halter_neck_tiered_dresses,mother,dress,Dresses,mommy_me,NEEDS_MERCHANT_EXPORT,https://cdn.shopify.com/s/files/1/1557/1635/files/pomelli-image_6_d9d77215-22d5-454d-b67d-9c752ec74b7b.png?v=1772128707,https://www.dresslikemommy.com/products/mommy-and-me-matching-light-blue-halter-neck-tiered-dresses,24.99,in_stock,12.50,49.98,margin_medium,642,paid_eligible,margin_medium,mommy_me,aov_medium,us_test_ready,True,True,high,set,true,summer,0-25
7107978395745,41493653061729,mommy-and-me-matching-light-blue-halter-neck-tiered-dresses,Mommy and Me Matching Light Blue Halter Neck Tiered Dresses,Child 6-7 Years / Blue,5061354849728-Color:Blue;Size:Child 7-8T;,5061354849728,shopify_US_7107978395745_41493653061729,shopify_US_7107978395745,INFERRED_FROM_SHOPIFY_PRODUCT_ID; exact live MC item_group_id export not present locally,dlm_7107978395745_mother_dress,dlm_style_7107978395745_mommy_and_me_matching_light_blue_halter_neck_tiered_dresses,mother,dress,Dresses,mommy_me,NEEDS_MERCHANT_EXPORT,https://cdn.shopify.com/s/files/1/1557/1635/files/pomelli-image_6_d9d77215-22d5-454d-b67d-9c752ec74b7b.png?v=1772128707,https://www.dresslikemommy.com/products/mommy-and-me-matching-light-blue-halter-neck-tiered-dresses,24.99,in_stock,12.50,49.98,margin_medium,628,paid_eligible,margin_medium,mommy_me,aov_medium,us_test_ready,True,True,high,set,true,summer,0-25
7107978395745,41493653094497,mommy-and-me-matching-light-blue-halter-neck-tiered-dresses,Mommy and Me Matching Light Blue Halter Neck Tiered Dresses,Child 8-9 Years / Blue,5061354849729-Color:Blue;Size:Child 9-10T;,5061354849729,shopify_US_7107978395745_41493653094497,shopify_US_7107978395745,INFERRED_FROM_SHOPIFY_PRODUCT_ID; exact live MC item_group_id export not present locally,dlm_7107978395745_mother_dress,dlm_style_7107978395745_mommy_and_me_matching_light_blue_halter_neck_tiered_dresses,mother,dress,Dresses,mommy_me,NEEDS_MERCHANT_EXPORT,https://cdn.shopify.com/s/files/1/1557/1635/files/pomelli-image_6_d9d77215-22d5-454d-b67d-9c752ec74b7b.png?v=1772128707,https://www.dresslikemommy.com/products/mommy-and-me-matching-light-blue-halter-neck-tiered-dresses,24.99,in_stock,12.50,49.98,margin_medium,644,paid_eligible,margin_medium,mommy_me,aov_medium,us_test_ready,True,True,high,set,true,summer,0-25
7107978395745,41493653127265,mommy-and-me-matching-light-blue-halter-neck-tiered-dresses,Mommy and Me Matching Light Blue Halter Neck Tiered Dresses,Child 9-10 Years / Blue,5061354849727-Color:Blue;Size:Child 11-12T;,5061354849727,shopify_US_7107978395745_41493653127265,shopify_US_7107978395745,INFERRED_FROM_SHOPIFY_PRODUCT_ID; exact live MC item_group_id export not present locally,dlm_7107978395745_mother_dress,dlm_style_7107978395745_mommy_and_me_matching_light_blue_halter_neck_tiered_dresses,mother,dress,Dresses,mommy_me,NEEDS_MERCHANT_EXPORT,https://cdn.shopify.com/s/files/1/1557/1635/files/pomelli-image_6_d9d77215-22d5-454d-b67d-9c752ec74b7b.png?v=1772128707,https://www.dresslikemommy.com/products/mommy-and-me-matching-light-blue-halter-neck-tiered-dresses,24.99,in_stock,12.50,49.98,margin_medium,633,paid_eligible,margin_medium,mommy_me,aov_medium,us_test_ready,True,True,high,set,true,summer,0-25
7107978395745,41493653160033,mommy-and-me-matching-light-blue-halter-neck-tiered-dresses,Mommy and Me Matching Light Blue Halter Neck Tiered Dresses,Mother S / Blue,5061354849723-Color:Blue;Size:Mother S;,5061354849723,shopify_US_7107978395745_41493653160033,shopify_US_7107978395745,INFERRED_FROM_SHOPIFY_PRODUCT_ID; exact live MC item_group_id export not present locally,dlm_7107978395745_mother_dress,dlm_style_7107978395745_mommy_and_me_matching_light_blue_halter_neck_tiered_dresses,mother,dress,Dresses,mommy_me,NEEDS_MERCHANT_EXPORT,https://cdn.shopify.com/s/files/1/1557/1635/files/pomelli-image_6_d9d77215-22d5-454d-b67d-9c752ec74b7b.png?v=1772128707,https://www.dresslikemommy.com/products/mommy-and-me-matching-light-blue-halter-neck-tiered-dresses,29.99,in_stock,15.00,49.98,margin_medium,333,paid_eligible,margin_medium,mommy_me,aov_medium,us_test_ready,True,True,high,set,true,summer,0-25
7107978395745,41493653225569,mommy-and-me-matching-light-blue-halter-neck-tiered-dresses,Mommy and Me Matching Light Blue Halter Neck Tiered Dresses,Mother L / Blue,5061354849725-Color:Blue;Size:Mother L;,5061354849725,shopify_US_7107978395745_41493653225569,shopify_US_7107978395745,INFERRED_FROM_SHOPIFY_PRODUCT_ID; exact live MC item_group_id export not present locally,dlm_7107978395745_mother_dress,dlm_style_7107978395745_mommy_and_me_matching_light_blue_halter_neck_tiered_dresses,mother,dress,Dresses,mommy_me,NEEDS_MERCHANT_EXPORT,https://cdn.shopify.com/s/files/1/1557/1635/files/pomelli-image_6_d9d77215-22d5-454d-b67d-9c752ec74b7b.png?v=1772128707,https://www.dresslikemommy.com/products/mommy-and-me-matching-light-blue-halter-neck-tiered-dresses,29.99,in_stock,15.00,49.98,margin_medium,533,paid_eligible,margin_medium,mommy_me,aov_medium,us_test_ready,True,True,high,set,true,summer,0-25
7229132472417,41878486745185,mother-daughter-matching-navy-knit-cardigan-set-gingham-ruffle-trim-bow-accent,Mother-Daughter Matching Navy Knit Cardigan Set Gin... | DLM,Child 2-3 Years / Blue,5079912913246-01,5079912913246,shopify_US_7229132472417_41878486745185,shopify_US_7229132472417,INFERRED_FROM_SHOPIFY_PRODUCT_ID; exact live MC item_group_id export not present locally,dlm_7229132472417_mother_sweaters,dlm_style_7229132472417_mother_daughter_matching_navy_knit_cardigan_set_gingham_ruffle_trim_bow_accent,mother,sweaters,Sweaters,mommy_me,NEEDS_MERCHANT_EXPORT,https://cdn.shopify.com/s/files/1/1557/1635/files/pomelli-image_70_8a573bc3-1fe2-4672-ba47-02e1637eb5fc.png?v=1772131183,https://www.dresslikemommy.com/products/mother-daughter-matching-navy-knit-cardigan-set-gingham-ruffle-trim-bow-accent,24.99,in_stock,12.50,49.98,margin_medium,114,paid_eligible,margin_medium,mommy_me,aov_medium,us_test_ready,True,True,high,set,true,year-round,0-25
7229132472417,41878486777953,mother-daughter-matching-navy-knit-cardigan-set-gingham-ruffle-trim-bow-accent,Mother-Daughter Matching Navy Knit Cardigan Set Gin... | DLM,Child 3-4 Years / Blue,5079912913247-01,5079912913247,shopify_US_7229132472417_41878486777953,shopify_US_7229132472417,INFERRED_FROM_SHOPIFY_PRODUCT_ID; exact live MC item_group_id export not present locally,dlm_7229132472417_mother_sweaters,dlm_style_7229132472417_mother_daughter_matching_navy_knit_cardigan_set_gingham_ruffle_trim_bow_accent,mother,sweaters,Sweaters,mommy_me,NEEDS_MERCHANT_EXPORT,https://cdn.shopify.com/s/files/1/1557/1635/files/pomelli-image_70_8a573bc3-1fe2-4672-ba47-02e1637eb5fc.png?v=1772131183,https://www.dresslikemommy.com/products/mother-daughter-matching-navy-knit-cardigan-set-gingham-ruffle-trim-bow-accent,24.99,in_stock,12.50,49.98,margin_medium,119,paid_eligible,margin_medium,mommy_me,aov_medium,us_test_ready,True,True,high,set,true,year-round,0-25
7229132472417,41878486843489,mother-daughter-matching-navy-knit-cardigan-set-gingham-ruffle-trim-bow-accent,Mother-Daughter Matching Navy Knit Cardigan Set Gin... | DLM,Child 5-6 Years / Blue,5079912913249-01,5079912913249,shopify_US_7229132472417_41878486843489,shopify_US_7229132472417,INFERRED_FROM_SHOPIFY_PRODUCT_ID; exact live MC item_group_id export not present locally,dlm_7229132472417_mother_sweaters,dlm_style_7229132472417_mother_daughter_matching_navy_knit_cardigan_set_gingham_ruffle_trim_bow_accent,mother,sweaters,Sweaters,mommy_me,NEEDS_MERCHANT_EXPORT,https://cdn.shopify.com/s/files/1/1557/1635/files/pomelli-image_70_8a573bc3-1fe2-4672-ba47-02e1637eb5fc.png?v=1772131183,https://www.dresslikemommy.com/products/mother-daughter-matching-navy-knit-cardigan-set-gingham-ruffle-trim-bow-accent,24.99,in_stock,12.50,49.98,margin_medium,129,paid_eligible,margin_medium,mommy_me,aov_medium,us_test_ready,True,True,high,set,true,year-round,0-25
7229132472417,41878487007329,mother-daughter-matching-navy-knit-cardigan-set-gingham-ruffle-trim-bow-accent,Mother-Daughter Matching Navy Knit Cardigan Set Gin... | DLM,Mother M / Blue,5079912913255-01,5079912913255,shopify_US_7229132472417_41878487007329,shopify_US_7229132472417,INFERRED_FROM_SHOPIFY_PRODUCT_ID; exact live MC item_group_id export not present locally,dlm_7229132472417_mother_sweaters,dlm_style_7229132472417_mother_daughter_matching_navy_knit_cardigan_set_gingham_ruffle_trim_bow_accent,mother,sweaters,Sweaters,mommy_me,NEEDS_MERCHANT_EXPORT,https://cdn.shopify.com/s/files/1/1557/1635/files/pomelli-image_70_8a573bc3-1fe2-4672-ba47-02e1637eb5fc.png?v=1772131183,https://www.dresslikemommy.com/products/mother-daughter-matching-navy-knit-cardigan-set-gingham-ruffle-trim-bow-accent,29.99,in_stock,15.00,49.98,margin_medium,77,paid_eligible,margin_medium,mommy_me,aov_medium,us_test_ready,True,True,high,set,true,year-round,0-25
7227630649441,41872774955105,mother-daughter-matching-summer-dresses-vibrant-printed-sleeveless-maxi-dresses,Mother-Daughter Matching Summer Dresses Vibrant Pri... | DLM,Child 4-5 Years / Black,5144102138483-01,5144102138483,shopify_US_7227630649441_41872774955105,shopify_US_7227630649441,INFERRED_FROM_SHOPIFY_PRODUCT_ID; exact live MC item_group_id export not present locally,dlm_7227630649441_mother_dress,dlm_style_7227630649441_mother_daughter_matching_summer_dresses_vibrant_printed_sleeveless_maxi_dresses,mother,dress,Dresses,mommy_me,NEEDS_MERCHANT_EXPORT,https://cdn.shopify.com/s/files/1/1557/1635/files/pomelli-image_10_26539f1b-be24-4a95-8c35-fe4437376c70.png?v=1771562149,https://www.dresslikemommy.com/products/mother-daughter-matching-summer-dresses-vibrant-printed-sleeveless-maxi-dresses,16.99,in_stock,8.50,49.97,margin_medium,882,paid_eligible,margin_medium,mommy_me,aov_medium,us_test_ready,True,True,high,set,true,summer,0-25
7227630649441,41872774987873,mother-daughter-matching-summer-dresses-vibrant-printed-sleeveless-maxi-dresses,Mother-Daughter Matching Summer Dresses Vibrant Pri... | DLM,Child 5-6 Years / Black,5144102138478-01,5144102138478,shopify_US_7227630649441_41872774987873,shopify_US_7227630649441,INFERRED_FROM_SHOPIFY_PRODUCT_ID; exact live MC item_group_id export not present locally,dlm_7227630649441_mother_dress,dlm_style_7227630649441_mother_daughter_matching_summer_dresses_vibrant_printed_sleeveless_maxi_dresses,mother,dress,Dresses,mommy_me,NEEDS_MERCHANT_EXPORT,https://cdn.shopify.com/s/files/1/1557/1635/files/pomelli-image_10_26539f1b-be24-4a95-8c35-fe4437376c70.png?v=1771562149,https://www.dresslikemommy.com/products/mother-daughter-matching-summer-dresses-vibrant-printed-sleeveless-maxi-dresses,16.99,in_stock,8.50,49.97,margin_medium,883,paid_eligible,margin_medium,mommy_me,aov_medium,us_test_ready,True,True,high,set,true,summer,0-25
7227630649441,41872775020641,mother-daughter-matching-summer-dresses-vibrant-printed-sleeveless-maxi-dresses,Mother-Daughter Matching Summer Dresses Vibrant Pri... | DLM,Child 6-7 Years / Black,5144102138480-01,5144102138480,shopify_US_7227630649441_41872775020641,shopify_US_7227630649441,INFERRED_FROM_SHOPIFY_PRODUCT_ID; exact live MC item_group_id export not present locally,dlm_7227630649441_mother_dress,dlm_style_7227630649441_mother_daughter_matching_summer_dresses_vibrant_printed_sleeveless_maxi_dresses,mother,dress,Dresses,mommy_me,NEEDS_MERCHANT_EXPORT,https://cdn.shopify.com/s/files/1/1557/1635/files/pomelli-image_10_26539f1b-be24-4a95-8c35-fe4437376c70.png?v=1771562149,https://www.dresslikemommy.com/products/mother-daughter-matching-summer-dresses-vibrant-printed-sleeveless-maxi-dresses,16.99,in_stock,8.50,49.97,margin_medium,882,paid_eligible,margin_medium,mommy_me,aov_medium,us_test_ready,True,True,high,set,true,summer,0-25
7227630649441,41872775053409,mother-daughter-matching-summer-dresses-vibrant-printed-sleeveless-maxi-dresses,Mother-Daughter Matching Summer Dresses Vibrant Pri... | DLM,Child 7-8 Years / Black,5144102138481-01,5144102138481,shopify_US_7227630649441_41872775053409,shopify_US_7227630649441,INFERRED_FROM_SHOPIFY_PRODUCT_ID; exact live MC item_group_id export not present locally,dlm_7227630649441_mother_dress,dlm_style_7227630649441_mother_daughter_matching_summer_dresses_vibrant_printed_sleeveless_maxi_dresses,mother,dress,Dresses,mommy_me,NEEDS_MERCHANT_EXPORT,https://cdn.shopify.com/s/files/1/1557/1635/files/pomelli-image_10_26539f1b-be24-4a95-8c35-fe4437376c70.png?v=1771562149,https://www.dresslikemommy.com/products/mother-daughter-matching-summer-dresses-vibrant-printed-sleeveless-maxi-dresses,16.99,in_stock,8.50,49.97,margin_medium,880,paid_eligible,margin_medium,mommy_me,aov_medium,us_test_ready,True,True,high,set,true,summer,0-25
7227630649441,41872775086177,mother-daughter-matching-summer-dresses-vibrant-printed-sleeveless-maxi-dresses,Mother-Daughter Matching Summer Dresses Vibrant Pri... | DLM,Child 8-9 Years / Black,5144102138479-01,5144102138479,shopify_US_7227630649441_41872775086177,shopify_US_7227630649441,INFERRED_FROM_SHOPIFY_PRODUCT_ID; exact live MC item_group_id export not present locally,dlm_7227630649441_mother_dress,dlm_style_7227630649441_mother_daughter_matching_summer_dresses_vibrant_printed_sleeveless_maxi_dresses,mother,dress,Dresses,mommy_me,NEEDS_MERCHANT_EXPORT,https://cdn.shopify.com/s/files/1/1557/1635/files/pomelli-image_10_26539f1b-be24-4a95-8c35-fe4437376c70.png?v=1771562149,https://www.dresslikemommy.com/products/mother-daughter-matching-summer-dresses-vibrant-printed-sleeveless-maxi-dresses,16.99,in_stock,8.50,49.97,margin_medium,877,paid_eligible,margin_medium,mommy_me,aov_medium,us_test_ready,True,True,high,set,true,summer,0-25
7227630649441,41872775184481,mother-daughter-matching-summer-dresses-vibrant-printed-sleeveless-maxi-dresses,Mother-Daughter Matching Summer Dresses Vibrant Pri... | DLM,Mother M / Black,5144102138475-01,5144102138475,shopify_US_7227630649441_41872775184481,shopify_US_7227630649441,INFERRED_FROM_SHOPIFY_PRODUCT_ID; exact live MC item_group_id export not present locally,dlm_7227630649441_mother_dress,dlm_style_7227630649441_mother_daughter_matching_summer_dresses_vibrant_printed_sleeveless_maxi_dresses,mother,dress,Dresses,mommy_me,NEEDS_MERCHANT_EXPORT,https://cdn.shopify.com/s/files/1/1557/1635/files/pomelli-image_10_26539f1b-be24-4a95-8c35-fe4437376c70.png?v=1771562149,https://www.dresslikemommy.com/products/mother-daughter-matching-summer-dresses-vibrant-printed-sleeveless-maxi-dresses,21.99,in_stock,11.00,49.98,margin_medium,874,paid_eligible,margin_medium,mommy_me,aov_medium,us_test_ready,True,True,high,set,true,summer,0-25
7227630649441,41872775217249,mother-daughter-matching-summer-dresses-vibrant-printed-sleeveless-maxi-dresses,Mother-Daughter Matching Summer Dresses Vibrant Pri... | DLM,Mother L / Black,5144102138476-01,5144102138476,shopify_US_7227630649441_41872775217249,shopify_US_7227630649441,INFERRED_FROM_SHOPIFY_PRODUCT_ID; exact live MC item_group_id export not present locally,dlm_7227630649441_mother_dress,dlm_style_7227630649441_mother_daughter_matching_summer_dresses_vibrant_printed_sleeveless_maxi_dresses,mother,dress,Dresses,mommy_me,NEEDS_MERCHANT_EXPORT,https://cdn.shopify.com/s/files/1/1557/1635/files/pomelli-image_10_26539f1b-be24-4a95-8c35-fe4437376c70.png?v=1771562149,https://www.dresslikemommy.com/products/mother-daughter-matching-summer-dresses-vibrant-printed-sleeveless-maxi-dresses,21.99,in_stock,11.00,49.98,margin_medium,870,paid_eligible,margin_medium,mommy_me,aov_medium,us_test_ready,True,True,high,set,true,summer,0-25
7227630649441,41872775250017,mother-daughter-matching-summer-dresses-vibrant-printed-sleeveless-maxi-dresses,Mother-Daughter Matching Summer Dresses Vibrant Pri... | DLM,Mother XL / Black,5144102138477-01,5144102138477,shopify_US_7227630649441_41872775250017,shopify_US_7227630649441,INFERRED_FROM_SHOPIFY_PRODUCT_ID; exact live MC item_group_id export not present locally,dlm_7227630649441_mother_dress,dlm_style_7227630649441_mother_daughter_matching_summer_dresses_vibrant_printed_sleeveless_maxi_dresses,mother,dress,Dresses,mommy_me,NEEDS_MERCHANT_EXPORT,https://cdn.shopify.com/s/files/1/1557/1635/files/pomelli-image_10_26539f1b-be24-4a95-8c35-fe4437376c70.png?v=1771562149,https://www.dresslikemommy.com/products/mother-daughter-matching-summer-dresses-vibrant-printed-sleeveless-maxi-dresses,21.99,in_stock,11.00,49.98,margin_medium,867,paid_eligible,margin_medium,mommy_me,aov_medium,us_test_ready,True,True,high,set,true,summer,0-25
7227630649441,41872775315553,mother-daughter-matching-summer-dresses-vibrant-printed-sleeveless-maxi-dresses,Mother-Daughter Matching Summer Dresses Vibrant Pri... | DLM,Child 5-6 Years / White,5024264252007-01,5024264252007,shopify_US_7227630649441_41872775315553,shopify_US_7227630649441,INFERRED_FROM_SHOPIFY_PRODUCT_ID; exact live MC item_group_id export not present locally,dlm_7227630649441_mother_dress,dlm_style_7227630649441_mother_daughter_matching_summer_dresses_vibrant_printed_sleeveless_maxi_dresses,mother,dress,Dresses,mommy_me,NEEDS_MERCHANT_EXPORT,https://cdn.shopify.com/s/files/1/1557/1635/files/pomelli-image_10_26539f1b-be24-4a95-8c35-fe4437376c70.png?v=1771562149,https://www.dresslikemommy.com/products/mother-daughter-matching-summer-dresses-vibrant-printed-sleeveless-maxi-dresses,16.99,in_stock,8.50,49.97,margin_medium,881,paid_eligible,margin_medium,mommy_me,aov_medium,us_test_ready,True,True,high,set,true,summer,0-25
7227630649441,41872775348321,mother-daughter-matching-summer-dresses-vibrant-printed-sleeveless-maxi-dresses,Mother-Daughter Matching Summer Dresses Vibrant Pri... | DLM,Child 6-7 Years / White,5024264252009-01,5024264252009,shopify_US_7227630649441_41872775348321,shopify_US_7227630649441,INFERRED_FROM_SHOPIFY_PRODUCT_ID; exact live MC item_group_id export not present locally,dlm_7227630649441_mother_dress,dlm_style_7227630649441_mother_daughter_matching_summer_dresses_vibrant_printed_sleeveless_maxi_dresses,mother,dress,Dresses,mommy_me,NEEDS_MERCHANT_EXPORT,https://cdn.shopify.com/s/files/1/1557/1635/files/pomelli-image_10_26539f1b-be24-4a95-8c35-fe4437376c70.png?v=1771562149,https://www.dresslikemommy.com/products/mother-daughter-matching-summer-dresses-vibrant-printed-sleeveless-maxi-dresses,16.99,in_stock,8.50,49.97,margin_medium,876,paid_eligible,margin_medium,mommy_me,aov_medium,us_test_ready,True,True,high,set,true,summer,0-25
7227630649441,41872775381089,mother-daughter-matching-summer-dresses-vibrant-printed-sleeveless-maxi-dresses,Mother-Daughter Matching Summer Dresses Vibrant Pri... | DLM,Child 7-8 Years / White,5024264252010-01,5024264252010,shopify_US_7227630649441_41872775381089,shopify_US_7227630649441,INFERRED_FROM_SHOPIFY_PRODUCT_ID; exact live MC item_group_id export not present locally,dlm_7227630649441_mother_dress,dlm_style_7227630649441_mother_daughter_matching_summer_dresses_vibrant_printed_sleeveless_maxi_dresses,mother,dress,Dresses,mommy_me,NEEDS_MERCHANT_EXPORT,https://cdn.shopify.com/s/files/1/1557/1635/files/pomelli-image_10_26539f1b-be24-4a95-8c35-fe4437376c70.png?v=1771562149,https://www.dresslikemommy.com/products/mother-daughter-matching-summer-dresses-vibrant-printed-sleeveless-maxi-dresses,16.99,in_stock,8.50,49.97,margin_medium,875,paid_eligible,margin_medium,mommy_me,aov_medium,us_test_ready,True,True,high,set,true,summer,0-25
7227630649441,41872775413857,mother-daughter-matching-summer-dresses-vibrant-printed-sleeveless-maxi-dresses,Mother-Daughter Matching Summer Dresses Vibrant Pri... | DLM,Child 8-9 Years / White,5024264252008-01,5024264252008,shopify_US_7227630649441_41872775413857,shopify_US_7227630649441,INFERRED_FROM_SHOPIFY_PRODUCT_ID; exact live MC item_group_id export not present locally,dlm_7227630649441_mother_dress,dlm_style_7227630649441_mother_daughter_matching_summer_dresses_vibrant_printed_sleeveless_maxi_dresses,mother,dress,Dresses,mommy_me,NEEDS_MERCHANT_EXPORT,https://cdn.shopify.com/s/files/1/1557/1635/files/pomelli-image_10_26539f1b-be24-4a95-8c35-fe4437376c70.png?v=1771562149,https://www.dresslikemommy.com/products/mother-daughter-matching-summer-dresses-vibrant-printed-sleeveless-maxi-dresses,16.99,in_stock,8.50,49.97,margin_medium,878,paid_eligible,margin_medium,mommy_me,aov_medium,us_test_ready,True,True,high,set,true,summer,0-25
7227630649441,41872775479393,mother-daughter-matching-summer-dresses-vibrant-printed-sleeveless-maxi-dresses,Mother-Daughter Matching Summer Dresses Vibrant Pri... | DLM,Mother S / White,5024264252003-01,5024264252003,shopify_US_7227630649441_41872775479393,shopify_US_7227630649441,INFERRED_FROM_SHOPIFY_PRODUCT_ID; exact live MC item_group_id export not present locally,dlm_7227630649441_mother_dress,dlm_style_7227630649441_mother_daughter_matching_summer_dresses_vibrant_printed_sleeveless_maxi_dresses,mother,dress,Dresses,mommy_me,NEEDS_MERCHANT_EXPORT,https://cdn.shopify.com/s/files/1/1557/1635/files/pomelli-image_10_26539f1b-be24-4a95-8c35-fe4437376c70.png?v=1771562149,https://www.dresslikemommy.com/products/mother-daughter-matching-summer-dresses-vibrant-printed-sleeveless-maxi-dresses,21.99,in_stock,11.00,49.98,margin_medium,884,paid_eligible,margin_medium,mommy_me,aov_medium,us_test_ready,True,True,high,set,true,summer,0-25
7227630649441,41872775512161,mother-daughter-matching-summer-dresses-vibrant-printed-sleeveless-maxi-dresses,Mother-Daughter Matching Summer Dresses Vibrant Pri... | DLM,Mother M / White,5024264252004-01,5024264252004,shopify_US_7227630649441_41872775512161,shopify_US_7227630649441,INFERRED_FROM_SHOPIFY_PRODUCT_ID; exact live MC item_group_id export not present locally,dlm_7227630649441_mother_dress,dlm_style_7227630649441_mother_daughter_matching_summer_dresses_vibrant_printed_sleeveless_maxi_dresses,mother,dress,Dresses,mommy_me,NEEDS_MERCHANT_EXPORT,https://cdn.shopify.com/s/files/1/1557/1635/files/pomelli-image_10_26539f1b-be24-4a95-8c35-fe4437376c70.png?v=1771562149,https://www.dresslikemommy.com/products/mother-daughter-matching-summer-dresses-vibrant-printed-sleeveless-maxi-dresses,21.99,in_stock,11.00,49.98,margin_medium,878,paid_eligible,margin_medium,mommy_me,aov_medium,us_test_ready,True,True,high,set,true,summer,0-25
7227630649441,41872775544929,mother-daughter-matching-summer-dresses-vibrant-printed-sleeveless-maxi-dresses,Mother-Daughter Matching Summer Dresses Vibrant Pri... | DLM,Mother L / White,5024264252005-01,5024264252005,shopify_US_7227630649441_41872775544929,shopify_US_7227630649441,INFERRED_FROM_SHOPIFY_PRODUCT_ID; exact live MC item_group_id export not present locally,dlm_7227630649441_mother_dress,dlm_style_7227630649441_mother_daughter_matching_summer_dresses_vibrant_printed_sleeveless_maxi_dresses,mother,dress,Dresses,mommy_me,NEEDS_MERCHANT_EXPORT,https://cdn.shopify.com/s/files/1/1557/1635/files/pomelli-image_10_26539f1b-be24-4a95-8c35-fe4437376c70.png?v=1771562149,https://www.dresslikemommy.com/products/mother-daughter-matching-summer-dresses-vibrant-printed-sleeveless-maxi-dresses,21.99,in_stock,11.00,49.98,margin_medium,876,paid_eligible,margin_medium,mommy_me,aov_medium,us_test_ready,True,True,high,set,true,summer,0-25
7227630649441,41872775577697,mother-daughter-matching-summer-dresses-vibrant-printed-sleeveless-maxi-dresses,Mother-Daughter Matching Summer Dresses Vibrant Pri... | DLM,Mother XL / White,5024264252006-01,5024264252006,shopify_US_7227630649441_41872775577697,shopify_US_7227630649441,INFERRED_FROM_SHOPIFY_PRODUCT_ID; exact live MC item_group_id export not present locally,dlm_7227630649441_mother_dress,dlm_style_7227630649441_mother_daughter_matching_summer_dresses_vibrant_printed_sleeveless_maxi_dresses,mother,dress,Dresses,mommy_me,NEEDS_MERCHANT_EXPORT,https://cdn.shopify.com/s/files/1/1557/1635/files/pomelli-image_10_26539f1b-be24-4a95-8c35-fe4437376c70.png?v=1771562149,https://www.dresslikemommy.com/products/mother-daughter-matching-summer-dresses-vibrant-printed-sleeveless-maxi-dresses,21.99,in_stock,11.00,49.98,margin_medium,870,paid_eligible,margin_medium,mommy_me,aov_medium,us_test_ready,True,True,high,set,true,summer,0-25
7227630649441,41872775610465,mother-daughter-matching-summer-dresses-vibrant-printed-sleeveless-maxi-dresses,Mother-Daughter Matching Summer Dresses Vibrant Pri... | DLM,Child 4-5 Years / Yellow,5144102138493-01,5144102138493,shopify_US_7227630649441_41872775610465,shopify_US_7227630649441,INFERRED_FROM_SHOPIFY_PRODUCT_ID; exact live MC item_group_id export not present locally,dlm_7227630649441_mother_dress,dlm_style_7227630649441_mother_daughter_matching_summer_dresses_vibrant_printed_sleeveless_maxi_dresses,mother,dress,Dresses,mommy_me,NEEDS_MERCHANT_EXPORT,https://cdn.shopify.com/s/files/1/1557/1635/files/pomelli-image_10_26539f1b-be24-4a95-8c35-fe4437376c70.png?v=1771562149,https://www.dresslikemommy.com/products/mother-daughter-matching-summer-dresses-vibrant-printed-sleeveless-maxi-dresses,16.99,in_stock,8.50,49.97,margin_medium,880,paid_eligible,margin_medium,mommy_me,aov_medium,us_test_ready,True,True,high,set,true,summer,0-25
7227630649441,41872775676001,mother-daughter-matching-summer-dresses-vibrant-printed-sleeveless-maxi-dresses,Mother-Daughter Matching Summer Dresses Vibrant Pri... | DLM,Child 6-7 Years / Yellow,5144102138490-01,5144102138490,shopify_US_7227630649441_41872775676001,shopify_US_7227630649441,INFERRED_FROM_SHOPIFY_PRODUCT_ID; exact live MC item_group_id export not present locally,dlm_7227630649441_mother_dress,dlm_style_7227630649441_mother_daughter_matching_summer_dresses_vibrant_printed_sleeveless_maxi_dresses,mother,dress,Dresses,mommy_me,NEEDS_MERCHANT_EXPORT,https://cdn.shopify.com/s/files/1/1557/1635/files/pomelli-image_10_26539f1b-be24-4a95-8c35-fe4437376c70.png?v=1771562149,https://www.dresslikemommy.com/products/mother-daughter-matching-summer-dresses-vibrant-printed-sleeveless-maxi-dresses,16.99,in_stock,8.50,49.97,margin_medium,882,paid_eligible,margin_medium,mommy_me,aov_medium,us_test_ready,True,True,high,set,true,summer,0-25
7227630649441,41872775741537,mother-daughter-matching-summer-dresses-vibrant-printed-sleeveless-maxi-dresses,Mother-Daughter Matching Summer Dresses Vibrant Pri... | DLM,Child 8-9 Years / Yellow,5144102138489-01,5144102138489,shopify_US_7227630649441_41872775741537,shopify_US_7227630649441,INFERRED_FROM_SHOPIFY_PRODUCT_ID; exact live MC item_group_id export not present locally,dlm_7227630649441_mother_dress,dlm_style_7227630649441_mother_daughter_matching_summer_dresses_vibrant_printed_sleeveless_maxi_dresses,mother,dress,Dresses,mommy_me,NEEDS_MERCHANT_EXPORT,https://cdn.shopify.com/s/files/1/1557/1635/files/pomelli-image_10_26539f1b-be24-4a95-8c35-fe4437376c70.png?v=1771562149,https://www.dresslikemommy.com/products/mother-daughter-matching-summer-dresses-vibrant-printed-sleeveless-maxi-dresses,16.99,in_stock,8.50,49.97,margin_medium,886,paid_eligible,margin_medium,mommy_me,aov_medium,us_test_ready,True,True,high,set,true,summer,0-25
7227630649441,41872775774305,mother-daughter-matching-summer-dresses-vibrant-printed-sleeveless-maxi-dresses,Mother-Daughter Matching Summer Dresses Vibrant Pri... | DLM,Child 9-10 Years / Yellow,5144102138492-01,5144102138492,shopify_US_7227630649441_41872775774305,shopify_US_7227630649441,INFERRED_FROM_SHOPIFY_PRODUCT_ID; exact live MC item_group_id export not present locally,dlm_7227630649441_mother_dress,dlm_style_7227630649441_mother_daughter_matching_summer_dresses_vibrant_printed_sleeveless_maxi_dresses,mother,dress,Dresses,mommy_me,NEEDS_MERCHANT_EXPORT,https://cdn.shopify.com/s/files/1/1557/1635/files/pomelli-image_10_26539f1b-be24-4a95-8c35-fe4437376c70.png?v=1771562149,https://www.dresslikemommy.com/products/mother-daughter-matching-summer-dresses-vibrant-printed-sleeveless-maxi-dresses,16.99,in_stock,8.50,49.97,margin_medium,876,paid_eligible,margin_medium,mommy_me,aov_medium,us_test_ready,True,True,high,set,true,summer,0-25
7227630649441,41872775839841,mother-daughter-matching-summer-dresses-vibrant-printed-sleeveless-maxi-dresses,Mother-Daughter Matching Summer Dresses Vibrant Pri... | DLM,Mother M / Yellow,5144102138485-01,5144102138485,shopify_US_7227630649441_41872775839841,shopify_US_7227630649441,INFERRED_FROM_SHOPIFY_PRODUCT_ID; exact live MC item_group_id export not present locally,dlm_7227630649441_mother_dress,dlm_style_7227630649441_mother_daughter_matching_summer_dresses_vibrant_printed_sleeveless_maxi_dresses,mother,dress,Dresses,mommy_me,NEEDS_MERCHANT_EXPORT,https://cdn.shopify.com/s/files/1/1557/1635/files/pomelli-image_10_26539f1b-be24-4a95-8c35-fe4437376c70.png?v=1771562149,https://www.dresslikemommy.com/products/mother-daughter-matching-summer-dresses-vibrant-printed-sleeveless-maxi-dresses,21.99,in_stock,11.00,49.98,margin_medium,884,paid_eligible,margin_medium,mommy_me,aov_medium,us_test_ready,True,True,high,set,true,summer,0-25
7227630649441,41872775905377,mother-daughter-matching-summer-dresses-vibrant-printed-sleeveless-maxi-dresses,Mother-Daughter Matching Summer Dresses Vibrant Pri... | DLM,Mother XL / Yellow,5144102138487-01,5144102138487,shopify_US_7227630649441_41872775905377,shopify_US_7227630649441,INFERRED_FROM_SHOPIFY_PRODUCT_ID; exact live MC item_group_id export not present locally,dlm_7227630649441_mother_dress,dlm_style_7227630649441_mother_daughter_matching_summer_dresses_vibrant_printed_sleeveless_maxi_dresses,mother,dress,Dresses,mommy_me,NEEDS_MERCHANT_EXPORT,https://cdn.shopify.com/s/files/1/1557/1635/files/pomelli-image_10_26539f1b-be24-4a95-8c35-fe4437376c70.png?v=1771562149,https://www.dresslikemommy.com/products/mother-daughter-matching-summer-dresses-vibrant-printed-sleeveless-maxi-dresses,21.99,in_stock,11.00,49.98,margin_medium,879,paid_eligible,margin_medium,mommy_me,aov_medium,us_test_ready,True,True,high,set,true,summer,0-25
7227418738785,41871677980769,matching-family-striped-cardigans-navy-and-red-heart-embroidery-knit-sweaters-for-mom-dad-and-kids,Striped Cardigans Navy and Red Heart Embroidery Kni... | DLM,Baby 0-6 Months / Stripes,5588981261495-01,5588981261495,shopify_US_7227418738785_41871677980769,shopify_US_7227418738785,INFERRED_FROM_SHOPIFY_PRODUCT_ID; exact live MC item_group_id export not present locally,dlm_7227418738785_child_sweaters,dlm_style_7227418738785_matching_family_striped_cardigans_navy_and_red_heart_embroidery_knit_sweaters_for_mom_dad_and_kids,child,sweaters,Sweaters,mommy_me,NEEDS_MERCHANT_EXPORT,https://cdn.shopify.com/s/files/1/1557/1635/files/wmremove-transformed_d9779333-b1e4-4ccd-8af8-3d346f186085.png?v=1772785637,https://www.dresslikemommy.com/products/matching-family-striped-cardigans-navy-and-red-heart-embroidery-knit-sweaters-for-mom-dad-and-kids,21.99,in_stock,11.00,49.98,margin_medium,172,paid_eligible,margin_medium,mommy_me,aov_medium,us_test_ready,True,True,high,set,true,year-round,0-25
7227418738785,41871678013537,matching-family-striped-cardigans-navy-and-red-heart-embroidery-knit-sweaters-for-mom-dad-and-kids,Striped Cardigans Navy and Red Heart Embroidery Kni... | DLM,Baby 6-12 Months / Stripes,5588981261496-01,5588981261496,shopify_US_7227418738785_41871678013537,shopify_US_7227418738785,INFERRED_FROM_SHOPIFY_PRODUCT_ID; exact live MC item_group_id export not present locally,dlm_7227418738785_child_sweaters,dlm_style_7227418738785_matching_family_striped_cardigans_navy_and_red_heart_embroidery_knit_sweaters_for_mom_dad_and_kids,child,sweaters,Sweaters,mommy_me,NEEDS_MERCHANT_EXPORT,https://cdn.shopify.com/s/files/1/1557/1635/files/wmremove-transformed_d9779333-b1e4-4ccd-8af8-3d346f186085.png?v=1772785637,https://www.dresslikemommy.com/products/matching-family-striped-cardigans-navy-and-red-heart-embroidery-knit-sweaters-for-mom-dad-and-kids,21.99,in_stock,11.00,49.98,margin_medium,178,paid_eligible,margin_medium,mommy_me,aov_medium,us_test_ready,True,True,high,set,true,year-round,0-25
7227418738785,41871678046305,matching-family-striped-cardigans-navy-and-red-heart-embroidery-knit-sweaters-for-mom-dad-and-kids,Striped Cardigans Navy and Red Heart Embroidery Kni... | DLM,Baby 1-2 Years / Stripes,5588981261498-01,5588981261498,shopify_US_7227418738785_41871678046305,shopify_US_7227418738785,INFERRED_FROM_SHOPIFY_PRODUCT_ID; exact live MC item_group_id export not present locally,dlm_7227418738785_child_sweaters,dlm_style_7227418738785_matching_family_striped_cardigans_navy_and_red_heart_embroidery_knit_sweaters_for_mom_dad_and_kids,child,sweaters,Sweaters,mommy_me,NEEDS_MERCHANT_EXPORT,https://cdn.shopify.com/s/files/1/1557/1635/files/wmremove-transformed_d9779333-b1e4-4ccd-8af8-3d346f186085.png?v=1772785637,https://www.dresslikemommy.com/products/matching-family-striped-cardigans-navy-and-red-heart-embroidery-knit-sweaters-for-mom-dad-and-kids,21.99,in_stock,11.00,49.98,margin_medium,171,paid_eligible,margin_medium,mommy_me,aov_medium,us_test_ready,True,True,high,set,true,year-round,0-25
7227418738785,41871678144609,matching-family-striped-cardigans-navy-and-red-heart-embroidery-knit-sweaters-for-mom-dad-and-kids,Striped Cardigans Navy and Red Heart Embroidery Kni... | DLM,Child 4-5 Years / Stripes,5588981261502-01,5588981261502,shopify_US_7227418738785_41871678144609,shopify_US_7227418738785,INFERRED_FROM_SHOPIFY_PRODUCT_ID; exact live MC item_group_id export not present locally,dlm_7227418738785_child_sweaters,dlm_style_7227418738785_matching_family_striped_cardigans_navy_and_red_heart_embroidery_knit_sweaters_for_mom_dad_and_kids,child,sweaters,Sweaters,mommy_me,NEEDS_MERCHANT_EXPORT,https://cdn.shopify.com/s/files/1/1557/1635/files/wmremove-transformed_d9779333-b1e4-4ccd-8af8-3d346f186085.png?v=1772785637,https://www.dresslikemommy.com/products/matching-family-striped-cardigans-navy-and-red-heart-embroidery-knit-sweaters-for-mom-dad-and-kids,21.99,in_stock,11.00,49.98,margin_medium,175,paid_eligible,margin_medium,mommy_me,aov_medium,us_test_ready,True,True,high,set,true,year-round,0-25
7227418738785,41871678210145,matching-family-striped-cardigans-navy-and-red-heart-embroidery-knit-sweaters-for-mom-dad-and-kids,Striped Cardigans Navy and Red Heart Embroidery Kni... | DLM,Child 6-7 Years / Stripes,5588981261504-01,5588981261504,shopify_US_7227418738785_41871678210145,shopify_US_7227418738785,INFERRED_FROM_SHOPIFY_PRODUCT_ID; exact live MC item_group_id export not present locally,dlm_7227418738785_child_sweaters,dlm_style_7227418738785_matching_family_striped_cardigans_navy_and_red_heart_embroidery_knit_sweaters_for_mom_dad_and_kids,child,sweaters,Sweaters,mommy_me,NEEDS_MERCHANT_EXPORT,https://cdn.shopify.com/s/files/1/1557/1635/files/wmremove-transformed_d9779333-b1e4-4ccd-8af8-3d346f186085.png?v=1772785637,https://www.dresslikemommy.com/products/matching-family-striped-cardigans-navy-and-red-heart-embroidery-knit-sweaters-for-mom-dad-and-kids,21.99,in_stock,11.00,49.98,margin_medium,178,paid_eligible,margin_medium,mommy_me,aov_medium,us_test_ready,True,True,high,set,true,year-round,0-25
7227418738785,41871678275681,matching-family-striped-cardigans-navy-and-red-heart-embroidery-knit-sweaters-for-mom-dad-and-kids,Striped Cardigans Navy and Red Heart Embroidery Kni... | DLM,Child 8-9 Years / Stripes,5588981261506-01,5588981261506,shopify_US_7227418738785_41871678275681,shopify_US_7227418738785,INFERRED_FROM_SHOPIFY_PRODUCT_ID; exact live MC item_group_id export not present locally,dlm_7227418738785_child_sweaters,dlm_style_7227418738785_matching_family_striped_cardigans_navy_and_red_heart_embroidery_knit_sweaters_for_mom_dad_and_kids,child,sweaters,Sweaters,mommy_me,NEEDS_MERCHANT_EXPORT,https://cdn.shopify.com/s/files/1/1557/1635/files/wmremove-transformed_d9779333-b1e4-4ccd-8af8-3d346f186085.png?v=1772785637,https://www.dresslikemommy.com/products/matching-family-striped-cardigans-navy-and-red-heart-embroidery-knit-sweaters-for-mom-dad-and-kids,21.99,in_stock,11.00,49.98,margin_medium,178,paid_eligible,margin_medium,mommy_me,aov_medium,us_test_ready,True,True,high,set,true,year-round,0-25
7227418738785,41871678341217,matching-family-striped-cardigans-navy-and-red-heart-embroidery-knit-sweaters-for-mom-dad-and-kids,Striped Cardigans Navy and Red Heart Embroidery Kni... | DLM,Mother M / Stripes,5588981261508-01,5588981261508,shopify_US_7227418738785_41871678341217,shopify_US_7227418738785,INFERRED_FROM_SHOPIFY_PRODUCT_ID; exact live MC item_group_id export not present locally,dlm_7227418738785_mother_sweaters,dlm_style_7227418738785_matching_family_striped_cardigans_navy_and_red_heart_embroidery_knit_sweaters_for_mom_dad_and_kids,mother,sweaters,Sweaters,mommy_me,NEEDS_MERCHANT_EXPORT,https://cdn.shopify.com/s/files/1/1557/1635/files/wmremove-transformed_d9779333-b1e4-4ccd-8af8-3d346f186085.png?v=1772785637,https://www.dresslikemommy.com/products/matching-family-striped-cardigans-navy-and-red-heart-embroidery-knit-sweaters-for-mom-dad-and-kids,29.99,in_stock,15.00,49.98,margin_medium,177,paid_eligible,margin_medium,mommy_me,aov_medium,us_test_ready,True,True,high,set,true,year-round,0-25
7227418738785,41871678373985,matching-family-striped-cardigans-navy-and-red-heart-embroidery-knit-sweaters-for-mom-dad-and-kids,Striped Cardigans Navy and Red Heart Embroidery Kni... | DLM,Mother L / Stripes,5588981261509-01,5588981261509,shopify_US_7227418738785_41871678373985,shopify_US_7227418738785,INFERRED_FROM_SHOPIFY_PRODUCT_ID; exact live MC item_group_id export not present locally,dlm_7227418738785_mother_sweaters,dlm_style_7227418738785_matching_family_striped_cardigans_navy_and_red_heart_embroidery_knit_sweaters_for_mom_dad_and_kids,mother,sweaters,Sweaters,mommy_me,NEEDS_MERCHANT_EXPORT,https://cdn.shopify.com/s/files/1/1557/1635/files/wmremove-transformed_d9779333-b1e4-4ccd-8af8-3d346f186085.png?v=1772785637,https://www.dresslikemommy.com/products/matching-family-striped-cardigans-navy-and-red-heart-embroidery-knit-sweaters-for-mom-dad-and-kids,29.99,in_stock,15.00,49.98,margin_medium,176,paid_eligible,margin_medium,mommy_me,aov_medium,us_test_ready,True,True,high,set,true,year-round,0-25
7227418738785,41871678406753,matching-family-striped-cardigans-navy-and-red-heart-embroidery-knit-sweaters-for-mom-dad-and-kids,Striped Cardigans Navy and Red Heart Embroidery Kni... | DLM,Mother XL / Stripes,5588981261510-01,5588981261510,shopify_US_7227418738785_41871678406753,shopify_US_7227418738785,INFERRED_FROM_SHOPIFY_PRODUCT_ID; exact live MC item_group_id export not present locally,dlm_7227418738785_mother_sweaters,dlm_style_7227418738785_matching_family_striped_cardigans_navy_and_red_heart_embroidery_knit_sweaters_for_mom_dad_and_kids,mother,sweaters,Sweaters,mommy_me,NEEDS_MERCHANT_EXPORT,https://cdn.shopify.com/s/files/1/1557/1635/files/wmremove-transformed_d9779333-b1e4-4ccd-8af8-3d346f186085.png?v=1772785637,https://www.dresslikemommy.com/products/matching-family-striped-cardigans-navy-and-red-heart-embroidery-knit-sweaters-for-mom-dad-and-kids,29.99,in_stock,15.00,49.98,margin_medium,177,paid_eligible,margin_medium,mommy_me,aov_medium,us_test_ready,True,True,high,set,true,year-round,0-25
7229027876961,41878213689441,stylish-blue-sleeveless-mommy-and-me-dress-set-with-bow-detail-perfect-for-summer-outings,Stylish Blue Sleeveless Dress Set with Bow Detail P... | DLM,Child 2 years / Blue,5657936826408-01,5657936826408,shopify_US_7229027876961_41878213689441,shopify_US_7229027876961,INFERRED_FROM_SHOPIFY_PRODUCT_ID; exact live MC item_group_id export not present locally,dlm_7229027876961_child_dress,dlm_style_7229027876961_stylish_blue_sleeveless_mommy_and_me_dress_set_with_bow_detail_perfect_for_summer_outings,child,dress,Dresses,mommy_me,NEEDS_MERCHANT_EXPORT,https://cdn.shopify.com/s/files/1/1557/1635/files/pomelli-image_14_657aed88-825e-4872-86eb-9c68f2da1d7a.png?v=1771834346,https://www.dresslikemommy.com/products/stylish-blue-sleeveless-mommy-and-me-dress-set-with-bow-detail-perfect-for-summer-outings,23.99,in_stock,12.00,49.98,margin_medium,9947,paid_eligible,margin_medium,mommy_me,aov_medium,us_test_ready,True,True,high,set,true,summer,0-25
7229027876961,41878213722209,stylish-blue-sleeveless-mommy-and-me-dress-set-with-bow-detail-perfect-for-summer-outings,Stylish Blue Sleeveless Dress Set with Bow Detail P... | DLM,Child 4 years / Blue,5657936826409-01,5657936826409,shopify_US_7229027876961_41878213722209,shopify_US_7229027876961,INFERRED_FROM_SHOPIFY_PRODUCT_ID; exact live MC item_group_id export not present locally,dlm_7229027876961_child_dress,dlm_style_7229027876961_stylish_blue_sleeveless_mommy_and_me_dress_set_with_bow_detail_perfect_for_summer_outings,child,dress,Dresses,mommy_me,NEEDS_MERCHANT_EXPORT,https://cdn.shopify.com/s/files/1/1557/1635/files/pomelli-image_14_657aed88-825e-4872-86eb-9c68f2da1d7a.png?v=1771834346,https://www.dresslikemommy.com/products/stylish-blue-sleeveless-mommy-and-me-dress-set-with-bow-detail-perfect-for-summer-outings,23.99,in_stock,12.00,49.98,margin_medium,9936,paid_eligible,margin_medium,mommy_me,aov_medium,us_test_ready,True,True,high,set,true,summer,0-25
7229027876961,41878213787745,stylish-blue-sleeveless-mommy-and-me-dress-set-with-bow-detail-perfect-for-summer-outings,Stylish Blue Sleeveless Dress Set with Bow Detail P... | DLM,Child 8 years / Blue,5657936826411-01,5657936826411,shopify_US_7229027876961_41878213787745,shopify_US_7229027876961,INFERRED_FROM_SHOPIFY_PRODUCT_ID; exact live MC item_group_id export not present locally,dlm_7229027876961_child_dress,dlm_style_7229027876961_stylish_blue_sleeveless_mommy_and_me_dress_set_with_bow_detail_perfect_for_summer_outings,child,dress,Dresses,mommy_me,NEEDS_MERCHANT_EXPORT,https://cdn.shopify.com/s/files/1/1557/1635/files/pomelli-image_14_657aed88-825e-4872-86eb-9c68f2da1d7a.png?v=1771834346,https://www.dresslikemommy.com/products/stylish-blue-sleeveless-mommy-and-me-dress-set-with-bow-detail-perfect-for-summer-outings,23.99,in_stock,12.00,49.98,margin_medium,9922,paid_eligible,margin_medium,mommy_me,aov_medium,us_test_ready,True,True,high,set,true,summer,0-25
7229027876961,41878213886049,stylish-blue-sleeveless-mommy-and-me-dress-set-with-bow-detail-perfect-for-summer-outings,Stylish Blue Sleeveless Dress Set with Bow Detail P... | DLM,Mother S / Blue,5657936826414-01,5657936826414,shopify_US_7229027876961_41878213886049,shopify_US_7229027876961,INFERRED_FROM_SHOPIFY_PRODUCT_ID; exact live MC item_group_id export not present locally,dlm_7229027876961_mother_dress,dlm_style_7229027876961_stylish_blue_sleeveless_mommy_and_me_dress_set_with_bow_detail_perfect_for_summer_outings,mother,dress,Dresses,mommy_me,NEEDS_MERCHANT_EXPORT,https://cdn.shopify.com/s/files/1/1557/1635/files/pomelli-image_14_657aed88-825e-4872-86eb-9c68f2da1d7a.png?v=1771834346,https://www.dresslikemommy.com/products/stylish-blue-sleeveless-mommy-and-me-dress-set-with-bow-detail-perfect-for-summer-outings,29.99,in_stock,15.00,49.98,margin_medium,9845,paid_eligible,margin_medium,mommy_me,aov_medium,us_test_ready,True,True,high,set,true,summer,0-25
7229027876961,41878213984353,stylish-blue-sleeveless-mommy-and-me-dress-set-with-bow-detail-perfect-for-summer-outings,Stylish Blue Sleeveless Dress Set with Bow Detail P... | DLM,Mother XL / Blue,5657936826417-01,5657936826417,shopify_US_7229027876961_41878213984353,shopify_US_7229027876961,INFERRED_FROM_SHOPIFY_PRODUCT_ID; exact live MC item_group_id export not present locally,dlm_7229027876961_mother_dress,dlm_style_7229027876961_stylish_blue_sleeveless_mommy_and_me_dress_set_with_bow_detail_perfect_for_summer_outings,mother,dress,Dresses,mommy_me,NEEDS_MERCHANT_EXPORT,https://cdn.shopify.com/s/files/1/1557/1635/files/pomelli-image_14_657aed88-825e-4872-86eb-9c68f2da1d7a.png?v=1771834346,https://www.dresslikemommy.com/products/stylish-blue-sleeveless-mommy-and-me-dress-set-with-bow-detail-perfect-for-summer-outings,29.99,in_stock,15.00,49.98,margin_medium,9943,paid_eligible,margin_medium,mommy_me,aov_medium,us_test_ready,True,True,high,set,true,summer,0-25
7229027876961,41878214017121,stylish-blue-sleeveless-mommy-and-me-dress-set-with-bow-detail-perfect-for-summer-outings,Stylish Blue Sleeveless Dress Set with Bow Detail P... | DLM,Mother 2XL / Blue,5657936826418-01,5657936826418,shopify_US_7229027876961_41878214017121,shopify_US_7229027876961,INFERRED_FROM_SHOPIFY_PRODUCT_ID; exact live MC item_group_id export not present locally,dlm_7229027876961_mother_dress,dlm_style_7229027876961_stylish_blue_sleeveless_mommy_and_me_dress_set_with_bow_detail_perfect_for_summer_outings,mother,dress,Dresses,mommy_me,NEEDS_MERCHANT_EXPORT,https://cdn.shopify.com/s/files/1/1557/1635/files/pomelli-image_14_657aed88-825e-4872-86eb-9c68f2da1d7a.png?v=1771834346,https://www.dresslikemommy.com/products/stylish-blue-sleeveless-mommy-and-me-dress-set-with-bow-detail-perfect-for-summer-outings,29.99,in_stock,15.00,49.98,margin_medium,9954,paid_eligible,margin_medium,mommy_me,aov_medium,us_test_ready,True,True,high,set,true,summer,0-25
7229023846497,41878199009377,vibrant-rainbow-maxi-dress-set-for-mom-and-daughter-colorful-summer-matching-outfits,Vibrant Rainbow Maxi Dress Set for Colorful Summer ... | DLM,Girl 6-7 Years / Multi Color,5608270011165-01,5608270011165,shopify_US_7229023846497_41878199009377,shopify_US_7229023846497,INFERRED_FROM_SHOPIFY_PRODUCT_ID; exact live MC item_group_id export not present locally,dlm_7229023846497_child_dress,dlm_style_7229023846497_vibrant_rainbow_maxi_dress_set_for_mom_and_daughter_colorful_summer_matching_outfits,child,dress,Sets,mommy_me,NEEDS_MERCHANT_EXPORT,https://cdn.shopify.com/s/files/1/1557/1635/files/pomelli-image_2_23675fc4-dabc-4f5a-a6fb-dd5ba380c689.png?v=1771563097,https://www.dresslikemommy.com/products/vibrant-rainbow-maxi-dress-set-for-mom-and-daughter-colorful-summer-matching-outfits,23.99,in_stock,12.00,49.98,margin_medium,48,paid_eligible,margin_medium,mommy_me,aov_medium,us_test_ready,True,True,high,set,true,year-round,0-25
7229023846497,41878199107681,vibrant-rainbow-maxi-dress-set-for-mom-and-daughter-colorful-summer-matching-outfits,Vibrant Rainbow Maxi Dress Set for Colorful Summer ... | DLM,Mother M / Multi Color,5608270011168-01,5608270011168,shopify_US_7229023846497_41878199107681,shopify_US_7229023846497,INFERRED_FROM_SHOPIFY_PRODUCT_ID; exact live MC item_group_id export not present locally,dlm_7229023846497_mother_dress,dlm_style_7229023846497_vibrant_rainbow_maxi_dress_set_for_mom_and_daughter_colorful_summer_matching_outfits,mother,dress,Sets,mommy_me,NEEDS_MERCHANT_EXPORT,https://cdn.shopify.com/s/files/1/1557/1635/files/pomelli-image_2_23675fc4-dabc-4f5a-a6fb-dd5ba380c689.png?v=1771563097,https://www.dresslikemommy.com/products/vibrant-rainbow-maxi-dress-set-for-mom-and-daughter-colorful-summer-matching-outfits,27.99,in_stock,14.00,49.98,margin_medium,48,paid_eligible,margin_medium,mommy_me,aov_medium,us_test_ready,True,True,high,set,true,year-round,0-25
7229023846497,41878199140449,vibrant-rainbow-maxi-dress-set-for-mom-and-daughter-colorful-summer-matching-outfits,Vibrant Rainbow Maxi Dress Set for Colorful Summer ... | DLM,Mother L / Multi Color,5608270011169-01,5608270011169,shopify_US_7229023846497_41878199140449,shopify_US_7229023846497,INFERRED_FROM_SHOPIFY_PRODUCT_ID; exact live MC item_group_id export not present locally,dlm_7229023846497_mother_dress,dlm_style_7229023846497_vibrant_rainbow_maxi_dress_set_for_mom_and_daughter_colorful_summer_matching_outfits,mother,dress,Sets,mommy_me,NEEDS_MERCHANT_EXPORT,https://cdn.shopify.com/s/files/1/1557/1635/files/pomelli-image_2_23675fc4-dabc-4f5a-a6fb-dd5ba380c689.png?v=1771563097,https://www.dresslikemommy.com/products/vibrant-rainbow-maxi-dress-set-for-mom-and-daughter-colorful-summer-matching-outfits,27.99,in_stock,14.00,49.98,margin_medium,49,paid_eligible,margin_medium,mommy_me,aov_medium,us_test_ready,True,True,high,set,true,year-round,0-25
7229023846497,41878199173217,vibrant-rainbow-maxi-dress-set-for-mom-and-daughter-colorful-summer-matching-outfits,Vibrant Rainbow Maxi Dress Set for Colorful Summer ... | DLM,Mother XL / Multi Color,5608270011170-01,5608270011170,shopify_US_7229023846497_41878199173217,shopify_US_7229023846497,INFERRED_FROM_SHOPIFY_PRODUCT_ID; exact live MC item_group_id export not present locally,dlm_7229023846497_mother_dress,dlm_style_7229023846497_vibrant_rainbow_maxi_dress_set_for_mom_and_daughter_colorful_summer_matching_outfits,mother,dress,Sets,mommy_me,NEEDS_MERCHANT_EXPORT,https://cdn.shopify.com/s/files/1/1557/1635/files/pomelli-image_2_23675fc4-dabc-4f5a-a6fb-dd5ba380c689.png?v=1771563097,https://www.dresslikemommy.com/products/vibrant-rainbow-maxi-dress-set-for-mom-and-daughter-colorful-summer-matching-outfits,27.99,in_stock,14.00,49.98,margin_medium,50,paid_eligible,margin_medium,mommy_me,aov_medium,us_test_ready,True,True,high,set,true,year-round,0-25
7229128441953,41878470459489,vibrant-rainbow-family-matching-outfits-striped-t-shirts-and-yellow-overalls-set-for-family-outings,Vibrant Rainbow Outfits Striped T-Shirts and Yellow... | DLM,Mother M / T-shirt,5460499999980-01,5460499999980,shopify_US_7229128441953_41878470459489,shopify_US_7229128441953,INFERRED_FROM_SHOPIFY_PRODUCT_ID; exact live MC item_group_id export not present locally,dlm_7229128441953_mother_shirt_or_top,dlm_style_7229128441953_vibrant_rainbow_family_matching_outfits_striped_t_shirts_and_yellow_overalls_set_for_family_outings,mother,shirt_or_top,Sets,mommy_me,NEEDS_MERCHANT_EXPORT,https://cdn.shopify.com/s/files/1/1557/1635/files/pomelli-image_27_a7cb604d-d1c0-4920-a337-58784255dea2.png?v=1772564773,https://www.dresslikemommy.com/products/vibrant-rainbow-family-matching-outfits-striped-t-shirts-and-yellow-overalls-set-for-family-outings,19.99,in_stock,10.00,49.97,margin_medium,3517,paid_eligible,margin_medium,mommy_me,aov_medium,us_test_ready,True,True,high,set,true,year-round,0-25
7229128441953,41878470492257,vibrant-rainbow-family-matching-outfits-striped-t-shirts-and-yellow-overalls-set-for-family-outings,Vibrant Rainbow Outfits Striped T-Shirts and Yellow... | DLM,Mother L / T-shirt,5460499999981-01,5460499999981,shopify_US_7229128441953_41878470492257,shopify_US_7229128441953,INFERRED_FROM_SHOPIFY_PRODUCT_ID; exact live MC item_group_id export not present locally,dlm_7229128441953_mother_shirt_or_top,dlm_style_7229128441953_vibrant_rainbow_family_matching_outfits_striped_t_shirts_and_yellow_overalls_set_for_family_outings,mother,shirt_or_top,Sets,mommy_me,NEEDS_MERCHANT_EXPORT,https://cdn.shopify.com/s/files/1/1557/1635/files/pomelli-image_27_a7cb604d-d1c0-4920-a337-58784255dea2.png?v=1772564773,https://www.dresslikemommy.com/products/vibrant-rainbow-family-matching-outfits-striped-t-shirts-and-yellow-overalls-set-for-family-outings,19.99,in_stock,10.00,49.97,margin_medium,3713,paid_eligible,margin_medium,mommy_me,aov_medium,us_test_ready,True,True,high,set,true,year-round,0-25
7229128441953,41878470557793,vibrant-rainbow-family-matching-outfits-striped-t-shirts-and-yellow-overalls-set-for-family-outings,Vibrant Rainbow Outfits Striped T-Shirts and Yellow... | DLM,Mother 2XL / T-shirt,5460499999983-01,5460499999983,shopify_US_7229128441953_41878470557793,shopify_US_7229128441953,INFERRED_FROM_SHOPIFY_PRODUCT_ID; exact live MC item_group_id export not present locally,dlm_7229128441953_mother_shirt_or_top,dlm_style_7229128441953_vibrant_rainbow_family_matching_outfits_striped_t_shirts_and_yellow_overalls_set_for_family_outings,mother,shirt_or_top,Sets,mommy_me,NEEDS_MERCHANT_EXPORT,https://cdn.shopify.com/s/files/1/1557/1635/files/pomelli-image_27_a7cb604d-d1c0-4920-a337-58784255dea2.png?v=1772564773,https://www.dresslikemommy.com/products/vibrant-rainbow-family-matching-outfits-striped-t-shirts-and-yellow-overalls-set-for-family-outings,19.99,in_stock,10.00,49.97,margin_medium,4329,paid_eligible,margin_medium,mommy_me,aov_medium,us_test_ready,True,True,high,set,true,year-round,0-25
7229128441953,41878471376993,vibrant-rainbow-family-matching-outfits-striped-t-shirts-and-yellow-overalls-set-for-family-outings,Vibrant Rainbow Outfits Striped T-Shirts and Yellow... | DLM,Mother S / Overall,5287274432027-01,5287274432027,shopify_US_7229128441953_41878471376993,shopify_US_7229128441953,INFERRED_FROM_SHOPIFY_PRODUCT_ID; exact live MC item_group_id export not present locally,dlm_7229128441953_mother_shirt_or_top,dlm_style_7229128441953_vibrant_rainbow_family_matching_outfits_striped_t_shirts_and_yellow_overalls_set_for_family_outings,mother,shirt_or_top,Sets,mommy_me,NEEDS_MERCHANT_EXPORT,https://cdn.shopify.com/s/files/1/1557/1635/files/pomelli-image_27_a7cb604d-d1c0-4920-a337-58784255dea2.png?v=1772564773,https://www.dresslikemommy.com/products/vibrant-rainbow-family-matching-outfits-striped-t-shirts-and-yellow-overalls-set-for-family-outings,26.99,in_stock,13.50,49.98,margin_medium,4178,paid_eligible,margin_medium,mommy_me,aov_medium,us_test_ready,True,True,high,set,true,year-round,0-25
7229128441953,41878471409761,vibrant-rainbow-family-matching-outfits-striped-t-shirts-and-yellow-overalls-set-for-family-outings,Vibrant Rainbow Outfits Striped T-Shirts and Yellow... | DLM,Mother M / Overall,5287274432028-01,5287274432028,shopify_US_7229128441953_41878471409761,shopify_US_7229128441953,INFERRED_FROM_SHOPIFY_PRODUCT_ID; exact live MC item_group_id export not present locally,dlm_7229128441953_mother_shirt_or_top,dlm_style_7229128441953_vibrant_rainbow_family_matching_outfits_striped_t_shirts_and_yellow_overalls_set_for_family_outings,mother,shirt_or_top,Sets,mommy_me,NEEDS_MERCHANT_EXPORT,https://cdn.shopify.com/s/files/1/1557/1635/files/pomelli-image_27_a7cb604d-d1c0-4920-a337-58784255dea2.png?v=1772564773,https://www.dresslikemommy.com/products/vibrant-rainbow-family-matching-outfits-striped-t-shirts-and-yellow-overalls-set-for-family-outings,26.99,in_stock,13.50,49.98,margin_medium,3558,paid_eligible,margin_medium,mommy_me,aov_medium,us_test_ready,True,True,high,set,true,year-round,0-25
7228788867169,41877294841953,cute-matching-mom-and-daughter-cartoon-pajama-set-fun-and-cozy-sleepwear,Cute Matching Cartoon Pajama Set - Fun and Cozy Sle... | DLM,Girl 2-3 years / Red,4974227104271-01,4974227104271,shopify_US_7228788867169_41877294841953,shopify_US_7228788867169,INFERRED_FROM_SHOPIFY_PRODUCT_ID; exact live MC item_group_id export not present locally,dlm_7228788867169_child_pajamas,dlm_style_7228788867169_cute_matching_mom_and_daughter_cartoon_pajama_set_fun_and_cozy_sleepwear,child,pajamas,Pajamas,pajamas,NEEDS_MERCHANT_EXPORT,https://cdn.shopify.com/s/files/1/1557/1635/files/pomelli-image_4.png?v=1771556144,https://www.dresslikemommy.com/products/cute-matching-mom-and-daughter-cartoon-pajama-set-fun-and-cozy-sleepwear,24.99,in_stock,12.50,49.98,margin_medium,8888,paid_eligible,margin_medium,pajamas,aov_medium,us_test_ready,True,True,high,set,true,summer,0-25
7228788867169,41877294874721,cute-matching-mom-and-daughter-cartoon-pajama-set-fun-and-cozy-sleepwear,Cute Matching Cartoon Pajama Set - Fun and Cozy Sle... | DLM,Girl 3-4 years / Red,4974227104268-01,4974227104268,shopify_US_7228788867169_41877294874721,shopify_US_7228788867169,INFERRED_FROM_SHOPIFY_PRODUCT_ID; exact live MC item_group_id export not present locally,dlm_7228788867169_child_pajamas,dlm_style_7228788867169_cute_matching_mom_and_daughter_cartoon_pajama_set_fun_and_cozy_sleepwear,child,pajamas,Pajamas,pajamas,NEEDS_MERCHANT_EXPORT,https://cdn.shopify.com/s/files/1/1557/1635/files/pomelli-image_4.png?v=1771556144,https://www.dresslikemommy.com/products/cute-matching-mom-and-daughter-cartoon-pajama-set-fun-and-cozy-sleepwear,24.99,in_stock,12.50,49.98,margin_medium,8888,paid_eligible,margin_medium,pajamas,aov_medium,us_test_ready,True,True,high,set,true,summer,0-25
7228788867169,41877294907489,cute-matching-mom-and-daughter-cartoon-pajama-set-fun-and-cozy-sleepwear,Cute Matching Cartoon Pajama Set - Fun and Cozy Sle... | DLM,Girl 4-5 years / Red,4974227104272-01,4974227104272,shopify_US_7228788867169_41877294907489,shopify_US_7228788867169,INFERRED_FROM_SHOPIFY_PRODUCT_ID; exact live MC item_group_id export not present locally,dlm_7228788867169_child_pajamas,dlm_style_7228788867169_cute_matching_mom_and_daughter_cartoon_pajama_set_fun_and_cozy_sleepwear,child,pajamas,Pajamas,pajamas,NEEDS_MERCHANT_EXPORT,https://cdn.shopify.com/s/files/1/1557/1635/files/pomelli-image_4.png?v=1771556144,https://www.dresslikemommy.com/products/cute-matching-mom-and-daughter-cartoon-pajama-set-fun-and-cozy-sleepwear,24.99,in_stock,12.50,49.98,margin_medium,8885,paid_eligible,margin_medium,pajamas,aov_medium,us_test_ready,True,True,high,set,true,summer,0-25
7228788867169,41877294940257,cute-matching-mom-and-daughter-cartoon-pajama-set-fun-and-cozy-sleepwear,Cute Matching Cartoon Pajama Set - Fun and Cozy Sle... | DLM,Girl 5-6 years / Red,4974227104263-01,4974227104263,shopify_US_7228788867169_41877294940257,shopify_US_7228788867169,INFERRED_FROM_SHOPIFY_PRODUCT_ID; exact live MC item_group_id export not present locally,dlm_7228788867169_child_pajamas,dlm_style_7228788867169_cute_matching_mom_and_daughter_cartoon_pajama_set_fun_and_cozy_sleepwear,child,pajamas,Pajamas,pajamas,NEEDS_MERCHANT_EXPORT,https://cdn.shopify.com/s/files/1/1557/1635/files/pomelli-image_4.png?v=1771556144,https://www.dresslikemommy.com/products/cute-matching-mom-and-daughter-cartoon-pajama-set-fun-and-cozy-sleepwear,24.99,in_stock,12.50,49.98,margin_medium,8883,paid_eligible,margin_medium,pajamas,aov_medium,us_test_ready,True,True,high,set,true,summer,0-25
7228788867169,41877294973025,cute-matching-mom-and-daughter-cartoon-pajama-set-fun-and-cozy-sleepwear,Cute Matching Cartoon Pajama Set - Fun and Cozy Sle... | DLM,Girl 6-7 years / Red,4974227104265-01,4974227104265,shopify_US_7228788867169_41877294973025,shopify_US_7228788867169,INFERRED_FROM_SHOPIFY_PRODUCT_ID; exact live MC item_group_id export not present locally,dlm_7228788867169_child_pajamas,dlm_style_7228788867169_cute_matching_mom_and_daughter_cartoon_pajama_set_fun_and_cozy_sleepwear,child,pajamas,Pajamas,pajamas,NEEDS_MERCHANT_EXPORT,https://cdn.shopify.com/s/files/1/1557/1635/files/pomelli-image_4.png?v=1771556144,https://www.dresslikemommy.com/products/cute-matching-mom-and-daughter-cartoon-pajama-set-fun-and-cozy-sleepwear,24.99,in_stock,12.50,49.98,margin_medium,8884,paid_eligible,margin_medium,pajamas,aov_medium,us_test_ready,True,True,high,set,true,summer,0-25
7228788867169,41877295005793,cute-matching-mom-and-daughter-cartoon-pajama-set-fun-and-cozy-sleepwear,Cute Matching Cartoon Pajama Set - Fun and Cozy Sle... | DLM,Girl 7-8 years / Red,4974227104267-01,4974227104267,shopify_US_7228788867169_41877295005793,shopify_US_7228788867169,INFERRED_FROM_SHOPIFY_PRODUCT_ID; exact live MC item_group_id export not present locally,dlm_7228788867169_child_pajamas,dlm_style_7228788867169_cute_matching_mom_and_daughter_cartoon_pajama_set_fun_and_cozy_sleepwear,child,pajamas,Pajamas,pajamas,NEEDS_MERCHANT_EXPORT,https://cdn.shopify.com/s/files/1/1557/1635/files/pomelli-image_4.png?v=1771556144,https://www.dresslikemommy.com/products/cute-matching-mom-and-daughter-cartoon-pajama-set-fun-and-cozy-sleepwear,24.99,in_stock,12.50,49.98,margin_medium,8885,paid_eligible,margin_medium,pajamas,aov_medium,us_test_ready,True,True,high,set,true,summer,0-25
7228788867169,41877295038561,cute-matching-mom-and-daughter-cartoon-pajama-set-fun-and-cozy-sleepwear,Cute Matching Cartoon Pajama Set - Fun and Cozy Sle... | DLM,Girl 8-9 years / Red,4974227104264-01,4974227104264,shopify_US_7228788867169_41877295038561,shopify_US_7228788867169,INFERRED_FROM_SHOPIFY_PRODUCT_ID; exact live MC item_group_id export not present locally,dlm_7228788867169_child_pajamas,dlm_style_7228788867169_cute_matching_mom_and_daughter_cartoon_pajama_set_fun_and_cozy_sleepwear,child,pajamas,Pajamas,pajamas,NEEDS_MERCHANT_EXPORT,https://cdn.shopify.com/s/files/1/1557/1635/files/pomelli-image_4.png?v=1771556144,https://www.dresslikemommy.com/products/cute-matching-mom-and-daughter-cartoon-pajama-set-fun-and-cozy-sleepwear,24.99,in_stock,12.50,49.98,margin_medium,8885,paid_eligible,margin_medium,pajamas,aov_medium,us_test_ready,True,True,high,set,true,summer,0-25
7228788867169,41877295071329,cute-matching-mom-and-daughter-cartoon-pajama-set-fun-and-cozy-sleepwear,Cute Matching Cartoon Pajama Set - Fun and Cozy Sle... | DLM,Girl 9-10 years / Red,4974227104270-01,4974227104270,shopify_US_7228788867169_41877295071329,shopify_US_7228788867169,INFERRED_FROM_SHOPIFY_PRODUCT_ID; exact live MC item_group_id export not present locally,dlm_7228788867169_child_pajamas,dlm_style_7228788867169_cute_matching_mom_and_daughter_cartoon_pajama_set_fun_and_cozy_sleepwear,child,pajamas,Pajamas,pajamas,NEEDS_MERCHANT_EXPORT,https://cdn.shopify.com/s/files/1/1557/1635/files/pomelli-image_4.png?v=1771556144,https://www.dresslikemommy.com/products/cute-matching-mom-and-daughter-cartoon-pajama-set-fun-and-cozy-sleepwear,24.99,in_stock,12.50,49.98,margin_medium,8886,paid_eligible,margin_medium,pajamas,aov_medium,us_test_ready,True,True,high,set,true,summer,0-25
7228788867169,41877295104097,cute-matching-mom-and-daughter-cartoon-pajama-set-fun-and-cozy-sleepwear,Cute Matching Cartoon Pajama Set - Fun and Cozy Sle... | DLM,Mother M / Red,4974227104262-01,4974227104262,shopify_US_7228788867169_41877295104097,shopify_US_7228788867169,INFERRED_FROM_SHOPIFY_PRODUCT_ID; exact live MC item_group_id export not present locally,dlm_7228788867169_mother_pajamas,dlm_style_7228788867169_cute_matching_mom_and_daughter_cartoon_pajama_set_fun_and_cozy_sleepwear,mother,pajamas,Pajamas,pajamas,NEEDS_MERCHANT_EXPORT,https://cdn.shopify.com/s/files/1/1557/1635/files/pomelli-image_4.png?v=1771556144,https://www.dresslikemommy.com/products/cute-matching-mom-and-daughter-cartoon-pajama-set-fun-and-cozy-sleepwear,27.99,in_stock,14.00,49.98,margin_medium,8888,paid_eligible,margin_medium,pajamas,aov_medium,us_test_ready,True,True,high,set,true,summer,0-25
7228788867169,41877295136865,cute-matching-mom-and-daughter-cartoon-pajama-set-fun-and-cozy-sleepwear,Cute Matching Cartoon Pajama Set - Fun and Cozy Sle... | DLM,Mother L / Red,4974227104266-01,4974227104266,shopify_US_7228788867169_41877295136865,shopify_US_7228788867169,INFERRED_FROM_SHOPIFY_PRODUCT_ID; exact live MC item_group_id export not present locally,dlm_7228788867169_mother_pajamas,dlm_style_7228788867169_cute_matching_mom_and_daughter_cartoon_pajama_set_fun_and_cozy_sleepwear,mother,pajamas,Pajamas,pajamas,NEEDS_MERCHANT_EXPORT,https://cdn.shopify.com/s/files/1/1557/1635/files/pomelli-image_4.png?v=1771556144,https://www.dresslikemommy.com/products/cute-matching-mom-and-daughter-cartoon-pajama-set-fun-and-cozy-sleepwear,27.99,in_stock,14.00,49.98,margin_medium,8884,paid_eligible,margin_medium,pajamas,aov_medium,us_test_ready,True,True,high,set,true,summer,0-25
7228788867169,41877295169633,cute-matching-mom-and-daughter-cartoon-pajama-set-fun-and-cozy-sleepwear,Cute Matching Cartoon Pajama Set - Fun and Cozy Sle... | DLM,Mother XL / Red,4974227104269-01,4974227104269,shopify_US_7228788867169_41877295169633,shopify_US_7228788867169,INFERRED_FROM_SHOPIFY_PRODUCT_ID; exact live MC item_group_id export not present locally,dlm_7228788867169_mother_pajamas,dlm_style_7228788867169_cute_matching_mom_and_daughter_cartoon_pajama_set_fun_and_cozy_sleepwear,mother,pajamas,Pajamas,pajamas,NEEDS_MERCHANT_EXPORT,https://cdn.shopify.com/s/files/1/1557/1635/files/pomelli-image_4.png?v=1771556144,https://www.dresslikemommy.com/products/cute-matching-mom-and-daughter-cartoon-pajama-set-fun-and-cozy-sleepwear,27.99,in_stock,14.00,49.98,margin_medium,8886,paid_eligible,margin_medium,pajamas,aov_medium,us_test_ready,True,True,high,set,true,summer,0-25
7228788867169,41877295300705,cute-matching-mom-and-daughter-cartoon-pajama-set-fun-and-cozy-sleepwear,Cute Matching Cartoon Pajama Set - Fun and Cozy Sle... | DLM,Girl 5-6 years / Pink,4974227104285-01,4974227104285,shopify_US_7228788867169_41877295300705,shopify_US_7228788867169,INFERRED_FROM_SHOPIFY_PRODUCT_ID; exact live MC item_group_id export not present locally,dlm_7228788867169_child_pajamas,dlm_style_7228788867169_cute_matching_mom_and_daughter_cartoon_pajama_set_fun_and_cozy_sleepwear,child,pajamas,Pajamas,pajamas,NEEDS_MERCHANT_EXPORT,https://cdn.shopify.com/s/files/1/1557/1635/files/pomelli-image_4.png?v=1771556144,https://www.dresslikemommy.com/products/cute-matching-mom-and-daughter-cartoon-pajama-set-fun-and-cozy-sleepwear,24.99,in_stock,12.50,49.98,margin_medium,8888,paid_eligible,margin_medium,pajamas,aov_medium,us_test_ready,True,True,high,set,true,summer,0-25
7228788867169,41877295366241,cute-matching-mom-and-daughter-cartoon-pajama-set-fun-and-cozy-sleepwear,Cute Matching Cartoon Pajama Set - Fun and Cozy Sle... | DLM,Girl 7-8 years / Pink,4974227104289-01,4974227104289,shopify_US_7228788867169_41877295366241,shopify_US_7228788867169,INFERRED_FROM_SHOPIFY_PRODUCT_ID; exact live MC item_group_id export not present locally,dlm_7228788867169_child_pajamas,dlm_style_7228788867169_cute_matching_mom_and_daughter_cartoon_pajama_set_fun_and_cozy_sleepwear,child,pajamas,Pajamas,pajamas,NEEDS_MERCHANT_EXPORT,https://cdn.shopify.com/s/files/1/1557/1635/files/pomelli-image_4.png?v=1771556144,https://www.dresslikemommy.com/products/cute-matching-mom-and-daughter-cartoon-pajama-set-fun-and-cozy-sleepwear,24.99,in_stock,12.50,49.98,margin_medium,8887,paid_eligible,margin_medium,pajamas,aov_medium,us_test_ready,True,True,high,set,true,summer,0-25
7228788867169,41877295399009,cute-matching-mom-and-daughter-cartoon-pajama-set-fun-and-cozy-sleepwear,Cute Matching Cartoon Pajama Set - Fun and Cozy Sle... | DLM,Girl 8-9 years / Pink,4974227104286-01,4974227104286,shopify_US_7228788867169_41877295399009,shopify_US_7228788867169,INFERRED_FROM_SHOPIFY_PRODUCT_ID; exact live MC item_group_id export not present locally,dlm_7228788867169_child_pajamas,dlm_style_7228788867169_cute_matching_mom_and_daughter_cartoon_pajama_set_fun_and_cozy_sleepwear,child,pajamas,Pajamas,pajamas,NEEDS_MERCHANT_EXPORT,https://cdn.shopify.com/s/files/1/1557/1635/files/pomelli-image_4.png?v=1771556144,https://www.dresslikemommy.com/products/cute-matching-mom-and-daughter-cartoon-pajama-set-fun-and-cozy-sleepwear,24.99,in_stock,12.50,49.98,margin_medium,8886,paid_eligible,margin_medium,pajamas,aov_medium,us_test_ready,True,True,high,set,true,summer,0-25
7228788867169,41877295431777,cute-matching-mom-and-daughter-cartoon-pajama-set-fun-and-cozy-sleepwear,Cute Matching Cartoon Pajama Set - Fun and Cozy Sle... | DLM,Girl 9-10 years / Pink,4974227104292-01,4974227104292,shopify_US_7228788867169_41877295431777,shopify_US_7228788867169,INFERRED_FROM_SHOPIFY_PRODUCT_ID; exact live MC item_group_id export not present locally,dlm_7228788867169_child_pajamas,dlm_style_7228788867169_cute_matching_mom_and_daughter_cartoon_pajama_set_fun_and_cozy_sleepwear,child,pajamas,Pajamas,pajamas,NEEDS_MERCHANT_EXPORT,https://cdn.shopify.com/s/files/1/1557/1635/files/pomelli-image_4.png?v=1771556144,https://www.dresslikemommy.com/products/cute-matching-mom-and-daughter-cartoon-pajama-set-fun-and-cozy-sleepwear,24.99,in_stock,12.50,49.98,margin_medium,8885,paid_eligible,margin_medium,pajamas,aov_medium,us_test_ready,True,True,high,set,true,summer,0-25
7228788867169,41877295464545,cute-matching-mom-and-daughter-cartoon-pajama-set-fun-and-cozy-sleepwear,Cute Matching Cartoon Pajama Set - Fun and Cozy Sle... | DLM,Mother M / Pink,4974227104284-01,4974227104284,shopify_US_7228788867169_41877295464545,shopify_US_7228788867169,INFERRED_FROM_SHOPIFY_PRODUCT_ID; exact live MC item_group_id export not present locally,dlm_7228788867169_mother_pajamas,dlm_style_7228788867169_cute_matching_mom_and_daughter_cartoon_pajama_set_fun_and_cozy_sleepwear,mother,pajamas,Pajamas,pajamas,NEEDS_MERCHANT_EXPORT,https://cdn.shopify.com/s/files/1/1557/1635/files/pomelli-image_4.png?v=1771556144,https://www.dresslikemommy.com/products/cute-matching-mom-and-daughter-cartoon-pajama-set-fun-and-cozy-sleepwear,27.99,in_stock,14.00,49.98,margin_medium,8887,paid_eligible,margin_medium,pajamas,aov_medium,us_test_ready,True,True,high,set,true,summer,0-25
7228788867169,41877295530081,cute-matching-mom-and-daughter-cartoon-pajama-set-fun-and-cozy-sleepwear,Cute Matching Cartoon Pajama Set - Fun and Cozy Sle... | DLM,Mother XL / Pink,4974227104291-01,4974227104291,shopify_US_7228788867169_41877295530081,shopify_US_7228788867169,INFERRED_FROM_SHOPIFY_PRODUCT_ID; exact live MC item_group_id export not present locally,dlm_7228788867169_mother_pajamas,dlm_style_7228788867169_cute_matching_mom_and_daughter_cartoon_pajama_set_fun_and_cozy_sleepwear,mother,pajamas,Pajamas,pajamas,NEEDS_MERCHANT_EXPORT,https://cdn.shopify.com/s/files/1/1557/1635/files/pomelli-image_4.png?v=1771556144,https://www.dresslikemommy.com/products/cute-matching-mom-and-daughter-cartoon-pajama-set-fun-and-cozy-sleepwear,27.99,in_stock,14.00,49.98,margin_medium,8886,paid_eligible,margin_medium,pajamas,aov_medium,us_test_ready,True,True,high,set,true,summer,0-25
7228788867169,41877295595617,cute-matching-mom-and-daughter-cartoon-pajama-set-fun-and-cozy-sleepwear,Cute Matching Cartoon Pajama Set - Fun and Cozy Sle... | DLM,Girl 2-3 years / Yellow,4831440945411-01,4831440945411,shopify_US_7228788867169_41877295595617,shopify_US_7228788867169,INFERRED_FROM_SHOPIFY_PRODUCT_ID; exact live MC item_group_id export not present locally,dlm_7228788867169_child_pajamas,dlm_style_7228788867169_cute_matching_mom_and_daughter_cartoon_pajama_set_fun_and_cozy_sleepwear,child,pajamas,Pajamas,pajamas,NEEDS_MERCHANT_EXPORT,https://cdn.shopify.com/s/files/1/1557/1635/files/pomelli-image_4.png?v=1771556144,https://www.dresslikemommy.com/products/cute-matching-mom-and-daughter-cartoon-pajama-set-fun-and-cozy-sleepwear,24.99,in_stock,12.50,49.98,margin_medium,8887,paid_eligible,margin_medium,pajamas,aov_medium,us_test_ready,True,True,high,set,true,summer,0-25
7228788867169,41877295628385,cute-matching-mom-and-daughter-cartoon-pajama-set-fun-and-cozy-sleepwear,Cute Matching Cartoon Pajama Set - Fun and Cozy Sle... | DLM,Girl 3-4 years / Yellow,4831440945408-01,4831440945408,shopify_US_7228788867169_41877295628385,shopify_US_7228788867169,INFERRED_FROM_SHOPIFY_PRODUCT_ID; exact live MC item_group_id export not present locally,dlm_7228788867169_child_pajamas,dlm_style_7228788867169_cute_matching_mom_and_daughter_cartoon_pajama_set_fun_and_cozy_sleepwear,child,pajamas,Pajamas,pajamas,NEEDS_MERCHANT_EXPORT,https://cdn.shopify.com/s/files/1/1557/1635/files/pomelli-image_4.png?v=1771556144,https://www.dresslikemommy.com/products/cute-matching-mom-and-daughter-cartoon-pajama-set-fun-and-cozy-sleepwear,24.99,in_stock,12.50,49.98,margin_medium,8887,paid_eligible,margin_medium,pajamas,aov_medium,us_test_ready,True,True,high,set,true,summer,0-25
7228788867169,41877295726689,cute-matching-mom-and-daughter-cartoon-pajama-set-fun-and-cozy-sleepwear,Cute Matching Cartoon Pajama Set - Fun and Cozy Sle... | DLM,Girl 6-7 years / Yellow,4831440945405-01,4831440945405,shopify_US_7228788867169_41877295726689,shopify_US_7228788867169,INFERRED_FROM_SHOPIFY_PRODUCT_ID; exact live MC item_group_id export not present locally,dlm_7228788867169_child_pajamas,dlm_style_7228788867169_cute_matching_mom_and_daughter_cartoon_pajama_set_fun_and_cozy_sleepwear,child,pajamas,Pajamas,pajamas,NEEDS_MERCHANT_EXPORT,https://cdn.shopify.com/s/files/1/1557/1635/files/pomelli-image_4.png?v=1771556144,https://www.dresslikemommy.com/products/cute-matching-mom-and-daughter-cartoon-pajama-set-fun-and-cozy-sleepwear,24.99,in_stock,12.50,49.98,margin_medium,8887,paid_eligible,margin_medium,pajamas,aov_medium,us_test_ready,True,True,high,set,true,summer,0-25
7228788867169,41877295759457,cute-matching-mom-and-daughter-cartoon-pajama-set-fun-and-cozy-sleepwear,Cute Matching Cartoon Pajama Set - Fun and Cozy Sle... | DLM,Girl 7-8 years / Yellow,4831440945407-01,4831440945407,shopify_US_7228788867169_41877295759457,shopify_US_7228788867169,INFERRED_FROM_SHOPIFY_PRODUCT_ID; exact live MC item_group_id export not present locally,dlm_7228788867169_child_pajamas,dlm_style_7228788867169_cute_matching_mom_and_daughter_cartoon_pajama_set_fun_and_cozy_sleepwear,child,pajamas,Pajamas,pajamas,NEEDS_MERCHANT_EXPORT,https://cdn.shopify.com/s/files/1/1557/1635/files/pomelli-image_4.png?v=1771556144,https://www.dresslikemommy.com/products/cute-matching-mom-and-daughter-cartoon-pajama-set-fun-and-cozy-sleepwear,24.99,in_stock,12.50,49.98,margin_medium,8886,paid_eligible,margin_medium,pajamas,aov_medium,us_test_ready,True,True,high,set,true,summer,0-25
7228788867169,41877295923297,cute-matching-mom-and-daughter-cartoon-pajama-set-fun-and-cozy-sleepwear,Cute Matching Cartoon Pajama Set - Fun and Cozy Sle... | DLM,Mother XL / Yellow,4831440945409-01,4831440945409,shopify_US_7228788867169_41877295923297,shopify_US_7228788867169,INFERRED_FROM_SHOPIFY_PRODUCT_ID; exact live MC item_group_id export not present locally,dlm_7228788867169_mother_pajamas,dlm_style_7228788867169_cute_matching_mom_and_daughter_cartoon_pajama_set_fun_and_cozy_sleepwear,mother,pajamas,Pajamas,pajamas,NEEDS_MERCHANT_EXPORT,https://cdn.shopify.com/s/files/1/1557/1635/files/pomelli-image_4.png?v=1771556144,https://www.dresslikemommy.com/products/cute-matching-mom-and-daughter-cartoon-pajama-set-fun-and-cozy-sleepwear,27.99,in_stock,14.00,49.98,margin_medium,8883,paid_eligible,margin_medium,pajamas,aov_medium,us_test_ready,True,True,high,set,true,summer,0-25
7228788867169,41877295956065,cute-matching-mom-and-daughter-cartoon-pajama-set-fun-and-cozy-sleepwear,Cute Matching Cartoon Pajama Set - Fun and Cozy Sle... | DLM,Girl 2-3 years / Purple,4974227104249-01,4974227104249,shopify_US_7228788867169_41877295956065,shopify_US_7228788867169,INFERRED_FROM_SHOPIFY_PRODUCT_ID; exact live MC item_group_id export not present locally,dlm_7228788867169_child_pajamas,dlm_style_7228788867169_cute_matching_mom_and_daughter_cartoon_pajama_set_fun_and_cozy_sleepwear,child,pajamas,Pajamas,pajamas,NEEDS_MERCHANT_EXPORT,https://cdn.shopify.com/s/files/1/1557/1635/files/pomelli-image_4.png?v=1771556144,https://www.dresslikemommy.com/products/cute-matching-mom-and-daughter-cartoon-pajama-set-fun-and-cozy-sleepwear,24.99,in_stock,12.50,49.98,margin_medium,8888,paid_eligible,margin_medium,pajamas,aov_medium,us_test_ready,True,True,high,set,true,summer,0-25
7228788867169,41877296054369,cute-matching-mom-and-daughter-cartoon-pajama-set-fun-and-cozy-sleepwear,Cute Matching Cartoon Pajama Set - Fun and Cozy Sle... | DLM,Girl 5-6 years / Purple,4974227104241-01,4974227104241,shopify_US_7228788867169_41877296054369,shopify_US_7228788867169,INFERRED_FROM_SHOPIFY_PRODUCT_ID; exact live MC item_group_id export not present locally,dlm_7228788867169_child_pajamas,dlm_style_7228788867169_cute_matching_mom_and_daughter_cartoon_pajama_set_fun_and_cozy_sleepwear,child,pajamas,Pajamas,pajamas,NEEDS_MERCHANT_EXPORT,https://cdn.shopify.com/s/files/1/1557/1635/files/pomelli-image_4.png?v=1771556144,https://www.dresslikemommy.com/products/cute-matching-mom-and-daughter-cartoon-pajama-set-fun-and-cozy-sleepwear,24.99,in_stock,12.50,49.98,margin_medium,8888,paid_eligible,margin_medium,pajamas,aov_medium,us_test_ready,True,True,high,set,true,summer,0-25
7228788867169,41877296087137,cute-matching-mom-and-daughter-cartoon-pajama-set-fun-and-cozy-sleepwear,Cute Matching Cartoon Pajama Set - Fun and Cozy Sle... | DLM,Girl 6-7 years / Purple,4974227104243-01,4974227104243,shopify_US_7228788867169_41877296087137,shopify_US_7228788867169,INFERRED_FROM_SHOPIFY_PRODUCT_ID; exact live MC item_group_id export not present locally,dlm_7228788867169_child_pajamas,dlm_style_7228788867169_cute_matching_mom_and_daughter_cartoon_pajama_set_fun_and_cozy_sleepwear,child,pajamas,Pajamas,pajamas,NEEDS_MERCHANT_EXPORT,https://cdn.shopify.com/s/files/1/1557/1635/files/pomelli-image_4.png?v=1771556144,https://www.dresslikemommy.com/products/cute-matching-mom-and-daughter-cartoon-pajama-set-fun-and-cozy-sleepwear,24.99,in_stock,12.50,49.98,margin_medium,8888,paid_eligible,margin_medium,pajamas,aov_medium,us_test_ready,True,True,high,set,true,summer,0-25
7228788867169,41877296119905,cute-matching-mom-and-daughter-cartoon-pajama-set-fun-and-cozy-sleepwear,Cute Matching Cartoon Pajama Set - Fun and Cozy Sle... | DLM,Girl 7-8 years / Purple,4974227104245-01,4974227104245,shopify_US_7228788867169_41877296119905,shopify_US_7228788867169,INFERRED_FROM_SHOPIFY_PRODUCT_ID; exact live MC item_group_id export not present locally,dlm_7228788867169_child_pajamas,dlm_style_7228788867169_cute_matching_mom_and_daughter_cartoon_pajama_set_fun_and_cozy_sleepwear,child,pajamas,Pajamas,pajamas,NEEDS_MERCHANT_EXPORT,https://cdn.shopify.com/s/files/1/1557/1635/files/pomelli-image_4.png?v=1771556144,https://www.dresslikemommy.com/products/cute-matching-mom-and-daughter-cartoon-pajama-set-fun-and-cozy-sleepwear,24.99,in_stock,12.50,49.98,margin_medium,8887,paid_eligible,margin_medium,pajamas,aov_medium,us_test_ready,True,True,high,set,true,summer,0-25
7228788867169,41877296152673,cute-matching-mom-and-daughter-cartoon-pajama-set-fun-and-cozy-sleepwear,Cute Matching Cartoon Pajama Set - Fun and Cozy Sle... | DLM,Girl 8-9 years / Purple,4974227104242-01,4974227104242,shopify_US_7228788867169_41877296152673,shopify_US_7228788867169,INFERRED_FROM_SHOPIFY_PRODUCT_ID; exact live MC item_group_id export not present locally,dlm_7228788867169_child_pajamas,dlm_style_7228788867169_cute_matching_mom_and_daughter_cartoon_pajama_set_fun_and_cozy_sleepwear,child,pajamas,Pajamas,pajamas,NEEDS_MERCHANT_EXPORT,https://cdn.shopify.com/s/files/1/1557/1635/files/pomelli-image_4.png?v=1771556144,https://www.dresslikemommy.com/products/cute-matching-mom-and-daughter-cartoon-pajama-set-fun-and-cozy-sleepwear,24.99,in_stock,12.50,49.98,margin_medium,8885,paid_eligible,margin_medium,pajamas,aov_medium,us_test_ready,True,True,high,set,true,summer,0-25
7228788867169,41877296185441,cute-matching-mom-and-daughter-cartoon-pajama-set-fun-and-cozy-sleepwear,Cute Matching Cartoon Pajama Set - Fun and Cozy Sle... | DLM,Girl 9-10 years / Purple,4974227104248-01,4974227104248,shopify_US_7228788867169_41877296185441,shopify_US_7228788867169,INFERRED_FROM_SHOPIFY_PRODUCT_ID; exact live MC item_group_id export not present locally,dlm_7228788867169_child_pajamas,dlm_style_7228788867169_cute_matching_mom_and_daughter_cartoon_pajama_set_fun_and_cozy_sleepwear,child,pajamas,Pajamas,pajamas,NEEDS_MERCHANT_EXPORT,https://cdn.shopify.com/s/files/1/1557/1635/files/pomelli-image_4.png?v=1771556144,https://www.dresslikemommy.com/products/cute-matching-mom-and-daughter-cartoon-pajama-set-fun-and-cozy-sleepwear,24.99,in_stock,12.50,49.98,margin_medium,8885,paid_eligible,margin_medium,pajamas,aov_medium,us_test_ready,True,True,high,set,true,summer,0-25
7228788867169,41877296218209,cute-matching-mom-and-daughter-cartoon-pajama-set-fun-and-cozy-sleepwear,Cute Matching Cartoon Pajama Set - Fun and Cozy Sle... | DLM,Mother M / Purple,4974227104240-01,4974227104240,shopify_US_7228788867169_41877296218209,shopify_US_7228788867169,INFERRED_FROM_SHOPIFY_PRODUCT_ID; exact live MC item_group_id export not present locally,dlm_7228788867169_mother_pajamas,dlm_style_7228788867169_cute_matching_mom_and_daughter_cartoon_pajama_set_fun_and_cozy_sleepwear,mother,pajamas,Pajamas,pajamas,NEEDS_MERCHANT_EXPORT,https://cdn.shopify.com/s/files/1/1557/1635/files/pomelli-image_4.png?v=1771556144,https://www.dresslikemommy.com/products/cute-matching-mom-and-daughter-cartoon-pajama-set-fun-and-cozy-sleepwear,27.99,in_stock,14.00,49.98,margin_medium,8885,paid_eligible,margin_medium,pajamas,aov_medium,us_test_ready,True,True,high,set,true,summer,0-25
7227378892897,41871520006241,matching-family-beach-outfits-holiday-palm-tree-print-summer-dresses-shorts-set,Beach Outfits Holiday Palm Tree Print Summer Dresse... | DLM,Girl 3-4 Years / blue,5672480138375-01,5672480138375,shopify_US_7227378892897_41871520006241,shopify_US_7227378892897,INFERRED_FROM_SHOPIFY_PRODUCT_ID; exact live MC item_group_id export not present locally,dlm_7227378892897_child_dress,dlm_style_7227378892897_matching_family_beach_outfits_holiday_palm_tree_print_summer_dresses_shorts_set,child,dress,Sets,swimsuits,NEEDS_MERCHANT_EXPORT,https://cdn.shopify.com/s/files/1/1557/1635/files/pomelli-image_7_da0f82bb-6bbd-481b-9319-e05edd967191.png?v=1772573899,https://www.dresslikemommy.com/products/matching-family-beach-outfits-holiday-palm-tree-print-summer-dresses-shorts-set,24.99,in_stock,12.50,49.98,margin_medium,971,paid_eligible,margin_medium,swimsuits,aov_medium,us_test_ready,True,True,high,set,true,year-round,0-25
7227378892897,41871520071777,matching-family-beach-outfits-holiday-palm-tree-print-summer-dresses-shorts-set,Beach Outfits Holiday Palm Tree Print Summer Dresse... | DLM,Girl 5-6 Years / blue,5672480138377-01,5672480138377,shopify_US_7227378892897_41871520071777,shopify_US_7227378892897,INFERRED_FROM_SHOPIFY_PRODUCT_ID; exact live MC item_group_id export not present locally,dlm_7227378892897_child_dress,dlm_style_7227378892897_matching_family_beach_outfits_holiday_palm_tree_print_summer_dresses_shorts_set,child,dress,Sets,swimsuits,NEEDS_MERCHANT_EXPORT,https://cdn.shopify.com/s/files/1/1557/1635/files/pomelli-image_7_da0f82bb-6bbd-481b-9319-e05edd967191.png?v=1772573899,https://www.dresslikemommy.com/products/matching-family-beach-outfits-holiday-palm-tree-print-summer-dresses-shorts-set,24.99,in_stock,12.50,49.98,margin_medium,933,paid_eligible,margin_medium,swimsuits,aov_medium,us_test_ready,True,True,high,set,true,year-round,0-25
7227378892897,41871520137313,matching-family-beach-outfits-holiday-palm-tree-print-summer-dresses-shorts-set,Beach Outfits Holiday Palm Tree Print Summer Dresse... | DLM,Girl 7-8 Years / blue,5672480138379-01,5672480138379,shopify_US_7227378892897_41871520137313,shopify_US_7227378892897,INFERRED_FROM_SHOPIFY_PRODUCT_ID; exact live MC item_group_id export not present locally,dlm_7227378892897_child_dress,dlm_style_7227378892897_matching_family_beach_outfits_holiday_palm_tree_print_summer_dresses_shorts_set,child,dress,Sets,swimsuits,NEEDS_MERCHANT_EXPORT,https://cdn.shopify.com/s/files/1/1557/1635/files/pomelli-image_7_da0f82bb-6bbd-481b-9319-e05edd967191.png?v=1772573899,https://www.dresslikemommy.com/products/matching-family-beach-outfits-holiday-palm-tree-print-summer-dresses-shorts-set,24.99,in_stock,12.50,49.98,margin_medium,925,paid_eligible,margin_medium,swimsuits,aov_medium,us_test_ready,True,True,high,set,true,year-round,0-25
7227378892897,41871520235617,matching-family-beach-outfits-holiday-palm-tree-print-summer-dresses-shorts-set,Beach Outfits Holiday Palm Tree Print Summer Dresse... | DLM,Boy 3-4 Years / blue,5672480138382-01,5672480138382,shopify_US_7227378892897_41871520235617,shopify_US_7227378892897,INFERRED_FROM_SHOPIFY_PRODUCT_ID; exact live MC item_group_id export not present locally,dlm_7227378892897_child_dress,dlm_style_7227378892897_matching_family_beach_outfits_holiday_palm_tree_print_summer_dresses_shorts_set,child,dress,Sets,swimsuits,NEEDS_MERCHANT_EXPORT,https://cdn.shopify.com/s/files/1/1557/1635/files/pomelli-image_7_da0f82bb-6bbd-481b-9319-e05edd967191.png?v=1772573899,https://www.dresslikemommy.com/products/matching-family-beach-outfits-holiday-palm-tree-print-summer-dresses-shorts-set,22.99,in_stock,11.50,49.98,margin_medium,979,paid_eligible,margin_medium,swimsuits,aov_medium,us_test_ready,True,True,high,set,true,year-round,0-25
7227378892897,41871520366689,matching-family-beach-outfits-holiday-palm-tree-print-summer-dresses-shorts-set,Beach Outfits Holiday Palm Tree Print Summer Dresse... | DLM,Boy 7-8 Years / blue,5672480138386-01,5672480138386,shopify_US_7227378892897_41871520366689,shopify_US_7227378892897,INFERRED_FROM_SHOPIFY_PRODUCT_ID; exact live MC item_group_id export not present locally,dlm_7227378892897_child_dress,dlm_style_7227378892897_matching_family_beach_outfits_holiday_palm_tree_print_summer_dresses_shorts_set,child,dress,Sets,swimsuits,NEEDS_MERCHANT_EXPORT,https://cdn.shopify.com/s/files/1/1557/1635/files/pomelli-image_7_da0f82bb-6bbd-481b-9319-e05edd967191.png?v=1772573899,https://www.dresslikemommy.com/products/matching-family-beach-outfits-holiday-palm-tree-print-summer-dresses-shorts-set,22.99,in_stock,11.50,49.98,margin_medium,954,paid_eligible,margin_medium,swimsuits,aov_medium,us_test_ready,True,True,high,set,true,year-round,0-25
7227378892897,41871520464993,matching-family-beach-outfits-holiday-palm-tree-print-summer-dresses-shorts-set,Beach Outfits Holiday Palm Tree Print Summer Dresse... | DLM,Mother S / blue,5672480138389-01,5672480138389,shopify_US_7227378892897_41871520464993,shopify_US_7227378892897,INFERRED_FROM_SHOPIFY_PRODUCT_ID; exact live MC item_group_id export not present locally,dlm_7227378892897_mother_dress,dlm_style_7227378892897_matching_family_beach_outfits_holiday_palm_tree_print_summer_dresses_shorts_set,mother,dress,Sets,swimsuits,NEEDS_MERCHANT_EXPORT,https://cdn.shopify.com/s/files/1/1557/1635/files/pomelli-image_7_da0f82bb-6bbd-481b-9319-e05edd967191.png?v=1772573899,https://www.dresslikemommy.com/products/matching-family-beach-outfits-holiday-palm-tree-print-summer-dresses-shorts-set,31.99,in_stock,16.00,49.98,margin_medium,859,paid_eligible,margin_medium,swimsuits,aov_medium,us_test_ready,True,True,high,set,true,year-round,0-25
7227378892897,41871520497761,matching-family-beach-outfits-holiday-palm-tree-print-summer-dresses-shorts-set,Beach Outfits Holiday Palm Tree Print Summer Dresse... | DLM,Mother M / blue,5672480138390-01,5672480138390,shopify_US_7227378892897_41871520497761,shopify_US_7227378892897,INFERRED_FROM_SHOPIFY_PRODUCT_ID; exact live MC item_group_id export not present locally,dlm_7227378892897_mother_dress,dlm_style_7227378892897_matching_family_beach_outfits_holiday_palm_tree_print_summer_dresses_shorts_set,mother,dress,Sets,swimsuits,NEEDS_MERCHANT_EXPORT,https://cdn.shopify.com/s/files/1/1557/1635/files/pomelli-image_7_da0f82bb-6bbd-481b-9319-e05edd967191.png?v=1772573899,https://www.dresslikemommy.com/products/matching-family-beach-outfits-holiday-palm-tree-print-summer-dresses-shorts-set,31.99,in_stock,16.00,49.98,margin_medium,801,paid_eligible,margin_medium,swimsuits,aov_medium,us_test_ready,True,True,high,set,true,year-round,0-25
7227378892897,41871520530529,matching-family-beach-outfits-holiday-palm-tree-print-summer-dresses-shorts-set,Beach Outfits Holiday Palm Tree Print Summer Dresse... | DLM,Mother L / blue,5672480138391-01,5672480138391,shopify_US_7227378892897_41871520530529,shopify_US_7227378892897,INFERRED_FROM_SHOPIFY_PRODUCT_ID; exact live MC item_group_id export not present locally,dlm_7227378892897_mother_dress,dlm_style_7227378892897_matching_family_beach_outfits_holiday_palm_tree_print_summer_dresses_shorts_set,mother,dress,Sets,swimsuits,NEEDS_MERCHANT_EXPORT,https://cdn.shopify.com/s/files/1/1557/1635/files/pomelli-image_7_da0f82bb-6bbd-481b-9319-e05edd967191.png?v=1772573899,https://www.dresslikemommy.com/products/matching-family-beach-outfits-holiday-palm-tree-print-summer-dresses-shorts-set,31.99,in_stock,16.00,49.98,margin_medium,799,paid_eligible,margin_medium,swimsuits,aov_medium,us_test_ready,True,True,high,set,true,year-round,0-25
7109267947617,41497323634785,chic-color-block-one-piece-swimsuit-for-mother-daughter-vibrant-sleek-beachwear,Chic Color-Block One-Piece Swimsuit for Mother & Da... | DLM,Mother S / Black,5203395100904-Size:Mother S;Color:Black;,5203395100904,shopify_US_7109267947617_41497323634785,shopify_US_7109267947617,INFERRED_FROM_SHOPIFY_PRODUCT_ID; exact live MC item_group_id export not present locally,dlm_7109267947617_mother_swimwear,dlm_style_7109267947617_chic_color_block_one_piece_swimsuit_for_mother_daughter_vibrant_sleek_beachwear,mother,swimwear,Swimwear,swimsuits,NEEDS_MERCHANT_EXPORT,https://cdn.shopify.com/s/files/1/1557/1635/files/pomelli-image_6_674f77d9-410c-44a7-9762-e64fbd096f00.png?v=1771689700,https://www.dresslikemommy.com/products/chic-color-block-one-piece-swimsuit-for-mother-daughter-vibrant-sleek-beachwear,16.99,in_stock,8.50,49.97,margin_medium,200,paid_eligible,margin_medium,swimsuits,aov_medium,us_test_ready,True,True,high,set,true,summer,0-25
7109267947617,41497323700321,chic-color-block-one-piece-swimsuit-for-mother-daughter-vibrant-sleek-beachwear,Chic Color-Block One-Piece Swimsuit for Mother & Da... | DLM,Mother L / Black,5203395100906-Size:Mother L;Color:Black;,5203395100906,shopify_US_7109267947617_41497323700321,shopify_US_7109267947617,INFERRED_FROM_SHOPIFY_PRODUCT_ID; exact live MC item_group_id export not present locally,dlm_7109267947617_mother_swimwear,dlm_style_7109267947617_chic_color_block_one_piece_swimsuit_for_mother_daughter_vibrant_sleek_beachwear,mother,swimwear,Swimwear,swimsuits,NEEDS_MERCHANT_EXPORT,https://cdn.shopify.com/s/files/1/1557/1635/files/pomelli-image_6_674f77d9-410c-44a7-9762-e64fbd096f00.png?v=1771689700,https://www.dresslikemommy.com/products/chic-color-block-one-piece-swimsuit-for-mother-daughter-vibrant-sleek-beachwear,16.99,in_stock,8.50,49.97,margin_medium,197,paid_eligible,margin_medium,swimsuits,aov_medium,us_test_ready,True,True,high,set,true,summer,0-25
7109267947617,41497323733089,chic-color-block-one-piece-swimsuit-for-mother-daughter-vibrant-sleek-beachwear,Chic Color-Block One-Piece Swimsuit for Mother & Da... | DLM,Mother XL / Black,5203395100907-Size:Mother XL;Color:Black;,5203395100907,shopify_US_7109267947617_41497323733089,shopify_US_7109267947617,INFERRED_FROM_SHOPIFY_PRODUCT_ID; exact live MC item_group_id export not present locally,dlm_7109267947617_mother_swimwear,dlm_style_7109267947617_chic_color_block_one_piece_swimsuit_for_mother_daughter_vibrant_sleek_beachwear,mother,swimwear,Swimwear,swimsuits,NEEDS_MERCHANT_EXPORT,https://cdn.shopify.com/s/files/1/1557/1635/files/pomelli-image_6_674f77d9-410c-44a7-9762-e64fbd096f00.png?v=1771689700,https://www.dresslikemommy.com/products/chic-color-block-one-piece-swimsuit-for-mother-daughter-vibrant-sleek-beachwear,16.99,in_stock,8.50,49.97,margin_medium,200,paid_eligible,margin_medium,swimsuits,aov_medium,us_test_ready,True,True,high,set,true,summer,0-25
7109267947617,41497323896929,chic-color-block-one-piece-swimsuit-for-mother-daughter-vibrant-sleek-beachwear,Chic Color-Block One-Piece Swimsuit for Mother & Da... | DLM,Child 8-10 years / Black,5203395100912-Size:Child 8-10T;Color:Black;,5203395100912,shopify_US_7109267947617_41497323896929,shopify_US_7109267947617,INFERRED_FROM_SHOPIFY_PRODUCT_ID; exact live MC item_group_id export not present locally,dlm_7109267947617_mother_swimwear,dlm_style_7109267947617_chic_color_block_one_piece_swimsuit_for_mother_daughter_vibrant_sleek_beachwear,mother,swimwear,Swimwear,swimsuits,NEEDS_MERCHANT_EXPORT,https://cdn.shopify.com/s/files/1/1557/1635/files/pomelli-image_6_674f77d9-410c-44a7-9762-e64fbd096f00.png?v=1771689700,https://www.dresslikemommy.com/products/chic-color-block-one-piece-swimsuit-for-mother-daughter-vibrant-sleek-beachwear,14.99,in_stock,7.50,49.97,margin_medium,200,paid_eligible,margin_medium,swimsuits,aov_medium,us_test_ready,True,True,high,set,true,summer,0-25
7109267947617,41497323995233,chic-color-block-one-piece-swimsuit-for-mother-daughter-vibrant-sleek-beachwear,Chic Color-Block One-Piece Swimsuit for Mother & Da... | DLM,Mother M / Pink,5203395100915-Size:Mother M;Color:Pink;,5203395100915,shopify_US_7109267947617_41497323995233,shopify_US_7109267947617,INFERRED_FROM_SHOPIFY_PRODUCT_ID; exact live MC item_group_id export not present locally,dlm_7109267947617_mother_swimwear,dlm_style_7109267947617_chic_color_block_one_piece_swimsuit_for_mother_daughter_vibrant_sleek_beachwear,mother,swimwear,Swimwear,swimsuits,NEEDS_MERCHANT_EXPORT,https://cdn.shopify.com/s/files/1/1557/1635/files/pomelli-image_6_674f77d9-410c-44a7-9762-e64fbd096f00.png?v=1771689700,https://www.dresslikemommy.com/products/chic-color-block-one-piece-swimsuit-for-mother-daughter-vibrant-sleek-beachwear,16.99,in_stock,8.50,49.97,margin_medium,185,paid_eligible,margin_medium,swimsuits,aov_medium,us_test_ready,True,True,high,set,true,summer,0-25
7109267947617,41497324028001,chic-color-block-one-piece-swimsuit-for-mother-daughter-vibrant-sleek-beachwear,Chic Color-Block One-Piece Swimsuit for Mother & Da... | DLM,Mother L / Pink,5203395100916-Size:Mother L;Color:Pink;,5203395100916,shopify_US_7109267947617_41497324028001,shopify_US_7109267947617,INFERRED_FROM_SHOPIFY_PRODUCT_ID; exact live MC item_group_id export not present locally,dlm_7109267947617_mother_swimwear,dlm_style_7109267947617_chic_color_block_one_piece_swimsuit_for_mother_daughter_vibrant_sleek_beachwear,mother,swimwear,Swimwear,swimsuits,NEEDS_MERCHANT_EXPORT,https://cdn.shopify.com/s/files/1/1557/1635/files/pomelli-image_6_674f77d9-410c-44a7-9762-e64fbd096f00.png?v=1771689700,https://www.dresslikemommy.com/products/chic-color-block-one-piece-swimsuit-for-mother-daughter-vibrant-sleek-beachwear,16.99,in_stock,8.50,49.97,margin_medium,185,paid_eligible,margin_medium,swimsuits,aov_medium,us_test_ready,True,True,high,set,true,summer,0-25
7109267947617,41497324159073,chic-color-block-one-piece-swimsuit-for-mother-daughter-vibrant-sleek-beachwear,Chic Color-Block One-Piece Swimsuit for Mother & Da... | DLM,Child 4-5 years / Pink,5203395100920-Size:Child 4-5T;Color:Pink;,5203395100920,shopify_US_7109267947617_41497324159073,shopify_US_7109267947617,INFERRED_FROM_SHOPIFY_PRODUCT_ID; exact live MC item_group_id export not present locally,dlm_7109267947617_mother_swimwear,dlm_style_7109267947617_chic_color_block_one_piece_swimsuit_for_mother_daughter_vibrant_sleek_beachwear,mother,swimwear,Swimwear,swimsuits,NEEDS_MERCHANT_EXPORT,https://cdn.shopify.com/s/files/1/1557/1635/files/pomelli-image_6_674f77d9-410c-44a7-9762-e64fbd096f00.png?v=1771689700,https://www.dresslikemommy.com/products/chic-color-block-one-piece-swimsuit-for-mother-daughter-vibrant-sleek-beachwear,14.99,in_stock,7.50,49.97,margin_medium,175,paid_eligible,margin_medium,swimsuits,aov_medium,us_test_ready,True,True,high,set,true,summer,0-25
7109267947617,41497324191841,chic-color-block-one-piece-swimsuit-for-mother-daughter-vibrant-sleek-beachwear,Chic Color-Block One-Piece Swimsuit for Mother & Da... | DLM,Child 6-8 years / Pink,5203395100921-Size:Child 6-8T;Color:Pink;,5203395100921,shopify_US_7109267947617_41497324191841,shopify_US_7109267947617,INFERRED_FROM_SHOPIFY_PRODUCT_ID; exact live MC item_group_id export not present locally,dlm_7109267947617_mother_swimwear,dlm_style_7109267947617_chic_color_block_one_piece_swimsuit_for_mother_daughter_vibrant_sleek_beachwear,mother,swimwear,Swimwear,swimsuits,NEEDS_MERCHANT_EXPORT,https://cdn.shopify.com/s/files/1/1557/1635/files/pomelli-image_6_674f77d9-410c-44a7-9762-e64fbd096f00.png?v=1771689700,https://www.dresslikemommy.com/products/chic-color-block-one-piece-swimsuit-for-mother-daughter-vibrant-sleek-beachwear,14.99,in_stock,7.50,49.97,margin_medium,185,paid_eligible,margin_medium,swimsuits,aov_medium,us_test_ready,True,True,high,set,true,summer,0-25
7109267947617,41497324224609,chic-color-block-one-piece-swimsuit-for-mother-daughter-vibrant-sleek-beachwear,Chic Color-Block One-Piece Swimsuit for Mother & Da... | DLM,Child 8-10 years / Pink,5203395100922-Size:Child 8-10T;Color:Pink;,5203395100922,shopify_US_7109267947617_41497324224609,shopify_US_7109267947617,INFERRED_FROM_SHOPIFY_PRODUCT_ID; exact live MC item_group_id export not present locally,dlm_7109267947617_mother_swimwear,dlm_style_7109267947617_chic_color_block_one_piece_swimsuit_for_mother_daughter_vibrant_sleek_beachwear,mother,swimwear,Swimwear,swimsuits,NEEDS_MERCHANT_EXPORT,https://cdn.shopify.com/s/files/1/1557/1635/files/pomelli-image_6_674f77d9-410c-44a7-9762-e64fbd096f00.png?v=1771689700,https://www.dresslikemommy.com/products/chic-color-block-one-piece-swimsuit-for-mother-daughter-vibrant-sleek-beachwear,14.99,in_stock,7.50,49.97,margin_medium,185,paid_eligible,margin_medium,swimsuits,aov_medium,us_test_ready,True,True,high,set,true,summer,0-25
7109267947617,41497324290145,chic-color-block-one-piece-swimsuit-for-mother-daughter-vibrant-sleek-beachwear,Chic Color-Block One-Piece Swimsuit for Mother & Da... | DLM,Mother S / Brown,5203395100924-Size:Mother S;Color:Brown;,5203395100924,shopify_US_7109267947617_41497324290145,shopify_US_7109267947617,INFERRED_FROM_SHOPIFY_PRODUCT_ID; exact live MC item_group_id export not present locally,dlm_7109267947617_mother_swimwear,dlm_style_7109267947617_chic_color_block_one_piece_swimsuit_for_mother_daughter_vibrant_sleek_beachwear,mother,swimwear,Swimwear,swimsuits,NEEDS_MERCHANT_EXPORT,https://cdn.shopify.com/s/files/1/1557/1635/files/pomelli-image_6_674f77d9-410c-44a7-9762-e64fbd096f00.png?v=1771689700,https://www.dresslikemommy.com/products/chic-color-block-one-piece-swimsuit-for-mother-daughter-vibrant-sleek-beachwear,16.99,in_stock,8.50,49.97,margin_medium,200,paid_eligible,margin_medium,swimsuits,aov_medium,us_test_ready,True,True,high,set,true,summer,0-25
7109267947617,41497324322913,chic-color-block-one-piece-swimsuit-for-mother-daughter-vibrant-sleek-beachwear,Chic Color-Block One-Piece Swimsuit for Mother & Da... | DLM,Mother M / Brown,5203395100925-Size:Mother M;Color:Brown;,5203395100925,shopify_US_7109267947617_41497324322913,shopify_US_7109267947617,INFERRED_FROM_SHOPIFY_PRODUCT_ID; exact live MC item_group_id export not present locally,dlm_7109267947617_mother_swimwear,dlm_style_7109267947617_chic_color_block_one_piece_swimsuit_for_mother_daughter_vibrant_sleek_beachwear,mother,swimwear,Swimwear,swimsuits,NEEDS_MERCHANT_EXPORT,https://cdn.shopify.com/s/files/1/1557/1635/files/pomelli-image_6_674f77d9-410c-44a7-9762-e64fbd096f00.png?v=1771689700,https://www.dresslikemommy.com/products/chic-color-block-one-piece-swimsuit-for-mother-daughter-vibrant-sleek-beachwear,16.99,in_stock,8.50,49.97,margin_medium,198,paid_eligible,margin_medium,swimsuits,aov_medium,us_test_ready,True,True,high,set,true,summer,0-25
7109267947617,41497324486753,chic-color-block-one-piece-swimsuit-for-mother-daughter-vibrant-sleek-beachwear,Chic Color-Block One-Piece Swimsuit for Mother & Da... | DLM,Child 4-5 years / Brown,5203395100930-Size:Child 4-5T;Color:Brown;,5203395100930,shopify_US_7109267947617_41497324486753,shopify_US_7109267947617,INFERRED_FROM_SHOPIFY_PRODUCT_ID; exact live MC item_group_id export not present locally,dlm_7109267947617_mother_swimwear,dlm_style_7109267947617_chic_color_block_one_piece_swimsuit_for_mother_daughter_vibrant_sleek_beachwear,mother,swimwear,Swimwear,swimsuits,NEEDS_MERCHANT_EXPORT,https://cdn.shopify.com/s/files/1/1557/1635/files/pomelli-image_6_674f77d9-410c-44a7-9762-e64fbd096f00.png?v=1771689700,https://www.dresslikemommy.com/products/chic-color-block-one-piece-swimsuit-for-mother-daughter-vibrant-sleek-beachwear,14.99,in_stock,7.50,49.97,margin_medium,200,paid_eligible,margin_medium,swimsuits,aov_medium,us_test_ready,True,True,high,set,true,summer,0-25
7109267947617,41497324585057,chic-color-block-one-piece-swimsuit-for-mother-daughter-vibrant-sleek-beachwear,Chic Color-Block One-Piece Swimsuit for Mother & Da... | DLM,Child 10-12 years / Brown,5203395100933-Size:Child 10-12T;Color:Brown;,5203395100933,shopify_US_7109267947617_41497324585057,shopify_US_7109267947617,INFERRED_FROM_SHOPIFY_PRODUCT_ID; exact live MC item_group_id export not present locally,dlm_7109267947617_mother_swimwear,dlm_style_7109267947617_chic_color_block_one_piece_swimsuit_for_mother_daughter_vibrant_sleek_beachwear,mother,swimwear,Swimwear,swimsuits,NEEDS_MERCHANT_EXPORT,https://cdn.shopify.com/s/files/1/1557/1635/files/pomelli-image_6_674f77d9-410c-44a7-9762-e64fbd096f00.png?v=1771689700,https://www.dresslikemommy.com/products/chic-color-block-one-piece-swimsuit-for-mother-daughter-vibrant-sleek-beachwear,14.99,in_stock,7.50,49.97,margin_medium,200,paid_eligible,margin_medium,swimsuits,aov_medium,us_test_ready,True,True,high,set,true,summer,0-25
7109481431137,41497930793057,chic-family-bonding-mother-daughter-matching-swimsuit-set-with-long-sleeved-cover-up,Chic Family Bonding - Mother & Daughter Matching Sw... | DLM,Mother S / Green,5219251780955-size:Mother S;Color:Green;,5219251780955,shopify_US_7109481431137_41497930793057,shopify_US_7109481431137,INFERRED_FROM_SHOPIFY_PRODUCT_ID; exact live MC item_group_id export not present locally,dlm_7109481431137_mother_swimwear,dlm_style_7109481431137_chic_family_bonding_mother_daughter_matching_swimsuit_set_with_long_sleeved_cover_up,mother,swimwear,Swimwear,swimsuits,NEEDS_MERCHANT_EXPORT,https://cdn.shopify.com/s/files/1/1557/1635/files/pomelli-image_30_0a270d7a-d41a-446d-b689-db3c865376c1.png?v=1771599451,https://www.dresslikemommy.com/products/chic-family-bonding-mother-daughter-matching-swimsuit-set-with-long-sleeved-cover-up,16.99,in_stock,8.50,49.97,margin_medium,213,paid_eligible,margin_medium,swimsuits,aov_medium,us_test_ready,True,True,high,set,true,summer,0-25
7109481431137,41497930825825,chic-family-bonding-mother-daughter-matching-swimsuit-set-with-long-sleeved-cover-up,Chic Family Bonding - Mother & Daughter Matching Sw... | DLM,Mother M / Green,5219251780957-size:Mother M;Color:Green;,5219251780957,shopify_US_7109481431137_41497930825825,shopify_US_7109481431137,INFERRED_FROM_SHOPIFY_PRODUCT_ID; exact live MC item_group_id export not present locally,dlm_7109481431137_mother_swimwear,dlm_style_7109481431137_chic_family_bonding_mother_daughter_matching_swimsuit_set_with_long_sleeved_cover_up,mother,swimwear,Swimwear,swimsuits,NEEDS_MERCHANT_EXPORT,https://cdn.shopify.com/s/files/1/1557/1635/files/pomelli-image_30_0a270d7a-d41a-446d-b689-db3c865376c1.png?v=1771599451,https://www.dresslikemommy.com/products/chic-family-bonding-mother-daughter-matching-swimsuit-set-with-long-sleeved-cover-up,16.99,in_stock,8.50,49.97,margin_medium,231,paid_eligible,margin_medium,swimsuits,aov_medium,us_test_ready,True,True,high,set,true,summer,0-25
7109481431137,41497930858593,chic-family-bonding-mother-daughter-matching-swimsuit-set-with-long-sleeved-cover-up,Chic Family Bonding - Mother & Daughter Matching Sw... | DLM,Mother L / Green,5219251780959-size:Mother L;Color:Green;,5219251780959,shopify_US_7109481431137_41497930858593,shopify_US_7109481431137,INFERRED_FROM_SHOPIFY_PRODUCT_ID; exact live MC item_group_id export not present locally,dlm_7109481431137_mother_swimwear,dlm_style_7109481431137_chic_family_bonding_mother_daughter_matching_swimsuit_set_with_long_sleeved_cover_up,mother,swimwear,Swimwear,swimsuits,NEEDS_MERCHANT_EXPORT,https://cdn.shopify.com/s/files/1/1557/1635/files/pomelli-image_30_0a270d7a-d41a-446d-b689-db3c865376c1.png?v=1771599451,https://www.dresslikemommy.com/products/chic-family-bonding-mother-daughter-matching-swimsuit-set-with-long-sleeved-cover-up,16.99,in_stock,8.50,49.97,margin_medium,246,paid_eligible,margin_medium,swimsuits,aov_medium,us_test_ready,True,True,high,set,true,summer,0-25
7109481431137,41497930891361,chic-family-bonding-mother-daughter-matching-swimsuit-set-with-long-sleeved-cover-up,Chic Family Bonding - Mother & Daughter Matching Sw... | DLM,Mother XL / Green,5219251780961-size:Mother XL;Color:Green;,5219251780961,shopify_US_7109481431137_41497930891361,shopify_US_7109481431137,INFERRED_FROM_SHOPIFY_PRODUCT_ID; exact live MC item_group_id export not present locally,dlm_7109481431137_mother_swimwear,dlm_style_7109481431137_chic_family_bonding_mother_daughter_matching_swimsuit_set_with_long_sleeved_cover_up,mother,swimwear,Swimwear,swimsuits,NEEDS_MERCHANT_EXPORT,https://cdn.shopify.com/s/files/1/1557/1635/files/pomelli-image_30_0a270d7a-d41a-446d-b689-db3c865376c1.png?v=1771599451,https://www.dresslikemommy.com/products/chic-family-bonding-mother-daughter-matching-swimsuit-set-with-long-sleeved-cover-up,16.99,in_stock,8.50,49.97,margin_medium,246,paid_eligible,margin_medium,swimsuits,aov_medium,us_test_ready,True,True,high,set,true,summer,0-25
7109481431137,41497930924129,chic-family-bonding-mother-daughter-matching-swimsuit-set-with-long-sleeved-cover-up,Chic Family Bonding - Mother & Daughter Matching Sw... | DLM,Child 2-3 years / Green,5219251780967-size:Child 2-3T;Color:Green;,5219251780967,shopify_US_7109481431137_41497930924129,shopify_US_7109481431137,INFERRED_FROM_SHOPIFY_PRODUCT_ID; exact live MC item_group_id export not present locally,dlm_7109481431137_mother_swimwear,dlm_style_7109481431137_chic_family_bonding_mother_daughter_matching_swimsuit_set_with_long_sleeved_cover_up,mother,swimwear,Swimwear,swimsuits,NEEDS_MERCHANT_EXPORT,https://cdn.shopify.com/s/files/1/1557/1635/files/pomelli-image_30_0a270d7a-d41a-446d-b689-db3c865376c1.png?v=1771599451,https://www.dresslikemommy.com/products/chic-family-bonding-mother-daughter-matching-swimsuit-set-with-long-sleeved-cover-up,14.99,in_stock,7.50,49.97,margin_medium,246,paid_eligible,margin_medium,swimsuits,aov_medium,us_test_ready,True,True,high,set,true,summer,0-25
7109481431137,41497930989665,chic-family-bonding-mother-daughter-matching-swimsuit-set-with-long-sleeved-cover-up,Chic Family Bonding - Mother & Daughter Matching Sw... | DLM,Child 4-5 years / Green,5219251780975-size:Child 4-5T;Color:Green;,5219251780975,shopify_US_7109481431137_41497930989665,shopify_US_7109481431137,INFERRED_FROM_SHOPIFY_PRODUCT_ID; exact live MC item_group_id export not present locally,dlm_7109481431137_mother_swimwear,dlm_style_7109481431137_chic_family_bonding_mother_daughter_matching_swimsuit_set_with_long_sleeved_cover_up,mother,swimwear,Swimwear,swimsuits,NEEDS_MERCHANT_EXPORT,https://cdn.shopify.com/s/files/1/1557/1635/files/pomelli-image_30_0a270d7a-d41a-446d-b689-db3c865376c1.png?v=1771599451,https://www.dresslikemommy.com/products/chic-family-bonding-mother-daughter-matching-swimsuit-set-with-long-sleeved-cover-up,14.99,in_stock,7.50,49.97,margin_medium,246,paid_eligible,margin_medium,swimsuits,aov_medium,us_test_ready,True,True,high,set,true,summer,0-25
7109481431137,41497931055201,chic-family-bonding-mother-daughter-matching-swimsuit-set-with-long-sleeved-cover-up,Chic Family Bonding - Mother & Daughter Matching Sw... | DLM,Child 8-10 years / Green,5219251780965-size:Child 8-10T;Color:Green;,5219251780965,shopify_US_7109481431137_41497931055201,shopify_US_7109481431137,INFERRED_FROM_SHOPIFY_PRODUCT_ID; exact live MC item_group_id export not present locally,dlm_7109481431137_mother_swimwear,dlm_style_7109481431137_chic_family_bonding_mother_daughter_matching_swimsuit_set_with_long_sleeved_cover_up,mother,swimwear,Swimwear,swimsuits,NEEDS_MERCHANT_EXPORT,https://cdn.shopify.com/s/files/1/1557/1635/files/pomelli-image_30_0a270d7a-d41a-446d-b689-db3c865376c1.png?v=1771599451,https://www.dresslikemommy.com/products/chic-family-bonding-mother-daughter-matching-swimsuit-set-with-long-sleeved-cover-up,14.99,in_stock,7.50,49.97,margin_medium,246,paid_eligible,margin_medium,swimsuits,aov_medium,us_test_ready,True,True,high,set,true,summer,0-25
7109481431137,41497931153505,chic-family-bonding-mother-daughter-matching-swimsuit-set-with-long-sleeved-cover-up,Chic Family Bonding - Mother & Daughter Matching Sw... | DLM,Mother M / Orange,5203402792630-size:Mother M;Color:Orange;,5203402792630,shopify_US_7109481431137_41497931153505,shopify_US_7109481431137,INFERRED_FROM_SHOPIFY_PRODUCT_ID; exact live MC item_group_id export not present locally,dlm_7109481431137_mother_swimwear,dlm_style_7109481431137_chic_family_bonding_mother_daughter_matching_swimsuit_set_with_long_sleeved_cover_up,mother,swimwear,Swimwear,swimsuits,NEEDS_MERCHANT_EXPORT,https://cdn.shopify.com/s/files/1/1557/1635/files/pomelli-image_30_0a270d7a-d41a-446d-b689-db3c865376c1.png?v=1771599451,https://www.dresslikemommy.com/products/chic-family-bonding-mother-daughter-matching-swimsuit-set-with-long-sleeved-cover-up,16.99,in_stock,8.50,49.97,margin_medium,258,paid_eligible,margin_medium,swimsuits,aov_medium,us_test_ready,True,True,high,set,true,summer,0-25
7109481431137,41497931186273,chic-family-bonding-mother-daughter-matching-swimsuit-set-with-long-sleeved-cover-up,Chic Family Bonding - Mother & Daughter Matching Sw... | DLM,Mother L / Orange,5203402792631-size:Mother L;Color:Orange;,5203402792631,shopify_US_7109481431137_41497931186273,shopify_US_7109481431137,INFERRED_FROM_SHOPIFY_PRODUCT_ID; exact live MC item_group_id export not present locally,dlm_7109481431137_mother_swimwear,dlm_style_7109481431137_chic_family_bonding_mother_daughter_matching_swimsuit_set_with_long_sleeved_cover_up,mother,swimwear,Swimwear,swimsuits,NEEDS_MERCHANT_EXPORT,https://cdn.shopify.com/s/files/1/1557/1635/files/pomelli-image_30_0a270d7a-d41a-446d-b689-db3c865376c1.png?v=1771599451,https://www.dresslikemommy.com/products/chic-family-bonding-mother-daughter-matching-swimsuit-set-with-long-sleeved-cover-up,16.99,in_stock,8.50,49.97,margin_medium,282,paid_eligible,margin_medium,swimsuits,aov_medium,us_test_ready,True,True,high,set,true,summer,0-25
7109481431137,41497931219041,chic-family-bonding-mother-daughter-matching-swimsuit-set-with-long-sleeved-cover-up,Chic Family Bonding - Mother & Daughter Matching Sw... | DLM,Mother XL / Orange,5203402792632-size:Mother XL;Color:Orange;,5203402792632,shopify_US_7109481431137_41497931219041,shopify_US_7109481431137,INFERRED_FROM_SHOPIFY_PRODUCT_ID; exact live MC item_group_id export not present locally,dlm_7109481431137_mother_swimwear,dlm_style_7109481431137_chic_family_bonding_mother_daughter_matching_swimsuit_set_with_long_sleeved_cover_up,mother,swimwear,Swimwear,swimsuits,NEEDS_MERCHANT_EXPORT,https://cdn.shopify.com/s/files/1/1557/1635/files/pomelli-image_30_0a270d7a-d41a-446d-b689-db3c865376c1.png?v=1771599451,https://www.dresslikemommy.com/products/chic-family-bonding-mother-daughter-matching-swimsuit-set-with-long-sleeved-cover-up,16.99,in_stock,8.50,49.97,margin_medium,300,paid_eligible,margin_medium,swimsuits,aov_medium,us_test_ready,True,True,high,set,true,summer,0-25
7109481431137,41497931251809,chic-family-bonding-mother-daughter-matching-swimsuit-set-with-long-sleeved-cover-up,Chic Family Bonding - Mother & Daughter Matching Sw... | DLM,Child 2-3 years / Orange,5203402792633-size:Child 2-3T;Color:Orange;,5203402792633,shopify_US_7109481431137_41497931251809,shopify_US_7109481431137,INFERRED_FROM_SHOPIFY_PRODUCT_ID; exact live MC item_group_id export not present locally,dlm_7109481431137_mother_swimwear,dlm_style_7109481431137_chic_family_bonding_mother_daughter_matching_swimsuit_set_with_long_sleeved_cover_up,mother,swimwear,Swimwear,swimsuits,NEEDS_MERCHANT_EXPORT,https://cdn.shopify.com/s/files/1/1557/1635/files/pomelli-image_30_0a270d7a-d41a-446d-b689-db3c865376c1.png?v=1771599451,https://www.dresslikemommy.com/products/chic-family-bonding-mother-daughter-matching-swimsuit-set-with-long-sleeved-cover-up,14.99,in_stock,7.50,49.97,margin_medium,300,paid_eligible,margin_medium,swimsuits,aov_medium,us_test_ready,True,True,high,set,true,summer,0-25
7109481431137,41497931317345,chic-family-bonding-mother-daughter-matching-swimsuit-set-with-long-sleeved-cover-up,Chic Family Bonding - Mother & Daughter Matching Sw... | DLM,Child 4-5 years / Orange,5203402792635-size:Child 4-5T;Color:Orange;,5203402792635,shopify_US_7109481431137_41497931317345,shopify_US_7109481431137,INFERRED_FROM_SHOPIFY_PRODUCT_ID; exact live MC item_group_id export not present locally,dlm_7109481431137_mother_swimwear,dlm_style_7109481431137_chic_family_bonding_mother_daughter_matching_swimsuit_set_with_long_sleeved_cover_up,mother,swimwear,Swimwear,swimsuits,NEEDS_MERCHANT_EXPORT,https://cdn.shopify.com/s/files/1/1557/1635/files/pomelli-image_30_0a270d7a-d41a-446d-b689-db3c865376c1.png?v=1771599451,https://www.dresslikemommy.com/products/chic-family-bonding-mother-daughter-matching-swimsuit-set-with-long-sleeved-cover-up,14.99,in_stock,7.50,49.97,margin_medium,300,paid_eligible,margin_medium,swimsuits,aov_medium,us_test_ready,True,True,high,set,true,summer,0-25
7109481431137,41497931382881,chic-family-bonding-mother-daughter-matching-swimsuit-set-with-long-sleeved-cover-up,Chic Family Bonding - Mother & Daughter Matching Sw... | DLM,Child 8-10 years / Orange,5203402792637-size:Child 8-10T;Color:Orange;,5203402792637,shopify_US_7109481431137_41497931382881,shopify_US_7109481431137,INFERRED_FROM_SHOPIFY_PRODUCT_ID; exact live MC item_group_id export not present locally,dlm_7109481431137_mother_swimwear,dlm_style_7109481431137_chic_family_bonding_mother_daughter_matching_swimsuit_set_with_long_sleeved_cover_up,mother,swimwear,Swimwear,swimsuits,NEEDS_MERCHANT_EXPORT,https://cdn.shopify.com/s/files/1/1557/1635/files/pomelli-image_30_0a270d7a-d41a-446d-b689-db3c865376c1.png?v=1771599451,https://www.dresslikemommy.com/products/chic-family-bonding-mother-daughter-matching-swimsuit-set-with-long-sleeved-cover-up,14.99,in_stock,7.50,49.97,margin_medium,300,paid_eligible,margin_medium,swimsuits,aov_medium,us_test_ready,True,True,high,set,true,summer,0-25
7109481431137,41497931415649,chic-family-bonding-mother-daughter-matching-swimsuit-set-with-long-sleeved-cover-up,Chic Family Bonding - Mother & Daughter Matching Sw... | DLM,Child 10-12 years / Orange,5203402792638-size:Child 10-12T;Color:Orange;,5203402792638,shopify_US_7109481431137_41497931415649,shopify_US_7109481431137,INFERRED_FROM_SHOPIFY_PRODUCT_ID; exact live MC item_group_id export not present locally,dlm_7109481431137_mother_swimwear,dlm_style_7109481431137_chic_family_bonding_mother_daughter_matching_swimsuit_set_with_long_sleeved_cover_up,mother,swimwear,Swimwear,swimsuits,NEEDS_MERCHANT_EXPORT,https://cdn.shopify.com/s/files/1/1557/1635/files/pomelli-image_30_0a270d7a-d41a-446d-b689-db3c865376c1.png?v=1771599451,https://www.dresslikemommy.com/products/chic-family-bonding-mother-daughter-matching-swimsuit-set-with-long-sleeved-cover-up,14.99,in_stock,7.50,49.97,margin_medium,300,paid_eligible,margin_medium,swimsuits,aov_medium,us_test_ready,True,True,high,set,true,summer,0-25
7109481431137,41497931481185,chic-family-bonding-mother-daughter-matching-swimsuit-set-with-long-sleeved-cover-up,Chic Family Bonding - Mother & Daughter Matching Sw... | DLM,Mother M / Blue,5219251780958-size:Mother M;Color:Blue;,5219251780958,shopify_US_7109481431137_41497931481185,shopify_US_7109481431137,INFERRED_FROM_SHOPIFY_PRODUCT_ID; exact live MC item_group_id export not present locally,dlm_7109481431137_mother_swimwear,dlm_style_7109481431137_chic_family_bonding_mother_daughter_matching_swimsuit_set_with_long_sleeved_cover_up,mother,swimwear,Swimwear,swimsuits,NEEDS_MERCHANT_EXPORT,https://cdn.shopify.com/s/files/1/1557/1635/files/pomelli-image_30_0a270d7a-d41a-446d-b689-db3c865376c1.png?v=1771599451,https://www.dresslikemommy.com/products/chic-family-bonding-mother-daughter-matching-swimsuit-set-with-long-sleeved-cover-up,16.99,in_stock,8.50,49.97,margin_medium,297,paid_eligible,margin_medium,swimsuits,aov_medium,us_test_ready,True,True,high,set,true,summer,0-25
7109481431137,41497931513953,chic-family-bonding-mother-daughter-matching-swimsuit-set-with-long-sleeved-cover-up,Chic Family Bonding - Mother & Daughter Matching Sw... | DLM,Mother L / Blue,5219251780960-size:Mother L;Color:Blue;,5219251780960,shopify_US_7109481431137_41497931513953,shopify_US_7109481431137,INFERRED_FROM_SHOPIFY_PRODUCT_ID; exact live MC item_group_id export not present locally,dlm_7109481431137_mother_swimwear,dlm_style_7109481431137_chic_family_bonding_mother_daughter_matching_swimsuit_set_with_long_sleeved_cover_up,mother,swimwear,Swimwear,swimsuits,NEEDS_MERCHANT_EXPORT,https://cdn.shopify.com/s/files/1/1557/1635/files/pomelli-image_30_0a270d7a-d41a-446d-b689-db3c865376c1.png?v=1771599451,https://www.dresslikemommy.com/products/chic-family-bonding-mother-daughter-matching-swimsuit-set-with-long-sleeved-cover-up,16.99,in_stock,8.50,49.97,margin_medium,300,paid_eligible,margin_medium,swimsuits,aov_medium,us_test_ready,True,True,high,set,true,summer,0-25
7109481431137,41497931546721,chic-family-bonding-mother-daughter-matching-swimsuit-set-with-long-sleeved-cover-up,Chic Family Bonding - Mother & Daughter Matching Sw... | DLM,Mother XL / Blue,5219251780962-size:Mother XL;Color:Blue;,5219251780962,shopify_US_7109481431137_41497931546721,shopify_US_7109481431137,INFERRED_FROM_SHOPIFY_PRODUCT_ID; exact live MC item_group_id export not present locally,dlm_7109481431137_mother_swimwear,dlm_style_7109481431137_chic_family_bonding_mother_daughter_matching_swimsuit_set_with_long_sleeved_cover_up,mother,swimwear,Swimwear,swimsuits,NEEDS_MERCHANT_EXPORT,https://cdn.shopify.com/s/files/1/1557/1635/files/pomelli-image_30_0a270d7a-d41a-446d-b689-db3c865376c1.png?v=1771599451,https://www.dresslikemommy.com/products/chic-family-bonding-mother-daughter-matching-swimsuit-set-with-long-sleeved-cover-up,16.99,in_stock,8.50,49.97,margin_medium,300,paid_eligible,margin_medium,swimsuits,aov_medium,us_test_ready,True,True,high,set,true,summer,0-25
7109481431137,41497931677793,chic-family-bonding-mother-daughter-matching-swimsuit-set-with-long-sleeved-cover-up,Chic Family Bonding - Mother & Daughter Matching Sw... | DLM,Child 8-10 years / Blue,5219251780966-size:Child 8-10T;Color:Blue;,5219251780966,shopify_US_7109481431137_41497931677793,shopify_US_7109481431137,INFERRED_FROM_SHOPIFY_PRODUCT_ID; exact live MC item_group_id export not present locally,dlm_7109481431137_mother_swimwear,dlm_style_7109481431137_chic_family_bonding_mother_daughter_matching_swimsuit_set_with_long_sleeved_cover_up,mother,swimwear,Swimwear,swimsuits,NEEDS_MERCHANT_EXPORT,https://cdn.shopify.com/s/files/1/1557/1635/files/pomelli-image_30_0a270d7a-d41a-446d-b689-db3c865376c1.png?v=1771599451,https://www.dresslikemommy.com/products/chic-family-bonding-mother-daughter-matching-swimsuit-set-with-long-sleeved-cover-up,14.99,in_stock,7.50,49.97,margin_medium,300,paid_eligible,margin_medium,swimsuits,aov_medium,us_test_ready,True,True,high,set,true,summer,0-25
7109481431137,41497931710561,chic-family-bonding-mother-daughter-matching-swimsuit-set-with-long-sleeved-cover-up,Chic Family Bonding - Mother & Daughter Matching Sw... | DLM,Child 10-12 years / Blue,5219251780974-size:Child 10-12T;Color:Blue;,5219251780974,shopify_US_7109481431137_41497931710561,shopify_US_7109481431137,INFERRED_FROM_SHOPIFY_PRODUCT_ID; exact live MC item_group_id export not present locally,dlm_7109481431137_mother_swimwear,dlm_style_7109481431137_chic_family_bonding_mother_daughter_matching_swimsuit_set_with_long_sleeved_cover_up,mother,swimwear,Swimwear,swimsuits,NEEDS_MERCHANT_EXPORT,https://cdn.shopify.com/s/files/1/1557/1635/files/pomelli-image_30_0a270d7a-d41a-446d-b689-db3c865376c1.png?v=1771599451,https://www.dresslikemommy.com/products/chic-family-bonding-mother-daughter-matching-swimsuit-set-with-long-sleeved-cover-up,14.99,in_stock,7.50,49.97,margin_medium,300,paid_eligible,margin_medium,swimsuits,aov_medium,us_test_ready,True,True,high,set,true,summer,0-25
7109481431137,41497931776097,chic-family-bonding-mother-daughter-matching-swimsuit-set-with-long-sleeved-cover-up,Chic Family Bonding - Mother & Daughter Matching Sw... | DLM,Mother M / Black,5203402792652-size:Mother M;Color:Black;,5203402792652,shopify_US_7109481431137_41497931776097,shopify_US_7109481431137,INFERRED_FROM_SHOPIFY_PRODUCT_ID; exact live MC item_group_id export not present locally,dlm_7109481431137_mother_swimwear,dlm_style_7109481431137_chic_family_bonding_mother_daughter_matching_swimsuit_set_with_long_sleeved_cover_up,mother,swimwear,Swimwear,swimsuits,NEEDS_MERCHANT_EXPORT,https://cdn.shopify.com/s/files/1/1557/1635/files/pomelli-image_30_0a270d7a-d41a-446d-b689-db3c865376c1.png?v=1771599451,https://www.dresslikemommy.com/products/chic-family-bonding-mother-daughter-matching-swimsuit-set-with-long-sleeved-cover-up,16.99,in_stock,8.50,49.97,margin_medium,300,paid_eligible,margin_medium,swimsuits,aov_medium,us_test_ready,True,True,high,set,true,summer,0-25
7109481431137,41497931808865,chic-family-bonding-mother-daughter-matching-swimsuit-set-with-long-sleeved-cover-up,Chic Family Bonding - Mother & Daughter Matching Sw... | DLM,Mother L / Black,5203402792653-size:Mother L;Color:Black;,5203402792653,shopify_US_7109481431137_41497931808865,shopify_US_7109481431137,INFERRED_FROM_SHOPIFY_PRODUCT_ID; exact live MC item_group_id export not present locally,dlm_7109481431137_mother_swimwear,dlm_style_7109481431137_chic_family_bonding_mother_daughter_matching_swimsuit_set_with_long_sleeved_cover_up,mother,swimwear,Swimwear,swimsuits,NEEDS_MERCHANT_EXPORT,https://cdn.shopify.com/s/files/1/1557/1635/files/pomelli-image_30_0a270d7a-d41a-446d-b689-db3c865376c1.png?v=1771599451,https://www.dresslikemommy.com/products/chic-family-bonding-mother-daughter-matching-swimsuit-set-with-long-sleeved-cover-up,16.99,in_stock,8.50,49.97,margin_medium,300,paid_eligible,margin_medium,swimsuits,aov_medium,us_test_ready,True,True,high,set,true,summer,0-25
7109481431137,41497931841633,chic-family-bonding-mother-daughter-matching-swimsuit-set-with-long-sleeved-cover-up,Chic Family Bonding - Mother & Daughter Matching Sw... | DLM,Mother XL / Black,5203402792654-size:Mother XL;Color:Black;,5203402792654,shopify_US_7109481431137_41497931841633,shopify_US_7109481431137,INFERRED_FROM_SHOPIFY_PRODUCT_ID; exact live MC item_group_id export not present locally,dlm_7109481431137_mother_swimwear,dlm_style_7109481431137_chic_family_bonding_mother_daughter_matching_swimsuit_set_with_long_sleeved_cover_up,mother,swimwear,Swimwear,swimsuits,NEEDS_MERCHANT_EXPORT,https://cdn.shopify.com/s/files/1/1557/1635/files/pomelli-image_30_0a270d7a-d41a-446d-b689-db3c865376c1.png?v=1771599451,https://www.dresslikemommy.com/products/chic-family-bonding-mother-daughter-matching-swimsuit-set-with-long-sleeved-cover-up,16.99,in_stock,8.50,49.97,margin_medium,300,paid_eligible,margin_medium,swimsuits,aov_medium,us_test_ready,True,True,high,set,true,summer,0-25
7109481431137,41497931874401,chic-family-bonding-mother-daughter-matching-swimsuit-set-with-long-sleeved-cover-up,Chic Family Bonding - Mother & Daughter Matching Sw... | DLM,Child 2-3 years / Black,5203402792655-size:Child 2-3T;Color:Black;,5203402792655,shopify_US_7109481431137_41497931874401,shopify_US_7109481431137,INFERRED_FROM_SHOPIFY_PRODUCT_ID; exact live MC item_group_id export not present locally,dlm_7109481431137_mother_swimwear,dlm_style_7109481431137_chic_family_bonding_mother_daughter_matching_swimsuit_set_with_long_sleeved_cover_up,mother,swimwear,Swimwear,swimsuits,NEEDS_MERCHANT_EXPORT,https://cdn.shopify.com/s/files/1/1557/1635/files/pomelli-image_30_0a270d7a-d41a-446d-b689-db3c865376c1.png?v=1771599451,https://www.dresslikemommy.com/products/chic-family-bonding-mother-daughter-matching-swimsuit-set-with-long-sleeved-cover-up,14.99,in_stock,7.50,49.97,margin_medium,300,paid_eligible,margin_medium,swimsuits,aov_medium,us_test_ready,True,True,high,set,true,summer,0-25
7109481431137,41497931972705,chic-family-bonding-mother-daughter-matching-swimsuit-set-with-long-sleeved-cover-up,Chic Family Bonding - Mother & Daughter Matching Sw... | DLM,Child 6-8 years / Black,5203402792658-size:Child 6-8T;Color:Black;,5203402792658,shopify_US_7109481431137_41497931972705,shopify_US_7109481431137,INFERRED_FROM_SHOPIFY_PRODUCT_ID; exact live MC item_group_id export not present locally,dlm_7109481431137_mother_swimwear,dlm_style_7109481431137_chic_family_bonding_mother_daughter_matching_swimsuit_set_with_long_sleeved_cover_up,mother,swimwear,Swimwear,swimsuits,NEEDS_MERCHANT_EXPORT,https://cdn.shopify.com/s/files/1/1557/1635/files/pomelli-image_30_0a270d7a-d41a-446d-b689-db3c865376c1.png?v=1771599451,https://www.dresslikemommy.com/products/chic-family-bonding-mother-daughter-matching-swimsuit-set-with-long-sleeved-cover-up,14.99,in_stock,7.50,49.97,margin_medium,300,paid_eligible,margin_medium,swimsuits,aov_medium,us_test_ready,True,True,high,set,true,summer,0-25
7109502566497,41497976209505,chic-family-tides-mother-daughter-matching-two-piece-swimsuit-with-skirt-vibrant-versatile-swimwear-collection,Chic Family Tides: Mother & Daughter Matching Two-P... | DLM,Mother L / Red,5374260266701-Size:Mother L;Color:Red;,5374260266701,shopify_US_7109502566497_41497976209505,shopify_US_7109502566497,INFERRED_FROM_SHOPIFY_PRODUCT_ID; exact live MC item_group_id export not present locally,dlm_7109502566497_mother_swimwear,dlm_style_7109502566497_chic_family_tides_mother_daughter_matching_two_piece_swimsuit_with_skirt_vibrant_versatile_swimwear_collection,mother,swimwear,Swimwear,swimsuits,NEEDS_MERCHANT_EXPORT,https://cdn.shopify.com/s/files/1/1557/1635/files/pomelli-image_10_aeb46eba-6e4a-433a-909d-0f77b08002c7.png?v=1771602653,https://www.dresslikemommy.com/products/chic-family-tides-mother-daughter-matching-two-piece-swimsuit-with-skirt-vibrant-versatile-swimwear-collection,16.99,in_stock,8.50,49.97,margin_medium,199,paid_eligible,margin_medium,swimsuits,aov_medium,us_test_ready,True,True,high,set,true,summer,0-25
7109502566497,41497976242273,chic-family-tides-mother-daughter-matching-two-piece-swimsuit-with-skirt-vibrant-versatile-swimwear-collection,Chic Family Tides: Mother & Daughter Matching Two-P... | DLM,Mother XL / Red,5374260266702-Size:Mother XL;Color:Red;,5374260266702,shopify_US_7109502566497_41497976242273,shopify_US_7109502566497,INFERRED_FROM_SHOPIFY_PRODUCT_ID; exact live MC item_group_id export not present locally,dlm_7109502566497_mother_swimwear,dlm_style_7109502566497_chic_family_tides_mother_daughter_matching_two_piece_swimsuit_with_skirt_vibrant_versatile_swimwear_collection,mother,swimwear,Swimwear,swimsuits,NEEDS_MERCHANT_EXPORT,https://cdn.shopify.com/s/files/1/1557/1635/files/pomelli-image_10_aeb46eba-6e4a-433a-909d-0f77b08002c7.png?v=1771602653,https://www.dresslikemommy.com/products/chic-family-tides-mother-daughter-matching-two-piece-swimsuit-with-skirt-vibrant-versatile-swimwear-collection,16.99,in_stock,8.50,49.97,margin_medium,200,paid_eligible,margin_medium,swimsuits,aov_medium,us_test_ready,True,True,high,set,true,summer,0-25
7109502566497,41497976275041,chic-family-tides-mother-daughter-matching-two-piece-swimsuit-with-skirt-vibrant-versatile-swimwear-collection,Chic Family Tides: Mother & Daughter Matching Two-P... | DLM,Child 2-3 years / Red,5374260266703-Size:Child 2-3T;Color:Red;,5374260266703,shopify_US_7109502566497_41497976275041,shopify_US_7109502566497,INFERRED_FROM_SHOPIFY_PRODUCT_ID; exact live MC item_group_id export not present locally,dlm_7109502566497_mother_swimwear,dlm_style_7109502566497_chic_family_tides_mother_daughter_matching_two_piece_swimsuit_with_skirt_vibrant_versatile_swimwear_collection,mother,swimwear,Swimwear,swimsuits,NEEDS_MERCHANT_EXPORT,https://cdn.shopify.com/s/files/1/1557/1635/files/pomelli-image_10_aeb46eba-6e4a-433a-909d-0f77b08002c7.png?v=1771602653,https://www.dresslikemommy.com/products/chic-family-tides-mother-daughter-matching-two-piece-swimsuit-with-skirt-vibrant-versatile-swimwear-collection,14.99,in_stock,7.50,49.97,margin_medium,190,paid_eligible,margin_medium,swimsuits,aov_medium,us_test_ready,True,True,high,set,true,summer,0-25
7109502566497,41497976340577,chic-family-tides-mother-daughter-matching-two-piece-swimsuit-with-skirt-vibrant-versatile-swimwear-collection,Chic Family Tides: Mother & Daughter Matching Two-P... | DLM,Child 4-5 years / Red,5374260266705-Size:Child 4-5T;Color:Red;,5374260266705,shopify_US_7109502566497_41497976340577,shopify_US_7109502566497,INFERRED_FROM_SHOPIFY_PRODUCT_ID; exact live MC item_group_id export not present locally,dlm_7109502566497_mother_swimwear,dlm_style_7109502566497_chic_family_tides_mother_daughter_matching_two_piece_swimsuit_with_skirt_vibrant_versatile_swimwear_collection,mother,swimwear,Swimwear,swimsuits,NEEDS_MERCHANT_EXPORT,https://cdn.shopify.com/s/files/1/1557/1635/files/pomelli-image_10_aeb46eba-6e4a-433a-909d-0f77b08002c7.png?v=1771602653,https://www.dresslikemommy.com/products/chic-family-tides-mother-daughter-matching-two-piece-swimsuit-with-skirt-vibrant-versatile-swimwear-collection,14.99,in_stock,7.50,49.97,margin_medium,190,paid_eligible,margin_medium,swimsuits,aov_medium,us_test_ready,True,True,high,set,true,summer,0-25
7109502566497,41497976438881,chic-family-tides-mother-daughter-matching-two-piece-swimsuit-with-skirt-vibrant-versatile-swimwear-collection,Chic Family Tides: Mother & Daughter Matching Two-P... | DLM,Child 10-12 years / Red,5374260266708-Size:Child 10-12T;Color:Red;,5374260266708,shopify_US_7109502566497_41497976438881,shopify_US_7109502566497,INFERRED_FROM_SHOPIFY_PRODUCT_ID; exact live MC item_group_id export not present locally,dlm_7109502566497_mother_swimwear,dlm_style_7109502566497_chic_family_tides_mother_daughter_matching_two_piece_swimsuit_with_skirt_vibrant_versatile_swimwear_collection,mother,swimwear,Swimwear,swimsuits,NEEDS_MERCHANT_EXPORT,https://cdn.shopify.com/s/files/1/1557/1635/files/pomelli-image_10_aeb46eba-6e4a-433a-909d-0f77b08002c7.png?v=1771602653,https://www.dresslikemommy.com/products/chic-family-tides-mother-daughter-matching-two-piece-swimsuit-with-skirt-vibrant-versatile-swimwear-collection,14.99,in_stock,7.50,49.97,margin_medium,190,paid_eligible,margin_medium,swimsuits,aov_medium,us_test_ready,True,True,high,set,true,summer,0-25
7109502566497,41497976471649,chic-family-tides-mother-daughter-matching-two-piece-swimsuit-with-skirt-vibrant-versatile-swimwear-collection,Chic Family Tides: Mother & Daughter Matching Two-P... | DLM,Mother S / Green,5374260266709-Size:Mother S;Color:Green;,5374260266709,shopify_US_7109502566497_41497976471649,shopify_US_7109502566497,INFERRED_FROM_SHOPIFY_PRODUCT_ID; exact live MC item_group_id export not present locally,dlm_7109502566497_mother_swimwear,dlm_style_7109502566497_chic_family_tides_mother_daughter_matching_two_piece_swimsuit_with_skirt_vibrant_versatile_swimwear_collection,mother,swimwear,Swimwear,swimsuits,NEEDS_MERCHANT_EXPORT,https://cdn.shopify.com/s/files/1/1557/1635/files/pomelli-image_10_aeb46eba-6e4a-433a-909d-0f77b08002c7.png?v=1771602653,https://www.dresslikemommy.com/products/chic-family-tides-mother-daughter-matching-two-piece-swimsuit-with-skirt-vibrant-versatile-swimwear-collection,16.99,in_stock,8.50,49.97,margin_medium,162,paid_eligible,margin_medium,swimsuits,aov_medium,us_test_ready,True,True,high,set,true,summer,0-25
7109502566497,41497976569953,chic-family-tides-mother-daughter-matching-two-piece-swimsuit-with-skirt-vibrant-versatile-swimwear-collection,Chic Family Tides: Mother & Daughter Matching Two-P... | DLM,Mother XL / Green,5374260266712-Size:Mother XL;Color:Green;,5374260266712,shopify_US_7109502566497_41497976569953,shopify_US_7109502566497,INFERRED_FROM_SHOPIFY_PRODUCT_ID; exact live MC item_group_id export not present locally,dlm_7109502566497_mother_swimwear,dlm_style_7109502566497_chic_family_tides_mother_daughter_matching_two_piece_swimsuit_with_skirt_vibrant_versatile_swimwear_collection,mother,swimwear,Swimwear,swimsuits,NEEDS_MERCHANT_EXPORT,https://cdn.shopify.com/s/files/1/1557/1635/files/pomelli-image_10_aeb46eba-6e4a-433a-909d-0f77b08002c7.png?v=1771602653,https://www.dresslikemommy.com/products/chic-family-tides-mother-daughter-matching-two-piece-swimsuit-with-skirt-vibrant-versatile-swimwear-collection,16.99,in_stock,8.50,49.97,margin_medium,199,paid_eligible,margin_medium,swimsuits,aov_medium,us_test_ready,True,True,high,set,true,summer,0-25
7109502566497,41497976668257,chic-family-tides-mother-daughter-matching-two-piece-swimsuit-with-skirt-vibrant-versatile-swimwear-collection,Chic Family Tides: Mother & Daughter Matching Two-P... | DLM,Child 4-5 years / Green,5374260266715-Size:Child 4-5T;Color:Green;,5374260266715,shopify_US_7109502566497_41497976668257,shopify_US_7109502566497,INFERRED_FROM_SHOPIFY_PRODUCT_ID; exact live MC item_group_id export not present locally,dlm_7109502566497_mother_swimwear,dlm_style_7109502566497_chic_family_tides_mother_daughter_matching_two_piece_swimsuit_with_skirt_vibrant_versatile_swimwear_collection,mother,swimwear,Swimwear,swimsuits,NEEDS_MERCHANT_EXPORT,https://cdn.shopify.com/s/files/1/1557/1635/files/pomelli-image_10_aeb46eba-6e4a-433a-909d-0f77b08002c7.png?v=1771602653,https://www.dresslikemommy.com/products/chic-family-tides-mother-daughter-matching-two-piece-swimsuit-with-skirt-vibrant-versatile-swimwear-collection,14.99,in_stock,7.50,49.97,margin_medium,188,paid_eligible,margin_medium,swimsuits,aov_medium,us_test_ready,True,True,high,set,true,summer,0-25
7109502566497,41497976864865,chic-family-tides-mother-daughter-matching-two-piece-swimsuit-with-skirt-vibrant-versatile-swimwear-collection,Chic Family Tides: Mother & Daughter Matching Two-P... | DLM,Mother L / Pink,5374260266721-Size:Mother L;Color:Pink;,5374260266721,shopify_US_7109502566497_41497976864865,shopify_US_7109502566497,INFERRED_FROM_SHOPIFY_PRODUCT_ID; exact live MC item_group_id export not present locally,dlm_7109502566497_mother_swimwear,dlm_style_7109502566497_chic_family_tides_mother_daughter_matching_two_piece_swimsuit_with_skirt_vibrant_versatile_swimwear_collection,mother,swimwear,Swimwear,swimsuits,NEEDS_MERCHANT_EXPORT,https://cdn.shopify.com/s/files/1/1557/1635/files/pomelli-image_10_aeb46eba-6e4a-433a-909d-0f77b08002c7.png?v=1771602653,https://www.dresslikemommy.com/products/chic-family-tides-mother-daughter-matching-two-piece-swimsuit-with-skirt-vibrant-versatile-swimwear-collection,16.99,in_stock,8.50,49.97,margin_medium,199,paid_eligible,margin_medium,swimsuits,aov_medium,us_test_ready,True,True,high,set,true,summer,0-25
7109502566497,41497976897633,chic-family-tides-mother-daughter-matching-two-piece-swimsuit-with-skirt-vibrant-versatile-swimwear-collection,Chic Family Tides: Mother & Daughter Matching Two-P... | DLM,Mother XL / Pink,5374260266722-Size:Mother XL;Color:Pink;,5374260266722,shopify_US_7109502566497_41497976897633,shopify_US_7109502566497,INFERRED_FROM_SHOPIFY_PRODUCT_ID; exact live MC item_group_id export not present locally,dlm_7109502566497_mother_swimwear,dlm_style_7109502566497_chic_family_tides_mother_daughter_matching_two_piece_swimsuit_with_skirt_vibrant_versatile_swimwear_collection,mother,swimwear,Swimwear,swimsuits,NEEDS_MERCHANT_EXPORT,https://cdn.shopify.com/s/files/1/1557/1635/files/pomelli-image_10_aeb46eba-6e4a-433a-909d-0f77b08002c7.png?v=1771602653,https://www.dresslikemommy.com/products/chic-family-tides-mother-daughter-matching-two-piece-swimsuit-with-skirt-vibrant-versatile-swimwear-collection,16.99,in_stock,8.50,49.97,margin_medium,198,paid_eligible,margin_medium,swimsuits,aov_medium,us_test_ready,True,True,high,set,true,summer,0-25
7109502566497,41497976930401,chic-family-tides-mother-daughter-matching-two-piece-swimsuit-with-skirt-vibrant-versatile-swimwear-collection,Chic Family Tides: Mother & Daughter Matching Two-P... | DLM,Child 2-3 years / Pink,5374260266723-Size:Child 2-3T;Color:Pink;,5374260266723,shopify_US_7109502566497_41497976930401,shopify_US_7109502566497,INFERRED_FROM_SHOPIFY_PRODUCT_ID; exact live MC item_group_id export not present locally,dlm_7109502566497_mother_swimwear,dlm_style_7109502566497_chic_family_tides_mother_daughter_matching_two_piece_swimsuit_with_skirt_vibrant_versatile_swimwear_collection,mother,swimwear,Swimwear,swimsuits,NEEDS_MERCHANT_EXPORT,https://cdn.shopify.com/s/files/1/1557/1635/files/pomelli-image_10_aeb46eba-6e4a-433a-909d-0f77b08002c7.png?v=1771602653,https://www.dresslikemommy.com/products/chic-family-tides-mother-daughter-matching-two-piece-swimsuit-with-skirt-vibrant-versatile-swimwear-collection,14.99,in_stock,7.50,49.97,margin_medium,189,paid_eligible,margin_medium,swimsuits,aov_medium,us_test_ready,True,True,high,set,true,summer,0-25
7109502566497,41497976995937,chic-family-tides-mother-daughter-matching-two-piece-swimsuit-with-skirt-vibrant-versatile-swimwear-collection,Chic Family Tides: Mother & Daughter Matching Two-P... | DLM,Child 4-5 years / Pink,5374260266725-Size:Child 4-5T;Color:Pink;,5374260266725,shopify_US_7109502566497_41497976995937,shopify_US_7109502566497,INFERRED_FROM_SHOPIFY_PRODUCT_ID; exact live MC item_group_id export not present locally,dlm_7109502566497_mother_swimwear,dlm_style_7109502566497_chic_family_tides_mother_daughter_matching_two_piece_swimsuit_with_skirt_vibrant_versatile_swimwear_collection,mother,swimwear,Swimwear,swimsuits,NEEDS_MERCHANT_EXPORT,https://cdn.shopify.com/s/files/1/1557/1635/files/pomelli-image_10_aeb46eba-6e4a-433a-909d-0f77b08002c7.png?v=1771602653,https://www.dresslikemommy.com/products/chic-family-tides-mother-daughter-matching-two-piece-swimsuit-with-skirt-vibrant-versatile-swimwear-collection,14.99,in_stock,7.50,49.97,margin_medium,190,paid_eligible,margin_medium,swimsuits,aov_medium,us_test_ready,True,True,high,set,true,summer,0-25
7109502566497,41497977028705,chic-family-tides-mother-daughter-matching-two-piece-swimsuit-with-skirt-vibrant-versatile-swimwear-collection,Chic Family Tides: Mother & Daughter Matching Two-P... | DLM,Child 6-8 years / Pink,5374260266726-Size:Child 6-8T;Color:Pink;,5374260266726,shopify_US_7109502566497_41497977028705,shopify_US_7109502566497,INFERRED_FROM_SHOPIFY_PRODUCT_ID; exact live MC item_group_id export not present locally,dlm_7109502566497_mother_swimwear,dlm_style_7109502566497_chic_family_tides_mother_daughter_matching_two_piece_swimsuit_with_skirt_vibrant_versatile_swimwear_collection,mother,swimwear,Swimwear,swimsuits,NEEDS_MERCHANT_EXPORT,https://cdn.shopify.com/s/files/1/1557/1635/files/pomelli-image_10_aeb46eba-6e4a-433a-909d-0f77b08002c7.png?v=1771602653,https://www.dresslikemommy.com/products/chic-family-tides-mother-daughter-matching-two-piece-swimsuit-with-skirt-vibrant-versatile-swimwear-collection,14.99,in_stock,7.50,49.97,margin_medium,189,paid_eligible,margin_medium,swimsuits,aov_medium,us_test_ready,True,True,high,set,true,summer,0-25
7109502566497,41497977094241,chic-family-tides-mother-daughter-matching-two-piece-swimsuit-with-skirt-vibrant-versatile-swimwear-collection,Chic Family Tides: Mother & Daughter Matching Two-P... | DLM,Child 10-12 years / Pink,5374260266728-Size:Child 10-12T;Color:Pink;,5374260266728,shopify_US_7109502566497_41497977094241,shopify_US_7109502566497,INFERRED_FROM_SHOPIFY_PRODUCT_ID; exact live MC item_group_id export not present locally,dlm_7109502566497_mother_swimwear,dlm_style_7109502566497_chic_family_tides_mother_daughter_matching_two_piece_swimsuit_with_skirt_vibrant_versatile_swimwear_collection,mother,swimwear,Swimwear,swimsuits,NEEDS_MERCHANT_EXPORT,https://cdn.shopify.com/s/files/1/1557/1635/files/pomelli-image_10_aeb46eba-6e4a-433a-909d-0f77b08002c7.png?v=1771602653,https://www.dresslikemommy.com/products/chic-family-tides-mother-daughter-matching-two-piece-swimsuit-with-skirt-vibrant-versatile-swimwear-collection,14.99,in_stock,7.50,49.97,margin_medium,187,paid_eligible,margin_medium,swimsuits,aov_medium,us_test_ready,True,True,high,set,true,summer,0-25
7109122097249,41497077121121,chic-floral-ruffle-one-shoulder-swimsuit-for-women-and-girls-elegant-asymmetrical-swimwear-set-in-vibrant-tropics-print,Chic Floral Ruffle One-Shoulder Swimsuit for Women ... | DLM,Mother S / Pink,5344354407461-Size:Mother S;Color:Pink;,5344354407461,shopify_US_7109122097249_41497077121121,shopify_US_7109122097249,INFERRED_FROM_SHOPIFY_PRODUCT_ID; exact live MC item_group_id export not present locally,dlm_7109122097249_mother_swimwear,dlm_style_7109122097249_chic_floral_ruffle_one_shoulder_swimsuit_for_women_and_girls_elegant_asymmetrical_swimwear_set_in_vibrant_tropics_print,mother,swimwear,Swimwear,swimsuits,NEEDS_MERCHANT_EXPORT,https://cdn.shopify.com/s/files/1/1557/1635/files/pomelli-image_18_217ce973-0399-4a40-81bb-07c0a9517831.png?v=1771600862,https://www.dresslikemommy.com/products/chic-floral-ruffle-one-shoulder-swimsuit-for-women-and-girls-elegant-asymmetrical-swimwear-set-in-vibrant-tropics-print,16.99,in_stock,8.50,49.97,margin_medium,9997,paid_eligible,margin_medium,swimsuits,aov_medium,us_test_ready,True,True,high,set,true,summer,0-25
7109122097249,41497077186657,chic-floral-ruffle-one-shoulder-swimsuit-for-women-and-girls-elegant-asymmetrical-swimwear-set-in-vibrant-tropics-print,Chic Floral Ruffle One-Shoulder Swimsuit for Women ... | DLM,Mother L / Pink,5344354407463-Size:Mother L;Color:Pink;,5344354407463,shopify_US_7109122097249_41497077186657,shopify_US_7109122097249,INFERRED_FROM_SHOPIFY_PRODUCT_ID; exact live MC item_group_id export not present locally,dlm_7109122097249_mother_swimwear,dlm_style_7109122097249_chic_floral_ruffle_one_shoulder_swimsuit_for_women_and_girls_elegant_asymmetrical_swimwear_set_in_vibrant_tropics_print,mother,swimwear,Swimwear,swimsuits,NEEDS_MERCHANT_EXPORT,https://cdn.shopify.com/s/files/1/1557/1635/files/pomelli-image_18_217ce973-0399-4a40-81bb-07c0a9517831.png?v=1771600862,https://www.dresslikemommy.com/products/chic-floral-ruffle-one-shoulder-swimsuit-for-women-and-girls-elegant-asymmetrical-swimwear-set-in-vibrant-tropics-print,16.99,in_stock,8.50,49.97,margin_medium,9997,paid_eligible,margin_medium,swimsuits,aov_medium,us_test_ready,True,True,high,set,true,summer,0-25
7109122097249,41497077219425,chic-floral-ruffle-one-shoulder-swimsuit-for-women-and-girls-elegant-asymmetrical-swimwear-set-in-vibrant-tropics-print,Chic Floral Ruffle One-Shoulder Swimsuit for Women ... | DLM,Mother XL / Pink,5344354407464-Size:Mother XL;Color:Pink;,5344354407464,shopify_US_7109122097249_41497077219425,shopify_US_7109122097249,INFERRED_FROM_SHOPIFY_PRODUCT_ID; exact live MC item_group_id export not present locally,dlm_7109122097249_mother_swimwear,dlm_style_7109122097249_chic_floral_ruffle_one_shoulder_swimsuit_for_women_and_girls_elegant_asymmetrical_swimwear_set_in_vibrant_tropics_print,mother,swimwear,Swimwear,swimsuits,NEEDS_MERCHANT_EXPORT,https://cdn.shopify.com/s/files/1/1557/1635/files/pomelli-image_18_217ce973-0399-4a40-81bb-07c0a9517831.png?v=1771600862,https://www.dresslikemommy.com/products/chic-floral-ruffle-one-shoulder-swimsuit-for-women-and-girls-elegant-asymmetrical-swimwear-set-in-vibrant-tropics-print,16.99,in_stock,8.50,49.97,margin_medium,9998,paid_eligible,margin_medium,swimsuits,aov_medium,us_test_ready,True,True,high,set,true,summer,0-25
7109122097249,41497077252193,chic-floral-ruffle-one-shoulder-swimsuit-for-women-and-girls-elegant-asymmetrical-swimwear-set-in-vibrant-tropics-print,Chic Floral Ruffle One-Shoulder Swimsuit for Women ... | DLM,Child 2-3 years / Pink,5344354407465-Size:Child 2-3T;Color:Pink;,5344354407465,shopify_US_7109122097249_41497077252193,shopify_US_7109122097249,INFERRED_FROM_SHOPIFY_PRODUCT_ID; exact live MC item_group_id export not present locally,dlm_7109122097249_mother_swimwear,dlm_style_7109122097249_chic_floral_ruffle_one_shoulder_swimsuit_for_women_and_girls_elegant_asymmetrical_swimwear_set_in_vibrant_tropics_print,mother,swimwear,Swimwear,swimsuits,NEEDS_MERCHANT_EXPORT,https://cdn.shopify.com/s/files/1/1557/1635/files/pomelli-image_18_217ce973-0399-4a40-81bb-07c0a9517831.png?v=1771600862,https://www.dresslikemommy.com/products/chic-floral-ruffle-one-shoulder-swimsuit-for-women-and-girls-elegant-asymmetrical-swimwear-set-in-vibrant-tropics-print,14.99,in_stock,7.50,49.97,margin_medium,9997,paid_eligible,margin_medium,swimsuits,aov_medium,us_test_ready,True,True,high,set,true,summer,0-25
7109122097249,41497077284961,chic-floral-ruffle-one-shoulder-swimsuit-for-women-and-girls-elegant-asymmetrical-swimwear-set-in-vibrant-tropics-print,Chic Floral Ruffle One-Shoulder Swimsuit for Women ... | DLM,Child 4-5 years / Pink,5344354407466-Size:Child 4-5T;Color:Pink;,5344354407466,shopify_US_7109122097249_41497077284961,shopify_US_7109122097249,INFERRED_FROM_SHOPIFY_PRODUCT_ID; exact live MC item_group_id export not present locally,dlm_7109122097249_mother_swimwear,dlm_style_7109122097249_chic_floral_ruffle_one_shoulder_swimsuit_for_women_and_girls_elegant_asymmetrical_swimwear_set_in_vibrant_tropics_print,mother,swimwear,Swimwear,swimsuits,NEEDS_MERCHANT_EXPORT,https://cdn.shopify.com/s/files/1/1557/1635/files/pomelli-image_18_217ce973-0399-4a40-81bb-07c0a9517831.png?v=1771600862,https://www.dresslikemommy.com/products/chic-floral-ruffle-one-shoulder-swimsuit-for-women-and-girls-elegant-asymmetrical-swimwear-set-in-vibrant-tropics-print,14.99,in_stock,7.50,49.97,margin_medium,9999,paid_eligible,margin_medium,swimsuits,aov_medium,us_test_ready,True,True,high,set,true,summer,0-25
7109122097249,41497077317729,chic-floral-ruffle-one-shoulder-swimsuit-for-women-and-girls-elegant-asymmetrical-swimwear-set-in-vibrant-tropics-print,Chic Floral Ruffle One-Shoulder Swimsuit for Women ... | DLM,Child 5-6 years / Pink,5344354407467-Size:Child 5-6T;Color:Pink;,5344354407467,shopify_US_7109122097249_41497077317729,shopify_US_7109122097249,INFERRED_FROM_SHOPIFY_PRODUCT_ID; exact live MC item_group_id export not present locally,dlm_7109122097249_mother_swimwear,dlm_style_7109122097249_chic_floral_ruffle_one_shoulder_swimsuit_for_women_and_girls_elegant_asymmetrical_swimwear_set_in_vibrant_tropics_print,mother,swimwear,Swimwear,swimsuits,NEEDS_MERCHANT_EXPORT,https://cdn.shopify.com/s/files/1/1557/1635/files/pomelli-image_18_217ce973-0399-4a40-81bb-07c0a9517831.png?v=1771600862,https://www.dresslikemommy.com/products/chic-floral-ruffle-one-shoulder-swimsuit-for-women-and-girls-elegant-asymmetrical-swimwear-set-in-vibrant-tropics-print,14.99,in_stock,7.50,49.97,margin_medium,9998,paid_eligible,margin_medium,swimsuits,aov_medium,us_test_ready,True,True,high,set,true,summer,0-25
7109122097249,41497077416033,chic-floral-ruffle-one-shoulder-swimsuit-for-women-and-girls-elegant-asymmetrical-swimwear-set-in-vibrant-tropics-print,Chic Floral Ruffle One-Shoulder Swimsuit for Women ... | DLM,Child 10-12 years / Pink,5344354407470-Size:Child 10-12T;Color:Pink;,5344354407470,shopify_US_7109122097249_41497077416033,shopify_US_7109122097249,INFERRED_FROM_SHOPIFY_PRODUCT_ID; exact live MC item_group_id export not present locally,dlm_7109122097249_mother_swimwear,dlm_style_7109122097249_chic_floral_ruffle_one_shoulder_swimsuit_for_women_and_girls_elegant_asymmetrical_swimwear_set_in_vibrant_tropics_print,mother,swimwear,Swimwear,swimsuits,NEEDS_MERCHANT_EXPORT,https://cdn.shopify.com/s/files/1/1557/1635/files/pomelli-image_18_217ce973-0399-4a40-81bb-07c0a9517831.png?v=1771600862,https://www.dresslikemommy.com/products/chic-floral-ruffle-one-shoulder-swimsuit-for-women-and-girls-elegant-asymmetrical-swimwear-set-in-vibrant-tropics-print,14.99,in_stock,7.50,49.97,margin_medium,9999,paid_eligible,margin_medium,swimsuits,aov_medium,us_test_ready,True,True,high,set,true,summer,0-25
7108984799329,41496617549921,chic-leopard-print-one-piece-swimsuit-with-ruffle-accent-timeless-mother-daughter-beachwear,Chic Leopard Print One-Piece Swimsuit with Ruffle A... | DLM,Mother S / Leopard,5173245816462-Size:Mother S;Color:Leopard;,5173245816462,shopify_US_7108984799329_41496617549921,shopify_US_7108984799329,INFERRED_FROM_SHOPIFY_PRODUCT_ID; exact live MC item_group_id export not present locally,dlm_7108984799329_mother_swimwear,dlm_style_7108984799329_chic_leopard_print_one_piece_swimsuit_with_ruffle_accent_timeless_mother_daughter_beachwear,mother,swimwear,Swimwear,swimsuits,NEEDS_MERCHANT_EXPORT,https://cdn.shopify.com/s/files/1/1557/1635/files/pomelli-image_18_24b5d6ca-4bdc-4e18-88d0-49e7de6170eb.png?v=1771565418,https://www.dresslikemommy.com/products/chic-leopard-print-one-piece-swimsuit-with-ruffle-accent-timeless-mother-daughter-beachwear,17.99,in_stock,9.00,49.97,margin_medium,1000,paid_eligible,margin_medium,swimsuits,aov_medium,us_test_ready,True,True,high,set,true,summer,0-25
7108984799329,41496617615457,chic-leopard-print-one-piece-swimsuit-with-ruffle-accent-timeless-mother-daughter-beachwear,Chic Leopard Print One-Piece Swimsuit with Ruffle A... | DLM,Mother L / Leopard,5173245816464-Size:Mother L;Color:Leopard;,5173245816464,shopify_US_7108984799329_41496617615457,shopify_US_7108984799329,INFERRED_FROM_SHOPIFY_PRODUCT_ID; exact live MC item_group_id export not present locally,dlm_7108984799329_mother_swimwear,dlm_style_7108984799329_chic_leopard_print_one_piece_swimsuit_with_ruffle_accent_timeless_mother_daughter_beachwear,mother,swimwear,Swimwear,swimsuits,NEEDS_MERCHANT_EXPORT,https://cdn.shopify.com/s/files/1/1557/1635/files/pomelli-image_18_24b5d6ca-4bdc-4e18-88d0-49e7de6170eb.png?v=1771565418,https://www.dresslikemommy.com/products/chic-leopard-print-one-piece-swimsuit-with-ruffle-accent-timeless-mother-daughter-beachwear,17.99,in_stock,9.00,49.97,margin_medium,996,paid_eligible,margin_medium,swimsuits,aov_medium,us_test_ready,True,True,high,set,true,summer,0-25
7108984799329,41496617648225,chic-leopard-print-one-piece-swimsuit-with-ruffle-accent-timeless-mother-daughter-beachwear,Chic Leopard Print One-Piece Swimsuit with Ruffle A... | DLM,Mother XL / Leopard,5173245816465-Size:Mother XL;Color:Leopard;,5173245816465,shopify_US_7108984799329_41496617648225,shopify_US_7108984799329,INFERRED_FROM_SHOPIFY_PRODUCT_ID; exact live MC item_group_id export not present locally,dlm_7108984799329_mother_swimwear,dlm_style_7108984799329_chic_leopard_print_one_piece_swimsuit_with_ruffle_accent_timeless_mother_daughter_beachwear,mother,swimwear,Swimwear,swimsuits,NEEDS_MERCHANT_EXPORT,https://cdn.shopify.com/s/files/1/1557/1635/files/pomelli-image_18_24b5d6ca-4bdc-4e18-88d0-49e7de6170eb.png?v=1771565418,https://www.dresslikemommy.com/products/chic-leopard-print-one-piece-swimsuit-with-ruffle-accent-timeless-mother-daughter-beachwear,17.99,in_stock,9.00,49.97,margin_medium,1000,paid_eligible,margin_medium,swimsuits,aov_medium,us_test_ready,True,True,high,set,true,summer,0-25
7108984799329,41496617680993,chic-leopard-print-one-piece-swimsuit-with-ruffle-accent-timeless-mother-daughter-beachwear,Chic Leopard Print One-Piece Swimsuit with Ruffle A... | DLM,Child 2-3 years / Leopard,5173245816466-Size:Child 2-3T;Color:Leopard;,5173245816466,shopify_US_7108984799329_41496617680993,shopify_US_7108984799329,INFERRED_FROM_SHOPIFY_PRODUCT_ID; exact live MC item_group_id export not present locally,dlm_7108984799329_child_swimwear,dlm_style_7108984799329_chic_leopard_print_one_piece_swimsuit_with_ruffle_accent_timeless_mother_daughter_beachwear,child,swimwear,Swimwear,swimsuits,NEEDS_MERCHANT_EXPORT,https://cdn.shopify.com/s/files/1/1557/1635/files/pomelli-image_18_24b5d6ca-4bdc-4e18-88d0-49e7de6170eb.png?v=1771565418,https://www.dresslikemommy.com/products/chic-leopard-print-one-piece-swimsuit-with-ruffle-accent-timeless-mother-daughter-beachwear,15.99,in_stock,8.00,49.97,margin_medium,998,paid_eligible,margin_medium,swimsuits,aov_medium,us_test_ready,True,True,high,set,true,summer,0-25
7108984799329,41496617779297,chic-leopard-print-one-piece-swimsuit-with-ruffle-accent-timeless-mother-daughter-beachwear,Chic Leopard Print One-Piece Swimsuit with Ruffle A... | DLM,Child 6-8 years / Leopard,5173245816469-Size:Child 6-8T;Color:Leopard;,5173245816469,shopify_US_7108984799329_41496617779297,shopify_US_7108984799329,INFERRED_FROM_SHOPIFY_PRODUCT_ID; exact live MC item_group_id export not present locally,dlm_7108984799329_child_swimwear,dlm_style_7108984799329_chic_leopard_print_one_piece_swimsuit_with_ruffle_accent_timeless_mother_daughter_beachwear,child,swimwear,Swimwear,swimsuits,NEEDS_MERCHANT_EXPORT,https://cdn.shopify.com/s/files/1/1557/1635/files/pomelli-image_18_24b5d6ca-4bdc-4e18-88d0-49e7de6170eb.png?v=1771565418,https://www.dresslikemommy.com/products/chic-leopard-print-one-piece-swimsuit-with-ruffle-accent-timeless-mother-daughter-beachwear,15.99,in_stock,8.00,49.97,margin_medium,1000,paid_eligible,margin_medium,swimsuits,aov_medium,us_test_ready,True,True,high,set,true,summer,0-25
7108984799329,41496617812065,chic-leopard-print-one-piece-swimsuit-with-ruffle-accent-timeless-mother-daughter-beachwear,Chic Leopard Print One-Piece Swimsuit with Ruffle A... | DLM,Child 8-10 years / Leopard,5173245816470-Size:Child 8-10T;Color:Leopard;,5173245816470,shopify_US_7108984799329_41496617812065,shopify_US_7108984799329,INFERRED_FROM_SHOPIFY_PRODUCT_ID; exact live MC item_group_id export not present locally,dlm_7108984799329_child_swimwear,dlm_style_7108984799329_chic_leopard_print_one_piece_swimsuit_with_ruffle_accent_timeless_mother_daughter_beachwear,child,swimwear,Swimwear,swimsuits,NEEDS_MERCHANT_EXPORT,https://cdn.shopify.com/s/files/1/1557/1635/files/pomelli-image_18_24b5d6ca-4bdc-4e18-88d0-49e7de6170eb.png?v=1771565418,https://www.dresslikemommy.com/products/chic-leopard-print-one-piece-swimsuit-with-ruffle-accent-timeless-mother-daughter-beachwear,15.99,in_stock,8.00,49.97,margin_medium,1000,paid_eligible,margin_medium,swimsuits,aov_medium,us_test_ready,True,True,high,set,true,summer,0-25
7108984799329,41496617844833,chic-leopard-print-one-piece-swimsuit-with-ruffle-accent-timeless-mother-daughter-beachwear,Chic Leopard Print One-Piece Swimsuit with Ruffle A... | DLM,Child 10-12 years / Leopard,5173245816471-Size:Child 10-12T;Color:Leopard;,5173245816471,shopify_US_7108984799329_41496617844833,shopify_US_7108984799329,INFERRED_FROM_SHOPIFY_PRODUCT_ID; exact live MC item_group_id export not present locally,dlm_7108984799329_child_swimwear,dlm_style_7108984799329_chic_leopard_print_one_piece_swimsuit_with_ruffle_accent_timeless_mother_daughter_beachwear,child,swimwear,Swimwear,swimsuits,NEEDS_MERCHANT_EXPORT,https://cdn.shopify.com/s/files/1/1557/1635/files/pomelli-image_18_24b5d6ca-4bdc-4e18-88d0-49e7de6170eb.png?v=1771565418,https://www.dresslikemommy.com/products/chic-leopard-print-one-piece-swimsuit-with-ruffle-accent-timeless-mother-daughter-beachwear,15.99,in_stock,8.00,49.97,margin_medium,1000,paid_eligible,margin_medium,swimsuits,aov_medium,us_test_ready,True,True,high,set,true,summer,0-25
7109472288865,41497917882465,chic-mother-daughter-matching-swimsuit-set-with-floral-cover-up-family-beachwear-collection,Chic Mother-Daughter Matching Swimsuit Set with Flo... | DLM,Mother S / Black,5219254156189-Size:Mother S;Color:Black;,5219254156189,shopify_US_7109472288865_41497917882465,shopify_US_7109472288865,INFERRED_FROM_SHOPIFY_PRODUCT_ID; exact live MC item_group_id export not present locally,dlm_7109472288865_mother_swimwear,dlm_style_7109472288865_chic_mother_daughter_matching_swimsuit_set_with_floral_cover_up_family_beachwear_collection,mother,swimwear,Swimwear,swimsuits,NEEDS_MERCHANT_EXPORT,https://cdn.shopify.com/s/files/1/1557/1635/files/pomelli-image_21_7fc6de5f-f8a2-4ea7-a380-427ef440526c.png?v=1771603503,https://www.dresslikemommy.com/products/chic-mother-daughter-matching-swimsuit-set-with-floral-cover-up-family-beachwear-collection,16.99,in_stock,8.50,49.97,margin_medium,100,paid_eligible,margin_medium,swimsuits,aov_medium,us_test_ready,True,True,high,set,true,summer,0-25
7109472288865,41497917915233,chic-mother-daughter-matching-swimsuit-set-with-floral-cover-up-family-beachwear-collection,Chic Mother-Daughter Matching Swimsuit Set with Flo... | DLM,Mother M / Black,5219254156192-Size:Mother M;Color:Black;,5219254156192,shopify_US_7109472288865_41497917915233,shopify_US_7109472288865,INFERRED_FROM_SHOPIFY_PRODUCT_ID; exact live MC item_group_id export not present locally,dlm_7109472288865_mother_swimwear,dlm_style_7109472288865_chic_mother_daughter_matching_swimsuit_set_with_floral_cover_up_family_beachwear_collection,mother,swimwear,Swimwear,swimsuits,NEEDS_MERCHANT_EXPORT,https://cdn.shopify.com/s/files/1/1557/1635/files/pomelli-image_21_7fc6de5f-f8a2-4ea7-a380-427ef440526c.png?v=1771603503,https://www.dresslikemommy.com/products/chic-mother-daughter-matching-swimsuit-set-with-floral-cover-up-family-beachwear-collection,16.99,in_stock,8.50,49.97,margin_medium,100,paid_eligible,margin_medium,swimsuits,aov_medium,us_test_ready,True,True,high,set,true,summer,0-25
7109472288865,41497917948001,chic-mother-daughter-matching-swimsuit-set-with-floral-cover-up-family-beachwear-collection,Chic Mother-Daughter Matching Swimsuit Set with Flo... | DLM,Mother L / Black,5219254156195-Size:Mother L;Color:Black;,5219254156195,shopify_US_7109472288865_41497917948001,shopify_US_7109472288865,INFERRED_FROM_SHOPIFY_PRODUCT_ID; exact live MC item_group_id export not present locally,dlm_7109472288865_mother_swimwear,dlm_style_7109472288865_chic_mother_daughter_matching_swimsuit_set_with_floral_cover_up_family_beachwear_collection,mother,swimwear,Swimwear,swimsuits,NEEDS_MERCHANT_EXPORT,https://cdn.shopify.com/s/files/1/1557/1635/files/pomelli-image_21_7fc6de5f-f8a2-4ea7-a380-427ef440526c.png?v=1771603503,https://www.dresslikemommy.com/products/chic-mother-daughter-matching-swimsuit-set-with-floral-cover-up-family-beachwear-collection,16.99,in_stock,8.50,49.97,margin_medium,100,paid_eligible,margin_medium,swimsuits,aov_medium,us_test_ready,True,True,high,set,true,summer,0-25
7109472288865,41497917980769,chic-mother-daughter-matching-swimsuit-set-with-floral-cover-up-family-beachwear-collection,Chic Mother-Daughter Matching Swimsuit Set with Flo... | DLM,Mother XL / Black,5219254156198-Size:Mother XL;Color:Black;,5219254156198,shopify_US_7109472288865_41497917980769,shopify_US_7109472288865,INFERRED_FROM_SHOPIFY_PRODUCT_ID; exact live MC item_group_id export not present locally,dlm_7109472288865_mother_swimwear,dlm_style_7109472288865_chic_mother_daughter_matching_swimsuit_set_with_floral_cover_up_family_beachwear_collection,mother,swimwear,Swimwear,swimsuits,NEEDS_MERCHANT_EXPORT,https://cdn.shopify.com/s/files/1/1557/1635/files/pomelli-image_21_7fc6de5f-f8a2-4ea7-a380-427ef440526c.png?v=1771603503,https://www.dresslikemommy.com/products/chic-mother-daughter-matching-swimsuit-set-with-floral-cover-up-family-beachwear-collection,16.99,in_stock,8.50,49.97,margin_medium,100,paid_eligible,margin_medium,swimsuits,aov_medium,us_test_ready,True,True,high,set,true,summer,0-25
7109472288865,41497918144609,chic-mother-daughter-matching-swimsuit-set-with-floral-cover-up-family-beachwear-collection,Chic Mother-Daughter Matching Swimsuit Set with Flo... | DLM,Child 8-10 years / Black,5219254156204-Size:Child 8-10T;Color:Black;,5219254156204,shopify_US_7109472288865_41497918144609,shopify_US_7109472288865,INFERRED_FROM_SHOPIFY_PRODUCT_ID; exact live MC item_group_id export not present locally,dlm_7109472288865_mother_swimwear,dlm_style_7109472288865_chic_mother_daughter_matching_swimsuit_set_with_floral_cover_up_family_beachwear_collection,mother,swimwear,Swimwear,swimsuits,NEEDS_MERCHANT_EXPORT,https://cdn.shopify.com/s/files/1/1557/1635/files/pomelli-image_21_7fc6de5f-f8a2-4ea7-a380-427ef440526c.png?v=1771603503,https://www.dresslikemommy.com/products/chic-mother-daughter-matching-swimsuit-set-with-floral-cover-up-family-beachwear-collection,14.99,in_stock,7.50,49.97,margin_medium,100,paid_eligible,margin_medium,swimsuits,aov_medium,us_test_ready,True,True,high,set,true,summer,0-25
7109472288865,41497918210145,chic-mother-daughter-matching-swimsuit-set-with-floral-cover-up-family-beachwear-collection,Chic Mother-Daughter Matching Swimsuit Set with Flo... | DLM,Mother S / Green,5219254156190-Size:Mother S;Color:Green;,5219254156190,shopify_US_7109472288865_41497918210145,shopify_US_7109472288865,INFERRED_FROM_SHOPIFY_PRODUCT_ID; exact live MC item_group_id export not present locally,dlm_7109472288865_mother_swimwear,dlm_style_7109472288865_chic_mother_daughter_matching_swimsuit_set_with_floral_cover_up_family_beachwear_collection,mother,swimwear,Swimwear,swimsuits,NEEDS_MERCHANT_EXPORT,https://cdn.shopify.com/s/files/1/1557/1635/files/pomelli-image_21_7fc6de5f-f8a2-4ea7-a380-427ef440526c.png?v=1771603503,https://www.dresslikemommy.com/products/chic-mother-daughter-matching-swimsuit-set-with-floral-cover-up-family-beachwear-collection,16.99,in_stock,8.50,49.97,margin_medium,100,paid_eligible,margin_medium,swimsuits,aov_medium,us_test_ready,True,True,high,set,true,summer,0-25
7109472288865,41497918242913,chic-mother-daughter-matching-swimsuit-set-with-floral-cover-up-family-beachwear-collection,Chic Mother-Daughter Matching Swimsuit Set with Flo... | DLM,Mother M / Green,5219254156193-Size:Mother M;Color:Green;,5219254156193,shopify_US_7109472288865_41497918242913,shopify_US_7109472288865,INFERRED_FROM_SHOPIFY_PRODUCT_ID; exact live MC item_group_id export not present locally,dlm_7109472288865_mother_swimwear,dlm_style_7109472288865_chic_mother_daughter_matching_swimsuit_set_with_floral_cover_up_family_beachwear_collection,mother,swimwear,Swimwear,swimsuits,NEEDS_MERCHANT_EXPORT,https://cdn.shopify.com/s/files/1/1557/1635/files/pomelli-image_21_7fc6de5f-f8a2-4ea7-a380-427ef440526c.png?v=1771603503,https://www.dresslikemommy.com/products/chic-mother-daughter-matching-swimsuit-set-with-floral-cover-up-family-beachwear-collection,16.99,in_stock,8.50,49.97,margin_medium,100,paid_eligible,margin_medium,swimsuits,aov_medium,us_test_ready,True,True,high,set,true,summer,0-25
7109472288865,41497918275681,chic-mother-daughter-matching-swimsuit-set-with-floral-cover-up-family-beachwear-collection,Chic Mother-Daughter Matching Swimsuit Set with Flo... | DLM,Mother L / Green,5219254156196-Size:Mother L;Color:Green;,5219254156196,shopify_US_7109472288865_41497918275681,shopify_US_7109472288865,INFERRED_FROM_SHOPIFY_PRODUCT_ID; exact live MC item_group_id export not present locally,dlm_7109472288865_mother_swimwear,dlm_style_7109472288865_chic_mother_daughter_matching_swimsuit_set_with_floral_cover_up_family_beachwear_collection,mother,swimwear,Swimwear,swimsuits,NEEDS_MERCHANT_EXPORT,https://cdn.shopify.com/s/files/1/1557/1635/files/pomelli-image_21_7fc6de5f-f8a2-4ea7-a380-427ef440526c.png?v=1771603503,https://www.dresslikemommy.com/products/chic-mother-daughter-matching-swimsuit-set-with-floral-cover-up-family-beachwear-collection,16.99,in_stock,8.50,49.97,margin_medium,100,paid_eligible,margin_medium,swimsuits,aov_medium,us_test_ready,True,True,high,set,true,summer,0-25
7109472288865,41497918308449,chic-mother-daughter-matching-swimsuit-set-with-floral-cover-up-family-beachwear-collection,Chic Mother-Daughter Matching Swimsuit Set with Flo... | DLM,Mother XL / Green,5219254156199-Size:Mother XL;Color:Green;,5219254156199,shopify_US_7109472288865_41497918308449,shopify_US_7109472288865,INFERRED_FROM_SHOPIFY_PRODUCT_ID; exact live MC item_group_id export not present locally,dlm_7109472288865_mother_swimwear,dlm_style_7109472288865_chic_mother_daughter_matching_swimsuit_set_with_floral_cover_up_family_beachwear_collection,mother,swimwear,Swimwear,swimsuits,NEEDS_MERCHANT_EXPORT,https://cdn.shopify.com/s/files/1/1557/1635/files/pomelli-image_21_7fc6de5f-f8a2-4ea7-a380-427ef440526c.png?v=1771603503,https://www.dresslikemommy.com/products/chic-mother-daughter-matching-swimsuit-set-with-floral-cover-up-family-beachwear-collection,16.99,in_stock,8.50,49.97,margin_medium,100,paid_eligible,margin_medium,swimsuits,aov_medium,us_test_ready,True,True,high,set,true,summer,0-25
7109472288865,41497918406753,chic-mother-daughter-matching-swimsuit-set-with-floral-cover-up-family-beachwear-collection,Chic Mother-Daughter Matching Swimsuit Set with Flo... | DLM,Child 4-5 years / Green,5219254156220-Size:Child 4-5T;Color:Green;,5219254156220,shopify_US_7109472288865_41497918406753,shopify_US_7109472288865,INFERRED_FROM_SHOPIFY_PRODUCT_ID; exact live MC item_group_id export not present locally,dlm_7109472288865_mother_swimwear,dlm_style_7109472288865_chic_mother_daughter_matching_swimsuit_set_with_floral_cover_up_family_beachwear_collection,mother,swimwear,Swimwear,swimsuits,NEEDS_MERCHANT_EXPORT,https://cdn.shopify.com/s/files/1/1557/1635/files/pomelli-image_21_7fc6de5f-f8a2-4ea7-a380-427ef440526c.png?v=1771603503,https://www.dresslikemommy.com/products/chic-mother-daughter-matching-swimsuit-set-with-floral-cover-up-family-beachwear-collection,14.99,in_stock,7.50,49.97,margin_medium,100,paid_eligible,margin_medium,swimsuits,aov_medium,us_test_ready,True,True,high,set,true,summer,0-25
7109472288865,41497918439521,chic-mother-daughter-matching-swimsuit-set-with-floral-cover-up-family-beachwear-collection,Chic Mother-Daughter Matching Swimsuit Set with Flo... | DLM,Child 6-8 years / Green,5219254156214-Size:Child 6-8T;Color:Green;,5219254156214,shopify_US_7109472288865_41497918439521,shopify_US_7109472288865,INFERRED_FROM_SHOPIFY_PRODUCT_ID; exact live MC item_group_id export not present locally,dlm_7109472288865_mother_swimwear,dlm_style_7109472288865_chic_mother_daughter_matching_swimsuit_set_with_floral_cover_up_family_beachwear_collection,mother,swimwear,Swimwear,swimsuits,NEEDS_MERCHANT_EXPORT,https://cdn.shopify.com/s/files/1/1557/1635/files/pomelli-image_21_7fc6de5f-f8a2-4ea7-a380-427ef440526c.png?v=1771603503,https://www.dresslikemommy.com/products/chic-mother-daughter-matching-swimsuit-set-with-floral-cover-up-family-beachwear-collection,14.99,in_stock,7.50,49.97,margin_medium,100,paid_eligible,margin_medium,swimsuits,aov_medium,us_test_ready,True,True,high,set,true,summer,0-25
7109472288865,41497918570593,chic-mother-daughter-matching-swimsuit-set-with-floral-cover-up-family-beachwear-collection,Chic Mother-Daughter Matching Swimsuit Set with Flo... | DLM,Mother M / Purple,5219254156194-Size:Mother M;Color:Purple;,5219254156194,shopify_US_7109472288865_41497918570593,shopify_US_7109472288865,INFERRED_FROM_SHOPIFY_PRODUCT_ID; exact live MC item_group_id export not present locally,dlm_7109472288865_mother_swimwear,dlm_style_7109472288865_chic_mother_daughter_matching_swimsuit_set_with_floral_cover_up_family_beachwear_collection,mother,swimwear,Swimwear,swimsuits,NEEDS_MERCHANT_EXPORT,https://cdn.shopify.com/s/files/1/1557/1635/files/pomelli-image_21_7fc6de5f-f8a2-4ea7-a380-427ef440526c.png?v=1771603503,https://www.dresslikemommy.com/products/chic-mother-daughter-matching-swimsuit-set-with-floral-cover-up-family-beachwear-collection,16.99,in_stock,8.50,49.97,margin_medium,100,paid_eligible,margin_medium,swimsuits,aov_medium,us_test_ready,True,True,high,set,true,summer,0-25
7109472288865,41497918603361,chic-mother-daughter-matching-swimsuit-set-with-floral-cover-up-family-beachwear-collection,Chic Mother-Daughter Matching Swimsuit Set with Flo... | DLM,Mother L / Purple,5219254156197-Size:Mother L;Color:Purple;,5219254156197,shopify_US_7109472288865_41497918603361,shopify_US_7109472288865,INFERRED_FROM_SHOPIFY_PRODUCT_ID; exact live MC item_group_id export not present locally,dlm_7109472288865_mother_swimwear,dlm_style_7109472288865_chic_mother_daughter_matching_swimsuit_set_with_floral_cover_up_family_beachwear_collection,mother,swimwear,Swimwear,swimsuits,NEEDS_MERCHANT_EXPORT,https://cdn.shopify.com/s/files/1/1557/1635/files/pomelli-image_21_7fc6de5f-f8a2-4ea7-a380-427ef440526c.png?v=1771603503,https://www.dresslikemommy.com/products/chic-mother-daughter-matching-swimsuit-set-with-floral-cover-up-family-beachwear-collection,16.99,in_stock,8.50,49.97,margin_medium,100,paid_eligible,margin_medium,swimsuits,aov_medium,us_test_ready,True,True,high,set,true,summer,0-25
7109472288865,41497918668897,chic-mother-daughter-matching-swimsuit-set-with-floral-cover-up-family-beachwear-collection,Chic Mother-Daughter Matching Swimsuit Set with Flo... | DLM,Child 2-3 years / Purple,5219254156209-Size:Child 2-3T;Color:Purple;,5219254156209,shopify_US_7109472288865_41497918668897,shopify_US_7109472288865,INFERRED_FROM_SHOPIFY_PRODUCT_ID; exact live MC item_group_id export not present locally,dlm_7109472288865_mother_swimwear,dlm_style_7109472288865_chic_mother_daughter_matching_swimsuit_set_with_floral_cover_up_family_beachwear_collection,mother,swimwear,Swimwear,swimsuits,NEEDS_MERCHANT_EXPORT,https://cdn.shopify.com/s/files/1/1557/1635/files/pomelli-image_21_7fc6de5f-f8a2-4ea7-a380-427ef440526c.png?v=1771603503,https://www.dresslikemommy.com/products/chic-mother-daughter-matching-swimsuit-set-with-floral-cover-up-family-beachwear-collection,14.99,in_stock,7.50,49.97,margin_medium,100,paid_eligible,margin_medium,swimsuits,aov_medium,us_test_ready,True,True,high,set,true,summer,0-25
7109472288865,41497918734433,chic-mother-daughter-matching-swimsuit-set-with-floral-cover-up-family-beachwear-collection,Chic Mother-Daughter Matching Swimsuit Set with Flo... | DLM,Child 4-5 years / Purple,5219254156221-Size:Child 4-5T;Color:Purple;,5219254156221,shopify_US_7109472288865_41497918734433,shopify_US_7109472288865,INFERRED_FROM_SHOPIFY_PRODUCT_ID; exact live MC item_group_id export not present locally,dlm_7109472288865_mother_swimwear,dlm_style_7109472288865_chic_mother_daughter_matching_swimsuit_set_with_floral_cover_up_family_beachwear_collection,mother,swimwear,Swimwear,swimsuits,NEEDS_MERCHANT_EXPORT,https://cdn.shopify.com/s/files/1/1557/1635/files/pomelli-image_21_7fc6de5f-f8a2-4ea7-a380-427ef440526c.png?v=1771603503,https://www.dresslikemommy.com/products/chic-mother-daughter-matching-swimsuit-set-with-floral-cover-up-family-beachwear-collection,14.99,in_stock,7.50,49.97,margin_medium,100,paid_eligible,margin_medium,swimsuits,aov_medium,us_test_ready,True,True,high,set,true,summer,0-25
7109472288865,41497918832737,chic-mother-daughter-matching-swimsuit-set-with-floral-cover-up-family-beachwear-collection,Chic Mother-Daughter Matching Swimsuit Set with Flo... | DLM,Child 10-12 years / Purple,5219254156218-Size:Child 10-12T;Color:Purple;,5219254156218,shopify_US_7109472288865_41497918832737,shopify_US_7109472288865,INFERRED_FROM_SHOPIFY_PRODUCT_ID; exact live MC item_group_id export not present locally,dlm_7109472288865_mother_swimwear,dlm_style_7109472288865_chic_mother_daughter_matching_swimsuit_set_with_floral_cover_up_family_beachwear_collection,mother,swimwear,Swimwear,swimsuits,NEEDS_MERCHANT_EXPORT,https://cdn.shopify.com/s/files/1/1557/1635/files/pomelli-image_21_7fc6de5f-f8a2-4ea7-a380-427ef440526c.png?v=1771603503,https://www.dresslikemommy.com/products/chic-mother-daughter-matching-swimsuit-set-with-floral-cover-up-family-beachwear-collection,14.99,in_stock,7.50,49.97,margin_medium,100,paid_eligible,margin_medium,swimsuits,aov_medium,us_test_ready,True,True,high,set,true,summer,0-25
7108942397537,41496468422753,chic-mother-daughter-one-shoulder-swimsuit-with-playful-ruffles-and-contrasting-stripes-nylon-polyester-blend,Chic Mother-Daughter One-Shoulder Swimsuit with Pla... | DLM,Mother S / Main picture,4882795899560-Size:Adult S;Color:Main picture;,4882795899560,shopify_US_7108942397537_41496468422753,shopify_US_7108942397537,INFERRED_FROM_SHOPIFY_PRODUCT_ID; exact live MC item_group_id export not present locally,dlm_7108942397537_mother_swimwear,dlm_style_7108942397537_chic_mother_daughter_one_shoulder_swimsuit_with_playful_ruffles_and_contrasting_stripes_nylon_polyester_blend,mother,swimwear,Swimwear,swimsuits,NEEDS_MERCHANT_EXPORT,https://cdn.shopify.com/s/files/1/1557/1635/files/pomelli-image_14_e9fcbb16-a10d-4b67-a3b3-3cbaf01572d6.png?v=1771601086,https://www.dresslikemommy.com/products/chic-mother-daughter-one-shoulder-swimsuit-with-playful-ruffles-and-contrasting-stripes-nylon-polyester-blend,19.99,in_stock,10.00,49.97,margin_medium,29868,paid_eligible,margin_medium,swimsuits,aov_medium,us_test_ready,True,True,high,set,true,summer,0-25
7108942397537,41496468455521,chic-mother-daughter-one-shoulder-swimsuit-with-playful-ruffles-and-contrasting-stripes-nylon-polyester-blend,Chic Mother-Daughter One-Shoulder Swimsuit with Pla... | DLM,Mother M / Main picture,4882795899561-Size:Adult M;Color:Main picture;,4882795899561,shopify_US_7108942397537_41496468455521,shopify_US_7108942397537,INFERRED_FROM_SHOPIFY_PRODUCT_ID; exact live MC item_group_id export not present locally,dlm_7108942397537_mother_swimwear,dlm_style_7108942397537_chic_mother_daughter_one_shoulder_swimsuit_with_playful_ruffles_and_contrasting_stripes_nylon_polyester_blend,mother,swimwear,Swimwear,swimsuits,NEEDS_MERCHANT_EXPORT,https://cdn.shopify.com/s/files/1/1557/1635/files/pomelli-image_14_e9fcbb16-a10d-4b67-a3b3-3cbaf01572d6.png?v=1771601086,https://www.dresslikemommy.com/products/chic-mother-daughter-one-shoulder-swimsuit-with-playful-ruffles-and-contrasting-stripes-nylon-polyester-blend,19.99,in_stock,10.00,49.97,margin_medium,29787,paid_eligible,margin_medium,swimsuits,aov_medium,us_test_ready,True,True,high,set,true,summer,0-25
7108942397537,41496468521057,chic-mother-daughter-one-shoulder-swimsuit-with-playful-ruffles-and-contrasting-stripes-nylon-polyester-blend,Chic Mother-Daughter One-Shoulder Swimsuit with Pla... | DLM,Mother XL / Main picture,4882795899563-Size:Adult XL;Color:Main picture;,4882795899563,shopify_US_7108942397537_41496468521057,shopify_US_7108942397537,INFERRED_FROM_SHOPIFY_PRODUCT_ID; exact live MC item_group_id export not present locally,dlm_7108942397537_mother_swimwear,dlm_style_7108942397537_chic_mother_daughter_one_shoulder_swimsuit_with_playful_ruffles_and_contrasting_stripes_nylon_polyester_blend,mother,swimwear,Swimwear,swimsuits,NEEDS_MERCHANT_EXPORT,https://cdn.shopify.com/s/files/1/1557/1635/files/pomelli-image_14_e9fcbb16-a10d-4b67-a3b3-3cbaf01572d6.png?v=1771601086,https://www.dresslikemommy.com/products/chic-mother-daughter-one-shoulder-swimsuit-with-playful-ruffles-and-contrasting-stripes-nylon-polyester-blend,19.99,in_stock,10.00,49.97,margin_medium,29937,paid_eligible,margin_medium,swimsuits,aov_medium,us_test_ready,True,True,high,set,true,summer,0-25
7108942397537,41496468619361,chic-mother-daughter-one-shoulder-swimsuit-with-playful-ruffles-and-contrasting-stripes-nylon-polyester-blend,Chic Mother-Daughter One-Shoulder Swimsuit with Pla... | DLM,Child 5-6 years / Main picture,4882795899566-Size:Child 5-6T;Color:Main picture;,4882795899566,shopify_US_7108942397537_41496468619361,shopify_US_7108942397537,INFERRED_FROM_SHOPIFY_PRODUCT_ID; exact live MC item_group_id export not present locally,dlm_7108942397537_mother_swimwear,dlm_style_7108942397537_chic_mother_daughter_one_shoulder_swimsuit_with_playful_ruffles_and_contrasting_stripes_nylon_polyester_blend,mother,swimwear,Swimwear,swimsuits,NEEDS_MERCHANT_EXPORT,https://cdn.shopify.com/s/files/1/1557/1635/files/pomelli-image_14_e9fcbb16-a10d-4b67-a3b3-3cbaf01572d6.png?v=1771601086,https://www.dresslikemommy.com/products/chic-mother-daughter-one-shoulder-swimsuit-with-playful-ruffles-and-contrasting-stripes-nylon-polyester-blend,16.99,in_stock,8.50,49.97,margin_medium,29994,paid_eligible,margin_medium,swimsuits,aov_medium,us_test_ready,True,True,high,set,true,summer,0-25
7108942397537,41496468684897,chic-mother-daughter-one-shoulder-swimsuit-with-playful-ruffles-and-contrasting-stripes-nylon-polyester-blend,Chic Mother-Daughter One-Shoulder Swimsuit with Pla... | DLM,Child 8-10 years / Main picture,4882795899568-Size:Child 8-10T;Color:Main picture;,4882795899568,shopify_US_7108942397537_41496468684897,shopify_US_7108942397537,INFERRED_FROM_SHOPIFY_PRODUCT_ID; exact live MC item_group_id export not present locally,dlm_7108942397537_mother_swimwear,dlm_style_7108942397537_chic_mother_daughter_one_shoulder_swimsuit_with_playful_ruffles_and_contrasting_stripes_nylon_polyester_blend,mother,swimwear,Swimwear,swimsuits,NEEDS_MERCHANT_EXPORT,https://cdn.shopify.com/s/files/1/1557/1635/files/pomelli-image_14_e9fcbb16-a10d-4b67-a3b3-3cbaf01572d6.png?v=1771601086,https://www.dresslikemommy.com/products/chic-mother-daughter-one-shoulder-swimsuit-with-playful-ruffles-and-contrasting-stripes-nylon-polyester-blend,16.99,in_stock,8.50,49.97,margin_medium,30000,paid_eligible,margin_medium,swimsuits,aov_medium,us_test_ready,True,True,high,set,true,summer,0-25
7109292130401,41497360302177,chic-mother-daughter-two-piece-swimsuit-family-matching-swimwear-in-vibrant-colors,Chic Mother-Daughter Two-Piece Swimsuit - Swimwear ... | DLM,Mother M / Orange,5207148277405-Size:Mother M;Color:Orange;,5207148277405,shopify_US_7109292130401_41497360302177,shopify_US_7109292130401,INFERRED_FROM_SHOPIFY_PRODUCT_ID; exact live MC item_group_id export not present locally,dlm_7109292130401_mother_swimwear,dlm_style_7109292130401_chic_mother_daughter_two_piece_swimsuit_family_matching_swimwear_in_vibrant_colors,mother,swimwear,Swimwear,swimsuits,NEEDS_MERCHANT_EXPORT,https://cdn.shopify.com/s/files/1/1557/1635/files/pomelli-image_38_1462ae30-7e58-4101-8019-21cb662548c9.png?v=1771600053,https://www.dresslikemommy.com/products/chic-mother-daughter-two-piece-swimsuit-family-matching-swimwear-in-vibrant-colors,16.99,in_stock,8.50,49.97,margin_medium,169,paid_eligible,margin_medium,swimsuits,aov_medium,us_test_ready,True,True,high,set,true,summer,0-25
7109292130401,41497360334945,chic-mother-daughter-two-piece-swimsuit-family-matching-swimwear-in-vibrant-colors,Chic Mother-Daughter Two-Piece Swimsuit - Swimwear ... | DLM,Mother L / Orange,5207148277406-Size:Mother L;Color:Orange;,5207148277406,shopify_US_7109292130401_41497360334945,shopify_US_7109292130401,INFERRED_FROM_SHOPIFY_PRODUCT_ID; exact live MC item_group_id export not present locally,dlm_7109292130401_mother_swimwear,dlm_style_7109292130401_chic_mother_daughter_two_piece_swimsuit_family_matching_swimwear_in_vibrant_colors,mother,swimwear,Swimwear,swimsuits,NEEDS_MERCHANT_EXPORT,https://cdn.shopify.com/s/files/1/1557/1635/files/pomelli-image_38_1462ae30-7e58-4101-8019-21cb662548c9.png?v=1771600053,https://www.dresslikemommy.com/products/chic-mother-daughter-two-piece-swimsuit-family-matching-swimwear-in-vibrant-colors,16.99,in_stock,8.50,49.97,margin_medium,175,paid_eligible,margin_medium,swimsuits,aov_medium,us_test_ready,True,True,high,set,true,summer,0-25
7109292130401,41497360466017,chic-mother-daughter-two-piece-swimsuit-family-matching-swimwear-in-vibrant-colors,Chic Mother-Daughter Two-Piece Swimsuit - Swimwear ... | DLM,Child 4-5 years / Orange,5207148277410-Size:Child 4-5T;Color:Orange;,5207148277410,shopify_US_7109292130401_41497360466017,shopify_US_7109292130401,INFERRED_FROM_SHOPIFY_PRODUCT_ID; exact live MC item_group_id export not present locally,dlm_7109292130401_mother_swimwear,dlm_style_7109292130401_chic_mother_daughter_two_piece_swimsuit_family_matching_swimwear_in_vibrant_colors,mother,swimwear,Swimwear,swimsuits,NEEDS_MERCHANT_EXPORT,https://cdn.shopify.com/s/files/1/1557/1635/files/pomelli-image_38_1462ae30-7e58-4101-8019-21cb662548c9.png?v=1771600053,https://www.dresslikemommy.com/products/chic-mother-daughter-two-piece-swimsuit-family-matching-swimwear-in-vibrant-colors,14.99,in_stock,7.50,49.97,margin_medium,187,paid_eligible,margin_medium,swimsuits,aov_medium,us_test_ready,True,True,high,set,true,summer,0-25
7109292130401,41497360498785,chic-mother-daughter-two-piece-swimsuit-family-matching-swimwear-in-vibrant-colors,Chic Mother-Daughter Two-Piece Swimsuit - Swimwear ... | DLM,Child 6-8 years / Orange,5207148277411-Size:Child 6-8T;Color:Orange;,5207148277411,shopify_US_7109292130401_41497360498785,shopify_US_7109292130401,INFERRED_FROM_SHOPIFY_PRODUCT_ID; exact live MC item_group_id export not present locally,dlm_7109292130401_mother_swimwear,dlm_style_7109292130401_chic_mother_daughter_two_piece_swimsuit_family_matching_swimwear_in_vibrant_colors,mother,swimwear,Swimwear,swimsuits,NEEDS_MERCHANT_EXPORT,https://cdn.shopify.com/s/files/1/1557/1635/files/pomelli-image_38_1462ae30-7e58-4101-8019-21cb662548c9.png?v=1771600053,https://www.dresslikemommy.com/products/chic-mother-daughter-two-piece-swimsuit-family-matching-swimwear-in-vibrant-colors,14.99,in_stock,7.50,49.97,margin_medium,187,paid_eligible,margin_medium,swimsuits,aov_medium,us_test_ready,True,True,high,set,true,summer,0-25
7109292130401,41497360531553,chic-mother-daughter-two-piece-swimsuit-family-matching-swimwear-in-vibrant-colors,Chic Mother-Daughter Two-Piece Swimsuit - Swimwear ... | DLM,Child 8-10 years / Orange,5207148277412-Size:Child 8-10T;Color:Orange;,5207148277412,shopify_US_7109292130401_41497360531553,shopify_US_7109292130401,INFERRED_FROM_SHOPIFY_PRODUCT_ID; exact live MC item_group_id export not present locally,dlm_7109292130401_mother_swimwear,dlm_style_7109292130401_chic_mother_daughter_two_piece_swimsuit_family_matching_swimwear_in_vibrant_colors,mother,swimwear,Swimwear,swimsuits,NEEDS_MERCHANT_EXPORT,https://cdn.shopify.com/s/files/1/1557/1635/files/pomelli-image_38_1462ae30-7e58-4101-8019-21cb662548c9.png?v=1771600053,https://www.dresslikemommy.com/products/chic-mother-daughter-two-piece-swimsuit-family-matching-swimwear-in-vibrant-colors,14.99,in_stock,7.50,49.97,margin_medium,188,paid_eligible,margin_medium,swimsuits,aov_medium,us_test_ready,True,True,high,set,true,summer,0-25
7109292130401,41497360564321,chic-mother-daughter-two-piece-swimsuit-family-matching-swimwear-in-vibrant-colors,Chic Mother-Daughter Two-Piece Swimsuit - Swimwear ... | DLM,Child 10-12 years / Orange,5207148277413-Size:Child 10-12T;Color:Orange;,5207148277413,shopify_US_7109292130401_41497360564321,shopify_US_7109292130401,INFERRED_FROM_SHOPIFY_PRODUCT_ID; exact live MC item_group_id export not present locally,dlm_7109292130401_mother_swimwear,dlm_style_7109292130401_chic_mother_daughter_two_piece_swimsuit_family_matching_swimwear_in_vibrant_colors,mother,swimwear,Swimwear,swimsuits,NEEDS_MERCHANT_EXPORT,https://cdn.shopify.com/s/files/1/1557/1635/files/pomelli-image_38_1462ae30-7e58-4101-8019-21cb662548c9.png?v=1771600053,https://www.dresslikemommy.com/products/chic-mother-daughter-two-piece-swimsuit-family-matching-swimwear-in-vibrant-colors,14.99,in_stock,7.50,49.97,margin_medium,189,paid_eligible,margin_medium,swimsuits,aov_medium,us_test_ready,True,True,high,set,true,summer,0-25
7109292130401,41497360597089,chic-mother-daughter-two-piece-swimsuit-family-matching-swimwear-in-vibrant-colors,Chic Mother-Daughter Two-Piece Swimsuit - Swimwear ... | DLM,Mother S / Light Green,5207148277414-Size:Mother S;Color:Light Green;,5207148277414,shopify_US_7109292130401_41497360597089,shopify_US_7109292130401,INFERRED_FROM_SHOPIFY_PRODUCT_ID; exact live MC item_group_id export not present locally,dlm_7109292130401_mother_swimwear,dlm_style_7109292130401_chic_mother_daughter_two_piece_swimsuit_family_matching_swimwear_in_vibrant_colors,mother,swimwear,Swimwear,swimsuits,NEEDS_MERCHANT_EXPORT,https://cdn.shopify.com/s/files/1/1557/1635/files/pomelli-image_38_1462ae30-7e58-4101-8019-21cb662548c9.png?v=1771600053,https://www.dresslikemommy.com/products/chic-mother-daughter-two-piece-swimsuit-family-matching-swimwear-in-vibrant-colors,16.99,in_stock,8.50,49.97,margin_medium,190,paid_eligible,margin_medium,swimsuits,aov_medium,us_test_ready,True,True,high,set,true,summer,0-25
7109292130401,41497360695393,chic-mother-daughter-two-piece-swimsuit-family-matching-swimwear-in-vibrant-colors,Chic Mother-Daughter Two-Piece Swimsuit - Swimwear ... | DLM,Mother XL / Light Green,5207148277417-Size:Mother XL;Color:Light Green;,5207148277417,shopify_US_7109292130401_41497360695393,shopify_US_7109292130401,INFERRED_FROM_SHOPIFY_PRODUCT_ID; exact live MC item_group_id export not present locally,dlm_7109292130401_mother_swimwear,dlm_style_7109292130401_chic_mother_daughter_two_piece_swimsuit_family_matching_swimwear_in_vibrant_colors,mother,swimwear,Swimwear,swimsuits,NEEDS_MERCHANT_EXPORT,https://cdn.shopify.com/s/files/1/1557/1635/files/pomelli-image_38_1462ae30-7e58-4101-8019-21cb662548c9.png?v=1771600053,https://www.dresslikemommy.com/products/chic-mother-daughter-two-piece-swimsuit-family-matching-swimwear-in-vibrant-colors,16.99,in_stock,8.50,49.97,margin_medium,194,paid_eligible,margin_medium,swimsuits,aov_medium,us_test_ready,True,True,high,set,true,summer,0-25
7109292130401,41497360728161,chic-mother-daughter-two-piece-swimsuit-family-matching-swimwear-in-vibrant-colors,Chic Mother-Daughter Two-Piece Swimsuit - Swimwear ... | DLM,Child 2-3 years / Light Green,5207148277418-Size:Child 2-3T;Color:Light Green;,5207148277418,shopify_US_7109292130401_41497360728161,shopify_US_7109292130401,INFERRED_FROM_SHOPIFY_PRODUCT_ID; exact live MC item_group_id export not present locally,dlm_7109292130401_mother_swimwear,dlm_style_7109292130401_chic_mother_daughter_two_piece_swimsuit_family_matching_swimwear_in_vibrant_colors,mother,swimwear,Swimwear,swimsuits,NEEDS_MERCHANT_EXPORT,https://cdn.shopify.com/s/files/1/1557/1635/files/pomelli-image_38_1462ae30-7e58-4101-8019-21cb662548c9.png?v=1771600053,https://www.dresslikemommy.com/products/chic-mother-daughter-two-piece-swimsuit-family-matching-swimwear-in-vibrant-colors,14.99,in_stock,7.50,49.97,margin_medium,185,paid_eligible,margin_medium,swimsuits,aov_medium,us_test_ready,True,True,high,set,true,summer,0-25
7109292130401,41497360892001,chic-mother-daughter-two-piece-swimsuit-family-matching-swimwear-in-vibrant-colors,Chic Mother-Daughter Two-Piece Swimsuit - Swimwear ... | DLM,Child 10-12 years / Light Green,5207148277423-Size:Child 10-12T;Color:Light Green;,5207148277423,shopify_US_7109292130401_41497360892001,shopify_US_7109292130401,INFERRED_FROM_SHOPIFY_PRODUCT_ID; exact live MC item_group_id export not present locally,dlm_7109292130401_mother_swimwear,dlm_style_7109292130401_chic_mother_daughter_two_piece_swimsuit_family_matching_swimwear_in_vibrant_colors,mother,swimwear,Swimwear,swimsuits,NEEDS_MERCHANT_EXPORT,https://cdn.shopify.com/s/files/1/1557/1635/files/pomelli-image_38_1462ae30-7e58-4101-8019-21cb662548c9.png?v=1771600053,https://www.dresslikemommy.com/products/chic-mother-daughter-two-piece-swimsuit-family-matching-swimwear-in-vibrant-colors,14.99,in_stock,7.50,49.97,margin_medium,185,paid_eligible,margin_medium,swimsuits,aov_medium,us_test_ready,True,True,high,set,true,summer,0-25
7109292130401,41497360924769,chic-mother-daughter-two-piece-swimsuit-family-matching-swimwear-in-vibrant-colors,Chic Mother-Daughter Two-Piece Swimsuit - Swimwear ... | DLM,Mother S / Green,5207148277424-Size:Mother S;Color:Green;,5207148277424,shopify_US_7109292130401_41497360924769,shopify_US_7109292130401,INFERRED_FROM_SHOPIFY_PRODUCT_ID; exact live MC item_group_id export not present locally,dlm_7109292130401_mother_swimwear,dlm_style_7109292130401_chic_mother_daughter_two_piece_swimsuit_family_matching_swimwear_in_vibrant_colors,mother,swimwear,Swimwear,swimsuits,NEEDS_MERCHANT_EXPORT,https://cdn.shopify.com/s/files/1/1557/1635/files/pomelli-image_38_1462ae30-7e58-4101-8019-21cb662548c9.png?v=1771600053,https://www.dresslikemommy.com/products/chic-mother-daughter-two-piece-swimsuit-family-matching-swimwear-in-vibrant-colors,16.99,in_stock,8.50,49.97,margin_medium,198,paid_eligible,margin_medium,swimsuits,aov_medium,us_test_ready,True,True,high,set,true,summer,0-25
7109292130401,41497360990305,chic-mother-daughter-two-piece-swimsuit-family-matching-swimwear-in-vibrant-colors,Chic Mother-Daughter Two-Piece Swimsuit - Swimwear ... | DLM,Mother L / Green,5207148277426-Size:Mother L;Color:Green;,5207148277426,shopify_US_7109292130401_41497360990305,shopify_US_7109292130401,INFERRED_FROM_SHOPIFY_PRODUCT_ID; exact live MC item_group_id export not present locally,dlm_7109292130401_mother_swimwear,dlm_style_7109292130401_chic_mother_daughter_two_piece_swimsuit_family_matching_swimwear_in_vibrant_colors,mother,swimwear,Swimwear,swimsuits,NEEDS_MERCHANT_EXPORT,https://cdn.shopify.com/s/files/1/1557/1635/files/pomelli-image_38_1462ae30-7e58-4101-8019-21cb662548c9.png?v=1771600053,https://www.dresslikemommy.com/products/chic-mother-daughter-two-piece-swimsuit-family-matching-swimwear-in-vibrant-colors,16.99,in_stock,8.50,49.97,margin_medium,199,paid_eligible,margin_medium,swimsuits,aov_medium,us_test_ready,True,True,high,set,true,summer,0-25
7109292130401,41497361023073,chic-mother-daughter-two-piece-swimsuit-family-matching-swimwear-in-vibrant-colors,Chic Mother-Daughter Two-Piece Swimsuit - Swimwear ... | DLM,Mother XL / Green,5207148277427-Size:Mother XL;Color:Green;,5207148277427,shopify_US_7109292130401_41497361023073,shopify_US_7109292130401,INFERRED_FROM_SHOPIFY_PRODUCT_ID; exact live MC item_group_id export not present locally,dlm_7109292130401_mother_swimwear,dlm_style_7109292130401_chic_mother_daughter_two_piece_swimsuit_family_matching_swimwear_in_vibrant_colors,mother,swimwear,Swimwear,swimsuits,NEEDS_MERCHANT_EXPORT,https://cdn.shopify.com/s/files/1/1557/1635/files/pomelli-image_38_1462ae30-7e58-4101-8019-21cb662548c9.png?v=1771600053,https://www.dresslikemommy.com/products/chic-mother-daughter-two-piece-swimsuit-family-matching-swimwear-in-vibrant-colors,16.99,in_stock,8.50,49.97,margin_medium,198,paid_eligible,margin_medium,swimsuits,aov_medium,us_test_ready,True,True,high,set,true,summer,0-25
7109292130401,41497361121377,chic-mother-daughter-two-piece-swimsuit-family-matching-swimwear-in-vibrant-colors,Chic Mother-Daughter Two-Piece Swimsuit - Swimwear ... | DLM,Child 4-5 years / Green,5207148277430-Size:Child 4-5T;Color:Green;,5207148277430,shopify_US_7109292130401_41497361121377,shopify_US_7109292130401,INFERRED_FROM_SHOPIFY_PRODUCT_ID; exact live MC item_group_id export not present locally,dlm_7109292130401_mother_swimwear,dlm_style_7109292130401_chic_mother_daughter_two_piece_swimsuit_family_matching_swimwear_in_vibrant_colors,mother,swimwear,Swimwear,swimsuits,NEEDS_MERCHANT_EXPORT,https://cdn.shopify.com/s/files/1/1557/1635/files/pomelli-image_38_1462ae30-7e58-4101-8019-21cb662548c9.png?v=1771600053,https://www.dresslikemommy.com/products/chic-mother-daughter-two-piece-swimsuit-family-matching-swimwear-in-vibrant-colors,14.99,in_stock,7.50,49.97,margin_medium,200,paid_eligible,margin_medium,swimsuits,aov_medium,us_test_ready,True,True,high,set,true,summer,0-25
7109292130401,41497361154145,chic-mother-daughter-two-piece-swimsuit-family-matching-swimwear-in-vibrant-colors,Chic Mother-Daughter Two-Piece Swimsuit - Swimwear ... | DLM,Child 6-8 years / Green,5207148277431-Size:Child 6-8T;Color:Green;,5207148277431,shopify_US_7109292130401_41497361154145,shopify_US_7109292130401,INFERRED_FROM_SHOPIFY_PRODUCT_ID; exact live MC item_group_id export not present locally,dlm_7109292130401_mother_swimwear,dlm_style_7109292130401_chic_mother_daughter_two_piece_swimsuit_family_matching_swimwear_in_vibrant_colors,mother,swimwear,Swimwear,swimsuits,NEEDS_MERCHANT_EXPORT,https://cdn.shopify.com/s/files/1/1557/1635/files/pomelli-image_38_1462ae30-7e58-4101-8019-21cb662548c9.png?v=1771600053,https://www.dresslikemommy.com/products/chic-mother-daughter-two-piece-swimsuit-family-matching-swimwear-in-vibrant-colors,14.99,in_stock,7.50,49.97,margin_medium,200,paid_eligible,margin_medium,swimsuits,aov_medium,us_test_ready,True,True,high,set,true,summer,0-25
7109292130401,41497361219681,chic-mother-daughter-two-piece-swimsuit-family-matching-swimwear-in-vibrant-colors,Chic Mother-Daughter Two-Piece Swimsuit - Swimwear ... | DLM,Child 10-12 years / Green,5207148277433-Size:Child 10-12T;Color:Green;,5207148277433,shopify_US_7109292130401_41497361219681,shopify_US_7109292130401,INFERRED_FROM_SHOPIFY_PRODUCT_ID; exact live MC item_group_id export not present locally,dlm_7109292130401_mother_swimwear,dlm_style_7109292130401_chic_mother_daughter_two_piece_swimsuit_family_matching_swimwear_in_vibrant_colors,mother,swimwear,Swimwear,swimsuits,NEEDS_MERCHANT_EXPORT,https://cdn.shopify.com/s/files/1/1557/1635/files/pomelli-image_38_1462ae30-7e58-4101-8019-21cb662548c9.png?v=1771600053,https://www.dresslikemommy.com/products/chic-mother-daughter-two-piece-swimsuit-family-matching-swimwear-in-vibrant-colors,14.99,in_stock,7.50,49.97,margin_medium,200,paid_eligible,margin_medium,swimsuits,aov_medium,us_test_ready,True,True,high,set,true,summer,0-25
7109292130401,41497361252449,chic-mother-daughter-two-piece-swimsuit-family-matching-swimwear-in-vibrant-colors,Chic Mother-Daughter Two-Piece Swimsuit - Swimwear ... | DLM,Mother S / Red,5207148277434-Size:Mother S;Color:Red;,5207148277434,shopify_US_7109292130401_41497361252449,shopify_US_7109292130401,INFERRED_FROM_SHOPIFY_PRODUCT_ID; exact live MC item_group_id export not present locally,dlm_7109292130401_mother_swimwear,dlm_style_7109292130401_chic_mother_daughter_two_piece_swimsuit_family_matching_swimwear_in_vibrant_colors,mother,swimwear,Swimwear,swimsuits,NEEDS_MERCHANT_EXPORT,https://cdn.shopify.com/s/files/1/1557/1635/files/pomelli-image_38_1462ae30-7e58-4101-8019-21cb662548c9.png?v=1771600053,https://www.dresslikemommy.com/products/chic-mother-daughter-two-piece-swimsuit-family-matching-swimwear-in-vibrant-colors,16.99,in_stock,8.50,49.97,margin_medium,192,paid_eligible,margin_medium,swimsuits,aov_medium,us_test_ready,True,True,high,set,true,summer,0-25
7109292130401,41497361317985,chic-mother-daughter-two-piece-swimsuit-family-matching-swimwear-in-vibrant-colors,Chic Mother-Daughter Two-Piece Swimsuit - Swimwear ... | DLM,Mother L / Red,5207148277436-Size:Mother L;Color:Red;,5207148277436,shopify_US_7109292130401_41497361317985,shopify_US_7109292130401,INFERRED_FROM_SHOPIFY_PRODUCT_ID; exact live MC item_group_id export not present locally,dlm_7109292130401_mother_swimwear,dlm_style_7109292130401_chic_mother_daughter_two_piece_swimsuit_family_matching_swimwear_in_vibrant_colors,mother,swimwear,Swimwear,swimsuits,NEEDS_MERCHANT_EXPORT,https://cdn.shopify.com/s/files/1/1557/1635/files/pomelli-image_38_1462ae30-7e58-4101-8019-21cb662548c9.png?v=1771600053,https://www.dresslikemommy.com/products/chic-mother-daughter-two-piece-swimsuit-family-matching-swimwear-in-vibrant-colors,16.99,in_stock,8.50,49.97,margin_medium,199,paid_eligible,margin_medium,swimsuits,aov_medium,us_test_ready,True,True,high,set,true,summer,0-25
7109292130401,41497361350753,chic-mother-daughter-two-piece-swimsuit-family-matching-swimwear-in-vibrant-colors,Chic Mother-Daughter Two-Piece Swimsuit - Swimwear ... | DLM,Mother XL / Red,5207148277437-Size:Mother XL;Color:Red;,5207148277437,shopify_US_7109292130401_41497361350753,shopify_US_7109292130401,INFERRED_FROM_SHOPIFY_PRODUCT_ID; exact live MC item_group_id export not present locally,dlm_7109292130401_mother_swimwear,dlm_style_7109292130401_chic_mother_daughter_two_piece_swimsuit_family_matching_swimwear_in_vibrant_colors,mother,swimwear,Swimwear,swimsuits,NEEDS_MERCHANT_EXPORT,https://cdn.shopify.com/s/files/1/1557/1635/files/pomelli-image_38_1462ae30-7e58-4101-8019-21cb662548c9.png?v=1771600053,https://www.dresslikemommy.com/products/chic-mother-daughter-two-piece-swimsuit-family-matching-swimwear-in-vibrant-colors,16.99,in_stock,8.50,49.97,margin_medium,198,paid_eligible,margin_medium,swimsuits,aov_medium,us_test_ready,True,True,high,set,true,summer,0-25
7109292130401,41497361449057,chic-mother-daughter-two-piece-swimsuit-family-matching-swimwear-in-vibrant-colors,Chic Mother-Daughter Two-Piece Swimsuit - Swimwear ... | DLM,Child 4-5 years / Red,5207148277440-Size:Child 4-5T;Color:Red;,5207148277440,shopify_US_7109292130401_41497361449057,shopify_US_7109292130401,INFERRED_FROM_SHOPIFY_PRODUCT_ID; exact live MC item_group_id export not present locally,dlm_7109292130401_mother_swimwear,dlm_style_7109292130401_chic_mother_daughter_two_piece_swimsuit_family_matching_swimwear_in_vibrant_colors,mother,swimwear,Swimwear,swimsuits,NEEDS_MERCHANT_EXPORT,https://cdn.shopify.com/s/files/1/1557/1635/files/pomelli-image_38_1462ae30-7e58-4101-8019-21cb662548c9.png?v=1771600053,https://www.dresslikemommy.com/products/chic-mother-daughter-two-piece-swimsuit-family-matching-swimwear-in-vibrant-colors,14.99,in_stock,7.50,49.97,margin_medium,188,paid_eligible,margin_medium,swimsuits,aov_medium,us_test_ready,True,True,high,set,true,summer,0-25
7108951605345,41496501944417,chic-ocean-blue-mother-daughter-swimsuit-duo-stylish-ruffle-top-with-paisley-high-waisted-bottoms,Chic Ocean Blue Mother-Daughter Swimsuit Duo Stylis... | DLM,Mother M / blue,5341069462911-Size:Mother M;Color:blue;,5341069462911,shopify_US_7108951605345_41496501944417,shopify_US_7108951605345,INFERRED_FROM_SHOPIFY_PRODUCT_ID; exact live MC item_group_id export not present locally,dlm_7108951605345_mother_swimwear,dlm_style_7108951605345_chic_ocean_blue_mother_daughter_swimsuit_duo_stylish_ruffle_top_with_paisley_high_waisted_bottoms,mother,swimwear,Swimwear,swimsuits,NEEDS_MERCHANT_EXPORT,https://cdn.shopify.com/s/files/1/1557/1635/files/pomelli-image_26.png?v=1771566015,https://www.dresslikemommy.com/products/chic-ocean-blue-mother-daughter-swimsuit-duo-stylish-ruffle-top-with-paisley-high-waisted-bottoms,17.99,in_stock,9.00,49.97,margin_medium,1000,paid_eligible,margin_medium,swimsuits,aov_medium,us_test_ready,True,True,high,set,true,summer,0-25
7108951605345,41496502009953,chic-ocean-blue-mother-daughter-swimsuit-duo-stylish-ruffle-top-with-paisley-high-waisted-bottoms,Chic Ocean Blue Mother-Daughter Swimsuit Duo Stylis... | DLM,Mother XL / blue,5341069462913-Size:Mother XL;Color:blue;,5341069462913,shopify_US_7108951605345_41496502009953,shopify_US_7108951605345,INFERRED_FROM_SHOPIFY_PRODUCT_ID; exact live MC item_group_id export not present locally,dlm_7108951605345_mother_swimwear,dlm_style_7108951605345_chic_ocean_blue_mother_daughter_swimsuit_duo_stylish_ruffle_top_with_paisley_high_waisted_bottoms,mother,swimwear,Swimwear,swimsuits,NEEDS_MERCHANT_EXPORT,https://cdn.shopify.com/s/files/1/1557/1635/files/pomelli-image_26.png?v=1771566015,https://www.dresslikemommy.com/products/chic-ocean-blue-mother-daughter-swimsuit-duo-stylish-ruffle-top-with-paisley-high-waisted-bottoms,17.99,in_stock,9.00,49.97,margin_medium,1000,paid_eligible,margin_medium,swimsuits,aov_medium,us_test_ready,True,True,high,set,true,summer,0-25
7108951605345,41496502042721,chic-ocean-blue-mother-daughter-swimsuit-duo-stylish-ruffle-top-with-paisley-high-waisted-bottoms,Chic Ocean Blue Mother-Daughter Swimsuit Duo Stylis... | DLM,Child 2-3 years / blue,5341069462914-Size:Child 2-3T;Color:blue;,5341069462914,shopify_US_7108951605345_41496502042721,shopify_US_7108951605345,INFERRED_FROM_SHOPIFY_PRODUCT_ID; exact live MC item_group_id export not present locally,dlm_7108951605345_mother_swimwear,dlm_style_7108951605345_chic_ocean_blue_mother_daughter_swimsuit_duo_stylish_ruffle_top_with_paisley_high_waisted_bottoms,mother,swimwear,Swimwear,swimsuits,NEEDS_MERCHANT_EXPORT,https://cdn.shopify.com/s/files/1/1557/1635/files/pomelli-image_26.png?v=1771566015,https://www.dresslikemommy.com/products/chic-ocean-blue-mother-daughter-swimsuit-duo-stylish-ruffle-top-with-paisley-high-waisted-bottoms,15.99,in_stock,8.00,49.97,margin_medium,996,paid_eligible,margin_medium,swimsuits,aov_medium,us_test_ready,True,True,high,set,true,summer,0-25
7108951605345,41496502108257,chic-ocean-blue-mother-daughter-swimsuit-duo-stylish-ruffle-top-with-paisley-high-waisted-bottoms,Chic Ocean Blue Mother-Daughter Swimsuit Duo Stylis... | DLM,Child 4-5 years / blue,5341069462916-Size:Child 4-5T;Color:blue;,5341069462916,shopify_US_7108951605345_41496502108257,shopify_US_7108951605345,INFERRED_FROM_SHOPIFY_PRODUCT_ID; exact live MC item_group_id export not present locally,dlm_7108951605345_mother_swimwear,dlm_style_7108951605345_chic_ocean_blue_mother_daughter_swimsuit_duo_stylish_ruffle_top_with_paisley_high_waisted_bottoms,mother,swimwear,Swimwear,swimsuits,NEEDS_MERCHANT_EXPORT,https://cdn.shopify.com/s/files/1/1557/1635/files/pomelli-image_26.png?v=1771566015,https://www.dresslikemommy.com/products/chic-ocean-blue-mother-daughter-swimsuit-duo-stylish-ruffle-top-with-paisley-high-waisted-bottoms,15.99,in_stock,8.00,49.97,margin_medium,1000,paid_eligible,margin_medium,swimsuits,aov_medium,us_test_ready,True,True,high,set,true,summer,0-25
7108951605345,41496502141025,chic-ocean-blue-mother-daughter-swimsuit-duo-stylish-ruffle-top-with-paisley-high-waisted-bottoms,Chic Ocean Blue Mother-Daughter Swimsuit Duo Stylis... | DLM,Child 6-8 years / blue,5341069462917-Size:Child 6-8T;Color:blue;,5341069462917,shopify_US_7108951605345_41496502141025,shopify_US_7108951605345,INFERRED_FROM_SHOPIFY_PRODUCT_ID; exact live MC item_group_id export not present locally,dlm_7108951605345_mother_swimwear,dlm_style_7108951605345_chic_ocean_blue_mother_daughter_swimsuit_duo_stylish_ruffle_top_with_paisley_high_waisted_bottoms,mother,swimwear,Swimwear,swimsuits,NEEDS_MERCHANT_EXPORT,https://cdn.shopify.com/s/files/1/1557/1635/files/pomelli-image_26.png?v=1771566015,https://www.dresslikemommy.com/products/chic-ocean-blue-mother-daughter-swimsuit-duo-stylish-ruffle-top-with-paisley-high-waisted-bottoms,15.99,in_stock,8.00,49.97,margin_medium,1000,paid_eligible,margin_medium,swimsuits,aov_medium,us_test_ready,True,True,high,set,true,summer,0-25
7108951605345,41496502173793,chic-ocean-blue-mother-daughter-swimsuit-duo-stylish-ruffle-top-with-paisley-high-waisted-bottoms,Chic Ocean Blue Mother-Daughter Swimsuit Duo Stylis... | DLM,Child 8-10 years / blue,5341069462918-Size:Child 8-10T;Color:blue;,5341069462918,shopify_US_7108951605345_41496502173793,shopify_US_7108951605345,INFERRED_FROM_SHOPIFY_PRODUCT_ID; exact live MC item_group_id export not present locally,dlm_7108951605345_mother_swimwear,dlm_style_7108951605345_chic_ocean_blue_mother_daughter_swimsuit_duo_stylish_ruffle_top_with_paisley_high_waisted_bottoms,mother,swimwear,Swimwear,swimsuits,NEEDS_MERCHANT_EXPORT,https://cdn.shopify.com/s/files/1/1557/1635/files/pomelli-image_26.png?v=1771566015,https://www.dresslikemommy.com/products/chic-ocean-blue-mother-daughter-swimsuit-duo-stylish-ruffle-top-with-paisley-high-waisted-bottoms,15.99,in_stock,8.00,49.97,margin_medium,1000,paid_eligible,margin_medium,swimsuits,aov_medium,us_test_ready,True,True,high,set,true,summer,0-25
7108951605345,41496502206561,chic-ocean-blue-mother-daughter-swimsuit-duo-stylish-ruffle-top-with-paisley-high-waisted-bottoms,Chic Ocean Blue Mother-Daughter Swimsuit Duo Stylis... | DLM,Child 10-12 years / blue,5341069462919-Size:Child 10-12T;Color:blue;,5341069462919,shopify_US_7108951605345_41496502206561,shopify_US_7108951605345,INFERRED_FROM_SHOPIFY_PRODUCT_ID; exact live MC item_group_id export not present locally,dlm_7108951605345_mother_swimwear,dlm_style_7108951605345_chic_ocean_blue_mother_daughter_swimsuit_duo_stylish_ruffle_top_with_paisley_high_waisted_bottoms,mother,swimwear,Swimwear,swimsuits,NEEDS_MERCHANT_EXPORT,https://cdn.shopify.com/s/files/1/1557/1635/files/pomelli-image_26.png?v=1771566015,https://www.dresslikemommy.com/products/chic-ocean-blue-mother-daughter-swimsuit-duo-stylish-ruffle-top-with-paisley-high-waisted-bottoms,15.99,in_stock,8.00,49.97,margin_medium,1000,paid_eligible,margin_medium,swimsuits,aov_medium,us_test_ready,True,True,high,set,true,summer,0-25
7108938039393,41496456101985,chic-one-shoulder-striped-ruffle-swimsuit-for-women-and-girls-elegant-monokini-with-side-tie,Chic One-Shoulder Striped Ruffle Swimsuit for Women... | DLM,Mother S / Red,4704373560458-Size:Adult S;Color:Main picture;,4704373560458,shopify_US_7108938039393_41496456101985,shopify_US_7108938039393,INFERRED_FROM_SHOPIFY_PRODUCT_ID; exact live MC item_group_id export not present locally,dlm_7108938039393_mother_swimwear,dlm_style_7108938039393_chic_one_shoulder_striped_ruffle_swimsuit_for_women_and_girls_elegant_monokini_with_side_tie,mother,swimwear,Swimwear,swimsuits,NEEDS_MERCHANT_EXPORT,https://cdn.shopify.com/s/files/1/1557/1635/files/pomelli-image_10_d29042a8-7f70-4c67-b26c-4e7a8736e987.png?v=1771600973,https://www.dresslikemommy.com/products/chic-one-shoulder-striped-ruffle-swimsuit-for-women-and-girls-elegant-monokini-with-side-tie,19.99,in_stock,10.00,49.97,margin_medium,9945,paid_eligible,margin_medium,swimsuits,aov_medium,us_test_ready,True,True,high,set,true,summer,0-25
7108938039393,41496456167521,chic-one-shoulder-striped-ruffle-swimsuit-for-women-and-girls-elegant-monokini-with-side-tie,Chic One-Shoulder Striped Ruffle Swimsuit for Women... | DLM,Mother L / Red,4704373560460-Size:Adult L;Color:Main picture;,4704373560460,shopify_US_7108938039393_41496456167521,shopify_US_7108938039393,INFERRED_FROM_SHOPIFY_PRODUCT_ID; exact live MC item_group_id export not present locally,dlm_7108938039393_mother_swimwear,dlm_style_7108938039393_chic_one_shoulder_striped_ruffle_swimsuit_for_women_and_girls_elegant_monokini_with_side_tie,mother,swimwear,Swimwear,swimsuits,NEEDS_MERCHANT_EXPORT,https://cdn.shopify.com/s/files/1/1557/1635/files/pomelli-image_10_d29042a8-7f70-4c67-b26c-4e7a8736e987.png?v=1771600973,https://www.dresslikemommy.com/products/chic-one-shoulder-striped-ruffle-swimsuit-for-women-and-girls-elegant-monokini-with-side-tie,19.99,in_stock,10.00,49.97,margin_medium,9801,paid_eligible,margin_medium,swimsuits,aov_medium,us_test_ready,True,True,high,set,true,summer,0-25
7108938039393,41496456233057,chic-one-shoulder-striped-ruffle-swimsuit-for-women-and-girls-elegant-monokini-with-side-tie,Chic One-Shoulder Striped Ruffle Swimsuit for Women... | DLM,Child 2-3 years / Red,4704373560462-Size:Child 2-3T;Color:Main picture;,4704373560462,shopify_US_7108938039393_41496456233057,shopify_US_7108938039393,INFERRED_FROM_SHOPIFY_PRODUCT_ID; exact live MC item_group_id export not present locally,dlm_7108938039393_mother_swimwear,dlm_style_7108938039393_chic_one_shoulder_striped_ruffle_swimsuit_for_women_and_girls_elegant_monokini_with_side_tie,mother,swimwear,Swimwear,swimsuits,NEEDS_MERCHANT_EXPORT,https://cdn.shopify.com/s/files/1/1557/1635/files/pomelli-image_10_d29042a8-7f70-4c67-b26c-4e7a8736e987.png?v=1771600973,https://www.dresslikemommy.com/products/chic-one-shoulder-striped-ruffle-swimsuit-for-women-and-girls-elegant-monokini-with-side-tie,16.99,in_stock,8.50,49.97,margin_medium,9993,paid_eligible,margin_medium,swimsuits,aov_medium,us_test_ready,True,True,high,set,true,summer,0-25
7108938039393,41496456265825,chic-one-shoulder-striped-ruffle-swimsuit-for-women-and-girls-elegant-monokini-with-side-tie,Chic One-Shoulder Striped Ruffle Swimsuit for Women... | DLM,Child 4-5 years / Red,4704373560463-Size:Child 4-5T;Color:Main picture;,4704373560463,shopify_US_7108938039393_41496456265825,shopify_US_7108938039393,INFERRED_FROM_SHOPIFY_PRODUCT_ID; exact live MC item_group_id export not present locally,dlm_7108938039393_mother_swimwear,dlm_style_7108938039393_chic_one_shoulder_striped_ruffle_swimsuit_for_women_and_girls_elegant_monokini_with_side_tie,mother,swimwear,Swimwear,swimsuits,NEEDS_MERCHANT_EXPORT,https://cdn.shopify.com/s/files/1/1557/1635/files/pomelli-image_10_d29042a8-7f70-4c67-b26c-4e7a8736e987.png?v=1771600973,https://www.dresslikemommy.com/products/chic-one-shoulder-striped-ruffle-swimsuit-for-women-and-girls-elegant-monokini-with-side-tie,16.99,in_stock,8.50,49.97,margin_medium,9945,paid_eligible,margin_medium,swimsuits,aov_medium,us_test_ready,True,True,high,set,true,summer,0-25
7108938039393,41496456298593,chic-one-shoulder-striped-ruffle-swimsuit-for-women-and-girls-elegant-monokini-with-side-tie,Chic One-Shoulder Striped Ruffle Swimsuit for Women... | DLM,Child 5-6 years / Red,4704373560464-Size:Child 5-6T;Color:Main picture;,4704373560464,shopify_US_7108938039393_41496456298593,shopify_US_7108938039393,INFERRED_FROM_SHOPIFY_PRODUCT_ID; exact live MC item_group_id export not present locally,dlm_7108938039393_mother_swimwear,dlm_style_7108938039393_chic_one_shoulder_striped_ruffle_swimsuit_for_women_and_girls_elegant_monokini_with_side_tie,mother,swimwear,Swimwear,swimsuits,NEEDS_MERCHANT_EXPORT,https://cdn.shopify.com/s/files/1/1557/1635/files/pomelli-image_10_d29042a8-7f70-4c67-b26c-4e7a8736e987.png?v=1771600973,https://www.dresslikemommy.com/products/chic-one-shoulder-striped-ruffle-swimsuit-for-women-and-girls-elegant-monokini-with-side-tie,16.99,in_stock,8.50,49.97,margin_medium,9990,paid_eligible,margin_medium,swimsuits,aov_medium,us_test_ready,True,True,high,set,true,summer,0-25
7108938039393,41496456331361,chic-one-shoulder-striped-ruffle-swimsuit-for-women-and-girls-elegant-monokini-with-side-tie,Chic One-Shoulder Striped Ruffle Swimsuit for Women... | DLM,Child 6-8 years / Red,4704373560465-Size:Child 6-8T;Color:Main picture;,4704373560465,shopify_US_7108938039393_41496456331361,shopify_US_7108938039393,INFERRED_FROM_SHOPIFY_PRODUCT_ID; exact live MC item_group_id export not present locally,dlm_7108938039393_mother_swimwear,dlm_style_7108938039393_chic_one_shoulder_striped_ruffle_swimsuit_for_women_and_girls_elegant_monokini_with_side_tie,mother,swimwear,Swimwear,swimsuits,NEEDS_MERCHANT_EXPORT,https://cdn.shopify.com/s/files/1/1557/1635/files/pomelli-image_10_d29042a8-7f70-4c67-b26c-4e7a8736e987.png?v=1771600973,https://www.dresslikemommy.com/products/chic-one-shoulder-striped-ruffle-swimsuit-for-women-and-girls-elegant-monokini-with-side-tie,16.99,in_stock,8.50,49.97,margin_medium,9990,paid_eligible,margin_medium,swimsuits,aov_medium,us_test_ready,True,True,high,set,true,summer,0-25
7108938039393,41496456364129,chic-one-shoulder-striped-ruffle-swimsuit-for-women-and-girls-elegant-monokini-with-side-tie,Chic One-Shoulder Striped Ruffle Swimsuit for Women... | DLM,Child 8-10 years / Red,4704373560466-Size:Child 8-10T;Color:Main picture;,4704373560466,shopify_US_7108938039393_41496456364129,shopify_US_7108938039393,INFERRED_FROM_SHOPIFY_PRODUCT_ID; exact live MC item_group_id export not present locally,dlm_7108938039393_mother_swimwear,dlm_style_7108938039393_chic_one_shoulder_striped_ruffle_swimsuit_for_women_and_girls_elegant_monokini_with_side_tie,mother,swimwear,Swimwear,swimsuits,NEEDS_MERCHANT_EXPORT,https://cdn.shopify.com/s/files/1/1557/1635/files/pomelli-image_10_d29042a8-7f70-4c67-b26c-4e7a8736e987.png?v=1771600973,https://www.dresslikemommy.com/products/chic-one-shoulder-striped-ruffle-swimsuit-for-women-and-girls-elegant-monokini-with-side-tie,16.99,in_stock,8.50,49.97,margin_medium,9998,paid_eligible,margin_medium,swimsuits,aov_medium,us_test_ready,True,True,high,set,true,summer,0-25
7108992860257,41496646975585,chic-striped-one-piece-swimsuit-with-playful-ruffle-detail-a-duo-of-elegance-for-mother-daughter,Chic Striped One-Piece Swimsuit with Playful Ruffle... | DLM,Mother M / Multi-Color,4828371396727-Size:Mother M;Color:Multi-Color;,4828371396727,shopify_US_7108992860257_41496646975585,shopify_US_7108992860257,INFERRED_FROM_SHOPIFY_PRODUCT_ID; exact live MC item_group_id export not present locally,dlm_7108992860257_mother_swimwear,dlm_style_7108992860257_chic_striped_one_piece_swimsuit_with_playful_ruffle_detail_a_duo_of_elegance_for_mother_daughter,mother,swimwear,Swimwear,swimsuits,NEEDS_MERCHANT_EXPORT,https://cdn.shopify.com/s/files/1/1557/1635/files/pomelli-image_38.png?v=1771566500,https://www.dresslikemommy.com/products/chic-striped-one-piece-swimsuit-with-playful-ruffle-detail-a-duo-of-elegance-for-mother-daughter,17.99,in_stock,9.00,49.97,margin_medium,9972,paid_eligible,margin_medium,swimsuits,aov_medium,us_test_ready,True,True,high,set,true,summer,0-25
7108992860257,41496647041121,chic-striped-one-piece-swimsuit-with-playful-ruffle-detail-a-duo-of-elegance-for-mother-daughter,Chic Striped One-Piece Swimsuit with Playful Ruffle... | DLM,Mother XL / Multi-Color,4828371396729-Size:Mother XL;Color:Multi-Color;,4828371396729,shopify_US_7108992860257_41496647041121,shopify_US_7108992860257,INFERRED_FROM_SHOPIFY_PRODUCT_ID; exact live MC item_group_id export not present locally,dlm_7108992860257_mother_swimwear,dlm_style_7108992860257_chic_striped_one_piece_swimsuit_with_playful_ruffle_detail_a_duo_of_elegance_for_mother_daughter,mother,swimwear,Swimwear,swimsuits,NEEDS_MERCHANT_EXPORT,https://cdn.shopify.com/s/files/1/1557/1635/files/pomelli-image_38.png?v=1771566500,https://www.dresslikemommy.com/products/chic-striped-one-piece-swimsuit-with-playful-ruffle-detail-a-duo-of-elegance-for-mother-daughter,17.99,in_stock,9.00,49.97,margin_medium,9990,paid_eligible,margin_medium,swimsuits,aov_medium,us_test_ready,True,True,high,set,true,summer,0-25
7108992860257,41496647172193,chic-striped-one-piece-swimsuit-with-playful-ruffle-detail-a-duo-of-elegance-for-mother-daughter,Chic Striped One-Piece Swimsuit with Playful Ruffle... | DLM,Child 4-5 years / Multi-Color,4828371396732-Size:Child 4-5T;Color:Multi-Color;,4828371396732,shopify_US_7108992860257_41496647172193,shopify_US_7108992860257,INFERRED_FROM_SHOPIFY_PRODUCT_ID; exact live MC item_group_id export not present locally,dlm_7108992860257_child_swimwear,dlm_style_7108992860257_chic_striped_one_piece_swimsuit_with_playful_ruffle_detail_a_duo_of_elegance_for_mother_daughter,child,swimwear,Swimwear,swimsuits,NEEDS_MERCHANT_EXPORT,https://cdn.shopify.com/s/files/1/1557/1635/files/pomelli-image_38.png?v=1771566500,https://www.dresslikemommy.com/products/chic-striped-one-piece-swimsuit-with-playful-ruffle-detail-a-duo-of-elegance-for-mother-daughter,15.99,in_stock,8.00,49.97,margin_medium,9994,paid_eligible,margin_medium,swimsuits,aov_medium,us_test_ready,True,True,high,set,true,summer,0-25
7108992860257,41496647237729,chic-striped-one-piece-swimsuit-with-playful-ruffle-detail-a-duo-of-elegance-for-mother-daughter,Chic Striped One-Piece Swimsuit with Playful Ruffle... | DLM,Child 8-10 years / Multi-Color,4828371396734-Size:Child 8-10T;Color:Multi-Color;,4828371396734,shopify_US_7108992860257_41496647237729,shopify_US_7108992860257,INFERRED_FROM_SHOPIFY_PRODUCT_ID; exact live MC item_group_id export not present locally,dlm_7108992860257_child_swimwear,dlm_style_7108992860257_chic_striped_one_piece_swimsuit_with_playful_ruffle_detail_a_duo_of_elegance_for_mother_daughter,child,swimwear,Swimwear,swimsuits,NEEDS_MERCHANT_EXPORT,https://cdn.shopify.com/s/files/1/1557/1635/files/pomelli-image_38.png?v=1771566500,https://www.dresslikemommy.com/products/chic-striped-one-piece-swimsuit-with-playful-ruffle-detail-a-duo-of-elegance-for-mother-daughter,15.99,in_stock,8.00,49.97,margin_medium,9998,paid_eligible,margin_medium,swimsuits,aov_medium,us_test_ready,True,True,high,set,true,summer,0-25
7108992860257,41496647270497,chic-striped-one-piece-swimsuit-with-playful-ruffle-detail-a-duo-of-elegance-for-mother-daughter,Chic Striped One-Piece Swimsuit with Playful Ruffle... | DLM,Child 10-12 years / Multi-Color,4828371396735-Size:Child 10-12T;Color:Multi-Color;,4828371396735,shopify_US_7108992860257_41496647270497,shopify_US_7108992860257,INFERRED_FROM_SHOPIFY_PRODUCT_ID; exact live MC item_group_id export not present locally,dlm_7108992860257_child_swimwear,dlm_style_7108992860257_chic_striped_one_piece_swimsuit_with_playful_ruffle_detail_a_duo_of_elegance_for_mother_daughter,child,swimwear,Swimwear,swimsuits,NEEDS_MERCHANT_EXPORT,https://cdn.shopify.com/s/files/1/1557/1635/files/pomelli-image_38.png?v=1771566500,https://www.dresslikemommy.com/products/chic-striped-one-piece-swimsuit-with-playful-ruffle-detail-a-duo-of-elegance-for-mother-daughter,15.99,in_stock,8.00,49.97,margin_medium,9998,paid_eligible,margin_medium,swimsuits,aov_medium,us_test_ready,True,True,high,set,true,summer,0-25
7109072257121,41496915574881,chic-tropical-floral-high-neck-swimsuit-set-for-women-and-girls-zippered-sleeveless-quick-dry-swimwear,Chic Tropical Floral High-Neck Swimsuit Set for Wom... | DLM,Mother L / Black,5173792417928-Size:Mother L;Color:Black;,5173792417928,shopify_US_7109072257121_41496915574881,shopify_US_7109072257121,INFERRED_FROM_SHOPIFY_PRODUCT_ID; exact live MC item_group_id export not present locally,dlm_7109072257121_mother_swimwear,dlm_style_7109072257121_chic_tropical_floral_high_neck_swimsuit_set_for_women_and_girls_zippered_sleeveless_quick_dry_swimwear,mother,swimwear,Swimwear,swimsuits,NEEDS_MERCHANT_EXPORT,https://cdn.shopify.com/s/files/1/1557/1635/files/pomelli-image_5_31293033-284c-4c7e-9ea3-5ea036a33d0c.png?v=1771599054,https://www.dresslikemommy.com/products/chic-tropical-floral-high-neck-swimsuit-set-for-women-and-girls-zippered-sleeveless-quick-dry-swimwear,16.99,in_stock,8.50,49.97,margin_medium,1000,paid_eligible,margin_medium,swimsuits,aov_medium,us_test_ready,True,True,high,set,true,summer,0-25
7109072257121,41496915607649,chic-tropical-floral-high-neck-swimsuit-set-for-women-and-girls-zippered-sleeveless-quick-dry-swimwear,Chic Tropical Floral High-Neck Swimsuit Set for Wom... | DLM,Mother XL / Black,5173792417929-Size:Mother XL;Color:Black;,5173792417929,shopify_US_7109072257121_41496915607649,shopify_US_7109072257121,INFERRED_FROM_SHOPIFY_PRODUCT_ID; exact live MC item_group_id export not present locally,dlm_7109072257121_mother_swimwear,dlm_style_7109072257121_chic_tropical_floral_high_neck_swimsuit_set_for_women_and_girls_zippered_sleeveless_quick_dry_swimwear,mother,swimwear,Swimwear,swimsuits,NEEDS_MERCHANT_EXPORT,https://cdn.shopify.com/s/files/1/1557/1635/files/pomelli-image_5_31293033-284c-4c7e-9ea3-5ea036a33d0c.png?v=1771599054,https://www.dresslikemommy.com/products/chic-tropical-floral-high-neck-swimsuit-set-for-women-and-girls-zippered-sleeveless-quick-dry-swimwear,16.99,in_stock,8.50,49.97,margin_medium,995,paid_eligible,margin_medium,swimsuits,aov_medium,us_test_ready,True,True,high,set,true,summer,0-25
7109072257121,41496915705953,chic-tropical-floral-high-neck-swimsuit-set-for-women-and-girls-zippered-sleeveless-quick-dry-swimwear,Chic Tropical Floral High-Neck Swimsuit Set for Wom... | DLM,Child 4-5 years / Black,5173792417932-Size:Child 4-5T;Color:Black;,5173792417932,shopify_US_7109072257121_41496915705953,shopify_US_7109072257121,INFERRED_FROM_SHOPIFY_PRODUCT_ID; exact live MC item_group_id export not present locally,dlm_7109072257121_child_swimwear,dlm_style_7109072257121_chic_tropical_floral_high_neck_swimsuit_set_for_women_and_girls_zippered_sleeveless_quick_dry_swimwear,child,swimwear,Swimwear,swimsuits,NEEDS_MERCHANT_EXPORT,https://cdn.shopify.com/s/files/1/1557/1635/files/pomelli-image_5_31293033-284c-4c7e-9ea3-5ea036a33d0c.png?v=1771599054,https://www.dresslikemommy.com/products/chic-tropical-floral-high-neck-swimsuit-set-for-women-and-girls-zippered-sleeveless-quick-dry-swimwear,14.99,in_stock,7.50,49.97,margin_medium,1000,paid_eligible,margin_medium,swimsuits,aov_medium,us_test_ready,True,True,high,set,true,summer,0-25
7109072257121,41496915738721,chic-tropical-floral-high-neck-swimsuit-set-for-women-and-girls-zippered-sleeveless-quick-dry-swimwear,Chic Tropical Floral High-Neck Swimsuit Set for Wom... | DLM,Child 6-8 years / Black,5173792417933-Size:Child 6-8T;Color:Black;,5173792417933,shopify_US_7109072257121_41496915738721,shopify_US_7109072257121,INFERRED_FROM_SHOPIFY_PRODUCT_ID; exact live MC item_group_id export not present locally,dlm_7109072257121_child_swimwear,dlm_style_7109072257121_chic_tropical_floral_high_neck_swimsuit_set_for_women_and_girls_zippered_sleeveless_quick_dry_swimwear,child,swimwear,Swimwear,swimsuits,NEEDS_MERCHANT_EXPORT,https://cdn.shopify.com/s/files/1/1557/1635/files/pomelli-image_5_31293033-284c-4c7e-9ea3-5ea036a33d0c.png?v=1771599054,https://www.dresslikemommy.com/products/chic-tropical-floral-high-neck-swimsuit-set-for-women-and-girls-zippered-sleeveless-quick-dry-swimwear,14.99,in_stock,7.50,49.97,margin_medium,1000,paid_eligible,margin_medium,swimsuits,aov_medium,us_test_ready,True,True,high,set,true,summer,0-25
7109072257121,41496915804257,chic-tropical-floral-high-neck-swimsuit-set-for-women-and-girls-zippered-sleeveless-quick-dry-swimwear,Chic Tropical Floral High-Neck Swimsuit Set for Wom... | DLM,Child 10-12 years / Black,5173792417935-Size:Child 10-12T;Color:Black;,5173792417935,shopify_US_7109072257121_41496915804257,shopify_US_7109072257121,INFERRED_FROM_SHOPIFY_PRODUCT_ID; exact live MC item_group_id export not present locally,dlm_7109072257121_child_swimwear,dlm_style_7109072257121_chic_tropical_floral_high_neck_swimsuit_set_for_women_and_girls_zippered_sleeveless_quick_dry_swimwear,child,swimwear,Swimwear,swimsuits,NEEDS_MERCHANT_EXPORT,https://cdn.shopify.com/s/files/1/1557/1635/files/pomelli-image_5_31293033-284c-4c7e-9ea3-5ea036a33d0c.png?v=1771599054,https://www.dresslikemommy.com/products/chic-tropical-floral-high-neck-swimsuit-set-for-women-and-girls-zippered-sleeveless-quick-dry-swimwear,14.99,in_stock,7.50,49.97,margin_medium,1000,paid_eligible,margin_medium,swimsuits,aov_medium,us_test_ready,True,True,high,set,true,summer,0-25
7109125537889,41497086918753,chic-tropical-one-shoulder-ruffle-swimsuit-set-for-mother-and-daughter-vibrant-floral-pattern-with-comfort-stretch,Chic Tropical One-Shoulder Ruffle Swimsuit Set for ... | DLM,Mother S / Multi-Color,5001472962753-Size:Mother S;Color:Multi-Color;,5001472962753,shopify_US_7109125537889_41497086918753,shopify_US_7109125537889,INFERRED_FROM_SHOPIFY_PRODUCT_ID; exact live MC item_group_id export not present locally,dlm_7109125537889_mother_swimwear,dlm_style_7109125537889_chic_tropical_one_shoulder_ruffle_swimsuit_set_for_mother_and_daughter_vibrant_floral_pattern_with_comfort_stretch,mother,swimwear,Swimwear,swimsuits,NEEDS_MERCHANT_EXPORT,https://cdn.shopify.com/s/files/1/1557/1635/files/pomelli-image_41_d761ce38-5a88-47fb-8a85-4cf6009f01e3.png?v=1771599327,https://www.dresslikemommy.com/products/chic-tropical-one-shoulder-ruffle-swimsuit-set-for-mother-and-daughter-vibrant-floral-pattern-with-comfort-stretch,16.99,in_stock,8.50,49.97,margin_medium,9978,paid_eligible,margin_medium,swimsuits,aov_medium,us_test_ready,True,True,high,set,true,summer,0-25
7109125537889,41497086951521,chic-tropical-one-shoulder-ruffle-swimsuit-set-for-mother-and-daughter-vibrant-floral-pattern-with-comfort-stretch,Chic Tropical One-Shoulder Ruffle Swimsuit Set for ... | DLM,Mother M / Multi-Color,5001472962754-Size:Mother M;Color:Multi-Color;,5001472962754,shopify_US_7109125537889_41497086951521,shopify_US_7109125537889,INFERRED_FROM_SHOPIFY_PRODUCT_ID; exact live MC item_group_id export not present locally,dlm_7109125537889_mother_swimwear,dlm_style_7109125537889_chic_tropical_one_shoulder_ruffle_swimsuit_set_for_mother_and_daughter_vibrant_floral_pattern_with_comfort_stretch,mother,swimwear,Swimwear,swimsuits,NEEDS_MERCHANT_EXPORT,https://cdn.shopify.com/s/files/1/1557/1635/files/pomelli-image_41_d761ce38-5a88-47fb-8a85-4cf6009f01e3.png?v=1771599327,https://www.dresslikemommy.com/products/chic-tropical-one-shoulder-ruffle-swimsuit-set-for-mother-and-daughter-vibrant-floral-pattern-with-comfort-stretch,16.99,in_stock,8.50,49.97,margin_medium,9952,paid_eligible,margin_medium,swimsuits,aov_medium,us_test_ready,True,True,high,set,true,summer,0-25
7109125537889,41497087049825,chic-tropical-one-shoulder-ruffle-swimsuit-set-for-mother-and-daughter-vibrant-floral-pattern-with-comfort-stretch,Chic Tropical One-Shoulder Ruffle Swimsuit Set for ... | DLM,Child 2-3 years / Multi-Color,5001472962757-Size:Child 2-3T;Color:Multi-Color;,5001472962757,shopify_US_7109125537889_41497087049825,shopify_US_7109125537889,INFERRED_FROM_SHOPIFY_PRODUCT_ID; exact live MC item_group_id export not present locally,dlm_7109125537889_child_swimwear,dlm_style_7109125537889_chic_tropical_one_shoulder_ruffle_swimsuit_set_for_mother_and_daughter_vibrant_floral_pattern_with_comfort_stretch,child,swimwear,Swimwear,swimsuits,NEEDS_MERCHANT_EXPORT,https://cdn.shopify.com/s/files/1/1557/1635/files/pomelli-image_41_d761ce38-5a88-47fb-8a85-4cf6009f01e3.png?v=1771599327,https://www.dresslikemommy.com/products/chic-tropical-one-shoulder-ruffle-swimsuit-set-for-mother-and-daughter-vibrant-floral-pattern-with-comfort-stretch,14.99,in_stock,7.50,49.97,margin_medium,9988,paid_eligible,margin_medium,swimsuits,aov_medium,us_test_ready,True,True,high,set,true,summer,0-25
7109125537889,41497087148129,chic-tropical-one-shoulder-ruffle-swimsuit-set-for-mother-and-daughter-vibrant-floral-pattern-with-comfort-stretch,Chic Tropical One-Shoulder Ruffle Swimsuit Set for ... | DLM,Child 6-8 years / Multi-Color,5001472962760-Size:Child 6-8T;Color:Multi-Color;,5001472962760,shopify_US_7109125537889_41497087148129,shopify_US_7109125537889,INFERRED_FROM_SHOPIFY_PRODUCT_ID; exact live MC item_group_id export not present locally,dlm_7109125537889_child_swimwear,dlm_style_7109125537889_chic_tropical_one_shoulder_ruffle_swimsuit_set_for_mother_and_daughter_vibrant_floral_pattern_with_comfort_stretch,child,swimwear,Swimwear,swimsuits,NEEDS_MERCHANT_EXPORT,https://cdn.shopify.com/s/files/1/1557/1635/files/pomelli-image_41_d761ce38-5a88-47fb-8a85-4cf6009f01e3.png?v=1771599327,https://www.dresslikemommy.com/products/chic-tropical-one-shoulder-ruffle-swimsuit-set-for-mother-and-daughter-vibrant-floral-pattern-with-comfort-stretch,14.99,in_stock,7.50,49.97,margin_medium,9979,paid_eligible,margin_medium,swimsuits,aov_medium,us_test_ready,True,True,high,set,true,summer,0-25
7109125537889,41497087213665,chic-tropical-one-shoulder-ruffle-swimsuit-set-for-mother-and-daughter-vibrant-floral-pattern-with-comfort-stretch,Chic Tropical One-Shoulder Ruffle Swimsuit Set for ... | DLM,Child 10-12 years / Multi-Color,5001472962762-Size:Child 10-12T;Color:Multi-Color;,5001472962762,shopify_US_7109125537889_41497087213665,shopify_US_7109125537889,INFERRED_FROM_SHOPIFY_PRODUCT_ID; exact live MC item_group_id export not present locally,dlm_7109125537889_child_swimwear,dlm_style_7109125537889_chic_tropical_one_shoulder_ruffle_swimsuit_set_for_mother_and_daughter_vibrant_floral_pattern_with_comfort_stretch,child,swimwear,Swimwear,swimsuits,NEEDS_MERCHANT_EXPORT,https://cdn.shopify.com/s/files/1/1557/1635/files/pomelli-image_41_d761ce38-5a88-47fb-8a85-4cf6009f01e3.png?v=1771599327,https://www.dresslikemommy.com/products/chic-tropical-one-shoulder-ruffle-swimsuit-set-for-mother-and-daughter-vibrant-floral-pattern-with-comfort-stretch,14.99,in_stock,7.50,49.97,margin_medium,9997,paid_eligible,margin_medium,swimsuits,aov_medium,us_test_ready,True,True,high,set,true,summer,0-25
7108962254945,41496538349665,chic-tropical-ruffle-one-piece-swimsuit-lush-botanical-print-with-elegant-solid-trim-for-mother-child,Chic Tropical Ruffle One-Piece Swimsuit - Lush Bota... | DLM,Mother S / Red,5169975620618-Size:Mother S;Color:Red;,5169975620618,shopify_US_7108962254945_41496538349665,shopify_US_7108962254945,INFERRED_FROM_SHOPIFY_PRODUCT_ID; exact live MC item_group_id export not present locally,dlm_7108962254945_mother_swimwear,dlm_style_7108962254945_chic_tropical_ruffle_one_piece_swimsuit_lush_botanical_print_with_elegant_solid_trim_for_mother_child,mother,swimwear,Swimwear,swimsuits,NEEDS_MERCHANT_EXPORT,https://cdn.shopify.com/s/files/1/1557/1635/files/pomelli-image_34.png?v=1771566376,https://www.dresslikemommy.com/products/chic-tropical-ruffle-one-piece-swimsuit-lush-botanical-print-with-elegant-solid-trim-for-mother-child,17.99,in_stock,9.00,49.97,margin_medium,10000,paid_eligible,margin_medium,swimsuits,aov_medium,us_test_ready,True,True,high,set,true,summer,0-25
7108962254945,41496538447969,chic-tropical-ruffle-one-piece-swimsuit-lush-botanical-print-with-elegant-solid-trim-for-mother-child,Chic Tropical Ruffle One-Piece Swimsuit - Lush Bota... | DLM,Mother XL / Red,5169975620621-Size:Mother XL;Color:Red;,5169975620621,shopify_US_7108962254945_41496538447969,shopify_US_7108962254945,INFERRED_FROM_SHOPIFY_PRODUCT_ID; exact live MC item_group_id export not present locally,dlm_7108962254945_mother_swimwear,dlm_style_7108962254945_chic_tropical_ruffle_one_piece_swimsuit_lush_botanical_print_with_elegant_solid_trim_for_mother_child,mother,swimwear,Swimwear,swimsuits,NEEDS_MERCHANT_EXPORT,https://cdn.shopify.com/s/files/1/1557/1635/files/pomelli-image_34.png?v=1771566376,https://www.dresslikemommy.com/products/chic-tropical-ruffle-one-piece-swimsuit-lush-botanical-print-with-elegant-solid-trim-for-mother-child,17.99,in_stock,9.00,49.97,margin_medium,10000,paid_eligible,margin_medium,swimsuits,aov_medium,us_test_ready,True,True,high,set,true,summer,0-25
7108962254945,41496538480737,chic-tropical-ruffle-one-piece-swimsuit-lush-botanical-print-with-elegant-solid-trim-for-mother-child,Chic Tropical Ruffle One-Piece Swimsuit - Lush Bota... | DLM,Child 2-3 years / Red,5169975620622-Size:Child 2-3T;Color:Red;,5169975620622,shopify_US_7108962254945_41496538480737,shopify_US_7108962254945,INFERRED_FROM_SHOPIFY_PRODUCT_ID; exact live MC item_group_id export not present locally,dlm_7108962254945_child_swimwear,dlm_style_7108962254945_chic_tropical_ruffle_one_piece_swimsuit_lush_botanical_print_with_elegant_solid_trim_for_mother_child,child,swimwear,Swimwear,swimsuits,NEEDS_MERCHANT_EXPORT,https://cdn.shopify.com/s/files/1/1557/1635/files/pomelli-image_34.png?v=1771566376,https://www.dresslikemommy.com/products/chic-tropical-ruffle-one-piece-swimsuit-lush-botanical-print-with-elegant-solid-trim-for-mother-child,15.99,in_stock,8.00,49.97,margin_medium,9998,paid_eligible,margin_medium,swimsuits,aov_medium,us_test_ready,True,True,high,set,true,summer,0-25
7108962254945,41496538546273,chic-tropical-ruffle-one-piece-swimsuit-lush-botanical-print-with-elegant-solid-trim-for-mother-child,Chic Tropical Ruffle One-Piece Swimsuit - Lush Bota... | DLM,Child 4-5 years / Red,5169975620624-Size:Child 4-5T;Color:Red;,5169975620624,shopify_US_7108962254945_41496538546273,shopify_US_7108962254945,INFERRED_FROM_SHOPIFY_PRODUCT_ID; exact live MC item_group_id export not present locally,dlm_7108962254945_child_swimwear,dlm_style_7108962254945_chic_tropical_ruffle_one_piece_swimsuit_lush_botanical_print_with_elegant_solid_trim_for_mother_child,child,swimwear,Swimwear,swimsuits,NEEDS_MERCHANT_EXPORT,https://cdn.shopify.com/s/files/1/1557/1635/files/pomelli-image_34.png?v=1771566376,https://www.dresslikemommy.com/products/chic-tropical-ruffle-one-piece-swimsuit-lush-botanical-print-with-elegant-solid-trim-for-mother-child,15.99,in_stock,8.00,49.97,margin_medium,10000,paid_eligible,margin_medium,swimsuits,aov_medium,us_test_ready,True,True,high,set,true,summer,0-25
7109298487393,41497381109857,chic-two-piece-swimsuit-set-ruffle-detail-top-and-high-waisted-bottoms-in-four-vibrant-colors,Chic Two-Piece Swimsuit Set Ruffle Detail Top and H... | DLM,Mother M / Orange,5203394888477-Size:Mother M;Color:Orange;,5203394888477,shopify_US_7109298487393_41497381109857,shopify_US_7109298487393,INFERRED_FROM_SHOPIFY_PRODUCT_ID; exact live MC item_group_id export not present locally,dlm_7109298487393_mother_shirt_or_top,dlm_style_7109298487393_chic_two_piece_swimsuit_set_ruffle_detail_top_and_high_waisted_bottoms_in_four_vibrant_colors,mother,shirt_or_top,Swimwear,swimsuits,NEEDS_MERCHANT_EXPORT,https://cdn.shopify.com/s/files/1/1557/1635/files/pomelli-image_46_c356e384-b961-4a76-a036-e9e90e36761b.png?v=1771599635,https://www.dresslikemommy.com/products/chic-two-piece-swimsuit-set-ruffle-detail-top-and-high-waisted-bottoms-in-four-vibrant-colors,16.99,in_stock,8.50,49.97,margin_medium,184,paid_eligible,margin_medium,swimsuits,aov_medium,us_test_ready,True,True,high,set,true,summer,0-25
7109298487393,41497381142625,chic-two-piece-swimsuit-set-ruffle-detail-top-and-high-waisted-bottoms-in-four-vibrant-colors,Chic Two-Piece Swimsuit Set Ruffle Detail Top and H... | DLM,Mother L / Orange,5203394888478-Size:Mother L;Color:Orange;,5203394888478,shopify_US_7109298487393_41497381142625,shopify_US_7109298487393,INFERRED_FROM_SHOPIFY_PRODUCT_ID; exact live MC item_group_id export not present locally,dlm_7109298487393_mother_shirt_or_top,dlm_style_7109298487393_chic_two_piece_swimsuit_set_ruffle_detail_top_and_high_waisted_bottoms_in_four_vibrant_colors,mother,shirt_or_top,Swimwear,swimsuits,NEEDS_MERCHANT_EXPORT,https://cdn.shopify.com/s/files/1/1557/1635/files/pomelli-image_46_c356e384-b961-4a76-a036-e9e90e36761b.png?v=1771599635,https://www.dresslikemommy.com/products/chic-two-piece-swimsuit-set-ruffle-detail-top-and-high-waisted-bottoms-in-four-vibrant-colors,16.99,in_stock,8.50,49.97,margin_medium,184,paid_eligible,margin_medium,swimsuits,aov_medium,us_test_ready,True,True,high,set,true,summer,0-25
7109298487393,41497381306465,chic-two-piece-swimsuit-set-ruffle-detail-top-and-high-waisted-bottoms-in-four-vibrant-colors,Chic Two-Piece Swimsuit Set Ruffle Detail Top and H... | DLM,Child 6-8 years / Orange,5203394888483-Size:Child 6-8T;Color:Orange;,5203394888483,shopify_US_7109298487393_41497381306465,shopify_US_7109298487393,INFERRED_FROM_SHOPIFY_PRODUCT_ID; exact live MC item_group_id export not present locally,dlm_7109298487393_child_shirt_or_top,dlm_style_7109298487393_chic_two_piece_swimsuit_set_ruffle_detail_top_and_high_waisted_bottoms_in_four_vibrant_colors,child,shirt_or_top,Swimwear,swimsuits,NEEDS_MERCHANT_EXPORT,https://cdn.shopify.com/s/files/1/1557/1635/files/pomelli-image_46_c356e384-b961-4a76-a036-e9e90e36761b.png?v=1771599635,https://www.dresslikemommy.com/products/chic-two-piece-swimsuit-set-ruffle-detail-top-and-high-waisted-bottoms-in-four-vibrant-colors,14.99,in_stock,7.50,49.97,margin_medium,185,paid_eligible,margin_medium,swimsuits,aov_medium,us_test_ready,True,True,high,set,true,summer,0-25
7109298487393,41497381372001,chic-two-piece-swimsuit-set-ruffle-detail-top-and-high-waisted-bottoms-in-four-vibrant-colors,Chic Two-Piece Swimsuit Set Ruffle Detail Top and H... | DLM,Child 10-12 years / Orange,5203394888485-Size:Child 10-12T;Color:Orange;,5203394888485,shopify_US_7109298487393_41497381372001,shopify_US_7109298487393,INFERRED_FROM_SHOPIFY_PRODUCT_ID; exact live MC item_group_id export not present locally,dlm_7109298487393_child_shirt_or_top,dlm_style_7109298487393_chic_two_piece_swimsuit_set_ruffle_detail_top_and_high_waisted_bottoms_in_four_vibrant_colors,child,shirt_or_top,Swimwear,swimsuits,NEEDS_MERCHANT_EXPORT,https://cdn.shopify.com/s/files/1/1557/1635/files/pomelli-image_46_c356e384-b961-4a76-a036-e9e90e36761b.png?v=1771599635,https://www.dresslikemommy.com/products/chic-two-piece-swimsuit-set-ruffle-detail-top-and-high-waisted-bottoms-in-four-vibrant-colors,14.99,in_stock,7.50,49.97,margin_medium,185,paid_eligible,margin_medium,swimsuits,aov_medium,us_test_ready,True,True,high,set,true,summer,0-25
7109298487393,41497381404769,chic-two-piece-swimsuit-set-ruffle-detail-top-and-high-waisted-bottoms-in-four-vibrant-colors,Chic Two-Piece Swimsuit Set Ruffle Detail Top and H... | DLM,Mother S / Pink,5203394888486-Size:Mother S;Color:Pink;,5203394888486,shopify_US_7109298487393_41497381404769,shopify_US_7109298487393,INFERRED_FROM_SHOPIFY_PRODUCT_ID; exact live MC item_group_id export not present locally,dlm_7109298487393_mother_shirt_or_top,dlm_style_7109298487393_chic_two_piece_swimsuit_set_ruffle_detail_top_and_high_waisted_bottoms_in_four_vibrant_colors,mother,shirt_or_top,Swimwear,swimsuits,NEEDS_MERCHANT_EXPORT,https://cdn.shopify.com/s/files/1/1557/1635/files/pomelli-image_46_c356e384-b961-4a76-a036-e9e90e36761b.png?v=1771599635,https://www.dresslikemommy.com/products/chic-two-piece-swimsuit-set-ruffle-detail-top-and-high-waisted-bottoms-in-four-vibrant-colors,16.99,in_stock,8.50,49.97,margin_medium,198,paid_eligible,margin_medium,swimsuits,aov_medium,us_test_ready,True,True,high,set,true,summer,0-25
7109298487393,41497381470305,chic-two-piece-swimsuit-set-ruffle-detail-top-and-high-waisted-bottoms-in-four-vibrant-colors,Chic Two-Piece Swimsuit Set Ruffle Detail Top and H... | DLM,Mother L / Pink,5203394888488-Size:Mother L;Color:Pink;,5203394888488,shopify_US_7109298487393_41497381470305,shopify_US_7109298487393,INFERRED_FROM_SHOPIFY_PRODUCT_ID; exact live MC item_group_id export not present locally,dlm_7109298487393_mother_shirt_or_top,dlm_style_7109298487393_chic_two_piece_swimsuit_set_ruffle_detail_top_and_high_waisted_bottoms_in_four_vibrant_colors,mother,shirt_or_top,Swimwear,swimsuits,NEEDS_MERCHANT_EXPORT,https://cdn.shopify.com/s/files/1/1557/1635/files/pomelli-image_46_c356e384-b961-4a76-a036-e9e90e36761b.png?v=1771599635,https://www.dresslikemommy.com/products/chic-two-piece-swimsuit-set-ruffle-detail-top-and-high-waisted-bottoms-in-four-vibrant-colors,16.99,in_stock,8.50,49.97,margin_medium,199,paid_eligible,margin_medium,swimsuits,aov_medium,us_test_ready,True,True,high,set,true,summer,0-25
7109298487393,41497381503073,chic-two-piece-swimsuit-set-ruffle-detail-top-and-high-waisted-bottoms-in-four-vibrant-colors,Chic Two-Piece Swimsuit Set Ruffle Detail Top and H... | DLM,Mother XL / Pink,5203394888489-Size:Mother XL;Color:Pink;,5203394888489,shopify_US_7109298487393_41497381503073,shopify_US_7109298487393,INFERRED_FROM_SHOPIFY_PRODUCT_ID; exact live MC item_group_id export not present locally,dlm_7109298487393_mother_shirt_or_top,dlm_style_7109298487393_chic_two_piece_swimsuit_set_ruffle_detail_top_and_high_waisted_bottoms_in_four_vibrant_colors,mother,shirt_or_top,Swimwear,swimsuits,NEEDS_MERCHANT_EXPORT,https://cdn.shopify.com/s/files/1/1557/1635/files/pomelli-image_46_c356e384-b961-4a76-a036-e9e90e36761b.png?v=1771599635,https://www.dresslikemommy.com/products/chic-two-piece-swimsuit-set-ruffle-detail-top-and-high-waisted-bottoms-in-four-vibrant-colors,16.99,in_stock,8.50,49.97,margin_medium,200,paid_eligible,margin_medium,swimsuits,aov_medium,us_test_ready,True,True,high,set,true,summer,0-25
7109298487393,41497381601377,chic-two-piece-swimsuit-set-ruffle-detail-top-and-high-waisted-bottoms-in-four-vibrant-colors,Chic Two-Piece Swimsuit Set Ruffle Detail Top and H... | DLM,Child 4-5 years / Pink,5203394888492-Size:Child 4-5T;Color:Pink;,5203394888492,shopify_US_7109298487393_41497381601377,shopify_US_7109298487393,INFERRED_FROM_SHOPIFY_PRODUCT_ID; exact live MC item_group_id export not present locally,dlm_7109298487393_child_shirt_or_top,dlm_style_7109298487393_chic_two_piece_swimsuit_set_ruffle_detail_top_and_high_waisted_bottoms_in_four_vibrant_colors,child,shirt_or_top,Swimwear,swimsuits,NEEDS_MERCHANT_EXPORT,https://cdn.shopify.com/s/files/1/1557/1635/files/pomelli-image_46_c356e384-b961-4a76-a036-e9e90e36761b.png?v=1771599635,https://www.dresslikemommy.com/products/chic-two-piece-swimsuit-set-ruffle-detail-top-and-high-waisted-bottoms-in-four-vibrant-colors,14.99,in_stock,7.50,49.97,margin_medium,200,paid_eligible,margin_medium,swimsuits,aov_medium,us_test_ready,True,True,high,set,true,summer,0-25
7109298487393,41497381634145,chic-two-piece-swimsuit-set-ruffle-detail-top-and-high-waisted-bottoms-in-four-vibrant-colors,Chic Two-Piece Swimsuit Set Ruffle Detail Top and H... | DLM,Child 6-8 years / Pink,5203394888493-Size:Child 6-8T;Color:Pink;,5203394888493,shopify_US_7109298487393_41497381634145,shopify_US_7109298487393,INFERRED_FROM_SHOPIFY_PRODUCT_ID; exact live MC item_group_id export not present locally,dlm_7109298487393_child_shirt_or_top,dlm_style_7109298487393_chic_two_piece_swimsuit_set_ruffle_detail_top_and_high_waisted_bottoms_in_four_vibrant_colors,child,shirt_or_top,Swimwear,swimsuits,NEEDS_MERCHANT_EXPORT,https://cdn.shopify.com/s/files/1/1557/1635/files/pomelli-image_46_c356e384-b961-4a76-a036-e9e90e36761b.png?v=1771599635,https://www.dresslikemommy.com/products/chic-two-piece-swimsuit-set-ruffle-detail-top-and-high-waisted-bottoms-in-four-vibrant-colors,14.99,in_stock,7.50,49.97,margin_medium,200,paid_eligible,margin_medium,swimsuits,aov_medium,us_test_ready,True,True,high,set,true,summer,0-25
7109298487393,41497381666913,chic-two-piece-swimsuit-set-ruffle-detail-top-and-high-waisted-bottoms-in-four-vibrant-colors,Chic Two-Piece Swimsuit Set Ruffle Detail Top and H... | DLM,Child 8-10 years / Pink,5203394888494-Size:Child 8-10T;Color:Pink;,5203394888494,shopify_US_7109298487393_41497381666913,shopify_US_7109298487393,INFERRED_FROM_SHOPIFY_PRODUCT_ID; exact live MC item_group_id export not present locally,dlm_7109298487393_child_shirt_or_top,dlm_style_7109298487393_chic_two_piece_swimsuit_set_ruffle_detail_top_and_high_waisted_bottoms_in_four_vibrant_colors,child,shirt_or_top,Swimwear,swimsuits,NEEDS_MERCHANT_EXPORT,https://cdn.shopify.com/s/files/1/1557/1635/files/pomelli-image_46_c356e384-b961-4a76-a036-e9e90e36761b.png?v=1771599635,https://www.dresslikemommy.com/products/chic-two-piece-swimsuit-set-ruffle-detail-top-and-high-waisted-bottoms-in-four-vibrant-colors,14.99,in_stock,7.50,49.97,margin_medium,199,paid_eligible,margin_medium,swimsuits,aov_medium,us_test_ready,True,True,high,set,true,summer,0-25
7109298487393,41497381765217,chic-two-piece-swimsuit-set-ruffle-detail-top-and-high-waisted-bottoms-in-four-vibrant-colors,Chic Two-Piece Swimsuit Set Ruffle Detail Top and H... | DLM,Mother M / Green,5203394888497-Size:Mother M;Color:Green;,5203394888497,shopify_US_7109298487393_41497381765217,shopify_US_7109298487393,INFERRED_FROM_SHOPIFY_PRODUCT_ID; exact live MC item_group_id export not present locally,dlm_7109298487393_mother_shirt_or_top,dlm_style_7109298487393_chic_two_piece_swimsuit_set_ruffle_detail_top_and_high_waisted_bottoms_in_four_vibrant_colors,mother,shirt_or_top,Swimwear,swimsuits,NEEDS_MERCHANT_EXPORT,https://cdn.shopify.com/s/files/1/1557/1635/files/pomelli-image_46_c356e384-b961-4a76-a036-e9e90e36761b.png?v=1771599635,https://www.dresslikemommy.com/products/chic-two-piece-swimsuit-set-ruffle-detail-top-and-high-waisted-bottoms-in-four-vibrant-colors,16.99,in_stock,8.50,49.97,margin_medium,199,paid_eligible,margin_medium,swimsuits,aov_medium,us_test_ready,True,True,high,set,true,summer,0-25
7109298487393,41497381797985,chic-two-piece-swimsuit-set-ruffle-detail-top-and-high-waisted-bottoms-in-four-vibrant-colors,Chic Two-Piece Swimsuit Set Ruffle Detail Top and H... | DLM,Mother L / Green,5203394888498-Size:Mother L;Color:Green;,5203394888498,shopify_US_7109298487393_41497381797985,shopify_US_7109298487393,INFERRED_FROM_SHOPIFY_PRODUCT_ID; exact live MC item_group_id export not present locally,dlm_7109298487393_mother_shirt_or_top,dlm_style_7109298487393_chic_two_piece_swimsuit_set_ruffle_detail_top_and_high_waisted_bottoms_in_four_vibrant_colors,mother,shirt_or_top,Swimwear,swimsuits,NEEDS_MERCHANT_EXPORT,https://cdn.shopify.com/s/files/1/1557/1635/files/pomelli-image_46_c356e384-b961-4a76-a036-e9e90e36761b.png?v=1771599635,https://www.dresslikemommy.com/products/chic-two-piece-swimsuit-set-ruffle-detail-top-and-high-waisted-bottoms-in-four-vibrant-colors,16.99,in_stock,8.50,49.97,margin_medium,199,paid_eligible,margin_medium,swimsuits,aov_medium,us_test_ready,True,True,high,set,true,summer,0-25
7109298487393,41497381929057,chic-two-piece-swimsuit-set-ruffle-detail-top-and-high-waisted-bottoms-in-four-vibrant-colors,Chic Two-Piece Swimsuit Set Ruffle Detail Top and H... | DLM,Child 4-5 years / Green,5203394888502-Size:Child 4-5T;Color:Green;,5203394888502,shopify_US_7109298487393_41497381929057,shopify_US_7109298487393,INFERRED_FROM_SHOPIFY_PRODUCT_ID; exact live MC item_group_id export not present locally,dlm_7109298487393_child_shirt_or_top,dlm_style_7109298487393_chic_two_piece_swimsuit_set_ruffle_detail_top_and_high_waisted_bottoms_in_four_vibrant_colors,child,shirt_or_top,Swimwear,swimsuits,NEEDS_MERCHANT_EXPORT,https://cdn.shopify.com/s/files/1/1557/1635/files/pomelli-image_46_c356e384-b961-4a76-a036-e9e90e36761b.png?v=1771599635,https://www.dresslikemommy.com/products/chic-two-piece-swimsuit-set-ruffle-detail-top-and-high-waisted-bottoms-in-four-vibrant-colors,14.99,in_stock,7.50,49.97,margin_medium,200,paid_eligible,margin_medium,swimsuits,aov_medium,us_test_ready,True,True,high,set,true,summer,0-25
7109298487393,41497381961825,chic-two-piece-swimsuit-set-ruffle-detail-top-and-high-waisted-bottoms-in-four-vibrant-colors,Chic Two-Piece Swimsuit Set Ruffle Detail Top and H... | DLM,Child 6-8 years / Green,5203394888503-Size:Child 6-8T;Color:Green;,5203394888503,shopify_US_7109298487393_41497381961825,shopify_US_7109298487393,INFERRED_FROM_SHOPIFY_PRODUCT_ID; exact live MC item_group_id export not present locally,dlm_7109298487393_child_shirt_or_top,dlm_style_7109298487393_chic_two_piece_swimsuit_set_ruffle_detail_top_and_high_waisted_bottoms_in_four_vibrant_colors,child,shirt_or_top,Swimwear,swimsuits,NEEDS_MERCHANT_EXPORT,https://cdn.shopify.com/s/files/1/1557/1635/files/pomelli-image_46_c356e384-b961-4a76-a036-e9e90e36761b.png?v=1771599635,https://www.dresslikemommy.com/products/chic-two-piece-swimsuit-set-ruffle-detail-top-and-high-waisted-bottoms-in-four-vibrant-colors,14.99,in_stock,7.50,49.97,margin_medium,200,paid_eligible,margin_medium,swimsuits,aov_medium,us_test_ready,True,True,high,set,true,summer,0-25
7109298487393,41497381994593,chic-two-piece-swimsuit-set-ruffle-detail-top-and-high-waisted-bottoms-in-four-vibrant-colors,Chic Two-Piece Swimsuit Set Ruffle Detail Top and H... | DLM,Child 8-10 years / Green,5203394888504-Size:Child 8-10T;Color:Green;,5203394888504,shopify_US_7109298487393_41497381994593,shopify_US_7109298487393,INFERRED_FROM_SHOPIFY_PRODUCT_ID; exact live MC item_group_id export not present locally,dlm_7109298487393_child_shirt_or_top,dlm_style_7109298487393_chic_two_piece_swimsuit_set_ruffle_detail_top_and_high_waisted_bottoms_in_four_vibrant_colors,child,shirt_or_top,Swimwear,swimsuits,NEEDS_MERCHANT_EXPORT,https://cdn.shopify.com/s/files/1/1557/1635/files/pomelli-image_46_c356e384-b961-4a76-a036-e9e90e36761b.png?v=1771599635,https://www.dresslikemommy.com/products/chic-two-piece-swimsuit-set-ruffle-detail-top-and-high-waisted-bottoms-in-four-vibrant-colors,14.99,in_stock,7.50,49.97,margin_medium,200,paid_eligible,margin_medium,swimsuits,aov_medium,us_test_ready,True,True,high,set,true,summer,0-25
7109298487393,41497382027361,chic-two-piece-swimsuit-set-ruffle-detail-top-and-high-waisted-bottoms-in-four-vibrant-colors,Chic Two-Piece Swimsuit Set Ruffle Detail Top and H... | DLM,Child 10-12 years / Green,5203394888505-Size:Child 10-12T;Color:Green;,5203394888505,shopify_US_7109298487393_41497382027361,shopify_US_7109298487393,INFERRED_FROM_SHOPIFY_PRODUCT_ID; exact live MC item_group_id export not present locally,dlm_7109298487393_child_shirt_or_top,dlm_style_7109298487393_chic_two_piece_swimsuit_set_ruffle_detail_top_and_high_waisted_bottoms_in_four_vibrant_colors,child,shirt_or_top,Swimwear,swimsuits,NEEDS_MERCHANT_EXPORT,https://cdn.shopify.com/s/files/1/1557/1635/files/pomelli-image_46_c356e384-b961-4a76-a036-e9e90e36761b.png?v=1771599635,https://www.dresslikemommy.com/products/chic-two-piece-swimsuit-set-ruffle-detail-top-and-high-waisted-bottoms-in-four-vibrant-colors,14.99,in_stock,7.50,49.97,margin_medium,200,paid_eligible,margin_medium,swimsuits,aov_medium,us_test_ready,True,True,high,set,true,summer,0-25
7109298487393,41497382060129,chic-two-piece-swimsuit-set-ruffle-detail-top-and-high-waisted-bottoms-in-four-vibrant-colors,Chic Two-Piece Swimsuit Set Ruffle Detail Top and H... | DLM,Mother S / Black,5203394888506-Size:Mother S;Color:Black;,5203394888506,shopify_US_7109298487393_41497382060129,shopify_US_7109298487393,INFERRED_FROM_SHOPIFY_PRODUCT_ID; exact live MC item_group_id export not present locally,dlm_7109298487393_mother_shirt_or_top,dlm_style_7109298487393_chic_two_piece_swimsuit_set_ruffle_detail_top_and_high_waisted_bottoms_in_four_vibrant_colors,mother,shirt_or_top,Swimwear,swimsuits,NEEDS_MERCHANT_EXPORT,https://cdn.shopify.com/s/files/1/1557/1635/files/pomelli-image_46_c356e384-b961-4a76-a036-e9e90e36761b.png?v=1771599635,https://www.dresslikemommy.com/products/chic-two-piece-swimsuit-set-ruffle-detail-top-and-high-waisted-bottoms-in-four-vibrant-colors,16.99,in_stock,8.50,49.97,margin_medium,199,paid_eligible,margin_medium,swimsuits,aov_medium,us_test_ready,True,True,high,set,true,summer,0-25
7109298487393,41497382092897,chic-two-piece-swimsuit-set-ruffle-detail-top-and-high-waisted-bottoms-in-four-vibrant-colors,Chic Two-Piece Swimsuit Set Ruffle Detail Top and H... | DLM,Mother M / Black,5203394888507-Size:Mother M;Color:Black;,5203394888507,shopify_US_7109298487393_41497382092897,shopify_US_7109298487393,INFERRED_FROM_SHOPIFY_PRODUCT_ID; exact live MC item_group_id export not present locally,dlm_7109298487393_mother_shirt_or_top,dlm_style_7109298487393_chic_two_piece_swimsuit_set_ruffle_detail_top_and_high_waisted_bottoms_in_four_vibrant_colors,mother,shirt_or_top,Swimwear,swimsuits,NEEDS_MERCHANT_EXPORT,https://cdn.shopify.com/s/files/1/1557/1635/files/pomelli-image_46_c356e384-b961-4a76-a036-e9e90e36761b.png?v=1771599635,https://www.dresslikemommy.com/products/chic-two-piece-swimsuit-set-ruffle-detail-top-and-high-waisted-bottoms-in-four-vibrant-colors,16.99,in_stock,8.50,49.97,margin_medium,199,paid_eligible,margin_medium,swimsuits,aov_medium,us_test_ready,True,True,high,set,true,summer,0-25
7109298487393,41497382125665,chic-two-piece-swimsuit-set-ruffle-detail-top-and-high-waisted-bottoms-in-four-vibrant-colors,Chic Two-Piece Swimsuit Set Ruffle Detail Top and H... | DLM,Mother L / Black,5203394888508-Size:Mother L;Color:Black;,5203394888508,shopify_US_7109298487393_41497382125665,shopify_US_7109298487393,INFERRED_FROM_SHOPIFY_PRODUCT_ID; exact live MC item_group_id export not present locally,dlm_7109298487393_mother_shirt_or_top,dlm_style_7109298487393_chic_two_piece_swimsuit_set_ruffle_detail_top_and_high_waisted_bottoms_in_four_vibrant_colors,mother,shirt_or_top,Swimwear,swimsuits,NEEDS_MERCHANT_EXPORT,https://cdn.shopify.com/s/files/1/1557/1635/files/pomelli-image_46_c356e384-b961-4a76-a036-e9e90e36761b.png?v=1771599635,https://www.dresslikemommy.com/products/chic-two-piece-swimsuit-set-ruffle-detail-top-and-high-waisted-bottoms-in-four-vibrant-colors,16.99,in_stock,8.50,49.97,margin_medium,199,paid_eligible,margin_medium,swimsuits,aov_medium,us_test_ready,True,True,high,set,true,summer,0-25
7109298487393,41497382158433,chic-two-piece-swimsuit-set-ruffle-detail-top-and-high-waisted-bottoms-in-four-vibrant-colors,Chic Two-Piece Swimsuit Set Ruffle Detail Top and H... | DLM,Mother XL / Black,5203394888509-Size:Mother XL;Color:Black;,5203394888509,shopify_US_7109298487393_41497382158433,shopify_US_7109298487393,INFERRED_FROM_SHOPIFY_PRODUCT_ID; exact live MC item_group_id export not present locally,dlm_7109298487393_mother_shirt_or_top,dlm_style_7109298487393_chic_two_piece_swimsuit_set_ruffle_detail_top_and_high_waisted_bottoms_in_four_vibrant_colors,mother,shirt_or_top,Swimwear,swimsuits,NEEDS_MERCHANT_EXPORT,https://cdn.shopify.com/s/files/1/1557/1635/files/pomelli-image_46_c356e384-b961-4a76-a036-e9e90e36761b.png?v=1771599635,https://www.dresslikemommy.com/products/chic-two-piece-swimsuit-set-ruffle-detail-top-and-high-waisted-bottoms-in-four-vibrant-colors,16.99,in_stock,8.50,49.97,margin_medium,200,paid_eligible,margin_medium,swimsuits,aov_medium,us_test_ready,True,True,high,set,true,summer,0-25
7109298487393,41497382191201,chic-two-piece-swimsuit-set-ruffle-detail-top-and-high-waisted-bottoms-in-four-vibrant-colors,Chic Two-Piece Swimsuit Set Ruffle Detail Top and H... | DLM,Child 2-3 years / Black,5203394888510-Size:Child 2-3T;Color:Black;,5203394888510,shopify_US_7109298487393_41497382191201,shopify_US_7109298487393,INFERRED_FROM_SHOPIFY_PRODUCT_ID; exact live MC item_group_id export not present locally,dlm_7109298487393_child_shirt_or_top,dlm_style_7109298487393_chic_two_piece_swimsuit_set_ruffle_detail_top_and_high_waisted_bottoms_in_four_vibrant_colors,child,shirt_or_top,Swimwear,swimsuits,NEEDS_MERCHANT_EXPORT,https://cdn.shopify.com/s/files/1/1557/1635/files/pomelli-image_46_c356e384-b961-4a76-a036-e9e90e36761b.png?v=1771599635,https://www.dresslikemommy.com/products/chic-two-piece-swimsuit-set-ruffle-detail-top-and-high-waisted-bottoms-in-four-vibrant-colors,14.99,in_stock,7.50,49.97,margin_medium,200,paid_eligible,margin_medium,swimsuits,aov_medium,us_test_ready,True,True,high,set,true,summer,0-25
7109298487393,41497382256737,chic-two-piece-swimsuit-set-ruffle-detail-top-and-high-waisted-bottoms-in-four-vibrant-colors,Chic Two-Piece Swimsuit Set Ruffle Detail Top and H... | DLM,Child 4-5 years / Black,5203394888512-Size:Child 4-5T;Color:Black;,5203394888512,shopify_US_7109298487393_41497382256737,shopify_US_7109298487393,INFERRED_FROM_SHOPIFY_PRODUCT_ID; exact live MC item_group_id export not present locally,dlm_7109298487393_child_shirt_or_top,dlm_style_7109298487393_chic_two_piece_swimsuit_set_ruffle_detail_top_and_high_waisted_bottoms_in_four_vibrant_colors,child,shirt_or_top,Swimwear,swimsuits,NEEDS_MERCHANT_EXPORT,https://cdn.shopify.com/s/files/1/1557/1635/files/pomelli-image_46_c356e384-b961-4a76-a036-e9e90e36761b.png?v=1771599635,https://www.dresslikemommy.com/products/chic-two-piece-swimsuit-set-ruffle-detail-top-and-high-waisted-bottoms-in-four-vibrant-colors,14.99,in_stock,7.50,49.97,margin_medium,200,paid_eligible,margin_medium,swimsuits,aov_medium,us_test_ready,True,True,high,set,true,summer,0-25
7109298487393,41497382322273,chic-two-piece-swimsuit-set-ruffle-detail-top-and-high-waisted-bottoms-in-four-vibrant-colors,Chic Two-Piece Swimsuit Set Ruffle Detail Top and H... | DLM,Child 8-10 years / Black,5203394888514-Size:Child 8-10T;Color:Black;,5203394888514,shopify_US_7109298487393_41497382322273,shopify_US_7109298487393,INFERRED_FROM_SHOPIFY_PRODUCT_ID; exact live MC item_group_id export not present locally,dlm_7109298487393_child_shirt_or_top,dlm_style_7109298487393_chic_two_piece_swimsuit_set_ruffle_detail_top_and_high_waisted_bottoms_in_four_vibrant_colors,child,shirt_or_top,Swimwear,swimsuits,NEEDS_MERCHANT_EXPORT,https://cdn.shopify.com/s/files/1/1557/1635/files/pomelli-image_46_c356e384-b961-4a76-a036-e9e90e36761b.png?v=1771599635,https://www.dresslikemommy.com/products/chic-two-piece-swimsuit-set-ruffle-detail-top-and-high-waisted-bottoms-in-four-vibrant-colors,14.99,in_stock,7.50,49.97,margin_medium,200,paid_eligible,margin_medium,swimsuits,aov_medium,us_test_ready,True,True,high,set,true,summer,0-25
7109454135393,41497849004129,chic-two-piece-swimsuit-with-skirt-family-matching-swimwear-for-mother-and-daughter-available-in-blue-green-black,Chic Two-Piece Swimsuit with Skirt Swimwear for Mot... | DLM,Mother S / blue,5377444359073-Size:Mother S;Color:blue;,5377444359073,shopify_US_7109454135393_41497849004129,shopify_US_7109454135393,INFERRED_FROM_SHOPIFY_PRODUCT_ID; exact live MC item_group_id export not present locally,dlm_7109454135393_mother_swimwear,dlm_style_7109454135393_chic_two_piece_swimsuit_with_skirt_family_matching_swimwear_for_mother_and_daughter_available_in_blue_green_black,mother,swimwear,Swimwear,swimsuits,NEEDS_MERCHANT_EXPORT,https://cdn.shopify.com/s/files/1/1557/1635/files/pomelli-image_50_8da9cc9b-44ce-4fe3-8d95-f9df9fa743cc.png?v=1771600201,https://www.dresslikemommy.com/products/chic-two-piece-swimsuit-with-skirt-family-matching-swimwear-for-mother-and-daughter-available-in-blue-green-black,16.99,in_stock,8.50,49.97,margin_medium,184,paid_eligible,margin_medium,swimsuits,aov_medium,us_test_ready,True,True,medium,set,true,summer,0-25
7109454135393,41497849036897,chic-two-piece-swimsuit-with-skirt-family-matching-swimwear-for-mother-and-daughter-available-in-blue-green-black,Chic Two-Piece Swimsuit with Skirt Swimwear for Mot... | DLM,Mother M / blue,5377444359074-Size:Mother M;Color:blue;,5377444359074,shopify_US_7109454135393_41497849036897,shopify_US_7109454135393,INFERRED_FROM_SHOPIFY_PRODUCT_ID; exact live MC item_group_id export not present locally,dlm_7109454135393_mother_swimwear,dlm_style_7109454135393_chic_two_piece_swimsuit_with_skirt_family_matching_swimwear_for_mother_and_daughter_available_in_blue_green_black,mother,swimwear,Swimwear,swimsuits,NEEDS_MERCHANT_EXPORT,https://cdn.shopify.com/s/files/1/1557/1635/files/pomelli-image_50_8da9cc9b-44ce-4fe3-8d95-f9df9fa743cc.png?v=1771600201,https://www.dresslikemommy.com/products/chic-two-piece-swimsuit-with-skirt-family-matching-swimwear-for-mother-and-daughter-available-in-blue-green-black,16.99,in_stock,8.50,49.97,margin_medium,185,paid_eligible,margin_medium,swimsuits,aov_medium,us_test_ready,True,True,medium,set,true,summer,0-25
7109454135393,41497849102433,chic-two-piece-swimsuit-with-skirt-family-matching-swimwear-for-mother-and-daughter-available-in-blue-green-black,Chic Two-Piece Swimsuit with Skirt Swimwear for Mot... | DLM,Mother XL / blue,5377444359076-Size:Mother XL;Color:blue;,5377444359076,shopify_US_7109454135393_41497849102433,shopify_US_7109454135393,INFERRED_FROM_SHOPIFY_PRODUCT_ID; exact live MC item_group_id export not present locally,dlm_7109454135393_mother_swimwear,dlm_style_7109454135393_chic_two_piece_swimsuit_with_skirt_family_matching_swimwear_for_mother_and_daughter_available_in_blue_green_black,mother,swimwear,Swimwear,swimsuits,NEEDS_MERCHANT_EXPORT,https://cdn.shopify.com/s/files/1/1557/1635/files/pomelli-image_50_8da9cc9b-44ce-4fe3-8d95-f9df9fa743cc.png?v=1771600201,https://www.dresslikemommy.com/products/chic-two-piece-swimsuit-with-skirt-family-matching-swimwear-for-mother-and-daughter-available-in-blue-green-black,16.99,in_stock,8.50,49.97,margin_medium,185,paid_eligible,margin_medium,swimsuits,aov_medium,us_test_ready,True,True,medium,set,true,summer,0-25
7109454135393,41497849233505,chic-two-piece-swimsuit-with-skirt-family-matching-swimwear-for-mother-and-daughter-available-in-blue-green-black,Chic Two-Piece Swimsuit with Skirt Swimwear for Mot... | DLM,Child 6-8 years / blue,5377444359080-Size:Child 6-8T;Color:blue;,5377444359080,shopify_US_7109454135393_41497849233505,shopify_US_7109454135393,INFERRED_FROM_SHOPIFY_PRODUCT_ID; exact live MC item_group_id export not present locally,dlm_7109454135393_child_swimwear,dlm_style_7109454135393_chic_two_piece_swimsuit_with_skirt_family_matching_swimwear_for_mother_and_daughter_available_in_blue_green_black,child,swimwear,Swimwear,swimsuits,NEEDS_MERCHANT_EXPORT,https://cdn.shopify.com/s/files/1/1557/1635/files/pomelli-image_50_8da9cc9b-44ce-4fe3-8d95-f9df9fa743cc.png?v=1771600201,https://www.dresslikemommy.com/products/chic-two-piece-swimsuit-with-skirt-family-matching-swimwear-for-mother-and-daughter-available-in-blue-green-black,14.99,in_stock,7.50,49.97,margin_medium,175,paid_eligible,margin_medium,swimsuits,aov_medium,us_test_ready,True,True,medium,set,true,summer,0-25
7109454135393,41497849331809,chic-two-piece-swimsuit-with-skirt-family-matching-swimwear-for-mother-and-daughter-available-in-blue-green-black,Chic Two-Piece Swimsuit with Skirt Swimwear for Mot... | DLM,Mother S / green,5377444359083-Size:Mother S;Color:green;,5377444359083,shopify_US_7109454135393_41497849331809,shopify_US_7109454135393,INFERRED_FROM_SHOPIFY_PRODUCT_ID; exact live MC item_group_id export not present locally,dlm_7109454135393_mother_swimwear,dlm_style_7109454135393_chic_two_piece_swimsuit_with_skirt_family_matching_swimwear_for_mother_and_daughter_available_in_blue_green_black,mother,swimwear,Swimwear,swimsuits,NEEDS_MERCHANT_EXPORT,https://cdn.shopify.com/s/files/1/1557/1635/files/pomelli-image_50_8da9cc9b-44ce-4fe3-8d95-f9df9fa743cc.png?v=1771600201,https://www.dresslikemommy.com/products/chic-two-piece-swimsuit-with-skirt-family-matching-swimwear-for-mother-and-daughter-available-in-blue-green-black,16.99,in_stock,8.50,49.97,margin_medium,197,paid_eligible,margin_medium,swimsuits,aov_medium,us_test_ready,True,True,medium,set,true,summer,0-25
7109454135393,41497849364577,chic-two-piece-swimsuit-with-skirt-family-matching-swimwear-for-mother-and-daughter-available-in-blue-green-black,Chic Two-Piece Swimsuit with Skirt Swimwear for Mot... | DLM,Mother M / green,5377444359084-Size:Mother M;Color:green;,5377444359084,shopify_US_7109454135393_41497849364577,shopify_US_7109454135393,INFERRED_FROM_SHOPIFY_PRODUCT_ID; exact live MC item_group_id export not present locally,dlm_7109454135393_mother_swimwear,dlm_style_7109454135393_chic_two_piece_swimsuit_with_skirt_family_matching_swimwear_for_mother_and_daughter_available_in_blue_green_black,mother,swimwear,Swimwear,swimsuits,NEEDS_MERCHANT_EXPORT,https://cdn.shopify.com/s/files/1/1557/1635/files/pomelli-image_50_8da9cc9b-44ce-4fe3-8d95-f9df9fa743cc.png?v=1771600201,https://www.dresslikemommy.com/products/chic-two-piece-swimsuit-with-skirt-family-matching-swimwear-for-mother-and-daughter-available-in-blue-green-black,16.99,in_stock,8.50,49.97,margin_medium,195,paid_eligible,margin_medium,swimsuits,aov_medium,us_test_ready,True,True,medium,set,true,summer,0-25
7109454135393,41497849397345,chic-two-piece-swimsuit-with-skirt-family-matching-swimwear-for-mother-and-daughter-available-in-blue-green-black,Chic Two-Piece Swimsuit with Skirt Swimwear for Mot... | DLM,Mother L / green,5377444359085-Size:Mother L;Color:green;,5377444359085,shopify_US_7109454135393_41497849397345,shopify_US_7109454135393,INFERRED_FROM_SHOPIFY_PRODUCT_ID; exact live MC item_group_id export not present locally,dlm_7109454135393_mother_swimwear,dlm_style_7109454135393_chic_two_piece_swimsuit_with_skirt_family_matching_swimwear_for_mother_and_daughter_available_in_blue_green_black,mother,swimwear,Swimwear,swimsuits,NEEDS_MERCHANT_EXPORT,https://cdn.shopify.com/s/files/1/1557/1635/files/pomelli-image_50_8da9cc9b-44ce-4fe3-8d95-f9df9fa743cc.png?v=1771600201,https://www.dresslikemommy.com/products/chic-two-piece-swimsuit-with-skirt-family-matching-swimwear-for-mother-and-daughter-available-in-blue-green-black,16.99,in_stock,8.50,49.97,margin_medium,195,paid_eligible,margin_medium,swimsuits,aov_medium,us_test_ready,True,True,medium,set,true,summer,0-25
7109454135393,41497849430113,chic-two-piece-swimsuit-with-skirt-family-matching-swimwear-for-mother-and-daughter-available-in-blue-green-black,Chic Two-Piece Swimsuit with Skirt Swimwear for Mot... | DLM,Mother XL / green,5377444359086-Size:Mother XL;Color:green;,5377444359086,shopify_US_7109454135393_41497849430113,shopify_US_7109454135393,INFERRED_FROM_SHOPIFY_PRODUCT_ID; exact live MC item_group_id export not present locally,dlm_7109454135393_mother_swimwear,dlm_style_7109454135393_chic_two_piece_swimsuit_with_skirt_family_matching_swimwear_for_mother_and_daughter_available_in_blue_green_black,mother,swimwear,Swimwear,swimsuits,NEEDS_MERCHANT_EXPORT,https://cdn.shopify.com/s/files/1/1557/1635/files/pomelli-image_50_8da9cc9b-44ce-4fe3-8d95-f9df9fa743cc.png?v=1771600201,https://www.dresslikemommy.com/products/chic-two-piece-swimsuit-with-skirt-family-matching-swimwear-for-mother-and-daughter-available-in-blue-green-black,16.99,in_stock,8.50,49.97,margin_medium,197,paid_eligible,margin_medium,swimsuits,aov_medium,us_test_ready,True,True,medium,set,true,summer,0-25
7109454135393,41497849462881,chic-two-piece-swimsuit-with-skirt-family-matching-swimwear-for-mother-and-daughter-available-in-blue-green-black,Chic Two-Piece Swimsuit with Skirt Swimwear for Mot... | DLM,Child 2-3 years / green,5377444359087-Size:Child 2-3T;Color:green;,5377444359087,shopify_US_7109454135393_41497849462881,shopify_US_7109454135393,INFERRED_FROM_SHOPIFY_PRODUCT_ID; exact live MC item_group_id export not present locally,dlm_7109454135393_child_swimwear,dlm_style_7109454135393_chic_two_piece_swimsuit_with_skirt_family_matching_swimwear_for_mother_and_daughter_available_in_blue_green_black,child,swimwear,Swimwear,swimsuits,NEEDS_MERCHANT_EXPORT,https://cdn.shopify.com/s/files/1/1557/1635/files/pomelli-image_50_8da9cc9b-44ce-4fe3-8d95-f9df9fa743cc.png?v=1771600201,https://www.dresslikemommy.com/products/chic-two-piece-swimsuit-with-skirt-family-matching-swimwear-for-mother-and-daughter-available-in-blue-green-black,14.99,in_stock,7.50,49.97,margin_medium,184,paid_eligible,margin_medium,swimsuits,aov_medium,us_test_ready,True,True,medium,set,true,summer,0-25
7109454135393,41497849561185,chic-two-piece-swimsuit-with-skirt-family-matching-swimwear-for-mother-and-daughter-available-in-blue-green-black,Chic Two-Piece Swimsuit with Skirt Swimwear for Mot... | DLM,Child 6-8 years / green,5377444359090-Size:Child 6-8T;Color:green;,5377444359090,shopify_US_7109454135393_41497849561185,shopify_US_7109454135393,INFERRED_FROM_SHOPIFY_PRODUCT_ID; exact live MC item_group_id export not present locally,dlm_7109454135393_child_swimwear,dlm_style_7109454135393_chic_two_piece_swimsuit_with_skirt_family_matching_swimwear_for_mother_and_daughter_available_in_blue_green_black,child,swimwear,Swimwear,swimsuits,NEEDS_MERCHANT_EXPORT,https://cdn.shopify.com/s/files/1/1557/1635/files/pomelli-image_50_8da9cc9b-44ce-4fe3-8d95-f9df9fa743cc.png?v=1771600201,https://www.dresslikemommy.com/products/chic-two-piece-swimsuit-with-skirt-family-matching-swimwear-for-mother-and-daughter-available-in-blue-green-black,14.99,in_stock,7.50,49.97,margin_medium,187,paid_eligible,margin_medium,swimsuits,aov_medium,us_test_ready,True,True,medium,set,true,summer,0-25
7109454135393,41497849626721,chic-two-piece-swimsuit-with-skirt-family-matching-swimwear-for-mother-and-daughter-available-in-blue-green-black,Chic Two-Piece Swimsuit with Skirt Swimwear for Mot... | DLM,Child 10-12 years / green,5377444359092-Size:Child 10-12T;Color:green;,5377444359092,shopify_US_7109454135393_41497849626721,shopify_US_7109454135393,INFERRED_FROM_SHOPIFY_PRODUCT_ID; exact live MC item_group_id export not present locally,dlm_7109454135393_child_swimwear,dlm_style_7109454135393_chic_two_piece_swimsuit_with_skirt_family_matching_swimwear_for_mother_and_daughter_available_in_blue_green_black,child,swimwear,Swimwear,swimsuits,NEEDS_MERCHANT_EXPORT,https://cdn.shopify.com/s/files/1/1557/1635/files/pomelli-image_50_8da9cc9b-44ce-4fe3-8d95-f9df9fa743cc.png?v=1771600201,https://www.dresslikemommy.com/products/chic-two-piece-swimsuit-with-skirt-family-matching-swimwear-for-mother-and-daughter-available-in-blue-green-black,14.99,in_stock,7.50,49.97,margin_medium,190,paid_eligible,margin_medium,swimsuits,aov_medium,us_test_ready,True,True,medium,set,true,summer,0-25
7109454135393,41497849692257,chic-two-piece-swimsuit-with-skirt-family-matching-swimwear-for-mother-and-daughter-available-in-blue-green-black,Chic Two-Piece Swimsuit with Skirt Swimwear for Mot... | DLM,Mother M / black,5377444359094-Size:Mother M;Color:black;,5377444359094,shopify_US_7109454135393_41497849692257,shopify_US_7109454135393,INFERRED_FROM_SHOPIFY_PRODUCT_ID; exact live MC item_group_id export not present locally,dlm_7109454135393_mother_swimwear,dlm_style_7109454135393_chic_two_piece_swimsuit_with_skirt_family_matching_swimwear_for_mother_and_daughter_available_in_blue_green_black,mother,swimwear,Swimwear,swimsuits,NEEDS_MERCHANT_EXPORT,https://cdn.shopify.com/s/files/1/1557/1635/files/pomelli-image_50_8da9cc9b-44ce-4fe3-8d95-f9df9fa743cc.png?v=1771600201,https://www.dresslikemommy.com/products/chic-two-piece-swimsuit-with-skirt-family-matching-swimwear-for-mother-and-daughter-available-in-blue-green-black,16.99,in_stock,8.50,49.97,margin_medium,198,paid_eligible,margin_medium,swimsuits,aov_medium,us_test_ready,True,True,medium,set,true,summer,0-25
7109454135393,41497849757793,chic-two-piece-swimsuit-with-skirt-family-matching-swimwear-for-mother-and-daughter-available-in-blue-green-black,Chic Two-Piece Swimsuit with Skirt Swimwear for Mot... | DLM,Mother XL / black,5377444359096-Size:Mother XL;Color:black;,5377444359096,shopify_US_7109454135393_41497849757793,shopify_US_7109454135393,INFERRED_FROM_SHOPIFY_PRODUCT_ID; exact live MC item_group_id export not present locally,dlm_7109454135393_mother_swimwear,dlm_style_7109454135393_chic_two_piece_swimsuit_with_skirt_family_matching_swimwear_for_mother_and_daughter_available_in_blue_green_black,mother,swimwear,Swimwear,swimsuits,NEEDS_MERCHANT_EXPORT,https://cdn.shopify.com/s/files/1/1557/1635/files/pomelli-image_50_8da9cc9b-44ce-4fe3-8d95-f9df9fa743cc.png?v=1771600201,https://www.dresslikemommy.com/products/chic-two-piece-swimsuit-with-skirt-family-matching-swimwear-for-mother-and-daughter-available-in-blue-green-black,16.99,in_stock,8.50,49.97,margin_medium,200,paid_eligible,margin_medium,swimsuits,aov_medium,us_test_ready,True,True,medium,set,true,summer,0-25
7109454135393,41497849856097,chic-two-piece-swimsuit-with-skirt-family-matching-swimwear-for-mother-and-daughter-available-in-blue-green-black,Chic Two-Piece Swimsuit with Skirt Swimwear for Mot... | DLM,Child 4-5 years / black,5377444359099-Size:Child 4-5T;Color:black;,5377444359099,shopify_US_7109454135393_41497849856097,shopify_US_7109454135393,INFERRED_FROM_SHOPIFY_PRODUCT_ID; exact live MC item_group_id export not present locally,dlm_7109454135393_child_swimwear,dlm_style_7109454135393_chic_two_piece_swimsuit_with_skirt_family_matching_swimwear_for_mother_and_daughter_available_in_blue_green_black,child,swimwear,Swimwear,swimsuits,NEEDS_MERCHANT_EXPORT,https://cdn.shopify.com/s/files/1/1557/1635/files/pomelli-image_50_8da9cc9b-44ce-4fe3-8d95-f9df9fa743cc.png?v=1771600201,https://www.dresslikemommy.com/products/chic-two-piece-swimsuit-with-skirt-family-matching-swimwear-for-mother-and-daughter-available-in-blue-green-black,14.99,in_stock,7.50,49.97,margin_medium,190,paid_eligible,margin_medium,swimsuits,aov_medium,us_test_ready,True,True,medium,set,true,summer,0-25
7109454135393,41497850019937,chic-two-piece-swimsuit-with-skirt-family-matching-swimwear-for-mother-and-daughter-available-in-blue-green-black,Chic Two-Piece Swimsuit with Skirt Swimwear for Mot... | DLM,Child 10-12 years / black,5377444359102-Size:Child 10-12T;Color:black;,5377444359102,shopify_US_7109454135393_41497850019937,shopify_US_7109454135393,INFERRED_FROM_SHOPIFY_PRODUCT_ID; exact live MC item_group_id export not present locally,dlm_7109454135393_child_swimwear,dlm_style_7109454135393_chic_two_piece_swimsuit_with_skirt_family_matching_swimwear_for_mother_and_daughter_available_in_blue_green_black,child,swimwear,Swimwear,swimsuits,NEEDS_MERCHANT_EXPORT,https://cdn.shopify.com/s/files/1/1557/1635/files/pomelli-image_50_8da9cc9b-44ce-4fe3-8d95-f9df9fa743cc.png?v=1771600201,https://www.dresslikemommy.com/products/chic-two-piece-swimsuit-with-skirt-family-matching-swimwear-for-mother-and-daughter-available-in-blue-green-black,14.99,in_stock,7.50,49.97,margin_medium,190,paid_eligible,margin_medium,swimsuits,aov_medium,us_test_ready,True,True,medium,set,true,summer,0-25
7108988764257,41496634589281,elegant-blue-and-white-floral-one-piece-swimsuit-timeless-style-for-mother-and-daughter,Elegant Blue and White Floral One-Piece Swimsuit - ... | DLM,Mother M / Blue,5173266632195-Size:Mother M;Color:Blue;,5173266632195,shopify_US_7108988764257_41496634589281,shopify_US_7108988764257,INFERRED_FROM_SHOPIFY_PRODUCT_ID; exact live MC item_group_id export not present locally,dlm_7108988764257_mother_swimwear,dlm_style_7108988764257_elegant_blue_and_white_floral_one_piece_swimsuit_timeless_style_for_mother_and_daughter,mother,swimwear,Swimwear,swimsuits,NEEDS_MERCHANT_EXPORT,https://cdn.shopify.com/s/files/1/1557/1635/files/pomelli-image_16_c69713e7-d7a2-43b4-90b7-ccd4d82b8a27.png?v=1771598485,https://www.dresslikemommy.com/products/elegant-blue-and-white-floral-one-piece-swimsuit-timeless-style-for-mother-and-daughter,17.99,in_stock,9.00,49.97,margin_medium,10000,paid_eligible,margin_medium,swimsuits,aov_medium,us_test_ready,True,True,high,set,true,summer,0-25
7108988764257,41496634622049,elegant-blue-and-white-floral-one-piece-swimsuit-timeless-style-for-mother-and-daughter,Elegant Blue and White Floral One-Piece Swimsuit - ... | DLM,Mother L / Blue,5173266632196-Size:Mother L;Color:Blue;,5173266632196,shopify_US_7108988764257_41496634622049,shopify_US_7108988764257,INFERRED_FROM_SHOPIFY_PRODUCT_ID; exact live MC item_group_id export not present locally,dlm_7108988764257_mother_swimwear,dlm_style_7108988764257_elegant_blue_and_white_floral_one_piece_swimsuit_timeless_style_for_mother_and_daughter,mother,swimwear,Swimwear,swimsuits,NEEDS_MERCHANT_EXPORT,https://cdn.shopify.com/s/files/1/1557/1635/files/pomelli-image_16_c69713e7-d7a2-43b4-90b7-ccd4d82b8a27.png?v=1771598485,https://www.dresslikemommy.com/products/elegant-blue-and-white-floral-one-piece-swimsuit-timeless-style-for-mother-and-daughter,17.99,in_stock,9.00,49.97,margin_medium,9995,paid_eligible,margin_medium,swimsuits,aov_medium,us_test_ready,True,True,high,set,true,summer,0-25
7108988764257,41496634654817,elegant-blue-and-white-floral-one-piece-swimsuit-timeless-style-for-mother-and-daughter,Elegant Blue and White Floral One-Piece Swimsuit - ... | DLM,Mother XL / Blue,5173266632197-Size:Mother XL;Color:Blue;,5173266632197,shopify_US_7108988764257_41496634654817,shopify_US_7108988764257,INFERRED_FROM_SHOPIFY_PRODUCT_ID; exact live MC item_group_id export not present locally,dlm_7108988764257_mother_swimwear,dlm_style_7108988764257_elegant_blue_and_white_floral_one_piece_swimsuit_timeless_style_for_mother_and_daughter,mother,swimwear,Swimwear,swimsuits,NEEDS_MERCHANT_EXPORT,https://cdn.shopify.com/s/files/1/1557/1635/files/pomelli-image_16_c69713e7-d7a2-43b4-90b7-ccd4d82b8a27.png?v=1771598485,https://www.dresslikemommy.com/products/elegant-blue-and-white-floral-one-piece-swimsuit-timeless-style-for-mother-and-daughter,17.99,in_stock,9.00,49.97,margin_medium,10000,paid_eligible,margin_medium,swimsuits,aov_medium,us_test_ready,True,True,high,set,true,summer,0-25
7108988764257,41496634687585,elegant-blue-and-white-floral-one-piece-swimsuit-timeless-style-for-mother-and-daughter,Elegant Blue and White Floral One-Piece Swimsuit - ... | DLM,Child 2-3 years / Blue,5173266632198-Size:Child 2-3T;Color:Blue;,5173266632198,shopify_US_7108988764257_41496634687585,shopify_US_7108988764257,INFERRED_FROM_SHOPIFY_PRODUCT_ID; exact live MC item_group_id export not present locally,dlm_7108988764257_child_swimwear,dlm_style_7108988764257_elegant_blue_and_white_floral_one_piece_swimsuit_timeless_style_for_mother_and_daughter,child,swimwear,Swimwear,swimsuits,NEEDS_MERCHANT_EXPORT,https://cdn.shopify.com/s/files/1/1557/1635/files/pomelli-image_16_c69713e7-d7a2-43b4-90b7-ccd4d82b8a27.png?v=1771598485,https://www.dresslikemommy.com/products/elegant-blue-and-white-floral-one-piece-swimsuit-timeless-style-for-mother-and-daughter,15.99,in_stock,8.00,49.97,margin_medium,9998,paid_eligible,margin_medium,swimsuits,aov_medium,us_test_ready,True,True,high,set,true,summer,0-25
7108988764257,41496634785889,elegant-blue-and-white-floral-one-piece-swimsuit-timeless-style-for-mother-and-daughter,Elegant Blue and White Floral One-Piece Swimsuit - ... | DLM,Child 6-8 years / Blue,5173266632201-Size:Child 6-8T;Color:Blue;,5173266632201,shopify_US_7108988764257_41496634785889,shopify_US_7108988764257,INFERRED_FROM_SHOPIFY_PRODUCT_ID; exact live MC item_group_id export not present locally,dlm_7108988764257_child_swimwear,dlm_style_7108988764257_elegant_blue_and_white_floral_one_piece_swimsuit_timeless_style_for_mother_and_daughter,child,swimwear,Swimwear,swimsuits,NEEDS_MERCHANT_EXPORT,https://cdn.shopify.com/s/files/1/1557/1635/files/pomelli-image_16_c69713e7-d7a2-43b4-90b7-ccd4d82b8a27.png?v=1771598485,https://www.dresslikemommy.com/products/elegant-blue-and-white-floral-one-piece-swimsuit-timeless-style-for-mother-and-daughter,15.99,in_stock,8.00,49.97,margin_medium,10000,paid_eligible,margin_medium,swimsuits,aov_medium,us_test_ready,True,True,high,set,true,summer,0-25
7108988764257,41496634818657,elegant-blue-and-white-floral-one-piece-swimsuit-timeless-style-for-mother-and-daughter,Elegant Blue and White Floral One-Piece Swimsuit - ... | DLM,Child 8-10 years / Blue,5173266632202-Size:Child 8-10T;Color:Blue;,5173266632202,shopify_US_7108988764257_41496634818657,shopify_US_7108988764257,INFERRED_FROM_SHOPIFY_PRODUCT_ID; exact live MC item_group_id export not present locally,dlm_7108988764257_child_swimwear,dlm_style_7108988764257_elegant_blue_and_white_floral_one_piece_swimsuit_timeless_style_for_mother_and_daughter,child,swimwear,Swimwear,swimsuits,NEEDS_MERCHANT_EXPORT,https://cdn.shopify.com/s/files/1/1557/1635/files/pomelli-image_16_c69713e7-d7a2-43b4-90b7-ccd4d82b8a27.png?v=1771598485,https://www.dresslikemommy.com/products/elegant-blue-and-white-floral-one-piece-swimsuit-timeless-style-for-mother-and-daughter,15.99,in_stock,8.00,49.97,margin_medium,10000,paid_eligible,margin_medium,swimsuits,aov_medium,us_test_ready,True,True,high,set,true,summer,0-25
7108988764257,41496634851425,elegant-blue-and-white-floral-one-piece-swimsuit-timeless-style-for-mother-and-daughter,Elegant Blue and White Floral One-Piece Swimsuit - ... | DLM,Child 10-12 years / Blue,5173266632203-Size:Child 10-12T;Color:Blue;,5173266632203,shopify_US_7108988764257_41496634851425,shopify_US_7108988764257,INFERRED_FROM_SHOPIFY_PRODUCT_ID; exact live MC item_group_id export not present locally,dlm_7108988764257_child_swimwear,dlm_style_7108988764257_elegant_blue_and_white_floral_one_piece_swimsuit_timeless_style_for_mother_and_daughter,child,swimwear,Swimwear,swimsuits,NEEDS_MERCHANT_EXPORT,https://cdn.shopify.com/s/files/1/1557/1635/files/pomelli-image_16_c69713e7-d7a2-43b4-90b7-ccd4d82b8a27.png?v=1771598485,https://www.dresslikemommy.com/products/elegant-blue-and-white-floral-one-piece-swimsuit-timeless-style-for-mother-and-daughter,15.99,in_stock,8.00,49.97,margin_medium,10000,paid_eligible,margin_medium,swimsuits,aov_medium,us_test_ready,True,True,high,set,true,summer,0-25
7109083267169,41496956043361,elegant-long-sleeve-leopard-print-swimsuit-for-mother-and-daughter,Elegant Long-Sleeve Leopard Print Swimsuit for Moth... | DLM,Mother S / Black,5173843285518-Size:Mother S;Color:Black;,5173843285518,shopify_US_7109083267169_41496956043361,shopify_US_7109083267169,INFERRED_FROM_SHOPIFY_PRODUCT_ID; exact live MC item_group_id export not present locally,dlm_7109083267169_mother_swimwear,dlm_style_7109083267169_elegant_long_sleeve_leopard_print_swimsuit_for_mother_and_daughter,mother,swimwear,Swimwear,swimsuits,NEEDS_MERCHANT_EXPORT,https://cdn.shopify.com/s/files/1/1557/1635/files/pomelli-image_2_9863e646-ce01-475c-a9ff-3f72b72ee139.png?v=1771598622,https://www.dresslikemommy.com/products/elegant-long-sleeve-leopard-print-swimsuit-for-mother-and-daughter,16.99,in_stock,8.50,49.97,margin_medium,29997,paid_eligible,margin_medium,swimsuits,aov_medium,us_test_ready,True,True,high,set,true,summer,0-25
7109083267169,41496956108897,elegant-long-sleeve-leopard-print-swimsuit-for-mother-and-daughter,Elegant Long-Sleeve Leopard Print Swimsuit for Moth... | DLM,Mother L / Black,5173843285520-Size:Mother L;Color:Black;,5173843285520,shopify_US_7109083267169_41496956108897,shopify_US_7109083267169,INFERRED_FROM_SHOPIFY_PRODUCT_ID; exact live MC item_group_id export not present locally,dlm_7109083267169_mother_swimwear,dlm_style_7109083267169_elegant_long_sleeve_leopard_print_swimsuit_for_mother_and_daughter,mother,swimwear,Swimwear,swimsuits,NEEDS_MERCHANT_EXPORT,https://cdn.shopify.com/s/files/1/1557/1635/files/pomelli-image_2_9863e646-ce01-475c-a9ff-3f72b72ee139.png?v=1771598622,https://www.dresslikemommy.com/products/elegant-long-sleeve-leopard-print-swimsuit-for-mother-and-daughter,16.99,in_stock,8.50,49.97,margin_medium,30000,paid_eligible,margin_medium,swimsuits,aov_medium,us_test_ready,True,True,high,set,true,summer,0-25
7109083267169,41496956141665,elegant-long-sleeve-leopard-print-swimsuit-for-mother-and-daughter,Elegant Long-Sleeve Leopard Print Swimsuit for Moth... | DLM,Mother XL / Black,5173843285521-Size:Mother XL;Color:Black;,5173843285521,shopify_US_7109083267169_41496956141665,shopify_US_7109083267169,INFERRED_FROM_SHOPIFY_PRODUCT_ID; exact live MC item_group_id export not present locally,dlm_7109083267169_mother_swimwear,dlm_style_7109083267169_elegant_long_sleeve_leopard_print_swimsuit_for_mother_and_daughter,mother,swimwear,Swimwear,swimsuits,NEEDS_MERCHANT_EXPORT,https://cdn.shopify.com/s/files/1/1557/1635/files/pomelli-image_2_9863e646-ce01-475c-a9ff-3f72b72ee139.png?v=1771598622,https://www.dresslikemommy.com/products/elegant-long-sleeve-leopard-print-swimsuit-for-mother-and-daughter,16.99,in_stock,8.50,49.97,margin_medium,30000,paid_eligible,margin_medium,swimsuits,aov_medium,us_test_ready,True,True,high,set,true,summer,0-25
7109083267169,41496956174433,elegant-long-sleeve-leopard-print-swimsuit-for-mother-and-daughter,Elegant Long-Sleeve Leopard Print Swimsuit for Moth... | DLM,Child 2-3 years / Black,5173843285522-Size:Child 2-3T;Color:Black;,5173843285522,shopify_US_7109083267169_41496956174433,shopify_US_7109083267169,INFERRED_FROM_SHOPIFY_PRODUCT_ID; exact live MC item_group_id export not present locally,dlm_7109083267169_child_swimwear,dlm_style_7109083267169_elegant_long_sleeve_leopard_print_swimsuit_for_mother_and_daughter,child,swimwear,Swimwear,swimsuits,NEEDS_MERCHANT_EXPORT,https://cdn.shopify.com/s/files/1/1557/1635/files/pomelli-image_2_9863e646-ce01-475c-a9ff-3f72b72ee139.png?v=1771598622,https://www.dresslikemommy.com/products/elegant-long-sleeve-leopard-print-swimsuit-for-mother-and-daughter,14.99,in_stock,7.50,49.97,margin_medium,29985,paid_eligible,margin_medium,swimsuits,aov_medium,us_test_ready,True,True,high,set,true,summer,0-25
7109083267169,41496956239969,elegant-long-sleeve-leopard-print-swimsuit-for-mother-and-daughter,Elegant Long-Sleeve Leopard Print Swimsuit for Moth... | DLM,Child 4-5 years / Black,5173843285524-Size:Child 4-5T;Color:Black;,5173843285524,shopify_US_7109083267169_41496956239969,shopify_US_7109083267169,INFERRED_FROM_SHOPIFY_PRODUCT_ID; exact live MC item_group_id export not present locally,dlm_7109083267169_child_swimwear,dlm_style_7109083267169_elegant_long_sleeve_leopard_print_swimsuit_for_mother_and_daughter,child,swimwear,Swimwear,swimsuits,NEEDS_MERCHANT_EXPORT,https://cdn.shopify.com/s/files/1/1557/1635/files/pomelli-image_2_9863e646-ce01-475c-a9ff-3f72b72ee139.png?v=1771598622,https://www.dresslikemommy.com/products/elegant-long-sleeve-leopard-print-swimsuit-for-mother-and-daughter,14.99,in_stock,7.50,49.97,margin_medium,29997,paid_eligible,margin_medium,swimsuits,aov_medium,us_test_ready,True,True,high,set,true,summer,0-25
7109083267169,41496956305505,elegant-long-sleeve-leopard-print-swimsuit-for-mother-and-daughter,Elegant Long-Sleeve Leopard Print Swimsuit for Moth... | DLM,Child 8-10 years / Black,5173843285526-Size:Child 8-10T;Color:Black;,5173843285526,shopify_US_7109083267169_41496956305505,shopify_US_7109083267169,INFERRED_FROM_SHOPIFY_PRODUCT_ID; exact live MC item_group_id export not present locally,dlm_7109083267169_child_swimwear,dlm_style_7109083267169_elegant_long_sleeve_leopard_print_swimsuit_for_mother_and_daughter,child,swimwear,Swimwear,swimsuits,NEEDS_MERCHANT_EXPORT,https://cdn.shopify.com/s/files/1/1557/1635/files/pomelli-image_2_9863e646-ce01-475c-a9ff-3f72b72ee139.png?v=1771598622,https://www.dresslikemommy.com/products/elegant-long-sleeve-leopard-print-swimsuit-for-mother-and-daughter,14.99,in_stock,7.50,49.97,margin_medium,30000,paid_eligible,margin_medium,swimsuits,aov_medium,us_test_ready,True,True,high,set,true,summer,0-25
7109083267169,41496956338273,elegant-long-sleeve-leopard-print-swimsuit-for-mother-and-daughter,Elegant Long-Sleeve Leopard Print Swimsuit for Moth... | DLM,Child 10-12 years / Black,5173843285527-Size:Child 10-12T;Color:Black;,5173843285527,shopify_US_7109083267169_41496956338273,shopify_US_7109083267169,INFERRED_FROM_SHOPIFY_PRODUCT_ID; exact live MC item_group_id export not present locally,dlm_7109083267169_child_swimwear,dlm_style_7109083267169_elegant_long_sleeve_leopard_print_swimsuit_for_mother_and_daughter,child,swimwear,Swimwear,swimsuits,NEEDS_MERCHANT_EXPORT,https://cdn.shopify.com/s/files/1/1557/1635/files/pomelli-image_2_9863e646-ce01-475c-a9ff-3f72b72ee139.png?v=1771598622,https://www.dresslikemommy.com/products/elegant-long-sleeve-leopard-print-swimsuit-for-mother-and-daughter,14.99,in_stock,7.50,49.97,margin_medium,30000,paid_eligible,margin_medium,swimsuits,aov_medium,us_test_ready,True,True,high,set,true,summer,0-25
7109514395745,41498010943585,elegant-mother-daughter-matching-one-piece-swimsuit-with-patterned-mesh-skirt-family-beachwear-set,Elegant Mother Daughter Matching One-Piece Swimsuit... | DLM,Mother S / Black,5207175449068-Size:Mother S;Color:Black;,5207175449068,shopify_US_7109514395745_41498010943585,shopify_US_7109514395745,INFERRED_FROM_SHOPIFY_PRODUCT_ID; exact live MC item_group_id export not present locally,dlm_7109514395745_mother_swimwear,dlm_style_7109514395745_elegant_mother_daughter_matching_one_piece_swimsuit_with_patterned_mesh_skirt_family_beachwear_set,mother,swimwear,Swimwear,swimsuits,NEEDS_MERCHANT_EXPORT,https://cdn.shopify.com/s/files/1/1557/1635/files/pomelli-image_17_eddcfe52-5fd0-458a-8777-53be9d4dc348.png?v=1771602170,https://www.dresslikemommy.com/products/elegant-mother-daughter-matching-one-piece-swimsuit-with-patterned-mesh-skirt-family-beachwear-set,16.99,in_stock,8.50,49.97,margin_medium,89,paid_eligible,margin_medium,swimsuits,aov_medium,us_test_ready,True,True,high,set,true,summer,0-25
7109514395745,41498010976353,elegant-mother-daughter-matching-one-piece-swimsuit-with-patterned-mesh-skirt-family-beachwear-set,Elegant Mother Daughter Matching One-Piece Swimsuit... | DLM,Mother M / Black,5207175449069-Size:Mother M;Color:Black;,5207175449069,shopify_US_7109514395745_41498010976353,shopify_US_7109514395745,INFERRED_FROM_SHOPIFY_PRODUCT_ID; exact live MC item_group_id export not present locally,dlm_7109514395745_mother_swimwear,dlm_style_7109514395745_elegant_mother_daughter_matching_one_piece_swimsuit_with_patterned_mesh_skirt_family_beachwear_set,mother,swimwear,Swimwear,swimsuits,NEEDS_MERCHANT_EXPORT,https://cdn.shopify.com/s/files/1/1557/1635/files/pomelli-image_17_eddcfe52-5fd0-458a-8777-53be9d4dc348.png?v=1771602170,https://www.dresslikemommy.com/products/elegant-mother-daughter-matching-one-piece-swimsuit-with-patterned-mesh-skirt-family-beachwear-set,16.99,in_stock,8.50,49.97,margin_medium,90,paid_eligible,margin_medium,swimsuits,aov_medium,us_test_ready,True,True,high,set,true,summer,0-25
7109514395745,41498011041889,elegant-mother-daughter-matching-one-piece-swimsuit-with-patterned-mesh-skirt-family-beachwear-set,Elegant Mother Daughter Matching One-Piece Swimsuit... | DLM,Mother XL / Black,5207175449071-Size:Mother XL;Color:Black;,5207175449071,shopify_US_7109514395745_41498011041889,shopify_US_7109514395745,INFERRED_FROM_SHOPIFY_PRODUCT_ID; exact live MC item_group_id export not present locally,dlm_7109514395745_mother_swimwear,dlm_style_7109514395745_elegant_mother_daughter_matching_one_piece_swimsuit_with_patterned_mesh_skirt_family_beachwear_set,mother,swimwear,Swimwear,swimsuits,NEEDS_MERCHANT_EXPORT,https://cdn.shopify.com/s/files/1/1557/1635/files/pomelli-image_17_eddcfe52-5fd0-458a-8777-53be9d4dc348.png?v=1771602170,https://www.dresslikemommy.com/products/elegant-mother-daughter-matching-one-piece-swimsuit-with-patterned-mesh-skirt-family-beachwear-set,16.99,in_stock,8.50,49.97,margin_medium,90,paid_eligible,margin_medium,swimsuits,aov_medium,us_test_ready,True,True,high,set,true,summer,0-25
7109514395745,41498011172961,elegant-mother-daughter-matching-one-piece-swimsuit-with-patterned-mesh-skirt-family-beachwear-set,Elegant Mother Daughter Matching One-Piece Swimsuit... | DLM,Child 6-8 years / Black,5207175449075-Size:Child 6-8T;Color:Black;,5207175449075,shopify_US_7109514395745_41498011172961,shopify_US_7109514395745,INFERRED_FROM_SHOPIFY_PRODUCT_ID; exact live MC item_group_id export not present locally,dlm_7109514395745_mother_swimwear,dlm_style_7109514395745_elegant_mother_daughter_matching_one_piece_swimsuit_with_patterned_mesh_skirt_family_beachwear_set,mother,swimwear,Swimwear,swimsuits,NEEDS_MERCHANT_EXPORT,https://cdn.shopify.com/s/files/1/1557/1635/files/pomelli-image_17_eddcfe52-5fd0-458a-8777-53be9d4dc348.png?v=1771602170,https://www.dresslikemommy.com/products/elegant-mother-daughter-matching-one-piece-swimsuit-with-patterned-mesh-skirt-family-beachwear-set,14.99,in_stock,7.50,49.97,margin_medium,90,paid_eligible,margin_medium,swimsuits,aov_medium,us_test_ready,True,True,high,set,true,summer,0-25
7109514395745,41498011238497,elegant-mother-daughter-matching-one-piece-swimsuit-with-patterned-mesh-skirt-family-beachwear-set,Elegant Mother Daughter Matching One-Piece Swimsuit... | DLM,Child 10-12 years / Black,5207175449077-Size:Child 10-12T;Color:Black;,5207175449077,shopify_US_7109514395745_41498011238497,shopify_US_7109514395745,INFERRED_FROM_SHOPIFY_PRODUCT_ID; exact live MC item_group_id export not present locally,dlm_7109514395745_mother_swimwear,dlm_style_7109514395745_elegant_mother_daughter_matching_one_piece_swimsuit_with_patterned_mesh_skirt_family_beachwear_set,mother,swimwear,Swimwear,swimsuits,NEEDS_MERCHANT_EXPORT,https://cdn.shopify.com/s/files/1/1557/1635/files/pomelli-image_17_eddcfe52-5fd0-458a-8777-53be9d4dc348.png?v=1771602170,https://www.dresslikemommy.com/products/elegant-mother-daughter-matching-one-piece-swimsuit-with-patterned-mesh-skirt-family-beachwear-set,14.99,in_stock,7.50,49.97,margin_medium,90,paid_eligible,margin_medium,swimsuits,aov_medium,us_test_ready,True,True,high,set,true,summer,0-25
7109514395745,41498011271265,elegant-mother-daughter-matching-one-piece-swimsuit-with-patterned-mesh-skirt-family-beachwear-set,Elegant Mother Daughter Matching One-Piece Swimsuit... | DLM,Mother S / Pink,5207175449079-Size:Mother S;Color:Pink;,5207175449079,shopify_US_7109514395745_41498011271265,shopify_US_7109514395745,INFERRED_FROM_SHOPIFY_PRODUCT_ID; exact live MC item_group_id export not present locally,dlm_7109514395745_mother_swimwear,dlm_style_7109514395745_elegant_mother_daughter_matching_one_piece_swimsuit_with_patterned_mesh_skirt_family_beachwear_set,mother,swimwear,Swimwear,swimsuits,NEEDS_MERCHANT_EXPORT,https://cdn.shopify.com/s/files/1/1557/1635/files/pomelli-image_17_eddcfe52-5fd0-458a-8777-53be9d4dc348.png?v=1771602170,https://www.dresslikemommy.com/products/elegant-mother-daughter-matching-one-piece-swimsuit-with-patterned-mesh-skirt-family-beachwear-set,16.99,in_stock,8.50,49.97,margin_medium,100,paid_eligible,margin_medium,swimsuits,aov_medium,us_test_ready,True,True,high,set,true,summer,0-25
7109514395745,41498011304033,elegant-mother-daughter-matching-one-piece-swimsuit-with-patterned-mesh-skirt-family-beachwear-set,Elegant Mother Daughter Matching One-Piece Swimsuit... | DLM,Mother M / Pink,5207175449080-Size:Mother M;Color:Pink;,5207175449080,shopify_US_7109514395745_41498011304033,shopify_US_7109514395745,INFERRED_FROM_SHOPIFY_PRODUCT_ID; exact live MC item_group_id export not present locally,dlm_7109514395745_mother_swimwear,dlm_style_7109514395745_elegant_mother_daughter_matching_one_piece_swimsuit_with_patterned_mesh_skirt_family_beachwear_set,mother,swimwear,Swimwear,swimsuits,NEEDS_MERCHANT_EXPORT,https://cdn.shopify.com/s/files/1/1557/1635/files/pomelli-image_17_eddcfe52-5fd0-458a-8777-53be9d4dc348.png?v=1771602170,https://www.dresslikemommy.com/products/elegant-mother-daughter-matching-one-piece-swimsuit-with-patterned-mesh-skirt-family-beachwear-set,16.99,in_stock,8.50,49.97,margin_medium,100,paid_eligible,margin_medium,swimsuits,aov_medium,us_test_ready,True,True,high,set,true,summer,0-25
7109514395745,41498011402337,elegant-mother-daughter-matching-one-piece-swimsuit-with-patterned-mesh-skirt-family-beachwear-set,Elegant Mother Daughter Matching One-Piece Swimsuit... | DLM,Child 2-3 years / Pink,5207175449083-Size:Child 2-3T;Color:Pink;,5207175449083,shopify_US_7109514395745_41498011402337,shopify_US_7109514395745,INFERRED_FROM_SHOPIFY_PRODUCT_ID; exact live MC item_group_id export not present locally,dlm_7109514395745_mother_swimwear,dlm_style_7109514395745_elegant_mother_daughter_matching_one_piece_swimsuit_with_patterned_mesh_skirt_family_beachwear_set,mother,swimwear,Swimwear,swimsuits,NEEDS_MERCHANT_EXPORT,https://cdn.shopify.com/s/files/1/1557/1635/files/pomelli-image_17_eddcfe52-5fd0-458a-8777-53be9d4dc348.png?v=1771602170,https://www.dresslikemommy.com/products/elegant-mother-daughter-matching-one-piece-swimsuit-with-patterned-mesh-skirt-family-beachwear-set,14.99,in_stock,7.50,49.97,margin_medium,99,paid_eligible,margin_medium,swimsuits,aov_medium,us_test_ready,True,True,high,set,true,summer,0-25
7109514395745,41498011467873,elegant-mother-daughter-matching-one-piece-swimsuit-with-patterned-mesh-skirt-family-beachwear-set,Elegant Mother Daughter Matching One-Piece Swimsuit... | DLM,Child 4-5 years / Pink,5207175449085-Size:Child 4-5T;Color:Pink;,5207175449085,shopify_US_7109514395745_41498011467873,shopify_US_7109514395745,INFERRED_FROM_SHOPIFY_PRODUCT_ID; exact live MC item_group_id export not present locally,dlm_7109514395745_mother_swimwear,dlm_style_7109514395745_elegant_mother_daughter_matching_one_piece_swimsuit_with_patterned_mesh_skirt_family_beachwear_set,mother,swimwear,Swimwear,swimsuits,NEEDS_MERCHANT_EXPORT,https://cdn.shopify.com/s/files/1/1557/1635/files/pomelli-image_17_eddcfe52-5fd0-458a-8777-53be9d4dc348.png?v=1771602170,https://www.dresslikemommy.com/products/elegant-mother-daughter-matching-one-piece-swimsuit-with-patterned-mesh-skirt-family-beachwear-set,14.99,in_stock,7.50,49.97,margin_medium,100,paid_eligible,margin_medium,swimsuits,aov_medium,us_test_ready,True,True,high,set,true,summer,0-25
7109514395745,41498011598945,elegant-mother-daughter-matching-one-piece-swimsuit-with-patterned-mesh-skirt-family-beachwear-set,Elegant Mother Daughter Matching One-Piece Swimsuit... | DLM,Mother S / Blue,5207175449090-Size:Mother S;Color:Blue;,5207175449090,shopify_US_7109514395745_41498011598945,shopify_US_7109514395745,INFERRED_FROM_SHOPIFY_PRODUCT_ID; exact live MC item_group_id export not present locally,dlm_7109514395745_mother_swimwear,dlm_style_7109514395745_elegant_mother_daughter_matching_one_piece_swimsuit_with_patterned_mesh_skirt_family_beachwear_set,mother,swimwear,Swimwear,swimsuits,NEEDS_MERCHANT_EXPORT,https://cdn.shopify.com/s/files/1/1557/1635/files/pomelli-image_17_eddcfe52-5fd0-458a-8777-53be9d4dc348.png?v=1771602170,https://www.dresslikemommy.com/products/elegant-mother-daughter-matching-one-piece-swimsuit-with-patterned-mesh-skirt-family-beachwear-set,16.99,in_stock,8.50,49.97,margin_medium,100,paid_eligible,margin_medium,swimsuits,aov_medium,us_test_ready,True,True,high,set,true,summer,0-25
7109514395745,41498011631713,elegant-mother-daughter-matching-one-piece-swimsuit-with-patterned-mesh-skirt-family-beachwear-set,Elegant Mother Daughter Matching One-Piece Swimsuit... | DLM,Mother M / Blue,5207175449091-Size:Mother M;Color:Blue;,5207175449091,shopify_US_7109514395745_41498011631713,shopify_US_7109514395745,INFERRED_FROM_SHOPIFY_PRODUCT_ID; exact live MC item_group_id export not present locally,dlm_7109514395745_mother_swimwear,dlm_style_7109514395745_elegant_mother_daughter_matching_one_piece_swimsuit_with_patterned_mesh_skirt_family_beachwear_set,mother,swimwear,Swimwear,swimsuits,NEEDS_MERCHANT_EXPORT,https://cdn.shopify.com/s/files/1/1557/1635/files/pomelli-image_17_eddcfe52-5fd0-458a-8777-53be9d4dc348.png?v=1771602170,https://www.dresslikemommy.com/products/elegant-mother-daughter-matching-one-piece-swimsuit-with-patterned-mesh-skirt-family-beachwear-set,16.99,in_stock,8.50,49.97,margin_medium,100,paid_eligible,margin_medium,swimsuits,aov_medium,us_test_ready,True,True,high,set,true,summer,0-25
7109514395745,41498011697249,elegant-mother-daughter-matching-one-piece-swimsuit-with-patterned-mesh-skirt-family-beachwear-set,Elegant Mother Daughter Matching One-Piece Swimsuit... | DLM,Mother XL / Blue,5207175449093-Size:Mother XL;Color:Blue;,5207175449093,shopify_US_7109514395745_41498011697249,shopify_US_7109514395745,INFERRED_FROM_SHOPIFY_PRODUCT_ID; exact live MC item_group_id export not present locally,dlm_7109514395745_mother_swimwear,dlm_style_7109514395745_elegant_mother_daughter_matching_one_piece_swimsuit_with_patterned_mesh_skirt_family_beachwear_set,mother,swimwear,Swimwear,swimsuits,NEEDS_MERCHANT_EXPORT,https://cdn.shopify.com/s/files/1/1557/1635/files/pomelli-image_17_eddcfe52-5fd0-458a-8777-53be9d4dc348.png?v=1771602170,https://www.dresslikemommy.com/products/elegant-mother-daughter-matching-one-piece-swimsuit-with-patterned-mesh-skirt-family-beachwear-set,16.99,in_stock,8.50,49.97,margin_medium,100,paid_eligible,margin_medium,swimsuits,aov_medium,us_test_ready,True,True,high,set,true,summer,0-25
7109514395745,41498011730017,elegant-mother-daughter-matching-one-piece-swimsuit-with-patterned-mesh-skirt-family-beachwear-set,Elegant Mother Daughter Matching One-Piece Swimsuit... | DLM,Child 2-3 years / Blue,5207175449094-Size:Child 2-3T;Color:Blue;,5207175449094,shopify_US_7109514395745_41498011730017,shopify_US_7109514395745,INFERRED_FROM_SHOPIFY_PRODUCT_ID; exact live MC item_group_id export not present locally,dlm_7109514395745_mother_swimwear,dlm_style_7109514395745_elegant_mother_daughter_matching_one_piece_swimsuit_with_patterned_mesh_skirt_family_beachwear_set,mother,swimwear,Swimwear,swimsuits,NEEDS_MERCHANT_EXPORT,https://cdn.shopify.com/s/files/1/1557/1635/files/pomelli-image_17_eddcfe52-5fd0-458a-8777-53be9d4dc348.png?v=1771602170,https://www.dresslikemommy.com/products/elegant-mother-daughter-matching-one-piece-swimsuit-with-patterned-mesh-skirt-family-beachwear-set,14.99,in_stock,7.50,49.97,margin_medium,100,paid_eligible,margin_medium,swimsuits,aov_medium,us_test_ready,True,True,high,set,true,summer,0-25
7109514395745,41498011795553,elegant-mother-daughter-matching-one-piece-swimsuit-with-patterned-mesh-skirt-family-beachwear-set,Elegant Mother Daughter Matching One-Piece Swimsuit... | DLM,Child 4-5 years / Blue,5207175449096-Size:Child 4-5T;Color:Blue;,5207175449096,shopify_US_7109514395745_41498011795553,shopify_US_7109514395745,INFERRED_FROM_SHOPIFY_PRODUCT_ID; exact live MC item_group_id export not present locally,dlm_7109514395745_mother_swimwear,dlm_style_7109514395745_elegant_mother_daughter_matching_one_piece_swimsuit_with_patterned_mesh_skirt_family_beachwear_set,mother,swimwear,Swimwear,swimsuits,NEEDS_MERCHANT_EXPORT,https://cdn.shopify.com/s/files/1/1557/1635/files/pomelli-image_17_eddcfe52-5fd0-458a-8777-53be9d4dc348.png?v=1771602170,https://www.dresslikemommy.com/products/elegant-mother-daughter-matching-one-piece-swimsuit-with-patterned-mesh-skirt-family-beachwear-set,14.99,in_stock,7.50,49.97,margin_medium,100,paid_eligible,margin_medium,swimsuits,aov_medium,us_test_ready,True,True,high,set,true,summer,0-25
7108996530273,41496660148321,elegant-tropical-high-waisted-swimsuit-set-for-mother-and-daughter-radiant-red-halter-neck-design,Elegant Tropical High-Waisted Swimsuit Set for Moth... | DLM,Mother S / Red,5349162959978-Size:Mother S;Color:Red;,5349162959978,shopify_US_7108996530273_41496660148321,shopify_US_7108996530273,INFERRED_FROM_SHOPIFY_PRODUCT_ID; exact live MC item_group_id export not present locally,dlm_7108996530273_mother_swimwear,dlm_style_7108996530273_elegant_tropical_high_waisted_swimsuit_set_for_mother_and_daughter_radiant_red_halter_neck_design,mother,swimwear,Swimwear,swimsuits,NEEDS_MERCHANT_EXPORT,https://cdn.shopify.com/s/files/1/1557/1635/files/pomelli-image_9_05863051-6d79-4efd-969c-e7f8d09e9403.png?v=1771598954,https://www.dresslikemommy.com/products/elegant-tropical-high-waisted-swimsuit-set-for-mother-and-daughter-radiant-red-halter-neck-design,17.99,in_stock,9.00,49.97,margin_medium,1000,paid_eligible,margin_medium,swimsuits,aov_medium,us_test_ready,True,True,high,set,true,summer,0-25
7108996530273,41496660181089,elegant-tropical-high-waisted-swimsuit-set-for-mother-and-daughter-radiant-red-halter-neck-design,Elegant Tropical High-Waisted Swimsuit Set for Moth... | DLM,Mother M / Red,5349162959979-Size:Mother M;Color:Red;,5349162959979,shopify_US_7108996530273_41496660181089,shopify_US_7108996530273,INFERRED_FROM_SHOPIFY_PRODUCT_ID; exact live MC item_group_id export not present locally,dlm_7108996530273_mother_swimwear,dlm_style_7108996530273_elegant_tropical_high_waisted_swimsuit_set_for_mother_and_daughter_radiant_red_halter_neck_design,mother,swimwear,Swimwear,swimsuits,NEEDS_MERCHANT_EXPORT,https://cdn.shopify.com/s/files/1/1557/1635/files/pomelli-image_9_05863051-6d79-4efd-969c-e7f8d09e9403.png?v=1771598954,https://www.dresslikemommy.com/products/elegant-tropical-high-waisted-swimsuit-set-for-mother-and-daughter-radiant-red-halter-neck-design,17.99,in_stock,9.00,49.97,margin_medium,1000,paid_eligible,margin_medium,swimsuits,aov_medium,us_test_ready,True,True,high,set,true,summer,0-25
7108996530273,41496660213857,elegant-tropical-high-waisted-swimsuit-set-for-mother-and-daughter-radiant-red-halter-neck-design,Elegant Tropical High-Waisted Swimsuit Set for Moth... | DLM,Mother L / Red,5349162959980-Size:Mother L;Color:Red;,5349162959980,shopify_US_7108996530273_41496660213857,shopify_US_7108996530273,INFERRED_FROM_SHOPIFY_PRODUCT_ID; exact live MC item_group_id export not present locally,dlm_7108996530273_mother_swimwear,dlm_style_7108996530273_elegant_tropical_high_waisted_swimsuit_set_for_mother_and_daughter_radiant_red_halter_neck_design,mother,swimwear,Swimwear,swimsuits,NEEDS_MERCHANT_EXPORT,https://cdn.shopify.com/s/files/1/1557/1635/files/pomelli-image_9_05863051-6d79-4efd-969c-e7f8d09e9403.png?v=1771598954,https://www.dresslikemommy.com/products/elegant-tropical-high-waisted-swimsuit-set-for-mother-and-daughter-radiant-red-halter-neck-design,17.99,in_stock,9.00,49.97,margin_medium,998,paid_eligible,margin_medium,swimsuits,aov_medium,us_test_ready,True,True,high,set,true,summer,0-25
7108996530273,41496660279393,elegant-tropical-high-waisted-swimsuit-set-for-mother-and-daughter-radiant-red-halter-neck-design,Elegant Tropical High-Waisted Swimsuit Set for Moth... | DLM,Child 2-3 years / Red,5349162959982-Size:Child 2-3T;Color:Red;,5349162959982,shopify_US_7108996530273_41496660279393,shopify_US_7108996530273,INFERRED_FROM_SHOPIFY_PRODUCT_ID; exact live MC item_group_id export not present locally,dlm_7108996530273_child_swimwear,dlm_style_7108996530273_elegant_tropical_high_waisted_swimsuit_set_for_mother_and_daughter_radiant_red_halter_neck_design,child,swimwear,Swimwear,swimsuits,NEEDS_MERCHANT_EXPORT,https://cdn.shopify.com/s/files/1/1557/1635/files/pomelli-image_9_05863051-6d79-4efd-969c-e7f8d09e9403.png?v=1771598954,https://www.dresslikemommy.com/products/elegant-tropical-high-waisted-swimsuit-set-for-mother-and-daughter-radiant-red-halter-neck-design,15.99,in_stock,8.00,49.97,margin_medium,1000,paid_eligible,margin_medium,swimsuits,aov_medium,us_test_ready,True,True,high,set,true,summer,0-25
7108996530273,41496660377697,elegant-tropical-high-waisted-swimsuit-set-for-mother-and-daughter-radiant-red-halter-neck-design,Elegant Tropical High-Waisted Swimsuit Set for Moth... | DLM,Child 6-8 years / Red,5349162959985-Size:Child 6-8T;Color:Red;,5349162959985,shopify_US_7108996530273_41496660377697,shopify_US_7108996530273,INFERRED_FROM_SHOPIFY_PRODUCT_ID; exact live MC item_group_id export not present locally,dlm_7108996530273_child_swimwear,dlm_style_7108996530273_elegant_tropical_high_waisted_swimsuit_set_for_mother_and_daughter_radiant_red_halter_neck_design,child,swimwear,Swimwear,swimsuits,NEEDS_MERCHANT_EXPORT,https://cdn.shopify.com/s/files/1/1557/1635/files/pomelli-image_9_05863051-6d79-4efd-969c-e7f8d09e9403.png?v=1771598954,https://www.dresslikemommy.com/products/elegant-tropical-high-waisted-swimsuit-set-for-mother-and-daughter-radiant-red-halter-neck-design,15.99,in_stock,8.00,49.97,margin_medium,1000,paid_eligible,margin_medium,swimsuits,aov_medium,us_test_ready,True,True,high,set,true,summer,0-25
7108996530273,41496660443233,elegant-tropical-high-waisted-swimsuit-set-for-mother-and-daughter-radiant-red-halter-neck-design,Elegant Tropical High-Waisted Swimsuit Set for Moth... | DLM,Child 10-12 years / Red,5349162959987-Size:Child 10-12T;Color:Red;,5349162959987,shopify_US_7108996530273_41496660443233,shopify_US_7108996530273,INFERRED_FROM_SHOPIFY_PRODUCT_ID; exact live MC item_group_id export not present locally,dlm_7108996530273_child_swimwear,dlm_style_7108996530273_elegant_tropical_high_waisted_swimsuit_set_for_mother_and_daughter_radiant_red_halter_neck_design,child,swimwear,Swimwear,swimsuits,NEEDS_MERCHANT_EXPORT,https://cdn.shopify.com/s/files/1/1557/1635/files/pomelli-image_9_05863051-6d79-4efd-969c-e7f8d09e9403.png?v=1771598954,https://www.dresslikemommy.com/products/elegant-tropical-high-waisted-swimsuit-set-for-mother-and-daughter-radiant-red-halter-neck-design,15.99,in_stock,8.00,49.97,margin_medium,1000,paid_eligible,margin_medium,swimsuits,aov_medium,us_test_ready,True,True,high,set,true,summer,0-25
7108948820065,41496491524193,enchanting-mermaid-scales-two-piece-swimsuit-set-for-mother-and-daughter-rainbow-hues-with-flirty-skirt-detail,Enchanting Mermaid Scales Two-Piece Swimsuit Set fo... | DLM,Mother S / Mermaid,5347670259097-Size:Mother S;Color:Mermaid;,5347670259097,shopify_US_7108948820065_41496491524193,shopify_US_7108948820065,INFERRED_FROM_SHOPIFY_PRODUCT_ID; exact live MC item_group_id export not present locally,dlm_7108948820065_mother_swimwear,dlm_style_7108948820065_enchanting_mermaid_scales_two_piece_swimsuit_set_for_mother_and_daughter_rainbow_hues_with_flirty_skirt_detail,mother,swimwear,Swimwear,swimsuits,NEEDS_MERCHANT_EXPORT,https://cdn.shopify.com/s/files/1/1557/1635/files/pomelli-image_6_8affd2e1-6a5b-4ef2-84f5-2d80c5f1f078.png?v=1771601153,https://www.dresslikemommy.com/products/enchanting-mermaid-scales-two-piece-swimsuit-set-for-mother-and-daughter-rainbow-hues-with-flirty-skirt-detail,19.99,in_stock,10.00,49.97,margin_medium,10000,paid_eligible,margin_medium,swimsuits,aov_medium,us_test_ready,True,True,high,set,true,summer,0-25
7108948820065,41496491556961,enchanting-mermaid-scales-two-piece-swimsuit-set-for-mother-and-daughter-rainbow-hues-with-flirty-skirt-detail,Enchanting Mermaid Scales Two-Piece Swimsuit Set fo... | DLM,Mother M / Mermaid,5347670259098-Size:Mother M;Color:Mermaid;,5347670259098,shopify_US_7108948820065_41496491556961,shopify_US_7108948820065,INFERRED_FROM_SHOPIFY_PRODUCT_ID; exact live MC item_group_id export not present locally,dlm_7108948820065_mother_swimwear,dlm_style_7108948820065_enchanting_mermaid_scales_two_piece_swimsuit_set_for_mother_and_daughter_rainbow_hues_with_flirty_skirt_detail,mother,swimwear,Swimwear,swimsuits,NEEDS_MERCHANT_EXPORT,https://cdn.shopify.com/s/files/1/1557/1635/files/pomelli-image_6_8affd2e1-6a5b-4ef2-84f5-2d80c5f1f078.png?v=1771601153,https://www.dresslikemommy.com/products/enchanting-mermaid-scales-two-piece-swimsuit-set-for-mother-and-daughter-rainbow-hues-with-flirty-skirt-detail,19.99,in_stock,10.00,49.97,margin_medium,10000,paid_eligible,margin_medium,swimsuits,aov_medium,us_test_ready,True,True,high,set,true,summer,0-25
7108948820065,41496491589729,enchanting-mermaid-scales-two-piece-swimsuit-set-for-mother-and-daughter-rainbow-hues-with-flirty-skirt-detail,Enchanting Mermaid Scales Two-Piece Swimsuit Set fo... | DLM,Mother L / Mermaid,5347670259099-Size:Mother L;Color:Mermaid;,5347670259099,shopify_US_7108948820065_41496491589729,shopify_US_7108948820065,INFERRED_FROM_SHOPIFY_PRODUCT_ID; exact live MC item_group_id export not present locally,dlm_7108948820065_mother_swimwear,dlm_style_7108948820065_enchanting_mermaid_scales_two_piece_swimsuit_set_for_mother_and_daughter_rainbow_hues_with_flirty_skirt_detail,mother,swimwear,Swimwear,swimsuits,NEEDS_MERCHANT_EXPORT,https://cdn.shopify.com/s/files/1/1557/1635/files/pomelli-image_6_8affd2e1-6a5b-4ef2-84f5-2d80c5f1f078.png?v=1771601153,https://www.dresslikemommy.com/products/enchanting-mermaid-scales-two-piece-swimsuit-set-for-mother-and-daughter-rainbow-hues-with-flirty-skirt-detail,19.99,in_stock,10.00,49.97,margin_medium,9997,paid_eligible,margin_medium,swimsuits,aov_medium,us_test_ready,True,True,high,set,true,summer,0-25
7108948820065,41496491622497,enchanting-mermaid-scales-two-piece-swimsuit-set-for-mother-and-daughter-rainbow-hues-with-flirty-skirt-detail,Enchanting Mermaid Scales Two-Piece Swimsuit Set fo... | DLM,Mother XL / Mermaid,5347670259100-Size:Mother XL;Color:Mermaid;,5347670259100,shopify_US_7108948820065_41496491622497,shopify_US_7108948820065,INFERRED_FROM_SHOPIFY_PRODUCT_ID; exact live MC item_group_id export not present locally,dlm_7108948820065_mother_swimwear,dlm_style_7108948820065_enchanting_mermaid_scales_two_piece_swimsuit_set_for_mother_and_daughter_rainbow_hues_with_flirty_skirt_detail,mother,swimwear,Swimwear,swimsuits,NEEDS_MERCHANT_EXPORT,https://cdn.shopify.com/s/files/1/1557/1635/files/pomelli-image_6_8affd2e1-6a5b-4ef2-84f5-2d80c5f1f078.png?v=1771601153,https://www.dresslikemommy.com/products/enchanting-mermaid-scales-two-piece-swimsuit-set-for-mother-and-daughter-rainbow-hues-with-flirty-skirt-detail,19.99,in_stock,10.00,49.97,margin_medium,9995,paid_eligible,margin_medium,swimsuits,aov_medium,us_test_ready,True,True,high,set,true,summer,0-25
7108948820065,41496491655265,enchanting-mermaid-scales-two-piece-swimsuit-set-for-mother-and-daughter-rainbow-hues-with-flirty-skirt-detail,Enchanting Mermaid Scales Two-Piece Swimsuit Set fo... | DLM,Child 2-3 years / Mermaid,5347670259101-Size:Child 2-3T;Color:Mermaid;,5347670259101,shopify_US_7108948820065_41496491655265,shopify_US_7108948820065,INFERRED_FROM_SHOPIFY_PRODUCT_ID; exact live MC item_group_id export not present locally,dlm_7108948820065_child_swimwear,dlm_style_7108948820065_enchanting_mermaid_scales_two_piece_swimsuit_set_for_mother_and_daughter_rainbow_hues_with_flirty_skirt_detail,child,swimwear,Swimwear,swimsuits,NEEDS_MERCHANT_EXPORT,https://cdn.shopify.com/s/files/1/1557/1635/files/pomelli-image_6_8affd2e1-6a5b-4ef2-84f5-2d80c5f1f078.png?v=1771601153,https://www.dresslikemommy.com/products/enchanting-mermaid-scales-two-piece-swimsuit-set-for-mother-and-daughter-rainbow-hues-with-flirty-skirt-detail,16.99,in_stock,8.50,49.97,margin_medium,10000,paid_eligible,margin_medium,swimsuits,aov_medium,us_test_ready,True,True,high,set,true,summer,0-25
7108948820065,41496491753569,enchanting-mermaid-scales-two-piece-swimsuit-set-for-mother-and-daughter-rainbow-hues-with-flirty-skirt-detail,Enchanting Mermaid Scales Two-Piece Swimsuit Set fo... | DLM,Child 6-8 years / Mermaid,5347670259104-Size:Child 6-8T;Color:Mermaid;,5347670259104,shopify_US_7108948820065_41496491753569,shopify_US_7108948820065,INFERRED_FROM_SHOPIFY_PRODUCT_ID; exact live MC item_group_id export not present locally,dlm_7108948820065_child_swimwear,dlm_style_7108948820065_enchanting_mermaid_scales_two_piece_swimsuit_set_for_mother_and_daughter_rainbow_hues_with_flirty_skirt_detail,child,swimwear,Swimwear,swimsuits,NEEDS_MERCHANT_EXPORT,https://cdn.shopify.com/s/files/1/1557/1635/files/pomelli-image_6_8affd2e1-6a5b-4ef2-84f5-2d80c5f1f078.png?v=1771601153,https://www.dresslikemommy.com/products/enchanting-mermaid-scales-two-piece-swimsuit-set-for-mother-and-daughter-rainbow-hues-with-flirty-skirt-detail,16.99,in_stock,8.50,49.97,margin_medium,10000,paid_eligible,margin_medium,swimsuits,aov_medium,us_test_ready,True,True,high,set,true,summer,0-25
7108948820065,41496491786337,enchanting-mermaid-scales-two-piece-swimsuit-set-for-mother-and-daughter-rainbow-hues-with-flirty-skirt-detail,Enchanting Mermaid Scales Two-Piece Swimsuit Set fo... | DLM,Child 8-10 years / Mermaid,5347670259105-Size:Child 8-10T;Color:Mermaid;,5347670259105,shopify_US_7108948820065_41496491786337,shopify_US_7108948820065,INFERRED_FROM_SHOPIFY_PRODUCT_ID; exact live MC item_group_id export not present locally,dlm_7108948820065_child_swimwear,dlm_style_7108948820065_enchanting_mermaid_scales_two_piece_swimsuit_set_for_mother_and_daughter_rainbow_hues_with_flirty_skirt_detail,child,swimwear,Swimwear,swimsuits,NEEDS_MERCHANT_EXPORT,https://cdn.shopify.com/s/files/1/1557/1635/files/pomelli-image_6_8affd2e1-6a5b-4ef2-84f5-2d80c5f1f078.png?v=1771601153,https://www.dresslikemommy.com/products/enchanting-mermaid-scales-two-piece-swimsuit-set-for-mother-and-daughter-rainbow-hues-with-flirty-skirt-detail,16.99,in_stock,8.50,49.97,margin_medium,10000,paid_eligible,margin_medium,swimsuits,aov_medium,us_test_ready,True,True,high,set,true,summer,0-25
7227355988065,41871477899361,matching-mommy-me-floral-strappy-back-maxi-dresses-summer-beach-outfit,Matching Mommy & Me Floral Strappy Back Maxi Dresse... | DLM,Mother S / Black,4883712591113-01,4883712591113,shopify_US_7227355988065_41871477899361,shopify_US_7227355988065,INFERRED_FROM_SHOPIFY_PRODUCT_ID; exact live MC item_group_id export not present locally,dlm_7227355988065_mother_dress,dlm_style_7227355988065_matching_mommy_me_floral_strappy_back_maxi_dresses_summer_beach_outfit,mother,dress,Sets,swimsuits,NEEDS_MERCHANT_EXPORT,https://cdn.shopify.com/s/files/1/1557/1635/files/pomelli-image_14_b62cb8f3-b0e3-48e5-8aa6-a2fb283f99ba.png?v=1771563608,https://www.dresslikemommy.com/products/matching-mommy-me-floral-strappy-back-maxi-dresses-summer-beach-outfit,29.99,in_stock,15.00,49.98,margin_medium,434,paid_eligible,margin_medium,swimsuits,aov_medium,us_test_ready,True,True,high,set,true,summer,0-25
7227355988065,41871477932129,matching-mommy-me-floral-strappy-back-maxi-dresses-summer-beach-outfit,Matching Mommy & Me Floral Strappy Back Maxi Dresse... | DLM,Mother M / Black,4883712591114-01,4883712591114,shopify_US_7227355988065_41871477932129,shopify_US_7227355988065,INFERRED_FROM_SHOPIFY_PRODUCT_ID; exact live MC item_group_id export not present locally,dlm_7227355988065_mother_dress,dlm_style_7227355988065_matching_mommy_me_floral_strappy_back_maxi_dresses_summer_beach_outfit,mother,dress,Sets,swimsuits,NEEDS_MERCHANT_EXPORT,https://cdn.shopify.com/s/files/1/1557/1635/files/pomelli-image_14_b62cb8f3-b0e3-48e5-8aa6-a2fb283f99ba.png?v=1771563608,https://www.dresslikemommy.com/products/matching-mommy-me-floral-strappy-back-maxi-dresses-summer-beach-outfit,29.99,in_stock,15.00,49.98,margin_medium,425,paid_eligible,margin_medium,swimsuits,aov_medium,us_test_ready,True,True,high,set,true,summer,0-25
7227355988065,41871478030433,matching-mommy-me-floral-strappy-back-maxi-dresses-summer-beach-outfit,Matching Mommy & Me Floral Strappy Back Maxi Dresse... | DLM,Child 3-4 Years / Black,4883712591117-01,4883712591117,shopify_US_7227355988065_41871478030433,shopify_US_7227355988065,INFERRED_FROM_SHOPIFY_PRODUCT_ID; exact live MC item_group_id export not present locally,dlm_7227355988065_mother_dress,dlm_style_7227355988065_matching_mommy_me_floral_strappy_back_maxi_dresses_summer_beach_outfit,mother,dress,Sets,swimsuits,NEEDS_MERCHANT_EXPORT,https://cdn.shopify.com/s/files/1/1557/1635/files/pomelli-image_14_b62cb8f3-b0e3-48e5-8aa6-a2fb283f99ba.png?v=1771563608,https://www.dresslikemommy.com/products/matching-mommy-me-floral-strappy-back-maxi-dresses-summer-beach-outfit,22.99,in_stock,11.50,49.98,margin_medium,634,paid_eligible,margin_medium,swimsuits,aov_medium,us_test_ready,True,True,high,set,true,summer,0-25
7227355988065,41871478128737,matching-mommy-me-floral-strappy-back-maxi-dresses-summer-beach-outfit,Matching Mommy & Me Floral Strappy Back Maxi Dresse... | DLM,Child 6-7 Years / Black,4883712591120-01,4883712591120,shopify_US_7227355988065_41871478128737,shopify_US_7227355988065,INFERRED_FROM_SHOPIFY_PRODUCT_ID; exact live MC item_group_id export not present locally,dlm_7227355988065_mother_dress,dlm_style_7227355988065_matching_mommy_me_floral_strappy_back_maxi_dresses_summer_beach_outfit,mother,dress,Sets,swimsuits,NEEDS_MERCHANT_EXPORT,https://cdn.shopify.com/s/files/1/1557/1635/files/pomelli-image_14_b62cb8f3-b0e3-48e5-8aa6-a2fb283f99ba.png?v=1771563608,https://www.dresslikemommy.com/products/matching-mommy-me-floral-strappy-back-maxi-dresses-summer-beach-outfit,22.99,in_stock,11.50,49.98,margin_medium,470,paid_eligible,margin_medium,swimsuits,aov_medium,us_test_ready,True,True,high,set,true,summer,0-25
7227438530657,41871777464417,matching-mother-and-daughter-beach-dresses-elegant-cream-chiffon-maxi-dress-set,Matching Mother and Daughter Beach Dresses Elegant ... | DLM,Child 3-4 Years / White,4987553113366-01,4987553113366,shopify_US_7227438530657_41871777464417,shopify_US_7227438530657,INFERRED_FROM_SHOPIFY_PRODUCT_ID; exact live MC item_group_id export not present locally,dlm_7227438530657_mother_dress,dlm_style_7227438530657_matching_mother_and_daughter_beach_dresses_elegant_cream_chiffon_maxi_dress_set,mother,dress,Dresses,swimsuits,NEEDS_MERCHANT_EXPORT,https://cdn.shopify.com/s/files/1/1557/1635/files/pomelli-image_14.png?v=1771562802,https://www.dresslikemommy.com/products/matching-mother-and-daughter-beach-dresses-elegant-cream-chiffon-maxi-dress-set,27.99,in_stock,14.00,49.98,margin_medium,2763,paid_eligible,margin_medium,swimsuits,aov_medium,us_test_ready,True,True,high,set,true,summer,25-50
7227438530657,41871777497185,matching-mother-and-daughter-beach-dresses-elegant-cream-chiffon-maxi-dress-set,Matching Mother and Daughter Beach Dresses Elegant ... | DLM,Child 4-5 Years / White,4987553113361-01,4987553113361,shopify_US_7227438530657_41871777497185,shopify_US_7227438530657,INFERRED_FROM_SHOPIFY_PRODUCT_ID; exact live MC item_group_id export not present locally,dlm_7227438530657_mother_dress,dlm_style_7227438530657_matching_mother_and_daughter_beach_dresses_elegant_cream_chiffon_maxi_dress_set,mother,dress,Dresses,swimsuits,NEEDS_MERCHANT_EXPORT,https://cdn.shopify.com/s/files/1/1557/1635/files/pomelli-image_14.png?v=1771562802,https://www.dresslikemommy.com/products/matching-mother-and-daughter-beach-dresses-elegant-cream-chiffon-maxi-dress-set,27.99,in_stock,14.00,49.98,margin_medium,2625,paid_eligible,margin_medium,swimsuits,aov_medium,us_test_ready,True,True,high,set,true,summer,25-50
7227438530657,41871777562721,matching-mother-and-daughter-beach-dresses-elegant-cream-chiffon-maxi-dress-set,Matching Mother and Daughter Beach Dresses Elegant ... | DLM,Child 6-7 Years / White,4987553113364-01,4987553113364,shopify_US_7227438530657_41871777562721,shopify_US_7227438530657,INFERRED_FROM_SHOPIFY_PRODUCT_ID; exact live MC item_group_id export not present locally,dlm_7227438530657_mother_dress,dlm_style_7227438530657_matching_mother_and_daughter_beach_dresses_elegant_cream_chiffon_maxi_dress_set,mother,dress,Dresses,swimsuits,NEEDS_MERCHANT_EXPORT,https://cdn.shopify.com/s/files/1/1557/1635/files/pomelli-image_14.png?v=1771562802,https://www.dresslikemommy.com/products/matching-mother-and-daughter-beach-dresses-elegant-cream-chiffon-maxi-dress-set,27.99,in_stock,14.00,49.98,margin_medium,2325,paid_eligible,margin_medium,swimsuits,aov_medium,us_test_ready,True,True,high,set,true,summer,25-50
7227438530657,41871777595489,matching-mother-and-daughter-beach-dresses-elegant-cream-chiffon-maxi-dress-set,Matching Mother and Daughter Beach Dresses Elegant ... | DLM,Child 7-8 Years / White,4987553113362-01,4987553113362,shopify_US_7227438530657_41871777595489,shopify_US_7227438530657,INFERRED_FROM_SHOPIFY_PRODUCT_ID; exact live MC item_group_id export not present locally,dlm_7227438530657_mother_dress,dlm_style_7227438530657_matching_mother_and_daughter_beach_dresses_elegant_cream_chiffon_maxi_dress_set,mother,dress,Dresses,swimsuits,NEEDS_MERCHANT_EXPORT,https://cdn.shopify.com/s/files/1/1557/1635/files/pomelli-image_14.png?v=1771562802,https://www.dresslikemommy.com/products/matching-mother-and-daughter-beach-dresses-elegant-cream-chiffon-maxi-dress-set,27.99,in_stock,14.00,49.98,margin_medium,2157,paid_eligible,margin_medium,swimsuits,aov_medium,us_test_ready,True,True,high,set,true,summer,25-50
7227438530657,41871777628257,matching-mother-and-daughter-beach-dresses-elegant-cream-chiffon-maxi-dress-set,Matching Mother and Daughter Beach Dresses Elegant ... | DLM,Mother S / White,4987553113357-01,4987553113357,shopify_US_7227438530657_41871777628257,shopify_US_7227438530657,INFERRED_FROM_SHOPIFY_PRODUCT_ID; exact live MC item_group_id export not present locally,dlm_7227438530657_mother_dress,dlm_style_7227438530657_matching_mother_and_daughter_beach_dresses_elegant_cream_chiffon_maxi_dress_set,mother,dress,Dresses,swimsuits,NEEDS_MERCHANT_EXPORT,https://cdn.shopify.com/s/files/1/1557/1635/files/pomelli-image_14.png?v=1771562802,https://www.dresslikemommy.com/products/matching-mother-and-daughter-beach-dresses-elegant-cream-chiffon-maxi-dress-set,33.99,in_stock,17.00,49.99,margin_medium,2259,paid_eligible,margin_medium,swimsuits,aov_medium,us_test_ready,True,True,high,set,true,summer,25-50
7227438530657,41871777693793,matching-mother-and-daughter-beach-dresses-elegant-cream-chiffon-maxi-dress-set,Matching Mother and Daughter Beach Dresses Elegant ... | DLM,Mother L / White,4987553113359-01,4987553113359,shopify_US_7227438530657_41871777693793,shopify_US_7227438530657,INFERRED_FROM_SHOPIFY_PRODUCT_ID; exact live MC item_group_id export not present locally,dlm_7227438530657_mother_dress,dlm_style_7227438530657_matching_mother_and_daughter_beach_dresses_elegant_cream_chiffon_maxi_dress_set,mother,dress,Dresses,swimsuits,NEEDS_MERCHANT_EXPORT,https://cdn.shopify.com/s/files/1/1557/1635/files/pomelli-image_14.png?v=1771562802,https://www.dresslikemommy.com/products/matching-mother-and-daughter-beach-dresses-elegant-cream-chiffon-maxi-dress-set,33.99,in_stock,17.00,49.99,margin_medium,2520,paid_eligible,margin_medium,swimsuits,aov_medium,us_test_ready,True,True,high,set,true,summer,25-50
7227438530657,41871777726561,matching-mother-and-daughter-beach-dresses-elegant-cream-chiffon-maxi-dress-set,Matching Mother and Daughter Beach Dresses Elegant ... | DLM,Mother XL / White,4987553113360-01,4987553113360,shopify_US_7227438530657_41871777726561,shopify_US_7227438530657,INFERRED_FROM_SHOPIFY_PRODUCT_ID; exact live MC item_group_id export not present locally,dlm_7227438530657_mother_dress,dlm_style_7227438530657_matching_mother_and_daughter_beach_dresses_elegant_cream_chiffon_maxi_dress_set,mother,dress,Dresses,swimsuits,NEEDS_MERCHANT_EXPORT,https://cdn.shopify.com/s/files/1/1557/1635/files/pomelli-image_14.png?v=1771562802,https://www.dresslikemommy.com/products/matching-mother-and-daughter-beach-dresses-elegant-cream-chiffon-maxi-dress-set,33.99,in_stock,17.00,49.99,margin_medium,2721,paid_eligible,margin_medium,swimsuits,aov_medium,us_test_ready,True,True,high,set,true,summer,25-50
7227439546465,41871780872289,matching-family-tropical-floral-beach-outfits-navy-and-orange-flower-print-dresses-shirts-set,Matching Tropical Floral Beach Outfits Navy and Ora... | DLM,Girl 2-3 Years / Orange,5596977079002-01,5596977079002,shopify_US_7227439546465_41871780872289,shopify_US_7227439546465,INFERRED_FROM_SHOPIFY_PRODUCT_ID; exact live MC item_group_id export not present locally,dlm_7227439546465_child_sets,dlm_style_7227439546465_matching_family_tropical_floral_beach_outfits_navy_and_orange_flower_print_dresses_shirts_set,child,sets,Sets,swimsuits,NEEDS_MERCHANT_EXPORT,https://cdn.shopify.com/s/files/1/1557/1635/files/pomelli-image_2_42d3130f-7eca-43f5-92bb-36d54c781a2a.png?v=1771698772,https://www.dresslikemommy.com/products/matching-family-tropical-floral-beach-outfits-navy-and-orange-flower-print-dresses-shirts-set,24.99,in_stock,12.50,49.98,margin_medium,983,paid_eligible,margin_medium,swimsuits,aov_medium,us_test_ready,True,True,high,set,true,summer,0-25
7227439546465,41871780905057,matching-family-tropical-floral-beach-outfits-navy-and-orange-flower-print-dresses-shirts-set,Matching Tropical Floral Beach Outfits Navy and Ora... | DLM,Girl 3-4 Years / Orange,5594517034995-01,5594517034995,shopify_US_7227439546465_41871780905057,shopify_US_7227439546465,INFERRED_FROM_SHOPIFY_PRODUCT_ID; exact live MC item_group_id export not present locally,dlm_7227439546465_child_sets,dlm_style_7227439546465_matching_family_tropical_floral_beach_outfits_navy_and_orange_flower_print_dresses_shirts_set,child,sets,Sets,swimsuits,NEEDS_MERCHANT_EXPORT,https://cdn.shopify.com/s/files/1/1557/1635/files/pomelli-image_2_42d3130f-7eca-43f5-92bb-36d54c781a2a.png?v=1771698772,https://www.dresslikemommy.com/products/matching-family-tropical-floral-beach-outfits-navy-and-orange-flower-print-dresses-shirts-set,24.99,in_stock,12.50,49.98,margin_medium,980,paid_eligible,margin_medium,swimsuits,aov_medium,us_test_ready,True,True,high,set,true,summer,0-25
7227439546465,41871780970593,matching-family-tropical-floral-beach-outfits-navy-and-orange-flower-print-dresses-shirts-set,Matching Tropical Floral Beach Outfits Navy and Ora... | DLM,Girl 5-6 Years / Orange,5594517034969-01,5594517034969,shopify_US_7227439546465_41871780970593,shopify_US_7227439546465,INFERRED_FROM_SHOPIFY_PRODUCT_ID; exact live MC item_group_id export not present locally,dlm_7227439546465_child_sets,dlm_style_7227439546465_matching_family_tropical_floral_beach_outfits_navy_and_orange_flower_print_dresses_shirts_set,child,sets,Sets,swimsuits,NEEDS_MERCHANT_EXPORT,https://cdn.shopify.com/s/files/1/1557/1635/files/pomelli-image_2_42d3130f-7eca-43f5-92bb-36d54c781a2a.png?v=1771698772,https://www.dresslikemommy.com/products/matching-family-tropical-floral-beach-outfits-navy-and-orange-flower-print-dresses-shirts-set,24.99,in_stock,12.50,49.98,margin_medium,942,paid_eligible,margin_medium,swimsuits,aov_medium,us_test_ready,True,True,high,set,true,summer,0-25
7227439546465,41871781036129,matching-family-tropical-floral-beach-outfits-navy-and-orange-flower-print-dresses-shirts-set,Matching Tropical Floral Beach Outfits Navy and Ora... | DLM,Girl 7-8 Years / Orange,5594517034971-01,5594517034971,shopify_US_7227439546465_41871781036129,shopify_US_7227439546465,INFERRED_FROM_SHOPIFY_PRODUCT_ID; exact live MC item_group_id export not present locally,dlm_7227439546465_child_sets,dlm_style_7227439546465_matching_family_tropical_floral_beach_outfits_navy_and_orange_flower_print_dresses_shirts_set,child,sets,Sets,swimsuits,NEEDS_MERCHANT_EXPORT,https://cdn.shopify.com/s/files/1/1557/1635/files/pomelli-image_2_42d3130f-7eca-43f5-92bb-36d54c781a2a.png?v=1771698772,https://www.dresslikemommy.com/products/matching-family-tropical-floral-beach-outfits-navy-and-orange-flower-print-dresses-shirts-set,24.99,in_stock,12.50,49.98,margin_medium,952,paid_eligible,margin_medium,swimsuits,aov_medium,us_test_ready,True,True,high,set,true,summer,0-25
7227439546465,41871781101665,matching-family-tropical-floral-beach-outfits-navy-and-orange-flower-print-dresses-shirts-set,Matching Tropical Floral Beach Outfits Navy and Ora... | DLM,Mother S / Orange,5596977079005-01,5596977079005,shopify_US_7227439546465_41871781101665,shopify_US_7227439546465,INFERRED_FROM_SHOPIFY_PRODUCT_ID; exact live MC item_group_id export not present locally,dlm_7227439546465_mother_sets,dlm_style_7227439546465_matching_family_tropical_floral_beach_outfits_navy_and_orange_flower_print_dresses_shirts_set,mother,sets,Sets,swimsuits,NEEDS_MERCHANT_EXPORT,https://cdn.shopify.com/s/files/1/1557/1635/files/pomelli-image_2_42d3130f-7eca-43f5-92bb-36d54c781a2a.png?v=1771698772,https://www.dresslikemommy.com/products/matching-family-tropical-floral-beach-outfits-navy-and-orange-flower-print-dresses-shirts-set,29.99,in_stock,15.00,49.98,margin_medium,874,paid_eligible,margin_medium,swimsuits,aov_medium,us_test_ready,True,True,high,set,true,summer,0-25
7227439546465,41871781134433,matching-family-tropical-floral-beach-outfits-navy-and-orange-flower-print-dresses-shirts-set,Matching Tropical Floral Beach Outfits Navy and Ora... | DLM,Mother M / Orange,5596977079003-01,5596977079003,shopify_US_7227439546465_41871781134433,shopify_US_7227439546465,INFERRED_FROM_SHOPIFY_PRODUCT_ID; exact live MC item_group_id export not present locally,dlm_7227439546465_mother_sets,dlm_style_7227439546465_matching_family_tropical_floral_beach_outfits_navy_and_orange_flower_print_dresses_shirts_set,mother,sets,Sets,swimsuits,NEEDS_MERCHANT_EXPORT,https://cdn.shopify.com/s/files/1/1557/1635/files/pomelli-image_2_42d3130f-7eca-43f5-92bb-36d54c781a2a.png?v=1771698772,https://www.dresslikemommy.com/products/matching-family-tropical-floral-beach-outfits-navy-and-orange-flower-print-dresses-shirts-set,29.99,in_stock,15.00,49.98,margin_medium,763,paid_eligible,margin_medium,swimsuits,aov_medium,us_test_ready,True,True,high,set,true,summer,0-25
7227439546465,41871781167201,matching-family-tropical-floral-beach-outfits-navy-and-orange-flower-print-dresses-shirts-set,Matching Tropical Floral Beach Outfits Navy and Ora... | DLM,Mother L / Orange,5594517034973-01,5594517034973,shopify_US_7227439546465_41871781167201,shopify_US_7227439546465,INFERRED_FROM_SHOPIFY_PRODUCT_ID; exact live MC item_group_id export not present locally,dlm_7227439546465_mother_sets,dlm_style_7227439546465_matching_family_tropical_floral_beach_outfits_navy_and_orange_flower_print_dresses_shirts_set,mother,sets,Sets,swimsuits,NEEDS_MERCHANT_EXPORT,https://cdn.shopify.com/s/files/1/1557/1635/files/pomelli-image_2_42d3130f-7eca-43f5-92bb-36d54c781a2a.png?v=1771698772,https://www.dresslikemommy.com/products/matching-family-tropical-floral-beach-outfits-navy-and-orange-flower-print-dresses-shirts-set,29.99,in_stock,15.00,49.98,margin_medium,801,paid_eligible,margin_medium,swimsuits,aov_medium,us_test_ready,True,True,high,set,true,summer,0-25
7227439546465,41871781199969,matching-family-tropical-floral-beach-outfits-navy-and-orange-flower-print-dresses-shirts-set,Matching Tropical Floral Beach Outfits Navy and Ora... | DLM,Mother XL / Orange,5596977079004-01,5596977079004,shopify_US_7227439546465_41871781199969,shopify_US_7227439546465,INFERRED_FROM_SHOPIFY_PRODUCT_ID; exact live MC item_group_id export not present locally,dlm_7227439546465_mother_sets,dlm_style_7227439546465_matching_family_tropical_floral_beach_outfits_navy_and_orange_flower_print_dresses_shirts_set,mother,sets,Sets,swimsuits,NEEDS_MERCHANT_EXPORT,https://cdn.shopify.com/s/files/1/1557/1635/files/pomelli-image_2_42d3130f-7eca-43f5-92bb-36d54c781a2a.png?v=1771698772,https://www.dresslikemommy.com/products/matching-family-tropical-floral-beach-outfits-navy-and-orange-flower-print-dresses-shirts-set,29.99,in_stock,15.00,49.98,margin_medium,862,paid_eligible,margin_medium,swimsuits,aov_medium,us_test_ready,True,True,high,set,true,summer,0-25
7227439546465,41871781232737,matching-family-tropical-floral-beach-outfits-navy-and-orange-flower-print-dresses-shirts-set,Matching Tropical Floral Beach Outfits Navy and Ora... | DLM,Mother 2XL / Orange,5594517034988-01,5594517034988,shopify_US_7227439546465_41871781232737,shopify_US_7227439546465,INFERRED_FROM_SHOPIFY_PRODUCT_ID; exact live MC item_group_id export not present locally,dlm_7227439546465_mother_sets,dlm_style_7227439546465_matching_family_tropical_floral_beach_outfits_navy_and_orange_flower_print_dresses_shirts_set,mother,sets,Sets,swimsuits,NEEDS_MERCHANT_EXPORT,https://cdn.shopify.com/s/files/1/1557/1635/files/pomelli-image_2_42d3130f-7eca-43f5-92bb-36d54c781a2a.png?v=1771698772,https://www.dresslikemommy.com/products/matching-family-tropical-floral-beach-outfits-navy-and-orange-flower-print-dresses-shirts-set,29.99,in_stock,15.00,49.98,margin_medium,905,paid_eligible,margin_medium,swimsuits,aov_medium,us_test_ready,True,True,high,set,true,summer,0-25
7227254276193,41871113158753,mommy-and-me-matching-yellow-sleeveless-maxi-dress-vibrant-summer-beach-dress-for-mother-daughter,Matching Yellow Sleeveless Maxi Dress Vibrant Summe... | DLM,Child 2 Years / Yellow,4811534974276-01,4811534974276,shopify_US_7227254276193_41871113158753,shopify_US_7227254276193,INFERRED_FROM_SHOPIFY_PRODUCT_ID; exact live MC item_group_id export not present locally,dlm_7227254276193_child_dress,dlm_style_7227254276193_mommy_and_me_matching_yellow_sleeveless_maxi_dress_vibrant_summer_beach_dress_for_mother_daughter,child,dress,Dresses,swimsuits,NEEDS_MERCHANT_EXPORT,https://cdn.shopify.com/s/files/1/1557/1635/files/pomelli-image_10_95e50861-bea4-4f25-a3f5-b853e5df54e7.png?v=1771834069,https://www.dresslikemommy.com/products/mommy-and-me-matching-yellow-sleeveless-maxi-dress-vibrant-summer-beach-dress-for-mother-daughter,21.99,in_stock,11.00,49.98,margin_medium,202,paid_eligible,margin_medium,swimsuits,aov_medium,us_test_ready,True,True,high,set,true,summer,0-25
7227254276193,41871113224289,mommy-and-me-matching-yellow-sleeveless-maxi-dress-vibrant-summer-beach-dress-for-mother-daughter,Matching Yellow Sleeveless Maxi Dress Vibrant Summe... | DLM,Child 5-6 Years / Yellow,4811534974273-01,4811534974273,shopify_US_7227254276193_41871113224289,shopify_US_7227254276193,INFERRED_FROM_SHOPIFY_PRODUCT_ID; exact live MC item_group_id export not present locally,dlm_7227254276193_child_dress,dlm_style_7227254276193_mommy_and_me_matching_yellow_sleeveless_maxi_dress_vibrant_summer_beach_dress_for_mother_daughter,child,dress,Dresses,swimsuits,NEEDS_MERCHANT_EXPORT,https://cdn.shopify.com/s/files/1/1557/1635/files/pomelli-image_10_95e50861-bea4-4f25-a3f5-b853e5df54e7.png?v=1771834069,https://www.dresslikemommy.com/products/mommy-and-me-matching-yellow-sleeveless-maxi-dress-vibrant-summer-beach-dress-for-mother-daughter,21.99,in_stock,11.00,49.98,margin_medium,174,paid_eligible,margin_medium,swimsuits,aov_medium,us_test_ready,True,True,high,set,true,summer,0-25
7227254276193,41871113289825,mommy-and-me-matching-yellow-sleeveless-maxi-dress-vibrant-summer-beach-dress-for-mother-daughter,Matching Yellow Sleeveless Maxi Dress Vibrant Summe... | DLM,Child 9-10 Years / Yellow,4811534974275-01,4811534974275,shopify_US_7227254276193_41871113289825,shopify_US_7227254276193,INFERRED_FROM_SHOPIFY_PRODUCT_ID; exact live MC item_group_id export not present locally,dlm_7227254276193_child_dress,dlm_style_7227254276193_mommy_and_me_matching_yellow_sleeveless_maxi_dress_vibrant_summer_beach_dress_for_mother_daughter,child,dress,Dresses,swimsuits,NEEDS_MERCHANT_EXPORT,https://cdn.shopify.com/s/files/1/1557/1635/files/pomelli-image_10_95e50861-bea4-4f25-a3f5-b853e5df54e7.png?v=1771834069,https://www.dresslikemommy.com/products/mommy-and-me-matching-yellow-sleeveless-maxi-dress-vibrant-summer-beach-dress-for-mother-daughter,21.99,in_stock,11.00,49.98,margin_medium,119,paid_eligible,margin_medium,swimsuits,aov_medium,us_test_ready,True,True,high,set,true,summer,0-25
7227254276193,41871113355361,mommy-and-me-matching-yellow-sleeveless-maxi-dress-vibrant-summer-beach-dress-for-mother-daughter,Matching Yellow Sleeveless Maxi Dress Vibrant Summe... | DLM,Mother M / Yellow,4811534974271-01,4811534974271,shopify_US_7227254276193_41871113355361,shopify_US_7227254276193,INFERRED_FROM_SHOPIFY_PRODUCT_ID; exact live MC item_group_id export not present locally,dlm_7227254276193_mother_dress,dlm_style_7227254276193_mommy_and_me_matching_yellow_sleeveless_maxi_dress_vibrant_summer_beach_dress_for_mother_daughter,mother,dress,Dresses,swimsuits,NEEDS_MERCHANT_EXPORT,https://cdn.shopify.com/s/files/1/1557/1635/files/pomelli-image_10_95e50861-bea4-4f25-a3f5-b853e5df54e7.png?v=1771834069,https://www.dresslikemommy.com/products/mommy-and-me-matching-yellow-sleeveless-maxi-dress-vibrant-summer-beach-dress-for-mother-daughter,26.99,in_stock,13.50,49.98,margin_medium,683,paid_eligible,margin_medium,swimsuits,aov_medium,us_test_ready,True,True,high,set,true,summer,0-25
7109123670113,41497082527841,modern-cow-print-tankini-swimsuit-set-for-mother-and-daughter-stylish-high-waisted-swimwear-with-ruffle-detail,Modern Cow Print Tankini Swimsuit Set for Mother an... | DLM,Adult S / Black,5234963498291-Size:Adult S;Color:Black;,5234963498291,shopify_US_7109123670113_41497082527841,shopify_US_7109123670113,INFERRED_FROM_SHOPIFY_PRODUCT_ID; exact live MC item_group_id export not present locally,dlm_7109123670113_mother_swimwear,dlm_style_7109123670113_modern_cow_print_tankini_swimsuit_set_for_mother_and_daughter_stylish_high_waisted_swimwear_with_ruffle_detail,mother,swimwear,Swimwear,swimsuits,NEEDS_MERCHANT_EXPORT,https://cdn.shopify.com/s/files/1/1557/1635/files/pomelli-image_23_c2009d8a-350c-4bc0-acc7-169737ae411d.png?v=1771599215,https://www.dresslikemommy.com/products/modern-cow-print-tankini-swimsuit-set-for-mother-and-daughter-stylish-high-waisted-swimwear-with-ruffle-detail,16.99,in_stock,8.50,49.97,margin_medium,9937,paid_eligible,margin_medium,swimsuits,aov_medium,us_test_ready,True,True,high,set,true,summer,0-25
7109123670113,41497082560609,modern-cow-print-tankini-swimsuit-set-for-mother-and-daughter-stylish-high-waisted-swimwear-with-ruffle-detail,Modern Cow Print Tankini Swimsuit Set for Mother an... | DLM,Adult M / Black,5234963498295-Size:Adult M;Color:Black;,5234963498295,shopify_US_7109123670113_41497082560609,shopify_US_7109123670113,INFERRED_FROM_SHOPIFY_PRODUCT_ID; exact live MC item_group_id export not present locally,dlm_7109123670113_mother_swimwear,dlm_style_7109123670113_modern_cow_print_tankini_swimsuit_set_for_mother_and_daughter_stylish_high_waisted_swimwear_with_ruffle_detail,mother,swimwear,Swimwear,swimsuits,NEEDS_MERCHANT_EXPORT,https://cdn.shopify.com/s/files/1/1557/1635/files/pomelli-image_23_c2009d8a-350c-4bc0-acc7-169737ae411d.png?v=1771599215,https://www.dresslikemommy.com/products/modern-cow-print-tankini-swimsuit-set-for-mother-and-daughter-stylish-high-waisted-swimwear-with-ruffle-detail,16.99,in_stock,8.50,49.97,margin_medium,9783,paid_eligible,margin_medium,swimsuits,aov_medium,us_test_ready,True,True,high,set,true,summer,0-25
7109123670113,41497082593377,modern-cow-print-tankini-swimsuit-set-for-mother-and-daughter-stylish-high-waisted-swimwear-with-ruffle-detail,Modern Cow Print Tankini Swimsuit Set for Mother an... | DLM,Adult L / Black,5234963498293-Size:Adult L;Color:Black;,5234963498293,shopify_US_7109123670113_41497082593377,shopify_US_7109123670113,INFERRED_FROM_SHOPIFY_PRODUCT_ID; exact live MC item_group_id export not present locally,dlm_7109123670113_mother_swimwear,dlm_style_7109123670113_modern_cow_print_tankini_swimsuit_set_for_mother_and_daughter_stylish_high_waisted_swimwear_with_ruffle_detail,mother,swimwear,Swimwear,swimsuits,NEEDS_MERCHANT_EXPORT,https://cdn.shopify.com/s/files/1/1557/1635/files/pomelli-image_23_c2009d8a-350c-4bc0-acc7-169737ae411d.png?v=1771599215,https://www.dresslikemommy.com/products/modern-cow-print-tankini-swimsuit-set-for-mother-and-daughter-stylish-high-waisted-swimwear-with-ruffle-detail,16.99,in_stock,8.50,49.97,margin_medium,9789,paid_eligible,margin_medium,swimsuits,aov_medium,us_test_ready,True,True,high,set,true,summer,0-25
7109123670113,41497082626145,modern-cow-print-tankini-swimsuit-set-for-mother-and-daughter-stylish-high-waisted-swimwear-with-ruffle-detail,Modern Cow Print Tankini Swimsuit Set for Mother an... | DLM,Adult XL / Black,5234963498296-Size:Adult XL;Color:Black;,5234963498296,shopify_US_7109123670113_41497082626145,shopify_US_7109123670113,INFERRED_FROM_SHOPIFY_PRODUCT_ID; exact live MC item_group_id export not present locally,dlm_7109123670113_mother_swimwear,dlm_style_7109123670113_modern_cow_print_tankini_swimsuit_set_for_mother_and_daughter_stylish_high_waisted_swimwear_with_ruffle_detail,mother,swimwear,Swimwear,swimsuits,NEEDS_MERCHANT_EXPORT,https://cdn.shopify.com/s/files/1/1557/1635/files/pomelli-image_23_c2009d8a-350c-4bc0-acc7-169737ae411d.png?v=1771599215,https://www.dresslikemommy.com/products/modern-cow-print-tankini-swimsuit-set-for-mother-and-daughter-stylish-high-waisted-swimwear-with-ruffle-detail,16.99,in_stock,8.50,49.97,margin_medium,9968,paid_eligible,margin_medium,swimsuits,aov_medium,us_test_ready,True,True,high,set,true,summer,0-25
7109123670113,41497082658913,modern-cow-print-tankini-swimsuit-set-for-mother-and-daughter-stylish-high-waisted-swimwear-with-ruffle-detail,Modern Cow Print Tankini Swimsuit Set for Mother an... | DLM,Child 2-3 years / Black,5234963498292-Size:Child 2-3T;Color:Black;,5234963498292,shopify_US_7109123670113_41497082658913,shopify_US_7109123670113,INFERRED_FROM_SHOPIFY_PRODUCT_ID; exact live MC item_group_id export not present locally,dlm_7109123670113_mother_swimwear,dlm_style_7109123670113_modern_cow_print_tankini_swimsuit_set_for_mother_and_daughter_stylish_high_waisted_swimwear_with_ruffle_detail,mother,swimwear,Swimwear,swimsuits,NEEDS_MERCHANT_EXPORT,https://cdn.shopify.com/s/files/1/1557/1635/files/pomelli-image_23_c2009d8a-350c-4bc0-acc7-169737ae411d.png?v=1771599215,https://www.dresslikemommy.com/products/modern-cow-print-tankini-swimsuit-set-for-mother-and-daughter-stylish-high-waisted-swimwear-with-ruffle-detail,14.99,in_stock,7.50,49.97,margin_medium,9752,paid_eligible,margin_medium,swimsuits,aov_medium,us_test_ready,True,True,high,set,true,summer,0-25
7109123670113,41497082757217,modern-cow-print-tankini-swimsuit-set-for-mother-and-daughter-stylish-high-waisted-swimwear-with-ruffle-detail,Modern Cow Print Tankini Swimsuit Set for Mother an... | DLM,Child 6-8 years / Black,5234963498287-Size:Child 6-8T;Color:Black;,5234963498287,shopify_US_7109123670113_41497082757217,shopify_US_7109123670113,INFERRED_FROM_SHOPIFY_PRODUCT_ID; exact live MC item_group_id export not present locally,dlm_7109123670113_mother_swimwear,dlm_style_7109123670113_modern_cow_print_tankini_swimsuit_set_for_mother_and_daughter_stylish_high_waisted_swimwear_with_ruffle_detail,mother,swimwear,Swimwear,swimsuits,NEEDS_MERCHANT_EXPORT,https://cdn.shopify.com/s/files/1/1557/1635/files/pomelli-image_23_c2009d8a-350c-4bc0-acc7-169737ae411d.png?v=1771599215,https://www.dresslikemommy.com/products/modern-cow-print-tankini-swimsuit-set-for-mother-and-daughter-stylish-high-waisted-swimwear-with-ruffle-detail,14.99,in_stock,7.50,49.97,margin_medium,9652,paid_eligible,margin_medium,swimsuits,aov_medium,us_test_ready,True,True,high,set,true,summer,0-25
7109123670113,41497082789985,modern-cow-print-tankini-swimsuit-set-for-mother-and-daughter-stylish-high-waisted-swimwear-with-ruffle-detail,Modern Cow Print Tankini Swimsuit Set for Mother an... | DLM,Child 8-10 years / Black,5234963498288-Size:Child 8-10T;Color:Black;,5234963498288,shopify_US_7109123670113_41497082789985,shopify_US_7109123670113,INFERRED_FROM_SHOPIFY_PRODUCT_ID; exact live MC item_group_id export not present locally,dlm_7109123670113_mother_swimwear,dlm_style_7109123670113_modern_cow_print_tankini_swimsuit_set_for_mother_and_daughter_stylish_high_waisted_swimwear_with_ruffle_detail,mother,swimwear,Swimwear,swimsuits,NEEDS_MERCHANT_EXPORT,https://cdn.shopify.com/s/files/1/1557/1635/files/pomelli-image_23_c2009d8a-350c-4bc0-acc7-169737ae411d.png?v=1771599215,https://www.dresslikemommy.com/products/modern-cow-print-tankini-swimsuit-set-for-mother-and-daughter-stylish-high-waisted-swimwear-with-ruffle-detail,14.99,in_stock,7.50,49.97,margin_medium,9648,paid_eligible,margin_medium,swimsuits,aov_medium,us_test_ready,True,True,high,set,true,summer,0-25
7109123670113,41497082822753,modern-cow-print-tankini-swimsuit-set-for-mother-and-daughter-stylish-high-waisted-swimwear-with-ruffle-detail,Modern Cow Print Tankini Swimsuit Set for Mother an... | DLM,Child 10-12 years / Black,5234963498289-Size:Child 10-12T;Color:Black;,5234963498289,shopify_US_7109123670113_41497082822753,shopify_US_7109123670113,INFERRED_FROM_SHOPIFY_PRODUCT_ID; exact live MC item_group_id export not present locally,dlm_7109123670113_mother_swimwear,dlm_style_7109123670113_modern_cow_print_tankini_swimsuit_set_for_mother_and_daughter_stylish_high_waisted_swimwear_with_ruffle_detail,mother,swimwear,Swimwear,swimsuits,NEEDS_MERCHANT_EXPORT,https://cdn.shopify.com/s/files/1/1557/1635/files/pomelli-image_23_c2009d8a-350c-4bc0-acc7-169737ae411d.png?v=1771599215,https://www.dresslikemommy.com/products/modern-cow-print-tankini-swimsuit-set-for-mother-and-daughter-stylish-high-waisted-swimwear-with-ruffle-detail,14.99,in_stock,7.50,49.97,margin_medium,9707,paid_eligible,margin_medium,swimsuits,aov_medium,us_test_ready,True,True,high,set,true,summer,0-25
7108986404961,41496623775841,modern-monochrome-one-shoulder-swimsuit-with-animal-print-ruffle-elegant-poolside-duo-for-mother-and-child,Modern Monochrome One-Shoulder Swimsuit with Animal... | DLM,Mother XL / Black,5341023726453-Size:Mother XL;Color:Black;,5341023726453,shopify_US_7108986404961_41496623775841,shopify_US_7108986404961,INFERRED_FROM_SHOPIFY_PRODUCT_ID; exact live MC item_group_id export not present locally,dlm_7108986404961_mother_swimwear,dlm_style_7108986404961_modern_monochrome_one_shoulder_swimsuit_with_animal_print_ruffle_elegant_poolside_duo_for_mother_and_child,mother,swimwear,Swimwear,swimsuits,NEEDS_MERCHANT_EXPORT,https://cdn.shopify.com/s/files/1/1557/1635/files/pomelli-image_61.png?v=1771566922,https://www.dresslikemommy.com/products/modern-monochrome-one-shoulder-swimsuit-with-animal-print-ruffle-elegant-poolside-duo-for-mother-and-child,17.99,in_stock,9.00,49.97,margin_medium,1000,paid_eligible,margin_medium,swimsuits,aov_medium,us_test_ready,True,True,high,set,true,summer,0-25
7108986404961,41496623808609,modern-monochrome-one-shoulder-swimsuit-with-animal-print-ruffle-elegant-poolside-duo-for-mother-and-child,Modern Monochrome One-Shoulder Swimsuit with Animal... | DLM,Child 2-3 years / Black,5341023726454-Size:Child 2-3T;Color:Black;,5341023726454,shopify_US_7108986404961_41496623808609,shopify_US_7108986404961,INFERRED_FROM_SHOPIFY_PRODUCT_ID; exact live MC item_group_id export not present locally,dlm_7108986404961_child_swimwear,dlm_style_7108986404961_modern_monochrome_one_shoulder_swimsuit_with_animal_print_ruffle_elegant_poolside_duo_for_mother_and_child,child,swimwear,Swimwear,swimsuits,NEEDS_MERCHANT_EXPORT,https://cdn.shopify.com/s/files/1/1557/1635/files/pomelli-image_61.png?v=1771566922,https://www.dresslikemommy.com/products/modern-monochrome-one-shoulder-swimsuit-with-animal-print-ruffle-elegant-poolside-duo-for-mother-and-child,15.99,in_stock,8.00,49.97,margin_medium,996,paid_eligible,margin_medium,swimsuits,aov_medium,us_test_ready,True,True,high,set,true,summer,0-25
7108986404961,41496623874145,modern-monochrome-one-shoulder-swimsuit-with-animal-print-ruffle-elegant-poolside-duo-for-mother-and-child,Modern Monochrome One-Shoulder Swimsuit with Animal... | DLM,Child 4-5 years / Black,5341023726456-Size:Child 4-5T;Color:Black;,5341023726456,shopify_US_7108986404961_41496623874145,shopify_US_7108986404961,INFERRED_FROM_SHOPIFY_PRODUCT_ID; exact live MC item_group_id export not present locally,dlm_7108986404961_child_swimwear,dlm_style_7108986404961_modern_monochrome_one_shoulder_swimsuit_with_animal_print_ruffle_elegant_poolside_duo_for_mother_and_child,child,swimwear,Swimwear,swimsuits,NEEDS_MERCHANT_EXPORT,https://cdn.shopify.com/s/files/1/1557/1635/files/pomelli-image_61.png?v=1771566922,https://www.dresslikemommy.com/products/modern-monochrome-one-shoulder-swimsuit-with-animal-print-ruffle-elegant-poolside-duo-for-mother-and-child,15.99,in_stock,8.00,49.97,margin_medium,1000,paid_eligible,margin_medium,swimsuits,aov_medium,us_test_ready,True,True,high,set,true,summer,0-25
7108986404961,41496623906913,modern-monochrome-one-shoulder-swimsuit-with-animal-print-ruffle-elegant-poolside-duo-for-mother-and-child,Modern Monochrome One-Shoulder Swimsuit with Animal... | DLM,Child 6-8 years / Black,5341023726457-Size:Child 6-8T;Color:Black;,5341023726457,shopify_US_7108986404961_41496623906913,shopify_US_7108986404961,INFERRED_FROM_SHOPIFY_PRODUCT_ID; exact live MC item_group_id export not present locally,dlm_7108986404961_child_swimwear,dlm_style_7108986404961_modern_monochrome_one_shoulder_swimsuit_with_animal_print_ruffle_elegant_poolside_duo_for_mother_and_child,child,swimwear,Swimwear,swimsuits,NEEDS_MERCHANT_EXPORT,https://cdn.shopify.com/s/files/1/1557/1635/files/pomelli-image_61.png?v=1771566922,https://www.dresslikemommy.com/products/modern-monochrome-one-shoulder-swimsuit-with-animal-print-ruffle-elegant-poolside-duo-for-mother-and-child,15.99,in_stock,8.00,49.97,margin_medium,1000,paid_eligible,margin_medium,swimsuits,aov_medium,us_test_ready,True,True,high,set,true,summer,0-25
7108986404961,41496623972449,modern-monochrome-one-shoulder-swimsuit-with-animal-print-ruffle-elegant-poolside-duo-for-mother-and-child,Modern Monochrome One-Shoulder Swimsuit with Animal... | DLM,Child 10-12 years / Black,5341023726459-Size:Child 10-12T;Color:Black;,5341023726459,shopify_US_7108986404961_41496623972449,shopify_US_7108986404961,INFERRED_FROM_SHOPIFY_PRODUCT_ID; exact live MC item_group_id export not present locally,dlm_7108986404961_child_swimwear,dlm_style_7108986404961_modern_monochrome_one_shoulder_swimsuit_with_animal_print_ruffle_elegant_poolside_duo_for_mother_and_child,child,swimwear,Swimwear,swimsuits,NEEDS_MERCHANT_EXPORT,https://cdn.shopify.com/s/files/1/1557/1635/files/pomelli-image_61.png?v=1771566922,https://www.dresslikemommy.com/products/modern-monochrome-one-shoulder-swimsuit-with-animal-print-ruffle-elegant-poolside-duo-for-mother-and-child,15.99,in_stock,8.00,49.97,margin_medium,1000,paid_eligible,margin_medium,swimsuits,aov_medium,us_test_ready,True,True,high,set,true,summer,0-25
7109443256417,41497808437345,mommy-me-vibrant-duo-tone-one-piece-swimsuit-with-ring-accent-family-matching-swimwear-collection,"Mommy & Me"" Vibrant Duo-Tone One-Piece Swimsuit wit... | DLM",Mother M / Orange,5374244130242-Size:Mother M;Color:Orange;,5374244130242,shopify_US_7109443256417_41497808437345,shopify_US_7109443256417,INFERRED_FROM_SHOPIFY_PRODUCT_ID; exact live MC item_group_id export not present locally,dlm_7109443256417_mother_swimwear,dlm_style_7109443256417_mommy_me_vibrant_duo_tone_one_piece_swimsuit_with_ring_accent_family_matching_swimwear_collection,mother,swimwear,Swimwear,swimsuits,NEEDS_MERCHANT_EXPORT,https://cdn.shopify.com/s/files/1/1557/1635/files/pomelli-image_13_bbde1468-ea77-4e76-ba49-f8a1828c57cb.png?v=1771602839,https://www.dresslikemommy.com/products/mommy-me-vibrant-duo-tone-one-piece-swimsuit-with-ring-accent-family-matching-swimwear-collection,16.99,in_stock,8.50,49.97,margin_medium,192,paid_eligible,margin_medium,swimsuits,aov_medium,us_test_ready,True,True,high,set,true,summer,0-25
7109443256417,41497808502881,mommy-me-vibrant-duo-tone-one-piece-swimsuit-with-ring-accent-family-matching-swimwear-collection,"Mommy & Me"" Vibrant Duo-Tone One-Piece Swimsuit wit... | DLM",Mother XL / Orange,5374244130244-Size:Mother XL;Color:Orange;,5374244130244,shopify_US_7109443256417_41497808502881,shopify_US_7109443256417,INFERRED_FROM_SHOPIFY_PRODUCT_ID; exact live MC item_group_id export not present locally,dlm_7109443256417_mother_swimwear,dlm_style_7109443256417_mommy_me_vibrant_duo_tone_one_piece_swimsuit_with_ring_accent_family_matching_swimwear_collection,mother,swimwear,Swimwear,swimsuits,NEEDS_MERCHANT_EXPORT,https://cdn.shopify.com/s/files/1/1557/1635/files/pomelli-image_13_bbde1468-ea77-4e76-ba49-f8a1828c57cb.png?v=1771602839,https://www.dresslikemommy.com/products/mommy-me-vibrant-duo-tone-one-piece-swimsuit-with-ring-accent-family-matching-swimwear-collection,16.99,in_stock,8.50,49.97,margin_medium,199,paid_eligible,margin_medium,swimsuits,aov_medium,us_test_ready,True,True,high,set,true,summer,0-25
7109443256417,41497808535649,mommy-me-vibrant-duo-tone-one-piece-swimsuit-with-ring-accent-family-matching-swimwear-collection,"Mommy & Me"" Vibrant Duo-Tone One-Piece Swimsuit wit... | DLM",Child 2-3T / Orange,5374244130245-Size:Child 2-3T;Color:Orange;,5374244130245,shopify_US_7109443256417_41497808535649,shopify_US_7109443256417,INFERRED_FROM_SHOPIFY_PRODUCT_ID; exact live MC item_group_id export not present locally,dlm_7109443256417_mother_swimwear,dlm_style_7109443256417_mommy_me_vibrant_duo_tone_one_piece_swimsuit_with_ring_accent_family_matching_swimwear_collection,mother,swimwear,Swimwear,swimsuits,NEEDS_MERCHANT_EXPORT,https://cdn.shopify.com/s/files/1/1557/1635/files/pomelli-image_13_bbde1468-ea77-4e76-ba49-f8a1828c57cb.png?v=1771602839,https://www.dresslikemommy.com/products/mommy-me-vibrant-duo-tone-one-piece-swimsuit-with-ring-accent-family-matching-swimwear-collection,14.99,in_stock,7.50,49.97,margin_medium,199,paid_eligible,margin_medium,swimsuits,aov_medium,us_test_ready,True,True,high,set,true,summer,0-25
7109443256417,41497808568417,mommy-me-vibrant-duo-tone-one-piece-swimsuit-with-ring-accent-family-matching-swimwear-collection,"Mommy & Me"" Vibrant Duo-Tone One-Piece Swimsuit wit... | DLM",Child 3-4T / Orange,5374244130246-Size:Child 3-4T;Color:Orange;,5374244130246,shopify_US_7109443256417_41497808568417,shopify_US_7109443256417,INFERRED_FROM_SHOPIFY_PRODUCT_ID; exact live MC item_group_id export not present locally,dlm_7109443256417_mother_swimwear,dlm_style_7109443256417_mommy_me_vibrant_duo_tone_one_piece_swimsuit_with_ring_accent_family_matching_swimwear_collection,mother,swimwear,Swimwear,swimsuits,NEEDS_MERCHANT_EXPORT,https://cdn.shopify.com/s/files/1/1557/1635/files/pomelli-image_13_bbde1468-ea77-4e76-ba49-f8a1828c57cb.png?v=1771602839,https://www.dresslikemommy.com/products/mommy-me-vibrant-duo-tone-one-piece-swimsuit-with-ring-accent-family-matching-swimwear-collection,14.99,in_stock,7.50,49.97,margin_medium,199,paid_eligible,margin_medium,swimsuits,aov_medium,us_test_ready,True,True,high,set,true,summer,0-25
7109443256417,41497808633953,mommy-me-vibrant-duo-tone-one-piece-swimsuit-with-ring-accent-family-matching-swimwear-collection,"Mommy & Me"" Vibrant Duo-Tone One-Piece Swimsuit wit... | DLM",Child 6-8T / Orange,5374244130248-Size:Child 6-8T;Color:Orange;,5374244130248,shopify_US_7109443256417_41497808633953,shopify_US_7109443256417,INFERRED_FROM_SHOPIFY_PRODUCT_ID; exact live MC item_group_id export not present locally,dlm_7109443256417_mother_swimwear,dlm_style_7109443256417_mommy_me_vibrant_duo_tone_one_piece_swimsuit_with_ring_accent_family_matching_swimwear_collection,mother,swimwear,Swimwear,swimsuits,NEEDS_MERCHANT_EXPORT,https://cdn.shopify.com/s/files/1/1557/1635/files/pomelli-image_13_bbde1468-ea77-4e76-ba49-f8a1828c57cb.png?v=1771602839,https://www.dresslikemommy.com/products/mommy-me-vibrant-duo-tone-one-piece-swimsuit-with-ring-accent-family-matching-swimwear-collection,14.99,in_stock,7.50,49.97,margin_medium,199,paid_eligible,margin_medium,swimsuits,aov_medium,us_test_ready,True,True,high,set,true,summer,0-25
7109443256417,41497808666721,mommy-me-vibrant-duo-tone-one-piece-swimsuit-with-ring-accent-family-matching-swimwear-collection,"Mommy & Me"" Vibrant Duo-Tone One-Piece Swimsuit wit... | DLM",Child 8-10T / Orange,5374244130249-Size:Child 8-10T;Color:Orange;,5374244130249,shopify_US_7109443256417_41497808666721,shopify_US_7109443256417,INFERRED_FROM_SHOPIFY_PRODUCT_ID; exact live MC item_group_id export not present locally,dlm_7109443256417_mother_swimwear,dlm_style_7109443256417_mommy_me_vibrant_duo_tone_one_piece_swimsuit_with_ring_accent_family_matching_swimwear_collection,mother,swimwear,Swimwear,swimsuits,NEEDS_MERCHANT_EXPORT,https://cdn.shopify.com/s/files/1/1557/1635/files/pomelli-image_13_bbde1468-ea77-4e76-ba49-f8a1828c57cb.png?v=1771602839,https://www.dresslikemommy.com/products/mommy-me-vibrant-duo-tone-one-piece-swimsuit-with-ring-accent-family-matching-swimwear-collection,14.99,in_stock,7.50,49.97,margin_medium,197,paid_eligible,margin_medium,swimsuits,aov_medium,us_test_ready,True,True,high,set,true,summer,0-25
7109443256417,41497808732257,mommy-me-vibrant-duo-tone-one-piece-swimsuit-with-ring-accent-family-matching-swimwear-collection,"Mommy & Me"" Vibrant Duo-Tone One-Piece Swimsuit wit... | DLM",Mother S / Blue,5374244130251-Size:Mother S;Color:blue;,5374244130251,shopify_US_7109443256417_41497808732257,shopify_US_7109443256417,INFERRED_FROM_SHOPIFY_PRODUCT_ID; exact live MC item_group_id export not present locally,dlm_7109443256417_mother_swimwear,dlm_style_7109443256417_mommy_me_vibrant_duo_tone_one_piece_swimsuit_with_ring_accent_family_matching_swimwear_collection,mother,swimwear,Swimwear,swimsuits,NEEDS_MERCHANT_EXPORT,https://cdn.shopify.com/s/files/1/1557/1635/files/pomelli-image_13_bbde1468-ea77-4e76-ba49-f8a1828c57cb.png?v=1771602839,https://www.dresslikemommy.com/products/mommy-me-vibrant-duo-tone-one-piece-swimsuit-with-ring-accent-family-matching-swimwear-collection,16.99,in_stock,8.50,49.97,margin_medium,198,paid_eligible,margin_medium,swimsuits,aov_medium,us_test_ready,True,True,high,set,true,summer,0-25
7109443256417,41497808765025,mommy-me-vibrant-duo-tone-one-piece-swimsuit-with-ring-accent-family-matching-swimwear-collection,"Mommy & Me"" Vibrant Duo-Tone One-Piece Swimsuit wit... | DLM",Mother M / Blue,5374244130252-Size:Mother M;Color:blue;,5374244130252,shopify_US_7109443256417_41497808765025,shopify_US_7109443256417,INFERRED_FROM_SHOPIFY_PRODUCT_ID; exact live MC item_group_id export not present locally,dlm_7109443256417_mother_swimwear,dlm_style_7109443256417_mommy_me_vibrant_duo_tone_one_piece_swimsuit_with_ring_accent_family_matching_swimwear_collection,mother,swimwear,Swimwear,swimsuits,NEEDS_MERCHANT_EXPORT,https://cdn.shopify.com/s/files/1/1557/1635/files/pomelli-image_13_bbde1468-ea77-4e76-ba49-f8a1828c57cb.png?v=1771602839,https://www.dresslikemommy.com/products/mommy-me-vibrant-duo-tone-one-piece-swimsuit-with-ring-accent-family-matching-swimwear-collection,16.99,in_stock,8.50,49.97,margin_medium,197,paid_eligible,margin_medium,swimsuits,aov_medium,us_test_ready,True,True,high,set,true,summer,0-25
7109443256417,41497808797793,mommy-me-vibrant-duo-tone-one-piece-swimsuit-with-ring-accent-family-matching-swimwear-collection,"Mommy & Me"" Vibrant Duo-Tone One-Piece Swimsuit wit... | DLM",Mother L / Blue,5374244130253-Size:Mother L;Color:blue;,5374244130253,shopify_US_7109443256417_41497808797793,shopify_US_7109443256417,INFERRED_FROM_SHOPIFY_PRODUCT_ID; exact live MC item_group_id export not present locally,dlm_7109443256417_mother_swimwear,dlm_style_7109443256417_mommy_me_vibrant_duo_tone_one_piece_swimsuit_with_ring_accent_family_matching_swimwear_collection,mother,swimwear,Swimwear,swimsuits,NEEDS_MERCHANT_EXPORT,https://cdn.shopify.com/s/files/1/1557/1635/files/pomelli-image_13_bbde1468-ea77-4e76-ba49-f8a1828c57cb.png?v=1771602839,https://www.dresslikemommy.com/products/mommy-me-vibrant-duo-tone-one-piece-swimsuit-with-ring-accent-family-matching-swimwear-collection,16.99,in_stock,8.50,49.97,margin_medium,197,paid_eligible,margin_medium,swimsuits,aov_medium,us_test_ready,True,True,high,set,true,summer,0-25
7109443256417,41497808830561,mommy-me-vibrant-duo-tone-one-piece-swimsuit-with-ring-accent-family-matching-swimwear-collection,"Mommy & Me"" Vibrant Duo-Tone One-Piece Swimsuit wit... | DLM",Mother XL / Blue,5374244130254-Size:Mother XL;Color:blue;,5374244130254,shopify_US_7109443256417_41497808830561,shopify_US_7109443256417,INFERRED_FROM_SHOPIFY_PRODUCT_ID; exact live MC item_group_id export not present locally,dlm_7109443256417_mother_swimwear,dlm_style_7109443256417_mommy_me_vibrant_duo_tone_one_piece_swimsuit_with_ring_accent_family_matching_swimwear_collection,mother,swimwear,Swimwear,swimsuits,NEEDS_MERCHANT_EXPORT,https://cdn.shopify.com/s/files/1/1557/1635/files/pomelli-image_13_bbde1468-ea77-4e76-ba49-f8a1828c57cb.png?v=1771602839,https://www.dresslikemommy.com/products/mommy-me-vibrant-duo-tone-one-piece-swimsuit-with-ring-accent-family-matching-swimwear-collection,16.99,in_stock,8.50,49.97,margin_medium,199,paid_eligible,margin_medium,swimsuits,aov_medium,us_test_ready,True,True,high,set,true,summer,0-25
7109443256417,41497808863329,mommy-me-vibrant-duo-tone-one-piece-swimsuit-with-ring-accent-family-matching-swimwear-collection,"Mommy & Me"" Vibrant Duo-Tone One-Piece Swimsuit wit... | DLM",Child 2-3T / Blue,5374244130255-Size:Child 2-3T;Color:blue;,5374244130255,shopify_US_7109443256417_41497808863329,shopify_US_7109443256417,INFERRED_FROM_SHOPIFY_PRODUCT_ID; exact live MC item_group_id export not present locally,dlm_7109443256417_mother_swimwear,dlm_style_7109443256417_mommy_me_vibrant_duo_tone_one_piece_swimsuit_with_ring_accent_family_matching_swimwear_collection,mother,swimwear,Swimwear,swimsuits,NEEDS_MERCHANT_EXPORT,https://cdn.shopify.com/s/files/1/1557/1635/files/pomelli-image_13_bbde1468-ea77-4e76-ba49-f8a1828c57cb.png?v=1771602839,https://www.dresslikemommy.com/products/mommy-me-vibrant-duo-tone-one-piece-swimsuit-with-ring-accent-family-matching-swimwear-collection,14.99,in_stock,7.50,49.97,margin_medium,197,paid_eligible,margin_medium,swimsuits,aov_medium,us_test_ready,True,True,high,set,true,summer,0-25
7109443256417,41497808928865,mommy-me-vibrant-duo-tone-one-piece-swimsuit-with-ring-accent-family-matching-swimwear-collection,"Mommy & Me"" Vibrant Duo-Tone One-Piece Swimsuit wit... | DLM",Child 4-5T / Blue,5374244130257-Size:Child 4-5T;Color:blue;,5374244130257,shopify_US_7109443256417_41497808928865,shopify_US_7109443256417,INFERRED_FROM_SHOPIFY_PRODUCT_ID; exact live MC item_group_id export not present locally,dlm_7109443256417_mother_swimwear,dlm_style_7109443256417_mommy_me_vibrant_duo_tone_one_piece_swimsuit_with_ring_accent_family_matching_swimwear_collection,mother,swimwear,Swimwear,swimsuits,NEEDS_MERCHANT_EXPORT,https://cdn.shopify.com/s/files/1/1557/1635/files/pomelli-image_13_bbde1468-ea77-4e76-ba49-f8a1828c57cb.png?v=1771602839,https://www.dresslikemommy.com/products/mommy-me-vibrant-duo-tone-one-piece-swimsuit-with-ring-accent-family-matching-swimwear-collection,14.99,in_stock,7.50,49.97,margin_medium,197,paid_eligible,margin_medium,swimsuits,aov_medium,us_test_ready,True,True,high,set,true,summer,0-25
7109443256417,41497808961633,mommy-me-vibrant-duo-tone-one-piece-swimsuit-with-ring-accent-family-matching-swimwear-collection,"Mommy & Me"" Vibrant Duo-Tone One-Piece Swimsuit wit... | DLM",Child 6-8T / Blue,5374244130258-Size:Child 6-8T;Color:blue;,5374244130258,shopify_US_7109443256417_41497808961633,shopify_US_7109443256417,INFERRED_FROM_SHOPIFY_PRODUCT_ID; exact live MC item_group_id export not present locally,dlm_7109443256417_mother_swimwear,dlm_style_7109443256417_mommy_me_vibrant_duo_tone_one_piece_swimsuit_with_ring_accent_family_matching_swimwear_collection,mother,swimwear,Swimwear,swimsuits,NEEDS_MERCHANT_EXPORT,https://cdn.shopify.com/s/files/1/1557/1635/files/pomelli-image_13_bbde1468-ea77-4e76-ba49-f8a1828c57cb.png?v=1771602839,https://www.dresslikemommy.com/products/mommy-me-vibrant-duo-tone-one-piece-swimsuit-with-ring-accent-family-matching-swimwear-collection,14.99,in_stock,7.50,49.97,margin_medium,199,paid_eligible,margin_medium,swimsuits,aov_medium,us_test_ready,True,True,high,set,true,summer,0-25
7109443256417,41497809059937,mommy-me-vibrant-duo-tone-one-piece-swimsuit-with-ring-accent-family-matching-swimwear-collection,"Mommy & Me"" Vibrant Duo-Tone One-Piece Swimsuit wit... | DLM",Mother S / Green,5374244130261-Size:Mother S;Color:yellow-green;,5374244130261,shopify_US_7109443256417_41497809059937,shopify_US_7109443256417,INFERRED_FROM_SHOPIFY_PRODUCT_ID; exact live MC item_group_id export not present locally,dlm_7109443256417_mother_swimwear,dlm_style_7109443256417_mommy_me_vibrant_duo_tone_one_piece_swimsuit_with_ring_accent_family_matching_swimwear_collection,mother,swimwear,Swimwear,swimsuits,NEEDS_MERCHANT_EXPORT,https://cdn.shopify.com/s/files/1/1557/1635/files/pomelli-image_13_bbde1468-ea77-4e76-ba49-f8a1828c57cb.png?v=1771602839,https://www.dresslikemommy.com/products/mommy-me-vibrant-duo-tone-one-piece-swimsuit-with-ring-accent-family-matching-swimwear-collection,16.99,in_stock,8.50,49.97,margin_medium,198,paid_eligible,margin_medium,swimsuits,aov_medium,us_test_ready,True,True,high,set,true,summer,0-25
7109443256417,41497809191009,mommy-me-vibrant-duo-tone-one-piece-swimsuit-with-ring-accent-family-matching-swimwear-collection,"Mommy & Me"" Vibrant Duo-Tone One-Piece Swimsuit wit... | DLM",Child 2-3T / Green,5374244130265-Size:Child 2-3T;Color:yellow-green;,5374244130265,shopify_US_7109443256417_41497809191009,shopify_US_7109443256417,INFERRED_FROM_SHOPIFY_PRODUCT_ID; exact live MC item_group_id export not present locally,dlm_7109443256417_mother_swimwear,dlm_style_7109443256417_mommy_me_vibrant_duo_tone_one_piece_swimsuit_with_ring_accent_family_matching_swimwear_collection,mother,swimwear,Swimwear,swimsuits,NEEDS_MERCHANT_EXPORT,https://cdn.shopify.com/s/files/1/1557/1635/files/pomelli-image_13_bbde1468-ea77-4e76-ba49-f8a1828c57cb.png?v=1771602839,https://www.dresslikemommy.com/products/mommy-me-vibrant-duo-tone-one-piece-swimsuit-with-ring-accent-family-matching-swimwear-collection,14.99,in_stock,7.50,49.97,margin_medium,199,paid_eligible,margin_medium,swimsuits,aov_medium,us_test_ready,True,True,high,set,true,summer,0-25
7109443256417,41497809223777,mommy-me-vibrant-duo-tone-one-piece-swimsuit-with-ring-accent-family-matching-swimwear-collection,"Mommy & Me"" Vibrant Duo-Tone One-Piece Swimsuit wit... | DLM",Child 3-4T / Green,5374244130266-Size:Child 3-4T;Color:yellow-green;,5374244130266,shopify_US_7109443256417_41497809223777,shopify_US_7109443256417,INFERRED_FROM_SHOPIFY_PRODUCT_ID; exact live MC item_group_id export not present locally,dlm_7109443256417_mother_swimwear,dlm_style_7109443256417_mommy_me_vibrant_duo_tone_one_piece_swimsuit_with_ring_accent_family_matching_swimwear_collection,mother,swimwear,Swimwear,swimsuits,NEEDS_MERCHANT_EXPORT,https://cdn.shopify.com/s/files/1/1557/1635/files/pomelli-image_13_bbde1468-ea77-4e76-ba49-f8a1828c57cb.png?v=1771602839,https://www.dresslikemommy.com/products/mommy-me-vibrant-duo-tone-one-piece-swimsuit-with-ring-accent-family-matching-swimwear-collection,14.99,in_stock,7.50,49.97,margin_medium,200,paid_eligible,margin_medium,swimsuits,aov_medium,us_test_ready,True,True,high,set,true,summer,0-25
7109443256417,41497809289313,mommy-me-vibrant-duo-tone-one-piece-swimsuit-with-ring-accent-family-matching-swimwear-collection,"Mommy & Me"" Vibrant Duo-Tone One-Piece Swimsuit wit... | DLM",Child 6-8T / Green,5374244130268-Size:Child 6-8T;Color:yellow-green;,5374244130268,shopify_US_7109443256417_41497809289313,shopify_US_7109443256417,INFERRED_FROM_SHOPIFY_PRODUCT_ID; exact live MC item_group_id export not present locally,dlm_7109443256417_mother_swimwear,dlm_style_7109443256417_mommy_me_vibrant_duo_tone_one_piece_swimsuit_with_ring_accent_family_matching_swimwear_collection,mother,swimwear,Swimwear,swimsuits,NEEDS_MERCHANT_EXPORT,https://cdn.shopify.com/s/files/1/1557/1635/files/pomelli-image_13_bbde1468-ea77-4e76-ba49-f8a1828c57cb.png?v=1771602839,https://www.dresslikemommy.com/products/mommy-me-vibrant-duo-tone-one-piece-swimsuit-with-ring-accent-family-matching-swimwear-collection,14.99,in_stock,7.50,49.97,margin_medium,200,paid_eligible,margin_medium,swimsuits,aov_medium,us_test_ready,True,True,high,set,true,summer,0-25
7109443256417,41497809322081,mommy-me-vibrant-duo-tone-one-piece-swimsuit-with-ring-accent-family-matching-swimwear-collection,"Mommy & Me"" Vibrant Duo-Tone One-Piece Swimsuit wit... | DLM",Child 8-10T / Green,5374244130269-Size:Child 8-10T;Color:yellow-green;,5374244130269,shopify_US_7109443256417_41497809322081,shopify_US_7109443256417,INFERRED_FROM_SHOPIFY_PRODUCT_ID; exact live MC item_group_id export not present locally,dlm_7109443256417_mother_swimwear,dlm_style_7109443256417_mommy_me_vibrant_duo_tone_one_piece_swimsuit_with_ring_accent_family_matching_swimwear_collection,mother,swimwear,Swimwear,swimsuits,NEEDS_MERCHANT_EXPORT,https://cdn.shopify.com/s/files/1/1557/1635/files/pomelli-image_13_bbde1468-ea77-4e76-ba49-f8a1828c57cb.png?v=1771602839,https://www.dresslikemommy.com/products/mommy-me-vibrant-duo-tone-one-piece-swimsuit-with-ring-accent-family-matching-swimwear-collection,14.99,in_stock,7.50,49.97,margin_medium,200,paid_eligible,margin_medium,swimsuits,aov_medium,us_test_ready,True,True,high,set,true,summer,0-25
7109443256417,41497809387617,mommy-me-vibrant-duo-tone-one-piece-swimsuit-with-ring-accent-family-matching-swimwear-collection,"Mommy & Me"" Vibrant Duo-Tone One-Piece Swimsuit wit... | DLM",Mother S / Pink,5374244130271-Size:Mother S;Color:Dark pink;,5374244130271,shopify_US_7109443256417_41497809387617,shopify_US_7109443256417,INFERRED_FROM_SHOPIFY_PRODUCT_ID; exact live MC item_group_id export not present locally,dlm_7109443256417_mother_swimwear,dlm_style_7109443256417_mommy_me_vibrant_duo_tone_one_piece_swimsuit_with_ring_accent_family_matching_swimwear_collection,mother,swimwear,Swimwear,swimsuits,NEEDS_MERCHANT_EXPORT,https://cdn.shopify.com/s/files/1/1557/1635/files/pomelli-image_13_bbde1468-ea77-4e76-ba49-f8a1828c57cb.png?v=1771602839,https://www.dresslikemommy.com/products/mommy-me-vibrant-duo-tone-one-piece-swimsuit-with-ring-accent-family-matching-swimwear-collection,16.99,in_stock,8.50,49.97,margin_medium,181,paid_eligible,margin_medium,swimsuits,aov_medium,us_test_ready,True,True,high,set,true,summer,0-25
7109443256417,41497809420385,mommy-me-vibrant-duo-tone-one-piece-swimsuit-with-ring-accent-family-matching-swimwear-collection,"Mommy & Me"" Vibrant Duo-Tone One-Piece Swimsuit wit... | DLM",Mother M / Pink,5374244130272-Size:Mother M;Color:Dark pink;,5374244130272,shopify_US_7109443256417_41497809420385,shopify_US_7109443256417,INFERRED_FROM_SHOPIFY_PRODUCT_ID; exact live MC item_group_id export not present locally,dlm_7109443256417_mother_swimwear,dlm_style_7109443256417_mommy_me_vibrant_duo_tone_one_piece_swimsuit_with_ring_accent_family_matching_swimwear_collection,mother,swimwear,Swimwear,swimsuits,NEEDS_MERCHANT_EXPORT,https://cdn.shopify.com/s/files/1/1557/1635/files/pomelli-image_13_bbde1468-ea77-4e76-ba49-f8a1828c57cb.png?v=1771602839,https://www.dresslikemommy.com/products/mommy-me-vibrant-duo-tone-one-piece-swimsuit-with-ring-accent-family-matching-swimwear-collection,16.99,in_stock,8.50,49.97,margin_medium,182,paid_eligible,margin_medium,swimsuits,aov_medium,us_test_ready,True,True,high,set,true,summer,0-25
7109443256417,41497809453153,mommy-me-vibrant-duo-tone-one-piece-swimsuit-with-ring-accent-family-matching-swimwear-collection,"Mommy & Me"" Vibrant Duo-Tone One-Piece Swimsuit wit... | DLM",Mother L / Pink,5374244130273-Size:Mother L;Color:Dark pink;,5374244130273,shopify_US_7109443256417_41497809453153,shopify_US_7109443256417,INFERRED_FROM_SHOPIFY_PRODUCT_ID; exact live MC item_group_id export not present locally,dlm_7109443256417_mother_swimwear,dlm_style_7109443256417_mommy_me_vibrant_duo_tone_one_piece_swimsuit_with_ring_accent_family_matching_swimwear_collection,mother,swimwear,Swimwear,swimsuits,NEEDS_MERCHANT_EXPORT,https://cdn.shopify.com/s/files/1/1557/1635/files/pomelli-image_13_bbde1468-ea77-4e76-ba49-f8a1828c57cb.png?v=1771602839,https://www.dresslikemommy.com/products/mommy-me-vibrant-duo-tone-one-piece-swimsuit-with-ring-accent-family-matching-swimwear-collection,16.99,in_stock,8.50,49.97,margin_medium,184,paid_eligible,margin_medium,swimsuits,aov_medium,us_test_ready,True,True,high,set,true,summer,0-25
7109443256417,41497809485921,mommy-me-vibrant-duo-tone-one-piece-swimsuit-with-ring-accent-family-matching-swimwear-collection,"Mommy & Me"" Vibrant Duo-Tone One-Piece Swimsuit wit... | DLM",Mother XL / Pink,5374244130274-Size:Mother XL;Color:Dark pink;,5374244130274,shopify_US_7109443256417_41497809485921,shopify_US_7109443256417,INFERRED_FROM_SHOPIFY_PRODUCT_ID; exact live MC item_group_id export not present locally,dlm_7109443256417_mother_swimwear,dlm_style_7109443256417_mommy_me_vibrant_duo_tone_one_piece_swimsuit_with_ring_accent_family_matching_swimwear_collection,mother,swimwear,Swimwear,swimsuits,NEEDS_MERCHANT_EXPORT,https://cdn.shopify.com/s/files/1/1557/1635/files/pomelli-image_13_bbde1468-ea77-4e76-ba49-f8a1828c57cb.png?v=1771602839,https://www.dresslikemommy.com/products/mommy-me-vibrant-duo-tone-one-piece-swimsuit-with-ring-accent-family-matching-swimwear-collection,16.99,in_stock,8.50,49.97,margin_medium,183,paid_eligible,margin_medium,swimsuits,aov_medium,us_test_ready,True,True,high,set,true,summer,0-25
7109443256417,41497809682529,mommy-me-vibrant-duo-tone-one-piece-swimsuit-with-ring-accent-family-matching-swimwear-collection,"Mommy & Me"" Vibrant Duo-Tone One-Piece Swimsuit wit... | DLM",Child 10-12T / Pink,5374244130280-Size:Child 10-12T;Color:Dark pink;,5374244130280,shopify_US_7109443256417_41497809682529,shopify_US_7109443256417,INFERRED_FROM_SHOPIFY_PRODUCT_ID; exact live MC item_group_id export not present locally,dlm_7109443256417_mother_swimwear,dlm_style_7109443256417_mommy_me_vibrant_duo_tone_one_piece_swimsuit_with_ring_accent_family_matching_swimwear_collection,mother,swimwear,Swimwear,swimsuits,NEEDS_MERCHANT_EXPORT,https://cdn.shopify.com/s/files/1/1557/1635/files/pomelli-image_13_bbde1468-ea77-4e76-ba49-f8a1828c57cb.png?v=1771602839,https://www.dresslikemommy.com/products/mommy-me-vibrant-duo-tone-one-piece-swimsuit-with-ring-accent-family-matching-swimwear-collection,14.99,in_stock,7.50,49.97,margin_medium,183,paid_eligible,margin_medium,swimsuits,aov_medium,us_test_ready,True,True,high,set,true,summer,0-25
7109986844769,41499305017441,mother-daughter-matching-swim-set-abstract-print-two-piece-high-waisted-bikini-with-wrap-skirt,Mother & Daughter Matching Swim Set - Abstract Prin... | DLM,Mother S / Brown,5374273594202-Size:Mother S;Color:Brown;,5374273594202,shopify_US_7109986844769_41499305017441,shopify_US_7109986844769,INFERRED_FROM_SHOPIFY_PRODUCT_ID; exact live MC item_group_id export not present locally,dlm_7109986844769_mother_swimwear,dlm_style_7109986844769_mother_daughter_matching_swim_set_abstract_print_two_piece_high_waisted_bikini_with_wrap_skirt,mother,swimwear,Swimwear,swimsuits,NEEDS_MERCHANT_EXPORT,https://cdn.shopify.com/s/files/1/1557/1635/files/pomelli-image_29_6710adc7-a62e-420e-b717-ff8933eb7415.png?v=1771602341,https://www.dresslikemommy.com/products/mother-daughter-matching-swim-set-abstract-print-two-piece-high-waisted-bikini-with-wrap-skirt,19.99,in_stock,10.00,49.97,margin_medium,200,paid_eligible,margin_medium,swimsuits,aov_medium,us_test_ready,True,True,high,set,true,summer,0-25
7109986844769,41499305050209,mother-daughter-matching-swim-set-abstract-print-two-piece-high-waisted-bikini-with-wrap-skirt,Mother & Daughter Matching Swim Set - Abstract Prin... | DLM,Mother M / Brown,5374273594203-Size:Mother M;Color:Brown;,5374273594203,shopify_US_7109986844769_41499305050209,shopify_US_7109986844769,INFERRED_FROM_SHOPIFY_PRODUCT_ID; exact live MC item_group_id export not present locally,dlm_7109986844769_mother_swimwear,dlm_style_7109986844769_mother_daughter_matching_swim_set_abstract_print_two_piece_high_waisted_bikini_with_wrap_skirt,mother,swimwear,Swimwear,swimsuits,NEEDS_MERCHANT_EXPORT,https://cdn.shopify.com/s/files/1/1557/1635/files/pomelli-image_29_6710adc7-a62e-420e-b717-ff8933eb7415.png?v=1771602341,https://www.dresslikemommy.com/products/mother-daughter-matching-swim-set-abstract-print-two-piece-high-waisted-bikini-with-wrap-skirt,19.99,in_stock,10.00,49.97,margin_medium,200,paid_eligible,margin_medium,swimsuits,aov_medium,us_test_ready,True,True,high,set,true,summer,0-25
7109986844769,41499305082977,mother-daughter-matching-swim-set-abstract-print-two-piece-high-waisted-bikini-with-wrap-skirt,Mother & Daughter Matching Swim Set - Abstract Prin... | DLM,Mother L / Brown,5374273594204-Size:Mother L;Color:Brown;,5374273594204,shopify_US_7109986844769_41499305082977,shopify_US_7109986844769,INFERRED_FROM_SHOPIFY_PRODUCT_ID; exact live MC item_group_id export not present locally,dlm_7109986844769_mother_swimwear,dlm_style_7109986844769_mother_daughter_matching_swim_set_abstract_print_two_piece_high_waisted_bikini_with_wrap_skirt,mother,swimwear,Swimwear,swimsuits,NEEDS_MERCHANT_EXPORT,https://cdn.shopify.com/s/files/1/1557/1635/files/pomelli-image_29_6710adc7-a62e-420e-b717-ff8933eb7415.png?v=1771602341,https://www.dresslikemommy.com/products/mother-daughter-matching-swim-set-abstract-print-two-piece-high-waisted-bikini-with-wrap-skirt,19.99,in_stock,10.00,49.97,margin_medium,200,paid_eligible,margin_medium,swimsuits,aov_medium,us_test_ready,True,True,high,set,true,summer,0-25
7109986844769,41499305115745,mother-daughter-matching-swim-set-abstract-print-two-piece-high-waisted-bikini-with-wrap-skirt,Mother & Daughter Matching Swim Set - Abstract Prin... | DLM,Mother XL / Brown,5374273594205-Size:Mother XL;Color:Brown;,5374273594205,shopify_US_7109986844769_41499305115745,shopify_US_7109986844769,INFERRED_FROM_SHOPIFY_PRODUCT_ID; exact live MC item_group_id export not present locally,dlm_7109986844769_mother_swimwear,dlm_style_7109986844769_mother_daughter_matching_swim_set_abstract_print_two_piece_high_waisted_bikini_with_wrap_skirt,mother,swimwear,Swimwear,swimsuits,NEEDS_MERCHANT_EXPORT,https://cdn.shopify.com/s/files/1/1557/1635/files/pomelli-image_29_6710adc7-a62e-420e-b717-ff8933eb7415.png?v=1771602341,https://www.dresslikemommy.com/products/mother-daughter-matching-swim-set-abstract-print-two-piece-high-waisted-bikini-with-wrap-skirt,19.99,in_stock,10.00,49.97,margin_medium,200,paid_eligible,margin_medium,swimsuits,aov_medium,us_test_ready,True,True,high,set,true,summer,0-25
7109986844769,41499305148513,mother-daughter-matching-swim-set-abstract-print-two-piece-high-waisted-bikini-with-wrap-skirt,Mother & Daughter Matching Swim Set - Abstract Prin... | DLM,Child 2-3 years / Brown,5374273594206-Size:Child 2-3T;Color:Brown;,5374273594206,shopify_US_7109986844769_41499305148513,shopify_US_7109986844769,INFERRED_FROM_SHOPIFY_PRODUCT_ID; exact live MC item_group_id export not present locally,dlm_7109986844769_mother_swimwear,dlm_style_7109986844769_mother_daughter_matching_swim_set_abstract_print_two_piece_high_waisted_bikini_with_wrap_skirt,mother,swimwear,Swimwear,swimsuits,NEEDS_MERCHANT_EXPORT,https://cdn.shopify.com/s/files/1/1557/1635/files/pomelli-image_29_6710adc7-a62e-420e-b717-ff8933eb7415.png?v=1771602341,https://www.dresslikemommy.com/products/mother-daughter-matching-swim-set-abstract-print-two-piece-high-waisted-bikini-with-wrap-skirt,16.99,in_stock,8.50,49.97,margin_medium,200,paid_eligible,margin_medium,swimsuits,aov_medium,us_test_ready,True,True,high,set,true,summer,0-25
7109986844769,41499305246817,mother-daughter-matching-swim-set-abstract-print-two-piece-high-waisted-bikini-with-wrap-skirt,Mother & Daughter Matching Swim Set - Abstract Prin... | DLM,Child 6-8 years / Brown,5374273594209-Size:Child 6-8T;Color:Brown;,5374273594209,shopify_US_7109986844769_41499305246817,shopify_US_7109986844769,INFERRED_FROM_SHOPIFY_PRODUCT_ID; exact live MC item_group_id export not present locally,dlm_7109986844769_mother_swimwear,dlm_style_7109986844769_mother_daughter_matching_swim_set_abstract_print_two_piece_high_waisted_bikini_with_wrap_skirt,mother,swimwear,Swimwear,swimsuits,NEEDS_MERCHANT_EXPORT,https://cdn.shopify.com/s/files/1/1557/1635/files/pomelli-image_29_6710adc7-a62e-420e-b717-ff8933eb7415.png?v=1771602341,https://www.dresslikemommy.com/products/mother-daughter-matching-swim-set-abstract-print-two-piece-high-waisted-bikini-with-wrap-skirt,16.99,in_stock,8.50,49.97,margin_medium,200,paid_eligible,margin_medium,swimsuits,aov_medium,us_test_ready,True,True,high,set,true,summer,0-25
7109986844769,41499305279585,mother-daughter-matching-swim-set-abstract-print-two-piece-high-waisted-bikini-with-wrap-skirt,Mother & Daughter Matching Swim Set - Abstract Prin... | DLM,Child 8-10 years / Brown,5374273594210-Size:Child 8-10T;Color:Brown;,5374273594210,shopify_US_7109986844769_41499305279585,shopify_US_7109986844769,INFERRED_FROM_SHOPIFY_PRODUCT_ID; exact live MC item_group_id export not present locally,dlm_7109986844769_mother_swimwear,dlm_style_7109986844769_mother_daughter_matching_swim_set_abstract_print_two_piece_high_waisted_bikini_with_wrap_skirt,mother,swimwear,Swimwear,swimsuits,NEEDS_MERCHANT_EXPORT,https://cdn.shopify.com/s/files/1/1557/1635/files/pomelli-image_29_6710adc7-a62e-420e-b717-ff8933eb7415.png?v=1771602341,https://www.dresslikemommy.com/products/mother-daughter-matching-swim-set-abstract-print-two-piece-high-waisted-bikini-with-wrap-skirt,16.99,in_stock,8.50,49.97,margin_medium,200,paid_eligible,margin_medium,swimsuits,aov_medium,us_test_ready,True,True,high,set,true,summer,0-25
7109986844769,41499305312353,mother-daughter-matching-swim-set-abstract-print-two-piece-high-waisted-bikini-with-wrap-skirt,Mother & Daughter Matching Swim Set - Abstract Prin... | DLM,Child 10-12 years / Brown,5374273594211-Size:Child 10-12T;Color:Brown;,5374273594211,shopify_US_7109986844769_41499305312353,shopify_US_7109986844769,INFERRED_FROM_SHOPIFY_PRODUCT_ID; exact live MC item_group_id export not present locally,dlm_7109986844769_mother_swimwear,dlm_style_7109986844769_mother_daughter_matching_swim_set_abstract_print_two_piece_high_waisted_bikini_with_wrap_skirt,mother,swimwear,Swimwear,swimsuits,NEEDS_MERCHANT_EXPORT,https://cdn.shopify.com/s/files/1/1557/1635/files/pomelli-image_29_6710adc7-a62e-420e-b717-ff8933eb7415.png?v=1771602341,https://www.dresslikemommy.com/products/mother-daughter-matching-swim-set-abstract-print-two-piece-high-waisted-bikini-with-wrap-skirt,16.99,in_stock,8.50,49.97,margin_medium,200,paid_eligible,margin_medium,swimsuits,aov_medium,us_test_ready,True,True,high,set,true,summer,0-25
7109986844769,41499305377889,mother-daughter-matching-swim-set-abstract-print-two-piece-high-waisted-bikini-with-wrap-skirt,Mother & Daughter Matching Swim Set - Abstract Prin... | DLM,Mother M / White,5374273594233-Size:Mother M;Color:White;,5374273594233,shopify_US_7109986844769_41499305377889,shopify_US_7109986844769,INFERRED_FROM_SHOPIFY_PRODUCT_ID; exact live MC item_group_id export not present locally,dlm_7109986844769_mother_swimwear,dlm_style_7109986844769_mother_daughter_matching_swim_set_abstract_print_two_piece_high_waisted_bikini_with_wrap_skirt,mother,swimwear,Swimwear,swimsuits,NEEDS_MERCHANT_EXPORT,https://cdn.shopify.com/s/files/1/1557/1635/files/pomelli-image_29_6710adc7-a62e-420e-b717-ff8933eb7415.png?v=1771602341,https://www.dresslikemommy.com/products/mother-daughter-matching-swim-set-abstract-print-two-piece-high-waisted-bikini-with-wrap-skirt,19.99,in_stock,10.00,49.97,margin_medium,200,paid_eligible,margin_medium,swimsuits,aov_medium,us_test_ready,True,True,high,set,true,summer,0-25
7109986844769,41499305410657,mother-daughter-matching-swim-set-abstract-print-two-piece-high-waisted-bikini-with-wrap-skirt,Mother & Daughter Matching Swim Set - Abstract Prin... | DLM,Mother L / White,5374273594234-Size:Mother L;Color:White;,5374273594234,shopify_US_7109986844769_41499305410657,shopify_US_7109986844769,INFERRED_FROM_SHOPIFY_PRODUCT_ID; exact live MC item_group_id export not present locally,dlm_7109986844769_mother_swimwear,dlm_style_7109986844769_mother_daughter_matching_swim_set_abstract_print_two_piece_high_waisted_bikini_with_wrap_skirt,mother,swimwear,Swimwear,swimsuits,NEEDS_MERCHANT_EXPORT,https://cdn.shopify.com/s/files/1/1557/1635/files/pomelli-image_29_6710adc7-a62e-420e-b717-ff8933eb7415.png?v=1771602341,https://www.dresslikemommy.com/products/mother-daughter-matching-swim-set-abstract-print-two-piece-high-waisted-bikini-with-wrap-skirt,19.99,in_stock,10.00,49.97,margin_medium,200,paid_eligible,margin_medium,swimsuits,aov_medium,us_test_ready,True,True,high,set,true,summer,0-25
7109986844769,41499305443425,mother-daughter-matching-swim-set-abstract-print-two-piece-high-waisted-bikini-with-wrap-skirt,Mother & Daughter Matching Swim Set - Abstract Prin... | DLM,Mother XL / White,5374273594235-Size:Mother XL;Color:White;,5374273594235,shopify_US_7109986844769_41499305443425,shopify_US_7109986844769,INFERRED_FROM_SHOPIFY_PRODUCT_ID; exact live MC item_group_id export not present locally,dlm_7109986844769_mother_swimwear,dlm_style_7109986844769_mother_daughter_matching_swim_set_abstract_print_two_piece_high_waisted_bikini_with_wrap_skirt,mother,swimwear,Swimwear,swimsuits,NEEDS_MERCHANT_EXPORT,https://cdn.shopify.com/s/files/1/1557/1635/files/pomelli-image_29_6710adc7-a62e-420e-b717-ff8933eb7415.png?v=1771602341,https://www.dresslikemommy.com/products/mother-daughter-matching-swim-set-abstract-print-two-piece-high-waisted-bikini-with-wrap-skirt,19.99,in_stock,10.00,49.97,margin_medium,200,paid_eligible,margin_medium,swimsuits,aov_medium,us_test_ready,True,True,high,set,true,summer,0-25
7109986844769,41499305476193,mother-daughter-matching-swim-set-abstract-print-two-piece-high-waisted-bikini-with-wrap-skirt,Mother & Daughter Matching Swim Set - Abstract Prin... | DLM,Child 2-3 years / White,5374273594236-Size:Child 2-3T;Color:White;,5374273594236,shopify_US_7109986844769_41499305476193,shopify_US_7109986844769,INFERRED_FROM_SHOPIFY_PRODUCT_ID; exact live MC item_group_id export not present locally,dlm_7109986844769_mother_swimwear,dlm_style_7109986844769_mother_daughter_matching_swim_set_abstract_print_two_piece_high_waisted_bikini_with_wrap_skirt,mother,swimwear,Swimwear,swimsuits,NEEDS_MERCHANT_EXPORT,https://cdn.shopify.com/s/files/1/1557/1635/files/pomelli-image_29_6710adc7-a62e-420e-b717-ff8933eb7415.png?v=1771602341,https://www.dresslikemommy.com/products/mother-daughter-matching-swim-set-abstract-print-two-piece-high-waisted-bikini-with-wrap-skirt,16.99,in_stock,8.50,49.97,margin_medium,200,paid_eligible,margin_medium,swimsuits,aov_medium,us_test_ready,True,True,high,set,true,summer,0-25
7109986844769,41499305574497,mother-daughter-matching-swim-set-abstract-print-two-piece-high-waisted-bikini-with-wrap-skirt,Mother & Daughter Matching Swim Set - Abstract Prin... | DLM,Child 6-8 years / White,5374273594239-Size:Child 6-8T;Color:White;,5374273594239,shopify_US_7109986844769_41499305574497,shopify_US_7109986844769,INFERRED_FROM_SHOPIFY_PRODUCT_ID; exact live MC item_group_id export not present locally,dlm_7109986844769_mother_swimwear,dlm_style_7109986844769_mother_daughter_matching_swim_set_abstract_print_two_piece_high_waisted_bikini_with_wrap_skirt,mother,swimwear,Swimwear,swimsuits,NEEDS_MERCHANT_EXPORT,https://cdn.shopify.com/s/files/1/1557/1635/files/pomelli-image_29_6710adc7-a62e-420e-b717-ff8933eb7415.png?v=1771602341,https://www.dresslikemommy.com/products/mother-daughter-matching-swim-set-abstract-print-two-piece-high-waisted-bikini-with-wrap-skirt,16.99,in_stock,8.50,49.97,margin_medium,200,paid_eligible,margin_medium,swimsuits,aov_medium,us_test_ready,True,True,high,set,true,summer,0-25
7109986844769,41499305607265,mother-daughter-matching-swim-set-abstract-print-two-piece-high-waisted-bikini-with-wrap-skirt,Mother & Daughter Matching Swim Set - Abstract Prin... | DLM,Child 8-10 years / White,5374273594240-Size:Child 8-10T;Color:White;,5374273594240,shopify_US_7109986844769_41499305607265,shopify_US_7109986844769,INFERRED_FROM_SHOPIFY_PRODUCT_ID; exact live MC item_group_id export not present locally,dlm_7109986844769_mother_swimwear,dlm_style_7109986844769_mother_daughter_matching_swim_set_abstract_print_two_piece_high_waisted_bikini_with_wrap_skirt,mother,swimwear,Swimwear,swimsuits,NEEDS_MERCHANT_EXPORT,https://cdn.shopify.com/s/files/1/1557/1635/files/pomelli-image_29_6710adc7-a62e-420e-b717-ff8933eb7415.png?v=1771602341,https://www.dresslikemommy.com/products/mother-daughter-matching-swim-set-abstract-print-two-piece-high-waisted-bikini-with-wrap-skirt,16.99,in_stock,8.50,49.97,margin_medium,199,paid_eligible,margin_medium,swimsuits,aov_medium,us_test_ready,True,True,high,set,true,summer,0-25
7109084807265,41496962498657,mother-daughter-pastel-mermaid-scales-swimsuit-with-frill-detail,Mother & Daughter Pastel Mermaid Scales Swimsuit wi... | DLM,Mother S / Multi-Color,5173294768159-Size:Mother S;Color:Multi-Color;,5173294768159,shopify_US_7109084807265_41496962498657,shopify_US_7109084807265,INFERRED_FROM_SHOPIFY_PRODUCT_ID; exact live MC item_group_id export not present locally,dlm_7109084807265_mother_swimwear,dlm_style_7109084807265_mother_daughter_pastel_mermaid_scales_swimsuit_with_frill_detail,mother,swimwear,Swimwear,swimsuits,NEEDS_MERCHANT_EXPORT,https://cdn.shopify.com/s/files/1/1557/1635/files/pomelli-image_21_3fee4e5a-297c-4415-a0d9-9bd1c52c7b46.png?v=1771599150,https://www.dresslikemommy.com/products/mother-daughter-pastel-mermaid-scales-swimsuit-with-frill-detail,16.99,in_stock,8.50,49.97,margin_medium,1000,paid_eligible,margin_medium,swimsuits,aov_medium,us_test_ready,True,True,high,set,true,summer,0-25
7109084807265,41496962531425,mother-daughter-pastel-mermaid-scales-swimsuit-with-frill-detail,Mother & Daughter Pastel Mermaid Scales Swimsuit wi... | DLM,Mother M / Multi-Color,5173294768160-Size:Mother M;Color:Multi-Color;,5173294768160,shopify_US_7109084807265_41496962531425,shopify_US_7109084807265,INFERRED_FROM_SHOPIFY_PRODUCT_ID; exact live MC item_group_id export not present locally,dlm_7109084807265_mother_swimwear,dlm_style_7109084807265_mother_daughter_pastel_mermaid_scales_swimsuit_with_frill_detail,mother,swimwear,Swimwear,swimsuits,NEEDS_MERCHANT_EXPORT,https://cdn.shopify.com/s/files/1/1557/1635/files/pomelli-image_21_3fee4e5a-297c-4415-a0d9-9bd1c52c7b46.png?v=1771599150,https://www.dresslikemommy.com/products/mother-daughter-pastel-mermaid-scales-swimsuit-with-frill-detail,16.99,in_stock,8.50,49.97,margin_medium,1000,paid_eligible,margin_medium,swimsuits,aov_medium,us_test_ready,True,True,high,set,true,summer,0-25
7109084807265,41496962728033,mother-daughter-pastel-mermaid-scales-swimsuit-with-frill-detail,Mother & Daughter Pastel Mermaid Scales Swimsuit wi... | DLM,Child 6-8 years / Multi-Color,5173294768166-Size:Child 6-8T;Color:Multi-Color;,5173294768166,shopify_US_7109084807265_41496962728033,shopify_US_7109084807265,INFERRED_FROM_SHOPIFY_PRODUCT_ID; exact live MC item_group_id export not present locally,dlm_7109084807265_mother_swimwear,dlm_style_7109084807265_mother_daughter_pastel_mermaid_scales_swimsuit_with_frill_detail,mother,swimwear,Swimwear,swimsuits,NEEDS_MERCHANT_EXPORT,https://cdn.shopify.com/s/files/1/1557/1635/files/pomelli-image_21_3fee4e5a-297c-4415-a0d9-9bd1c52c7b46.png?v=1771599150,https://www.dresslikemommy.com/products/mother-daughter-pastel-mermaid-scales-swimsuit-with-frill-detail,14.99,in_stock,7.50,49.97,margin_medium,1000,paid_eligible,margin_medium,swimsuits,aov_medium,us_test_ready,True,True,high,set,true,summer,0-25
7109084807265,41496962760801,mother-daughter-pastel-mermaid-scales-swimsuit-with-frill-detail,Mother & Daughter Pastel Mermaid Scales Swimsuit wi... | DLM,Child 8-10 years / Multi-Color,5173294768167-Size:Child 8-10T;Color:Multi-Color;,5173294768167,shopify_US_7109084807265_41496962760801,shopify_US_7109084807265,INFERRED_FROM_SHOPIFY_PRODUCT_ID; exact live MC item_group_id export not present locally,dlm_7109084807265_mother_swimwear,dlm_style_7109084807265_mother_daughter_pastel_mermaid_scales_swimsuit_with_frill_detail,mother,swimwear,Swimwear,swimsuits,NEEDS_MERCHANT_EXPORT,https://cdn.shopify.com/s/files/1/1557/1635/files/pomelli-image_21_3fee4e5a-297c-4415-a0d9-9bd1c52c7b46.png?v=1771599150,https://www.dresslikemommy.com/products/mother-daughter-pastel-mermaid-scales-swimsuit-with-frill-detail,14.99,in_stock,7.50,49.97,margin_medium,1000,paid_eligible,margin_medium,swimsuits,aov_medium,us_test_ready,True,True,high,set,true,summer,0-25
7109119705185,41497069289569,nautical-charm-flamingo-print-one-piece-swimsuits-for-mother-daughter,Nautical Charm Flamingo Print One-Piece Swimsuits f... | DLM,Mother L / Blue,5018704715752-Size:Mother L;Color:Blue;,5018704715752,shopify_US_7109119705185_41497069289569,shopify_US_7109119705185,INFERRED_FROM_SHOPIFY_PRODUCT_ID; exact live MC item_group_id export not present locally,dlm_7109119705185_mother_swimwear,dlm_style_7109119705185_nautical_charm_flamingo_print_one_piece_swimsuits_for_mother_daughter,mother,swimwear,Swimwear,swimsuits,NEEDS_MERCHANT_EXPORT,https://cdn.shopify.com/s/files/1/1557/1635/files/pomelli-image_2_93671840-4534-4202-870f-0cf258af1ccb.png?v=1771600758,https://www.dresslikemommy.com/products/nautical-charm-flamingo-print-one-piece-swimsuits-for-mother-daughter,16.99,in_stock,8.50,49.97,margin_medium,19782,paid_eligible,margin_medium,swimsuits,aov_medium,us_test_ready,True,True,high,set,true,summer,0-25
7109119705185,41497069322337,nautical-charm-flamingo-print-one-piece-swimsuits-for-mother-daughter,Nautical Charm Flamingo Print One-Piece Swimsuits f... | DLM,Mother XL / Blue,5018704715753-Size:Mother XL;Color:Blue;,5018704715753,shopify_US_7109119705185_41497069322337,shopify_US_7109119705185,INFERRED_FROM_SHOPIFY_PRODUCT_ID; exact live MC item_group_id export not present locally,dlm_7109119705185_mother_swimwear,dlm_style_7109119705185_nautical_charm_flamingo_print_one_piece_swimsuits_for_mother_daughter,mother,swimwear,Swimwear,swimsuits,NEEDS_MERCHANT_EXPORT,https://cdn.shopify.com/s/files/1/1557/1635/files/pomelli-image_2_93671840-4534-4202-870f-0cf258af1ccb.png?v=1771600758,https://www.dresslikemommy.com/products/nautical-charm-flamingo-print-one-piece-swimsuits-for-mother-daughter,16.99,in_stock,8.50,49.97,margin_medium,19970,paid_eligible,margin_medium,swimsuits,aov_medium,us_test_ready,True,True,high,set,true,summer,0-25
7109119705185,41497069420641,nautical-charm-flamingo-print-one-piece-swimsuits-for-mother-daughter,Nautical Charm Flamingo Print One-Piece Swimsuits f... | DLM,Child 4-5 years / Blue,5018704715756-Size:Child 4-5T;Color:Blue;,5018704715756,shopify_US_7109119705185_41497069420641,shopify_US_7109119705185,INFERRED_FROM_SHOPIFY_PRODUCT_ID; exact live MC item_group_id export not present locally,dlm_7109119705185_child_swimwear,dlm_style_7109119705185_nautical_charm_flamingo_print_one_piece_swimsuits_for_mother_daughter,child,swimwear,Swimwear,swimsuits,NEEDS_MERCHANT_EXPORT,https://cdn.shopify.com/s/files/1/1557/1635/files/pomelli-image_2_93671840-4534-4202-870f-0cf258af1ccb.png?v=1771600758,https://www.dresslikemommy.com/products/nautical-charm-flamingo-print-one-piece-swimsuits-for-mother-daughter,14.99,in_stock,7.50,49.97,margin_medium,19988,paid_eligible,margin_medium,swimsuits,aov_medium,us_test_ready,True,True,high,set,true,summer,0-25
7109119705185,41497069486177,nautical-charm-flamingo-print-one-piece-swimsuits-for-mother-daughter,Nautical Charm Flamingo Print One-Piece Swimsuits f... | DLM,Child 8-10 years / Blue,5018704715758-Size:Child 8-10T;Color:Blue;,5018704715758,shopify_US_7109119705185_41497069486177,shopify_US_7109119705185,INFERRED_FROM_SHOPIFY_PRODUCT_ID; exact live MC item_group_id export not present locally,dlm_7109119705185_child_swimwear,dlm_style_7109119705185_nautical_charm_flamingo_print_one_piece_swimsuits_for_mother_daughter,child,swimwear,Swimwear,swimsuits,NEEDS_MERCHANT_EXPORT,https://cdn.shopify.com/s/files/1/1557/1635/files/pomelli-image_2_93671840-4534-4202-870f-0cf258af1ccb.png?v=1771600758,https://www.dresslikemommy.com/products/nautical-charm-flamingo-print-one-piece-swimsuits-for-mother-daughter,14.99,in_stock,7.50,49.97,margin_medium,19994,paid_eligible,margin_medium,swimsuits,aov_medium,us_test_ready,True,True,high,set,true,summer,0-25
7108953604193,41496508432481,royal-blue-high-neck-halter-swimsuit-set-with-paisley-print-bottoms-elegant-family-beachwear,Royal Blue High-Neck Halter Swimsuit Set with Paisl... | DLM,Mother S / Blue,5173849917893-Size:Mother S;Color:Blue;,5173849917893,shopify_US_7108953604193_41496508432481,shopify_US_7108953604193,INFERRED_FROM_SHOPIFY_PRODUCT_ID; exact live MC item_group_id export not present locally,dlm_7108953604193_mother_swimwear,dlm_style_7108953604193_royal_blue_high_neck_halter_swimsuit_set_with_paisley_print_bottoms_elegant_family_beachwear,mother,swimwear,Swimwear,swimsuits,NEEDS_MERCHANT_EXPORT,https://cdn.shopify.com/s/files/1/1557/1635/files/pomelli-image_30.png?v=1771566174,https://www.dresslikemommy.com/products/royal-blue-high-neck-halter-swimsuit-set-with-paisley-print-bottoms-elegant-family-beachwear,17.99,in_stock,9.00,49.97,margin_medium,2997,paid_eligible,margin_medium,swimsuits,aov_medium,us_test_ready,True,True,high,set,true,summer,0-25
7108953604193,41496508465249,royal-blue-high-neck-halter-swimsuit-set-with-paisley-print-bottoms-elegant-family-beachwear,Royal Blue High-Neck Halter Swimsuit Set with Paisl... | DLM,Mother M / Blue,5173849917894-Size:Mother M;Color:Blue;,5173849917894,shopify_US_7108953604193_41496508465249,shopify_US_7108953604193,INFERRED_FROM_SHOPIFY_PRODUCT_ID; exact live MC item_group_id export not present locally,dlm_7108953604193_mother_swimwear,dlm_style_7108953604193_royal_blue_high_neck_halter_swimsuit_set_with_paisley_print_bottoms_elegant_family_beachwear,mother,swimwear,Swimwear,swimsuits,NEEDS_MERCHANT_EXPORT,https://cdn.shopify.com/s/files/1/1557/1635/files/pomelli-image_30.png?v=1771566174,https://www.dresslikemommy.com/products/royal-blue-high-neck-halter-swimsuit-set-with-paisley-print-bottoms-elegant-family-beachwear,17.99,in_stock,9.00,49.97,margin_medium,3000,paid_eligible,margin_medium,swimsuits,aov_medium,us_test_ready,True,True,high,set,true,summer,0-25
7108953604193,41496508530785,royal-blue-high-neck-halter-swimsuit-set-with-paisley-print-bottoms-elegant-family-beachwear,Royal Blue High-Neck Halter Swimsuit Set with Paisl... | DLM,Mother XL / Blue,5173849917896-Size:Mother XL;Color:Blue;,5173849917896,shopify_US_7108953604193_41496508530785,shopify_US_7108953604193,INFERRED_FROM_SHOPIFY_PRODUCT_ID; exact live MC item_group_id export not present locally,dlm_7108953604193_mother_swimwear,dlm_style_7108953604193_royal_blue_high_neck_halter_swimsuit_set_with_paisley_print_bottoms_elegant_family_beachwear,mother,swimwear,Swimwear,swimsuits,NEEDS_MERCHANT_EXPORT,https://cdn.shopify.com/s/files/1/1557/1635/files/pomelli-image_30.png?v=1771566174,https://www.dresslikemommy.com/products/royal-blue-high-neck-halter-swimsuit-set-with-paisley-print-bottoms-elegant-family-beachwear,17.99,in_stock,9.00,49.97,margin_medium,2994,paid_eligible,margin_medium,swimsuits,aov_medium,us_test_ready,True,True,high,set,true,summer,0-25
7108953604193,41496508694625,royal-blue-high-neck-halter-swimsuit-set-with-paisley-print-bottoms-elegant-family-beachwear,Royal Blue High-Neck Halter Swimsuit Set with Paisl... | DLM,Child 6-8 years / Blue,5173849917900-Size:Child 6-8T;Color:Blue;,5173849917900,shopify_US_7108953604193_41496508694625,shopify_US_7108953604193,INFERRED_FROM_SHOPIFY_PRODUCT_ID; exact live MC item_group_id export not present locally,dlm_7108953604193_child_swimwear,dlm_style_7108953604193_royal_blue_high_neck_halter_swimsuit_set_with_paisley_print_bottoms_elegant_family_beachwear,child,swimwear,Swimwear,swimsuits,NEEDS_MERCHANT_EXPORT,https://cdn.shopify.com/s/files/1/1557/1635/files/pomelli-image_30.png?v=1771566174,https://www.dresslikemommy.com/products/royal-blue-high-neck-halter-swimsuit-set-with-paisley-print-bottoms-elegant-family-beachwear,15.99,in_stock,8.00,49.97,margin_medium,2997,paid_eligible,margin_medium,swimsuits,aov_medium,us_test_ready,True,True,high,set,true,summer,0-25
7108953604193,41496508727393,royal-blue-high-neck-halter-swimsuit-set-with-paisley-print-bottoms-elegant-family-beachwear,Royal Blue High-Neck Halter Swimsuit Set with Paisl... | DLM,Child 8-10 years / Blue,5173849917901-Size:Child 8-10T;Color:Blue;,5173849917901,shopify_US_7108953604193_41496508727393,shopify_US_7108953604193,INFERRED_FROM_SHOPIFY_PRODUCT_ID; exact live MC item_group_id export not present locally,dlm_7108953604193_child_swimwear,dlm_style_7108953604193_royal_blue_high_neck_halter_swimsuit_set_with_paisley_print_bottoms_elegant_family_beachwear,child,swimwear,Swimwear,swimsuits,NEEDS_MERCHANT_EXPORT,https://cdn.shopify.com/s/files/1/1557/1635/files/pomelli-image_30.png?v=1771566174,https://www.dresslikemommy.com/products/royal-blue-high-neck-halter-swimsuit-set-with-paisley-print-bottoms-elegant-family-beachwear,15.99,in_stock,8.00,49.97,margin_medium,3000,paid_eligible,margin_medium,swimsuits,aov_medium,us_test_ready,True,True,high,set,true,summer,0-25
7108953604193,41496508760161,royal-blue-high-neck-halter-swimsuit-set-with-paisley-print-bottoms-elegant-family-beachwear,Royal Blue High-Neck Halter Swimsuit Set with Paisl... | DLM,Child 10-12 years / Blue,5173849917902-Size:Child 10-12T;Color:Blue;,5173849917902,shopify_US_7108953604193_41496508760161,shopify_US_7108953604193,INFERRED_FROM_SHOPIFY_PRODUCT_ID; exact live MC item_group_id export not present locally,dlm_7108953604193_child_swimwear,dlm_style_7108953604193_royal_blue_high_neck_halter_swimsuit_set_with_paisley_print_bottoms_elegant_family_beachwear,child,swimwear,Swimwear,swimsuits,NEEDS_MERCHANT_EXPORT,https://cdn.shopify.com/s/files/1/1557/1635/files/pomelli-image_30.png?v=1771566174,https://www.dresslikemommy.com/products/royal-blue-high-neck-halter-swimsuit-set-with-paisley-print-bottoms-elegant-family-beachwear,15.99,in_stock,8.00,49.97,margin_medium,3000,paid_eligible,margin_medium,swimsuits,aov_medium,us_test_ready,True,True,high,set,true,summer,0-25
7227378925665,41871520825441,tropical-matching-family-beach-outfits-colorful-leaf-print-summer-dresses-shorts-set,Tropical Beach Outfits Colorful Leaf Print Summer D... | DLM,Girl 4-5 Years / Red,5160980189803-01,5160980189803,shopify_US_7227378925665_41871520825441,shopify_US_7227378925665,INFERRED_FROM_SHOPIFY_PRODUCT_ID; exact live MC item_group_id export not present locally,dlm_7227378925665_child_sets,dlm_style_7227378925665_tropical_matching_family_beach_outfits_colorful_leaf_print_summer_dresses_shorts_set,child,sets,Sets,swimsuits,NEEDS_MERCHANT_EXPORT,https://cdn.shopify.com/s/files/1/1557/1635/files/pomelli-image_20_e4a08c36-25bb-4451-af42-555104d75daa.png?v=1772566662,https://www.dresslikemommy.com/products/tropical-matching-family-beach-outfits-colorful-leaf-print-summer-dresses-shorts-set,24.99,in_stock,12.50,49.98,margin_medium,989,paid_eligible,margin_medium,swimsuits,aov_medium,us_test_ready,True,True,high,set,true,summer,0-25
7227378925665,41871520858209,tropical-matching-family-beach-outfits-colorful-leaf-print-summer-dresses-shorts-set,Tropical Beach Outfits Colorful Leaf Print Summer D... | DLM,Girl 5-6 Years / Red,5160980189804-01,5160980189804,shopify_US_7227378925665_41871520858209,shopify_US_7227378925665,INFERRED_FROM_SHOPIFY_PRODUCT_ID; exact live MC item_group_id export not present locally,dlm_7227378925665_child_sets,dlm_style_7227378925665_tropical_matching_family_beach_outfits_colorful_leaf_print_summer_dresses_shorts_set,child,sets,Sets,swimsuits,NEEDS_MERCHANT_EXPORT,https://cdn.shopify.com/s/files/1/1557/1635/files/pomelli-image_20_e4a08c36-25bb-4451-af42-555104d75daa.png?v=1772566662,https://www.dresslikemommy.com/products/tropical-matching-family-beach-outfits-colorful-leaf-print-summer-dresses-shorts-set,24.99,in_stock,12.50,49.98,margin_medium,977,paid_eligible,margin_medium,swimsuits,aov_medium,us_test_ready,True,True,high,set,true,summer,0-25
7227378925665,41871520890977,tropical-matching-family-beach-outfits-colorful-leaf-print-summer-dresses-shorts-set,Tropical Beach Outfits Colorful Leaf Print Summer D... | DLM,Girl 6-7 Years / Red,5160980189805-01,5160980189805,shopify_US_7227378925665_41871520890977,shopify_US_7227378925665,INFERRED_FROM_SHOPIFY_PRODUCT_ID; exact live MC item_group_id export not present locally,dlm_7227378925665_child_sets,dlm_style_7227378925665_tropical_matching_family_beach_outfits_colorful_leaf_print_summer_dresses_shorts_set,child,sets,Sets,swimsuits,NEEDS_MERCHANT_EXPORT,https://cdn.shopify.com/s/files/1/1557/1635/files/pomelli-image_20_e4a08c36-25bb-4451-af42-555104d75daa.png?v=1772566662,https://www.dresslikemommy.com/products/tropical-matching-family-beach-outfits-colorful-leaf-print-summer-dresses-shorts-set,24.99,in_stock,12.50,49.98,margin_medium,963,paid_eligible,margin_medium,swimsuits,aov_medium,us_test_ready,True,True,high,set,true,summer,0-25
7227378925665,41871520989281,tropical-matching-family-beach-outfits-colorful-leaf-print-summer-dresses-shorts-set,Tropical Beach Outfits Colorful Leaf Print Summer D... | DLM,Girl 9-10 Years / Red,5160980189808-01,5160980189808,shopify_US_7227378925665_41871520989281,shopify_US_7227378925665,INFERRED_FROM_SHOPIFY_PRODUCT_ID; exact live MC item_group_id export not present locally,dlm_7227378925665_child_sets,dlm_style_7227378925665_tropical_matching_family_beach_outfits_colorful_leaf_print_summer_dresses_shorts_set,child,sets,Sets,swimsuits,NEEDS_MERCHANT_EXPORT,https://cdn.shopify.com/s/files/1/1557/1635/files/pomelli-image_20_e4a08c36-25bb-4451-af42-555104d75daa.png?v=1772566662,https://www.dresslikemommy.com/products/tropical-matching-family-beach-outfits-colorful-leaf-print-summer-dresses-shorts-set,24.99,in_stock,12.50,49.98,margin_medium,972,paid_eligible,margin_medium,swimsuits,aov_medium,us_test_ready,True,True,high,set,true,summer,0-25
7227378925665,41871521022049,tropical-matching-family-beach-outfits-colorful-leaf-print-summer-dresses-shorts-set,Tropical Beach Outfits Colorful Leaf Print Summer D... | DLM,Boy 3-4 Years / Red,5160980189809-01,5160980189809,shopify_US_7227378925665_41871521022049,shopify_US_7227378925665,INFERRED_FROM_SHOPIFY_PRODUCT_ID; exact live MC item_group_id export not present locally,dlm_7227378925665_child_sets,dlm_style_7227378925665_tropical_matching_family_beach_outfits_colorful_leaf_print_summer_dresses_shorts_set,child,sets,Sets,swimsuits,NEEDS_MERCHANT_EXPORT,https://cdn.shopify.com/s/files/1/1557/1635/files/pomelli-image_20_e4a08c36-25bb-4451-af42-555104d75daa.png?v=1772566662,https://www.dresslikemommy.com/products/tropical-matching-family-beach-outfits-colorful-leaf-print-summer-dresses-shorts-set,21.99,in_stock,11.00,49.98,margin_medium,990,paid_eligible,margin_medium,swimsuits,aov_medium,us_test_ready,True,True,high,set,true,summer,0-25
7227378925665,41871521054817,tropical-matching-family-beach-outfits-colorful-leaf-print-summer-dresses-shorts-set,Tropical Beach Outfits Colorful Leaf Print Summer D... | DLM,Boy 4-5 Years / Red,5160980189810-01,5160980189810,shopify_US_7227378925665_41871521054817,shopify_US_7227378925665,INFERRED_FROM_SHOPIFY_PRODUCT_ID; exact live MC item_group_id export not present locally,dlm_7227378925665_child_sets,dlm_style_7227378925665_tropical_matching_family_beach_outfits_colorful_leaf_print_summer_dresses_shorts_set,child,sets,Sets,swimsuits,NEEDS_MERCHANT_EXPORT,https://cdn.shopify.com/s/files/1/1557/1635/files/pomelli-image_20_e4a08c36-25bb-4451-af42-555104d75daa.png?v=1772566662,https://www.dresslikemommy.com/products/tropical-matching-family-beach-outfits-colorful-leaf-print-summer-dresses-shorts-set,21.99,in_stock,11.00,49.98,margin_medium,990,paid_eligible,margin_medium,swimsuits,aov_medium,us_test_ready,True,True,high,set,true,summer,0-25
7227378925665,41871521120353,tropical-matching-family-beach-outfits-colorful-leaf-print-summer-dresses-shorts-set,Tropical Beach Outfits Colorful Leaf Print Summer D... | DLM,Boy 6-7 Years / Red,5160980189812-01,5160980189812,shopify_US_7227378925665_41871521120353,shopify_US_7227378925665,INFERRED_FROM_SHOPIFY_PRODUCT_ID; exact live MC item_group_id export not present locally,dlm_7227378925665_child_sets,dlm_style_7227378925665_tropical_matching_family_beach_outfits_colorful_leaf_print_summer_dresses_shorts_set,child,sets,Sets,swimsuits,NEEDS_MERCHANT_EXPORT,https://cdn.shopify.com/s/files/1/1557/1635/files/pomelli-image_20_e4a08c36-25bb-4451-af42-555104d75daa.png?v=1772566662,https://www.dresslikemommy.com/products/tropical-matching-family-beach-outfits-colorful-leaf-print-summer-dresses-shorts-set,21.99,in_stock,11.00,49.98,margin_medium,987,paid_eligible,margin_medium,swimsuits,aov_medium,us_test_ready,True,True,high,set,true,summer,0-25
7227378925665,41871521185889,tropical-matching-family-beach-outfits-colorful-leaf-print-summer-dresses-shorts-set,Tropical Beach Outfits Colorful Leaf Print Summer D... | DLM,Boy 8-9 Years / Red,5160980189814-01,5160980189814,shopify_US_7227378925665_41871521185889,shopify_US_7227378925665,INFERRED_FROM_SHOPIFY_PRODUCT_ID; exact live MC item_group_id export not present locally,dlm_7227378925665_child_sets,dlm_style_7227378925665_tropical_matching_family_beach_outfits_colorful_leaf_print_summer_dresses_shorts_set,child,sets,Sets,swimsuits,NEEDS_MERCHANT_EXPORT,https://cdn.shopify.com/s/files/1/1557/1635/files/pomelli-image_20_e4a08c36-25bb-4451-af42-555104d75daa.png?v=1772566662,https://www.dresslikemommy.com/products/tropical-matching-family-beach-outfits-colorful-leaf-print-summer-dresses-shorts-set,21.99,in_stock,11.00,49.98,margin_medium,987,paid_eligible,margin_medium,swimsuits,aov_medium,us_test_ready,True,True,high,set,true,summer,0-25
7227378925665,41871521218657,tropical-matching-family-beach-outfits-colorful-leaf-print-summer-dresses-shorts-set,Tropical Beach Outfits Colorful Leaf Print Summer D... | DLM,Boy 9-10 Years / Red,5160980189815-01,5160980189815,shopify_US_7227378925665_41871521218657,shopify_US_7227378925665,INFERRED_FROM_SHOPIFY_PRODUCT_ID; exact live MC item_group_id export not present locally,dlm_7227378925665_child_sets,dlm_style_7227378925665_tropical_matching_family_beach_outfits_colorful_leaf_print_summer_dresses_shorts_set,child,sets,Sets,swimsuits,NEEDS_MERCHANT_EXPORT,https://cdn.shopify.com/s/files/1/1557/1635/files/pomelli-image_20_e4a08c36-25bb-4451-af42-555104d75daa.png?v=1772566662,https://www.dresslikemommy.com/products/tropical-matching-family-beach-outfits-colorful-leaf-print-summer-dresses-shorts-set,21.99,in_stock,11.00,49.98,margin_medium,985,paid_eligible,margin_medium,swimsuits,aov_medium,us_test_ready,True,True,high,set,true,summer,0-25
7227378925665,41871521316961,tropical-matching-family-beach-outfits-colorful-leaf-print-summer-dresses-shorts-set,Tropical Beach Outfits Colorful Leaf Print Summer D... | DLM,Mother L / Red,5160980189818-01,5160980189818,shopify_US_7227378925665_41871521316961,shopify_US_7227378925665,INFERRED_FROM_SHOPIFY_PRODUCT_ID; exact live MC item_group_id export not present locally,dlm_7227378925665_mother_sets,dlm_style_7227378925665_tropical_matching_family_beach_outfits_colorful_leaf_print_summer_dresses_shorts_set,mother,sets,Sets,swimsuits,NEEDS_MERCHANT_EXPORT,https://cdn.shopify.com/s/files/1/1557/1635/files/pomelli-image_20_e4a08c36-25bb-4451-af42-555104d75daa.png?v=1772566662,https://www.dresslikemommy.com/products/tropical-matching-family-beach-outfits-colorful-leaf-print-summer-dresses-shorts-set,29.99,in_stock,15.00,49.98,margin_medium,931,paid_eligible,margin_medium,swimsuits,aov_medium,us_test_ready,True,True,high,set,true,summer,0-25
7227378925665,41871521349729,tropical-matching-family-beach-outfits-colorful-leaf-print-summer-dresses-shorts-set,Tropical Beach Outfits Colorful Leaf Print Summer D... | DLM,Mother XL / Red,5160980189819-01,5160980189819,shopify_US_7227378925665_41871521349729,shopify_US_7227378925665,INFERRED_FROM_SHOPIFY_PRODUCT_ID; exact live MC item_group_id export not present locally,dlm_7227378925665_mother_sets,dlm_style_7227378925665_tropical_matching_family_beach_outfits_colorful_leaf_print_summer_dresses_shorts_set,mother,sets,Sets,swimsuits,NEEDS_MERCHANT_EXPORT,https://cdn.shopify.com/s/files/1/1557/1635/files/pomelli-image_20_e4a08c36-25bb-4451-af42-555104d75daa.png?v=1772566662,https://www.dresslikemommy.com/products/tropical-matching-family-beach-outfits-colorful-leaf-print-summer-dresses-shorts-set,29.99,in_stock,15.00,49.98,margin_medium,933,paid_eligible,margin_medium,swimsuits,aov_medium,us_test_ready,True,True,high,set,true,summer,0-25
7108998987873,41496666701921,tropical-one-shoulder-ruffle-swimsuit-for-women-and-girls-vibrant-floral-print-asymmetrical-design-family-matching-swimwear,Tropical One-Shoulder Ruffle Swimsuit for Women and... | DLM,Mother M / Multi-Color,5344330503828-Size:Mother M;Color:Multi-Color;,5344330503828,shopify_US_7108998987873_41496666701921,shopify_US_7108998987873,INFERRED_FROM_SHOPIFY_PRODUCT_ID; exact live MC item_group_id export not present locally,dlm_7108998987873_mother_swimwear,dlm_style_7108998987873_tropical_one_shoulder_ruffle_swimsuit_for_women_and_girls_vibrant_floral_print_asymmetrical_design_family_matching_swimwear,mother,swimwear,Swimwear,swimsuits,NEEDS_MERCHANT_EXPORT,https://cdn.shopify.com/s/files/1/1557/1635/files/pomelli-image.png?v=1771555683,https://www.dresslikemommy.com/products/tropical-one-shoulder-ruffle-swimsuit-for-women-and-girls-vibrant-floral-print-asymmetrical-design-family-matching-swimwear,19.99,in_stock,10.00,49.97,margin_medium,999,paid_eligible,margin_medium,swimsuits,aov_medium,us_test_ready,True,True,high,set,true,summer,0-25
7108998987873,41496666734689,tropical-one-shoulder-ruffle-swimsuit-for-women-and-girls-vibrant-floral-print-asymmetrical-design-family-matching-swimwear,Tropical One-Shoulder Ruffle Swimsuit for Women and... | DLM,Mother L / Multi-Color,5344330503829-Size:Mother L;Color:Multi-Color;,5344330503829,shopify_US_7108998987873_41496666734689,shopify_US_7108998987873,INFERRED_FROM_SHOPIFY_PRODUCT_ID; exact live MC item_group_id export not present locally,dlm_7108998987873_mother_swimwear,dlm_style_7108998987873_tropical_one_shoulder_ruffle_swimsuit_for_women_and_girls_vibrant_floral_print_asymmetrical_design_family_matching_swimwear,mother,swimwear,Swimwear,swimsuits,NEEDS_MERCHANT_EXPORT,https://cdn.shopify.com/s/files/1/1557/1635/files/pomelli-image.png?v=1771555683,https://www.dresslikemommy.com/products/tropical-one-shoulder-ruffle-swimsuit-for-women-and-girls-vibrant-floral-print-asymmetrical-design-family-matching-swimwear,19.99,in_stock,10.00,49.97,margin_medium,998,paid_eligible,margin_medium,swimsuits,aov_medium,us_test_ready,True,True,high,set,true,summer,0-25
7108998987873,41496666800225,tropical-one-shoulder-ruffle-swimsuit-for-women-and-girls-vibrant-floral-print-asymmetrical-design-family-matching-swimwear,Tropical One-Shoulder Ruffle Swimsuit for Women and... | DLM,Child 2-3 years / Multi-Color,5344330503831-Size:Child 2-3T;Color:Multi-Color;,5344330503831,shopify_US_7108998987873_41496666800225,shopify_US_7108998987873,INFERRED_FROM_SHOPIFY_PRODUCT_ID; exact live MC item_group_id export not present locally,dlm_7108998987873_mother_swimwear,dlm_style_7108998987873_tropical_one_shoulder_ruffle_swimsuit_for_women_and_girls_vibrant_floral_print_asymmetrical_design_family_matching_swimwear,mother,swimwear,Swimwear,swimsuits,NEEDS_MERCHANT_EXPORT,https://cdn.shopify.com/s/files/1/1557/1635/files/pomelli-image.png?v=1771555683,https://www.dresslikemommy.com/products/tropical-one-shoulder-ruffle-swimsuit-for-women-and-girls-vibrant-floral-print-asymmetrical-design-family-matching-swimwear,16.99,in_stock,8.50,49.97,margin_medium,996,paid_eligible,margin_medium,swimsuits,aov_medium,us_test_ready,True,True,high,set,true,summer,0-25
7108998987873,41496666832993,tropical-one-shoulder-ruffle-swimsuit-for-women-and-girls-vibrant-floral-print-asymmetrical-design-family-matching-swimwear,Tropical One-Shoulder Ruffle Swimsuit for Women and... | DLM,Child 3-4 years / Multi-Color,5344330503832-Size:Child 3-4T;Color:Multi-Color;,5344330503832,shopify_US_7108998987873_41496666832993,shopify_US_7108998987873,INFERRED_FROM_SHOPIFY_PRODUCT_ID; exact live MC item_group_id export not present locally,dlm_7108998987873_mother_swimwear,dlm_style_7108998987873_tropical_one_shoulder_ruffle_swimsuit_for_women_and_girls_vibrant_floral_print_asymmetrical_design_family_matching_swimwear,mother,swimwear,Swimwear,swimsuits,NEEDS_MERCHANT_EXPORT,https://cdn.shopify.com/s/files/1/1557/1635/files/pomelli-image.png?v=1771555683,https://www.dresslikemommy.com/products/tropical-one-shoulder-ruffle-swimsuit-for-women-and-girls-vibrant-floral-print-asymmetrical-design-family-matching-swimwear,16.99,in_stock,8.50,49.97,margin_medium,1000,paid_eligible,margin_medium,swimsuits,aov_medium,us_test_ready,True,True,high,set,true,summer,0-25
7108998987873,41496666898529,tropical-one-shoulder-ruffle-swimsuit-for-women-and-girls-vibrant-floral-print-asymmetrical-design-family-matching-swimwear,Tropical One-Shoulder Ruffle Swimsuit for Women and... | DLM,Child 6-8 years / Multi-Color,5344330503834-Size:Child 6-8T;Color:Multi-Color;,5344330503834,shopify_US_7108998987873_41496666898529,shopify_US_7108998987873,INFERRED_FROM_SHOPIFY_PRODUCT_ID; exact live MC item_group_id export not present locally,dlm_7108998987873_mother_swimwear,dlm_style_7108998987873_tropical_one_shoulder_ruffle_swimsuit_for_women_and_girls_vibrant_floral_print_asymmetrical_design_family_matching_swimwear,mother,swimwear,Swimwear,swimsuits,NEEDS_MERCHANT_EXPORT,https://cdn.shopify.com/s/files/1/1557/1635/files/pomelli-image.png?v=1771555683,https://www.dresslikemommy.com/products/tropical-one-shoulder-ruffle-swimsuit-for-women-and-girls-vibrant-floral-print-asymmetrical-design-family-matching-swimwear,16.99,in_stock,8.50,49.97,margin_medium,998,paid_eligible,margin_medium,swimsuits,aov_medium,us_test_ready,True,True,high,set,true,summer,0-25
7108998987873,41496666931297,tropical-one-shoulder-ruffle-swimsuit-for-women-and-girls-vibrant-floral-print-asymmetrical-design-family-matching-swimwear,Tropical One-Shoulder Ruffle Swimsuit for Women and... | DLM,Child 8-10 years / Multi-Color,5344330503835-Size:Child 8-10T;Color:Multi-Color;,5344330503835,shopify_US_7108998987873_41496666931297,shopify_US_7108998987873,INFERRED_FROM_SHOPIFY_PRODUCT_ID; exact live MC item_group_id export not present locally,dlm_7108998987873_mother_swimwear,dlm_style_7108998987873_tropical_one_shoulder_ruffle_swimsuit_for_women_and_girls_vibrant_floral_print_asymmetrical_design_family_matching_swimwear,mother,swimwear,Swimwear,swimsuits,NEEDS_MERCHANT_EXPORT,https://cdn.shopify.com/s/files/1/1557/1635/files/pomelli-image.png?v=1771555683,https://www.dresslikemommy.com/products/tropical-one-shoulder-ruffle-swimsuit-for-women-and-girls-vibrant-floral-print-asymmetrical-design-family-matching-swimwear,16.99,in_stock,8.50,49.97,margin_medium,999,paid_eligible,margin_medium,swimsuits,aov_medium,us_test_ready,True,True,high,set,true,summer,0-25
7108969037921,41496561418337,vibrant-halter-neck-one-piece-swimsuit-with-waist-tie-detail-mother-daughter-matching-swimwear-in-exquisite-baroque-print,Vibrant Halter Neck One-Piece Swimsuit with Waist T... | DLM,Mother M / Blue,5169861032305-Size:Mother M;Color:Blue;,5169861032305,shopify_US_7108969037921_41496561418337,shopify_US_7108969037921,INFERRED_FROM_SHOPIFY_PRODUCT_ID; exact live MC item_group_id export not present locally,dlm_7108969037921_mother_swimwear,dlm_style_7108969037921_vibrant_halter_neck_one_piece_swimsuit_with_waist_tie_detail_mother_daughter_matching_swimwear_in_exquisite_baroque_print,mother,swimwear,Swimwear,swimsuits,NEEDS_MERCHANT_EXPORT,https://cdn.shopify.com/s/files/1/1557/1635/files/pomelli-image_50.png?v=1771566838,https://www.dresslikemommy.com/products/vibrant-halter-neck-one-piece-swimsuit-with-waist-tie-detail-mother-daughter-matching-swimwear-in-exquisite-baroque-print,17.99,in_stock,9.00,49.97,margin_medium,1000,paid_eligible,margin_medium,swimsuits,aov_medium,us_test_ready,True,True,high,set,true,summer,0-25
7108969037921,41496561516641,vibrant-halter-neck-one-piece-swimsuit-with-waist-tie-detail-mother-daughter-matching-swimwear-in-exquisite-baroque-print,Vibrant Halter Neck One-Piece Swimsuit with Waist T... | DLM,Child 2-3 years / Blue,5169861032308-Size:Child 2-3T;Color:Blue;,5169861032308,shopify_US_7108969037921_41496561516641,shopify_US_7108969037921,INFERRED_FROM_SHOPIFY_PRODUCT_ID; exact live MC item_group_id export not present locally,dlm_7108969037921_child_swimwear,dlm_style_7108969037921_vibrant_halter_neck_one_piece_swimsuit_with_waist_tie_detail_mother_daughter_matching_swimwear_in_exquisite_baroque_print,child,swimwear,Swimwear,swimsuits,NEEDS_MERCHANT_EXPORT,https://cdn.shopify.com/s/files/1/1557/1635/files/pomelli-image_50.png?v=1771566838,https://www.dresslikemommy.com/products/vibrant-halter-neck-one-piece-swimsuit-with-waist-tie-detail-mother-daughter-matching-swimwear-in-exquisite-baroque-print,15.99,in_stock,8.00,49.97,margin_medium,998,paid_eligible,margin_medium,swimsuits,aov_medium,us_test_ready,True,True,high,set,true,summer,0-25
7108969037921,41496561647713,vibrant-halter-neck-one-piece-swimsuit-with-waist-tie-detail-mother-daughter-matching-swimwear-in-exquisite-baroque-print,Vibrant Halter Neck One-Piece Swimsuit with Waist T... | DLM,Child 8-10 years / Blue,5169861032312-Size:Child 8-10T;Color:Blue;,5169861032312,shopify_US_7108969037921_41496561647713,shopify_US_7108969037921,INFERRED_FROM_SHOPIFY_PRODUCT_ID; exact live MC item_group_id export not present locally,dlm_7108969037921_child_swimwear,dlm_style_7108969037921_vibrant_halter_neck_one_piece_swimsuit_with_waist_tie_detail_mother_daughter_matching_swimwear_in_exquisite_baroque_print,child,swimwear,Swimwear,swimsuits,NEEDS_MERCHANT_EXPORT,https://cdn.shopify.com/s/files/1/1557/1635/files/pomelli-image_50.png?v=1771566838,https://www.dresslikemommy.com/products/vibrant-halter-neck-one-piece-swimsuit-with-waist-tie-detail-mother-daughter-matching-swimwear-in-exquisite-baroque-print,15.99,in_stock,8.00,49.97,margin_medium,1000,paid_eligible,margin_medium,swimsuits,aov_medium,us_test_ready,True,True,high,set,true,summer,0-25
7108958519393,41496524488801,vibrant-one-shoulder-rainbow-trim-swimsuit-set-chic-monochrome-blue-with-colorful-accents-for-mother-daughter,Vibrant One-Shoulder Rainbow Trim Swimsuit Set - Ch... | DLM,Mother S / Blue,5344345886543-Size:Mother S;Color:Blue;,5344345886543,shopify_US_7108958519393_41496524488801,shopify_US_7108958519393,INFERRED_FROM_SHOPIFY_PRODUCT_ID; exact live MC item_group_id export not present locally,dlm_7108958519393_mother_swimwear,dlm_style_7108958519393_vibrant_one_shoulder_rainbow_trim_swimsuit_set_chic_monochrome_blue_with_colorful_accents_for_mother_daughter,mother,swimwear,Swimwear,swimsuits,NEEDS_MERCHANT_EXPORT,https://cdn.shopify.com/s/files/1/1557/1635/files/pomelli-image_42.png?v=1771566599,https://www.dresslikemommy.com/products/vibrant-one-shoulder-rainbow-trim-swimsuit-set-chic-monochrome-blue-with-colorful-accents-for-mother-daughter,17.99,in_stock,9.00,49.97,margin_medium,9999,paid_eligible,margin_medium,swimsuits,aov_medium,us_test_ready,True,True,high,set,true,summer,0-25
7108958519393,41496524619873,vibrant-one-shoulder-rainbow-trim-swimsuit-set-chic-monochrome-blue-with-colorful-accents-for-mother-daughter,Vibrant One-Shoulder Rainbow Trim Swimsuit Set - Ch... | DLM,Child 2-3 years / Blue,5344345886547-Size:Child 2-3T;Color:Blue;,5344345886547,shopify_US_7108958519393_41496524619873,shopify_US_7108958519393,INFERRED_FROM_SHOPIFY_PRODUCT_ID; exact live MC item_group_id export not present locally,dlm_7108958519393_child_swimwear,dlm_style_7108958519393_vibrant_one_shoulder_rainbow_trim_swimsuit_set_chic_monochrome_blue_with_colorful_accents_for_mother_daughter,child,swimwear,Swimwear,swimsuits,NEEDS_MERCHANT_EXPORT,https://cdn.shopify.com/s/files/1/1557/1635/files/pomelli-image_42.png?v=1771566599,https://www.dresslikemommy.com/products/vibrant-one-shoulder-rainbow-trim-swimsuit-set-chic-monochrome-blue-with-colorful-accents-for-mother-daughter,15.99,in_stock,8.00,49.97,margin_medium,9997,paid_eligible,margin_medium,swimsuits,aov_medium,us_test_ready,True,True,high,set,true,summer,0-25
7108958519393,41496524685409,vibrant-one-shoulder-rainbow-trim-swimsuit-set-chic-monochrome-blue-with-colorful-accents-for-mother-daughter,Vibrant One-Shoulder Rainbow Trim Swimsuit Set - Ch... | DLM,Child 4-5 years / Blue,5344345886549-Size:Child 4-5T;Color:Blue;,5344345886549,shopify_US_7108958519393_41496524685409,shopify_US_7108958519393,INFERRED_FROM_SHOPIFY_PRODUCT_ID; exact live MC item_group_id export not present locally,dlm_7108958519393_child_swimwear,dlm_style_7108958519393_vibrant_one_shoulder_rainbow_trim_swimsuit_set_chic_monochrome_blue_with_colorful_accents_for_mother_daughter,child,swimwear,Swimwear,swimsuits,NEEDS_MERCHANT_EXPORT,https://cdn.shopify.com/s/files/1/1557/1635/files/pomelli-image_42.png?v=1771566599,https://www.dresslikemommy.com/products/vibrant-one-shoulder-rainbow-trim-swimsuit-set-chic-monochrome-blue-with-colorful-accents-for-mother-daughter,15.99,in_stock,8.00,49.97,margin_medium,9999,paid_eligible,margin_medium,swimsuits,aov_medium,us_test_ready,True,True,high,set,true,summer,0-25
7108958519393,41496524718177,vibrant-one-shoulder-rainbow-trim-swimsuit-set-chic-monochrome-blue-with-colorful-accents-for-mother-daughter,Vibrant One-Shoulder Rainbow Trim Swimsuit Set - Ch... | DLM,Child 6-8 years / Blue,5344345886550-Size:Child 6-8T;Color:Blue;,5344345886550,shopify_US_7108958519393_41496524718177,shopify_US_7108958519393,INFERRED_FROM_SHOPIFY_PRODUCT_ID; exact live MC item_group_id export not present locally,dlm_7108958519393_child_swimwear,dlm_style_7108958519393_vibrant_one_shoulder_rainbow_trim_swimsuit_set_chic_monochrome_blue_with_colorful_accents_for_mother_daughter,child,swimwear,Swimwear,swimsuits,NEEDS_MERCHANT_EXPORT,https://cdn.shopify.com/s/files/1/1557/1635/files/pomelli-image_42.png?v=1771566599,https://www.dresslikemommy.com/products/vibrant-one-shoulder-rainbow-trim-swimsuit-set-chic-monochrome-blue-with-colorful-accents-for-mother-daughter,15.99,in_stock,8.00,49.97,margin_medium,10000,paid_eligible,margin_medium,swimsuits,aov_medium,us_test_ready,True,True,high,set,true,summer,0-25
7108958519393,41496524750945,vibrant-one-shoulder-rainbow-trim-swimsuit-set-chic-monochrome-blue-with-colorful-accents-for-mother-daughter,Vibrant One-Shoulder Rainbow Trim Swimsuit Set - Ch... | DLM,Child 8-10 years / Blue,5344345886551-Size:Child 8-10T;Color:Blue;,5344345886551,shopify_US_7108958519393_41496524750945,shopify_US_7108958519393,INFERRED_FROM_SHOPIFY_PRODUCT_ID; exact live MC item_group_id export not present locally,dlm_7108958519393_child_swimwear,dlm_style_7108958519393_vibrant_one_shoulder_rainbow_trim_swimsuit_set_chic_monochrome_blue_with_colorful_accents_for_mother_daughter,child,swimwear,Swimwear,swimsuits,NEEDS_MERCHANT_EXPORT,https://cdn.shopify.com/s/files/1/1557/1635/files/pomelli-image_42.png?v=1771566599,https://www.dresslikemommy.com/products/vibrant-one-shoulder-rainbow-trim-swimsuit-set-chic-monochrome-blue-with-colorful-accents-for-mother-daughter,15.99,in_stock,8.00,49.97,margin_medium,10000,paid_eligible,margin_medium,swimsuits,aov_medium,us_test_ready,True,True,high,set,true,summer,0-25
7227375714401,41871506767969,matching-family-yellow-beach-outfits-summer-vacation-dresses-shorts-set,Yellow Beach Outfits Summer Vacation Dresses & Shor... | DLM,Girl 4-5 Years / yellow,4642942037461-01,4642942037461,shopify_US_7227375714401_41871506767969,shopify_US_7227375714401,INFERRED_FROM_SHOPIFY_PRODUCT_ID; exact live MC item_group_id export not present locally,dlm_7227375714401_child_dress,dlm_style_7227375714401_matching_family_yellow_beach_outfits_summer_vacation_dresses_shorts_set,child,dress,Sets,swimsuits,NEEDS_MERCHANT_EXPORT,https://cdn.shopify.com/s/files/1/1557/1635/files/s90ze40wzxrmy0cwr81bjsf1hc.png?v=1772781548,https://www.dresslikemommy.com/products/matching-family-yellow-beach-outfits-summer-vacation-dresses-shorts-set,24.99,in_stock,12.50,49.98,margin_medium,993,paid_eligible,margin_medium,swimsuits,aov_medium,us_test_ready,True,True,high,set,true,year-round,0-25
7227375714401,41871506964577,matching-family-yellow-beach-outfits-summer-vacation-dresses-shorts-set,Yellow Beach Outfits Summer Vacation Dresses & Shor... | DLM,Boy 4-5 Years / yellow,4642942037454-01,4642942037454,shopify_US_7227375714401_41871506964577,shopify_US_7227375714401,INFERRED_FROM_SHOPIFY_PRODUCT_ID; exact live MC item_group_id export not present locally,dlm_7227375714401_child_dress,dlm_style_7227375714401_matching_family_yellow_beach_outfits_summer_vacation_dresses_shorts_set,child,dress,Sets,swimsuits,NEEDS_MERCHANT_EXPORT,https://cdn.shopify.com/s/files/1/1557/1635/files/s90ze40wzxrmy0cwr81bjsf1hc.png?v=1772781548,https://www.dresslikemommy.com/products/matching-family-yellow-beach-outfits-summer-vacation-dresses-shorts-set,19.99,in_stock,10.00,49.97,margin_medium,990,paid_eligible,margin_medium,swimsuits,aov_medium,us_test_ready,True,True,high,set,true,year-round,0-25
7227375714401,41871507062881,matching-family-yellow-beach-outfits-summer-vacation-dresses-shorts-set,Yellow Beach Outfits Summer Vacation Dresses & Shor... | DLM,Boy 7-8 Years / yellow,4642942037457-01,4642942037457,shopify_US_7227375714401_41871507062881,shopify_US_7227375714401,INFERRED_FROM_SHOPIFY_PRODUCT_ID; exact live MC item_group_id export not present locally,dlm_7227375714401_child_dress,dlm_style_7227375714401_matching_family_yellow_beach_outfits_summer_vacation_dresses_shorts_set,child,dress,Sets,swimsuits,NEEDS_MERCHANT_EXPORT,https://cdn.shopify.com/s/files/1/1557/1635/files/s90ze40wzxrmy0cwr81bjsf1hc.png?v=1772781548,https://www.dresslikemommy.com/products/matching-family-yellow-beach-outfits-summer-vacation-dresses-shorts-set,19.99,in_stock,10.00,49.97,margin_medium,990,paid_eligible,margin_medium,swimsuits,aov_medium,us_test_ready,True,True,high,set,true,year-round,0-25
7227375714401,41871507095649,matching-family-yellow-beach-outfits-summer-vacation-dresses-shorts-set,Yellow Beach Outfits Summer Vacation Dresses & Shor... | DLM,Boy 8-9 Years / yellow,4642942037458-01,4642942037458,shopify_US_7227375714401_41871507095649,shopify_US_7227375714401,INFERRED_FROM_SHOPIFY_PRODUCT_ID; exact live MC item_group_id export not present locally,dlm_7227375714401_child_dress,dlm_style_7227375714401_matching_family_yellow_beach_outfits_summer_vacation_dresses_shorts_set,child,dress,Sets,swimsuits,NEEDS_MERCHANT_EXPORT,https://cdn.shopify.com/s/files/1/1557/1635/files/s90ze40wzxrmy0cwr81bjsf1hc.png?v=1772781548,https://www.dresslikemommy.com/products/matching-family-yellow-beach-outfits-summer-vacation-dresses-shorts-set,19.99,in_stock,10.00,49.97,margin_medium,995,paid_eligible,margin_medium,swimsuits,aov_medium,us_test_ready,True,True,high,set,true,year-round,0-25
7227375714401,41871507193953,matching-family-yellow-beach-outfits-summer-vacation-dresses-shorts-set,Yellow Beach Outfits Summer Vacation Dresses & Shor... | DLM,Mother M / yellow,4642942037449-01,4642942037449,shopify_US_7227375714401_41871507193953,shopify_US_7227375714401,INFERRED_FROM_SHOPIFY_PRODUCT_ID; exact live MC item_group_id export not present locally,dlm_7227375714401_mother_dress,dlm_style_7227375714401_matching_family_yellow_beach_outfits_summer_vacation_dresses_shorts_set,mother,dress,Sets,swimsuits,NEEDS_MERCHANT_EXPORT,https://cdn.shopify.com/s/files/1/1557/1635/files/s90ze40wzxrmy0cwr81bjsf1hc.png?v=1772781548,https://www.dresslikemommy.com/products/matching-family-yellow-beach-outfits-summer-vacation-dresses-shorts-set,29.99,in_stock,15.00,49.98,margin_medium,889,paid_eligible,margin_medium,swimsuits,aov_medium,us_test_ready,True,True,high,set,true,year-round,0-25
7227375714401,41871507226721,matching-family-yellow-beach-outfits-summer-vacation-dresses-shorts-set,Yellow Beach Outfits Summer Vacation Dresses & Shor... | DLM,Mother L / yellow,4642942037450-01,4642942037450,shopify_US_7227375714401_41871507226721,shopify_US_7227375714401,INFERRED_FROM_SHOPIFY_PRODUCT_ID; exact live MC item_group_id export not present locally,dlm_7227375714401_mother_dress,dlm_style_7227375714401_matching_family_yellow_beach_outfits_summer_vacation_dresses_shorts_set,mother,dress,Sets,swimsuits,NEEDS_MERCHANT_EXPORT,https://cdn.shopify.com/s/files/1/1557/1635/files/s90ze40wzxrmy0cwr81bjsf1hc.png?v=1772781548,https://www.dresslikemommy.com/products/matching-family-yellow-beach-outfits-summer-vacation-dresses-shorts-set,29.99,in_stock,15.00,49.98,margin_medium,915,paid_eligible,margin_medium,swimsuits,aov_medium,us_test_ready,True,True,high,set,true,year-round,0-25
