id,custom_label_4
shopify_US_548423041054_7625001336862,EXCLUDE_PAID
shopify_US_548423041054_7625001369630,EXCLUDE_PAID
shopify_US_548423041054_7625001402398,EXCLUDE_PAID
shopify_US_548423041054_7625001435166,EXCLUDE_PAID
shopify_US_548423041054_7625001467934,EXCLUDE_PAID
shopify_US_548423041054_7625001500702,EXCLUDE_PAID
shopify_US_548423041054_7625001533470,EXCLUDE_PAID
shopify_US_548423041054_7625001566238,EXCLUDE_PAID
shopify_US_548423041054_7625001599006,EXCLUDE_PAID
shopify_US_548423041054_7625001631774,EXCLUDE_PAID
shopify_US_548423041054_7625001664542,EXCLUDE_PAID
shopify_US_548423041054_7625001697310,EXCLUDE_PAID
shopify_US_548423041054_7625001730078,EXCLUDE_PAID
shopify_US_548423041054_7625001762846,EXCLUDE_PAID
shopify_US_548423041054_7625001795614,EXCLUDE_PAID
shopify_US_548423041054_7625001828382,EXCLUDE_PAID
shopify_US_548423041054_7625001861150,EXCLUDE_PAID
shopify_US_548423041054_7625001893918,EXCLUDE_PAID
shopify_US_548423041054_7625001926686,EXCLUDE_PAID
shopify_US_548423041054_7625001959454,EXCLUDE_PAID
shopify_US_548423041054_7625001992222,EXCLUDE_PAID
shopify_US_548423041054_7625002024990,EXCLUDE_PAID
shopify_US_548423041054_7625002057758,EXCLUDE_PAID
shopify_US_548423041054_7625002090526,EXCLUDE_PAID
shopify_US_548423041054_7625002123294,EXCLUDE_PAID
shopify_US_548423041054_7625002156062,EXCLUDE_PAID
shopify_US_548423041054_7625002188830,EXCLUDE_PAID
shopify_US_548423041054_7625002221598,EXCLUDE_PAID
shopify_US_548423041054_7625002254366,EXCLUDE_PAID
shopify_US_548423041054_7625002287134,EXCLUDE_PAID
shopify_US_548423041054_7625002319902,EXCLUDE_PAID
shopify_US_548423041054_7625002352670,EXCLUDE_PAID
shopify_US_548423041054_7625002385438,EXCLUDE_PAID
shopify_US_548423041054_7625002418206,EXCLUDE_PAID
shopify_US_548423041054_7625002450974,EXCLUDE_PAID
shopify_US_548423041054_7625002483742,EXCLUDE_PAID
shopify_US_548423041054_7625002516510,EXCLUDE_PAID
shopify_US_548423041054_7625002549278,EXCLUDE_PAID
shopify_US_548423041054_7625002582046,EXCLUDE_PAID
shopify_US_548423041054_7625002614814,EXCLUDE_PAID
shopify_US_548423041054_7625002647582,EXCLUDE_PAID
shopify_US_548423041054_7625002680350,EXCLUDE_PAID
shopify_US_548423041054_7625002713118,EXCLUDE_PAID
shopify_US_548423041054_7625002745886,EXCLUDE_PAID
shopify_US_548423041054_7625002778654,EXCLUDE_PAID
shopify_US_548423041054_7625002811422,EXCLUDE_PAID
shopify_US_548423041054_7625002844190,EXCLUDE_PAID
shopify_US_548423041054_7625002876958,EXCLUDE_PAID
shopify_US_548423041054_7625002909726,EXCLUDE_PAID
shopify_US_548423041054_7625002942494,EXCLUDE_PAID
shopify_US_548423041054_7625002975262,EXCLUDE_PAID
shopify_US_548423041054_7625003008030,EXCLUDE_PAID
shopify_US_548423041054_7625003040798,EXCLUDE_PAID
shopify_US_548423041054_7625003073566,EXCLUDE_PAID
shopify_US_548423041054_7625003106334,EXCLUDE_PAID
shopify_US_548423041054_7625003171870,EXCLUDE_PAID
shopify_US_548423041054_7625003204638,EXCLUDE_PAID
shopify_US_548423041054_7625003237406,EXCLUDE_PAID
shopify_US_548423041054_7625003270174,EXCLUDE_PAID
shopify_US_548423041054_7625003302942,EXCLUDE_PAID
shopify_US_548423041054_7625003335710,EXCLUDE_PAID
shopify_US_548423041054_7625003368478,EXCLUDE_PAID
shopify_US_548423041054_7625003401246,EXCLUDE_PAID
shopify_US_548423041054_7625003434014,EXCLUDE_PAID
shopify_US_548423041054_7625003466782,EXCLUDE_PAID
shopify_US_548423041054_7625003499550,EXCLUDE_PAID
shopify_US_548423041054_7625003532318,EXCLUDE_PAID
shopify_US_548423041054_7625003565086,EXCLUDE_PAID
shopify_US_548423041054_7625003597854,EXCLUDE_PAID
shopify_US_548423041054_7625003630622,EXCLUDE_PAID
shopify_US_548423041054_7625003663390,EXCLUDE_PAID
shopify_US_548423041054_7625003696158,EXCLUDE_PAID
shopify_US_548423041054_7625003728926,EXCLUDE_PAID
shopify_US_548423041054_7625003761694,EXCLUDE_PAID
shopify_US_548423041054_7625003794462,EXCLUDE_PAID
shopify_US_739200696417_8105765240929,EXCLUDE_PAID
shopify_US_739200696417_8105765273697,EXCLUDE_PAID
shopify_US_739200696417_8105765306465,EXCLUDE_PAID
shopify_US_739200696417_8105765339233,EXCLUDE_PAID
shopify_US_4617147416673_32225215316065,EXCLUDE_PAID
shopify_US_4617147416673_32225215348833,EXCLUDE_PAID
shopify_US_4617147416673_32225215381601,EXCLUDE_PAID
shopify_US_4617147416673_32225215414369,EXCLUDE_PAID
shopify_US_4617147416673_32225215447137,EXCLUDE_PAID
shopify_US_4617147416673_32225215479905,EXCLUDE_PAID
shopify_US_4617147416673_32225215512673,EXCLUDE_PAID
shopify_US_4617147416673_32225215545441,EXCLUDE_PAID
shopify_US_4617147416673_32225215578209,EXCLUDE_PAID
shopify_US_4617147416673_32225215610977,EXCLUDE_PAID
shopify_US_4617147416673_32225215643745,EXCLUDE_PAID
shopify_US_4617147416673_32225215676513,EXCLUDE_PAID
shopify_US_4617147416673_32225215709281,EXCLUDE_PAID
shopify_US_4617147416673_32225215742049,EXCLUDE_PAID
shopify_US_4617147416673_32225215774817,EXCLUDE_PAID
shopify_US_4617147416673_32225215807585,EXCLUDE_PAID
shopify_US_4617147416673_32225215840353,EXCLUDE_PAID
shopify_US_4617147416673_32225215873121,EXCLUDE_PAID
shopify_US_4617147416673_32225215905889,EXCLUDE_PAID
shopify_US_4617147416673_32225215938657,EXCLUDE_PAID
shopify_US_4617147416673_32225215971425,EXCLUDE_PAID
shopify_US_4617147416673_32225216004193,EXCLUDE_PAID
shopify_US_4617147416673_32225216036961,EXCLUDE_PAID
shopify_US_4617147416673_32225216069729,EXCLUDE_PAID
shopify_US_4617229074529_32225493909601,EXCLUDE_PAID
shopify_US_4617229074529_32225493942369,EXCLUDE_PAID
shopify_US_4617229074529_32225493975137,EXCLUDE_PAID
shopify_US_4617229074529_32225494007905,EXCLUDE_PAID
shopify_US_4617229074529_32225494040673,EXCLUDE_PAID
shopify_US_4617229074529_32225494073441,EXCLUDE_PAID
shopify_US_4617229074529_32225494106209,EXCLUDE_PAID
shopify_US_4617229074529_32225494138977,EXCLUDE_PAID
shopify_US_4617229074529_32225494171745,EXCLUDE_PAID
shopify_US_4617229074529_32225494204513,EXCLUDE_PAID
shopify_US_4617229074529_32225494237281,EXCLUDE_PAID
shopify_US_4617229074529_32225494270049,EXCLUDE_PAID
shopify_US_4617229074529_32225494696033,EXCLUDE_PAID
shopify_US_4617229074529_32225494728801,EXCLUDE_PAID
shopify_US_4617229074529_32225494761569,EXCLUDE_PAID
shopify_US_4617229074529_32225494794337,EXCLUDE_PAID
shopify_US_4617229074529_32225494827105,EXCLUDE_PAID
shopify_US_4617229074529_32225494859873,EXCLUDE_PAID
shopify_US_4617229074529_32225494892641,EXCLUDE_PAID
shopify_US_4617229074529_32225494925409,EXCLUDE_PAID
shopify_US_4617229074529_32225494958177,EXCLUDE_PAID
shopify_US_4617229074529_32225494990945,EXCLUDE_PAID
shopify_US_4617229074529_32225495023713,EXCLUDE_PAID
shopify_US_4617229074529_32225495056481,EXCLUDE_PAID
shopify_US_4617229074529_32225542537313,EXCLUDE_PAID
shopify_US_4617229074529_32225542602849,EXCLUDE_PAID
shopify_US_4617229074529_32225542733921,EXCLUDE_PAID
shopify_US_4617229074529_32225542766689,EXCLUDE_PAID
shopify_US_4617229074529_32225542799457,EXCLUDE_PAID
shopify_US_4617229074529_32225542832225,EXCLUDE_PAID
shopify_US_4617229074529_32225542897761,EXCLUDE_PAID
shopify_US_4617229074529_32225542930529,EXCLUDE_PAID
shopify_US_4617229074529_32225542963297,EXCLUDE_PAID
shopify_US_4617229074529_32225543028833,EXCLUDE_PAID
shopify_US_4617229074529_32225543094369,EXCLUDE_PAID
shopify_US_4617229074529_32225543127137,EXCLUDE_PAID
shopify_US_4680207073377_32471817453665,EXCLUDE_PAID
shopify_US_4680207073377_32471817519201,EXCLUDE_PAID
shopify_US_4680207073377_32471817650273,EXCLUDE_PAID
shopify_US_4680207073377_32471817715809,EXCLUDE_PAID
shopify_US_4680207073377_32471817781345,EXCLUDE_PAID
shopify_US_4680207073377_32471817846881,EXCLUDE_PAID
shopify_US_4680207073377_32471817912417,EXCLUDE_PAID
shopify_US_4680207073377_32471817977953,EXCLUDE_PAID
shopify_US_4680207073377_32471818043489,EXCLUDE_PAID
shopify_US_4727854792801_32624272932961,EXCLUDE_PAID
shopify_US_4727854792801_32624272998497,EXCLUDE_PAID
shopify_US_4727854792801_32624273064033,EXCLUDE_PAID
shopify_US_4727854792801_32624273129569,EXCLUDE_PAID
shopify_US_4727854792801_32624273195105,EXCLUDE_PAID
shopify_US_4727854792801_32624273260641,EXCLUDE_PAID
shopify_US_4727854792801_32624273326177,EXCLUDE_PAID
shopify_US_4727854792801_32624273391713,EXCLUDE_PAID
shopify_US_4727854792801_32624273457249,EXCLUDE_PAID
shopify_US_4727854792801_32624273522785,EXCLUDE_PAID
shopify_US_4727854792801_32624273588321,EXCLUDE_PAID
shopify_US_4727854792801_32624273653857,EXCLUDE_PAID
shopify_US_4727854792801_32624273719393,EXCLUDE_PAID
shopify_US_4727854792801_32624273784929,EXCLUDE_PAID
shopify_US_4727854792801_32624273850465,EXCLUDE_PAID
shopify_US_4727863869537_32624309141601,EXCLUDE_PAID
shopify_US_4727863869537_32624309174369,EXCLUDE_PAID
shopify_US_4727863869537_32624309534817,EXCLUDE_PAID
shopify_US_4727863869537_32624309567585,EXCLUDE_PAID
shopify_US_4727863869537_32624309600353,EXCLUDE_PAID
shopify_US_4727863869537_32625369808993,EXCLUDE_PAID
shopify_US_4727863869537_32625371414625,EXCLUDE_PAID
shopify_US_4727863869537_32625372463201,EXCLUDE_PAID
shopify_US_4727863869537_32625374101601,EXCLUDE_PAID
shopify_US_4727863869537_32625377378401,EXCLUDE_PAID
shopify_US_4727863869537_32625379868769,EXCLUDE_PAID
shopify_US_4727863869537_32625381638241,EXCLUDE_PAID
shopify_US_4727863869537_32625383243873,EXCLUDE_PAID
shopify_US_4727863869537_32625397006433,EXCLUDE_PAID
shopify_US_4728180637793_32625493639265,EXCLUDE_PAID
shopify_US_4728180637793_32625493672033,EXCLUDE_PAID
shopify_US_4728180637793_32625493704801,EXCLUDE_PAID
shopify_US_4728180637793_32625493737569,EXCLUDE_PAID
shopify_US_4728180637793_32625493770337,EXCLUDE_PAID
shopify_US_4728180637793_32625493803105,EXCLUDE_PAID
shopify_US_4728180637793_32625493835873,EXCLUDE_PAID
shopify_US_4728180637793_32625493868641,EXCLUDE_PAID
shopify_US_4728180637793_32625493901409,EXCLUDE_PAID
shopify_US_4728180637793_32625493934177,EXCLUDE_PAID
shopify_US_4728180637793_32625493966945,EXCLUDE_PAID
shopify_US_4728180637793_32625493999713,EXCLUDE_PAID
shopify_US_4728180637793_32625494032481,EXCLUDE_PAID
shopify_US_4728180637793_32625494065249,EXCLUDE_PAID
shopify_US_4729347833953_32629010890849,EXCLUDE_PAID
shopify_US_4729347833953_32629010923617,EXCLUDE_PAID
shopify_US_4729347833953_32629010956385,EXCLUDE_PAID
shopify_US_4729347833953_32629010989153,EXCLUDE_PAID
shopify_US_4729347833953_32629011120225,EXCLUDE_PAID
shopify_US_4729347833953_32629011152993,EXCLUDE_PAID
shopify_US_4729347833953_32629011185761,EXCLUDE_PAID
shopify_US_4729347833953_32629011218529,EXCLUDE_PAID
shopify_US_4729347833953_32629011251297,EXCLUDE_PAID
shopify_US_4729347833953_32629011284065,EXCLUDE_PAID
shopify_US_4801305772129_32809160245345,EXCLUDE_PAID
shopify_US_4801305772129_32809160278113,EXCLUDE_PAID
shopify_US_4801305772129_32809160310881,EXCLUDE_PAID
shopify_US_4801305772129_32809160343649,EXCLUDE_PAID
shopify_US_4801305772129_32809160376417,EXCLUDE_PAID
shopify_US_4801305772129_32809160409185,EXCLUDE_PAID
shopify_US_4801305772129_32809160441953,EXCLUDE_PAID
shopify_US_4801305772129_32809160507489,EXCLUDE_PAID
shopify_US_4801305772129_32809160540257,EXCLUDE_PAID
shopify_US_4801305772129_32809160573025,EXCLUDE_PAID
shopify_US_4801326973025_32809264054369,EXCLUDE_PAID
shopify_US_4801326973025_32809264087137,EXCLUDE_PAID
shopify_US_4801326973025_32809264119905,EXCLUDE_PAID
shopify_US_4801326973025_32809264152673,EXCLUDE_PAID
shopify_US_4801326973025_32809264185441,EXCLUDE_PAID
shopify_US_4801326973025_32809264218209,EXCLUDE_PAID
shopify_US_4801326973025_32809264250977,EXCLUDE_PAID
shopify_US_4801326973025_32809264283745,EXCLUDE_PAID
shopify_US_4801326973025_32809264316513,EXCLUDE_PAID
shopify_US_4801326973025_32809264349281,EXCLUDE_PAID
shopify_US_4801326973025_32809271722081,EXCLUDE_PAID
shopify_US_4801326973025_32809282306145,EXCLUDE_PAID
shopify_US_4801326973025_32809285877857,EXCLUDE_PAID
shopify_US_4801326973025_32809285943393,EXCLUDE_PAID
shopify_US_4801326973025_32809286008929,EXCLUDE_PAID
shopify_US_4801326973025_32809286041697,EXCLUDE_PAID
shopify_US_4801326973025_32809286074465,EXCLUDE_PAID
shopify_US_4801326973025_32809286107233,EXCLUDE_PAID
shopify_US_4801326973025_32809286140001,EXCLUDE_PAID
shopify_US_4801326973025_32809286205537,EXCLUDE_PAID
shopify_US_4801326973025_32809286238305,EXCLUDE_PAID
shopify_US_4801326973025_32809286271073,EXCLUDE_PAID
shopify_US_4801326973025_32809286303841,EXCLUDE_PAID
shopify_US_4801326973025_32809286336609,EXCLUDE_PAID
shopify_US_4802661679201_32811725979745,EXCLUDE_PAID
shopify_US_4802661679201_32811726012513,EXCLUDE_PAID
shopify_US_4802661679201_32811726045281,EXCLUDE_PAID
shopify_US_4802661679201_32811726078049,EXCLUDE_PAID
shopify_US_4802661679201_32811726110817,EXCLUDE_PAID
shopify_US_4802661679201_32811726274657,EXCLUDE_PAID
shopify_US_4802661679201_32811726307425,EXCLUDE_PAID
shopify_US_4802661679201_32811726340193,EXCLUDE_PAID
shopify_US_4802661679201_32811726372961,EXCLUDE_PAID
shopify_US_4802661679201_32811726405729,EXCLUDE_PAID
shopify_US_4804861722721_32817630150753,EXCLUDE_PAID
shopify_US_4804861722721_32817630183521,EXCLUDE_PAID
shopify_US_4804861722721_32817630216289,EXCLUDE_PAID
shopify_US_4804861722721_32817630249057,EXCLUDE_PAID
shopify_US_4804861722721_32817630281825,EXCLUDE_PAID
shopify_US_4804861722721_32817630314593,EXCLUDE_PAID
shopify_US_4804861722721_32817630347361,EXCLUDE_PAID
shopify_US_4804861722721_32817630380129,EXCLUDE_PAID
shopify_US_4804861722721_32817630412897,EXCLUDE_PAID
shopify_US_4804861722721_32817630445665,EXCLUDE_PAID
shopify_US_4804861722721_32817631363169,EXCLUDE_PAID
shopify_US_4804861722721_32817631428705,EXCLUDE_PAID
shopify_US_4804861722721_32817631461473,EXCLUDE_PAID
shopify_US_4804861722721_32817632804961,EXCLUDE_PAID
shopify_US_4804861722721_32817632837729,EXCLUDE_PAID
shopify_US_4804861722721_32817632870497,EXCLUDE_PAID
shopify_US_4804861722721_32817632903265,EXCLUDE_PAID
shopify_US_4804861722721_32817632936033,EXCLUDE_PAID
shopify_US_4804861722721_32817632968801,EXCLUDE_PAID
shopify_US_4804861722721_32817633001569,EXCLUDE_PAID
shopify_US_4804861722721_32817633034337,EXCLUDE_PAID
shopify_US_4804861722721_32817633067105,EXCLUDE_PAID
shopify_US_4804861722721_32817633099873,EXCLUDE_PAID
shopify_US_4804861722721_32817633132641,EXCLUDE_PAID
shopify_US_4804861722721_32817633165409,EXCLUDE_PAID
shopify_US_4804861722721_32817633198177,EXCLUDE_PAID
shopify_US_4804903207009_32817728618593,EXCLUDE_PAID
shopify_US_4804903207009_32817728651361,EXCLUDE_PAID
shopify_US_4804903207009_32817728684129,EXCLUDE_PAID
shopify_US_4804903207009_32817728716897,EXCLUDE_PAID
shopify_US_4804903207009_32817728749665,EXCLUDE_PAID
shopify_US_4804903207009_32817728782433,EXCLUDE_PAID
shopify_US_4804903207009_32817728815201,EXCLUDE_PAID
shopify_US_4804903207009_32817728847969,EXCLUDE_PAID
shopify_US_4804903207009_32817728880737,EXCLUDE_PAID
shopify_US_4804903207009_32817728913505,EXCLUDE_PAID
shopify_US_4804903207009_32817728946273,EXCLUDE_PAID
shopify_US_4804903207009_32817728979041,EXCLUDE_PAID
shopify_US_4804903207009_32817729011809,EXCLUDE_PAID
shopify_US_4804903207009_32817732517985,EXCLUDE_PAID
shopify_US_4804903207009_32817732550753,EXCLUDE_PAID
shopify_US_4804903207009_32817732583521,EXCLUDE_PAID
shopify_US_4804903207009_32817732616289,EXCLUDE_PAID
shopify_US_4804903207009_32817732649057,EXCLUDE_PAID
shopify_US_4804903207009_32817732681825,EXCLUDE_PAID
shopify_US_4804903207009_32817732714593,EXCLUDE_PAID
shopify_US_4804903207009_32817732747361,EXCLUDE_PAID
shopify_US_4804903207009_32817732780129,EXCLUDE_PAID
shopify_US_4804903207009_32817732812897,EXCLUDE_PAID
shopify_US_4804903207009_32817732845665,EXCLUDE_PAID
shopify_US_4804903207009_32817732878433,EXCLUDE_PAID
shopify_US_4804903207009_32817732911201,EXCLUDE_PAID
shopify_US_4804903207009_32817733173345,EXCLUDE_PAID
shopify_US_4804903207009_32817733206113,EXCLUDE_PAID
shopify_US_4804903207009_32817733238881,EXCLUDE_PAID
shopify_US_4804903207009_32817733271649,EXCLUDE_PAID
shopify_US_4804903207009_32817733304417,EXCLUDE_PAID
shopify_US_4804903207009_32817733337185,EXCLUDE_PAID
shopify_US_4804903207009_32817733369953,EXCLUDE_PAID
shopify_US_4804903207009_32817733402721,EXCLUDE_PAID
shopify_US_4804903207009_32817733435489,EXCLUDE_PAID
shopify_US_4804903207009_32817733468257,EXCLUDE_PAID
shopify_US_4804903207009_32817733501025,EXCLUDE_PAID
shopify_US_4804903207009_32817733533793,EXCLUDE_PAID
shopify_US_4804903207009_32817733566561,EXCLUDE_PAID
shopify_US_4804917559393_32817748836449,EXCLUDE_PAID
shopify_US_4804917559393_32817748869217,EXCLUDE_PAID
shopify_US_4804917559393_32817748934753,EXCLUDE_PAID
shopify_US_4804917559393_32817748967521,EXCLUDE_PAID
shopify_US_4804917559393_32817749033057,EXCLUDE_PAID
shopify_US_4804917559393_32817749065825,EXCLUDE_PAID
shopify_US_4804917559393_32817749131361,EXCLUDE_PAID
shopify_US_4804917559393_32817749164129,EXCLUDE_PAID
shopify_US_4804917559393_32817749229665,EXCLUDE_PAID
shopify_US_4804917559393_32817749262433,EXCLUDE_PAID
shopify_US_4804917559393_32817749327969,EXCLUDE_PAID
shopify_US_4804917559393_32817749360737,EXCLUDE_PAID
shopify_US_4804917559393_32817749426273,EXCLUDE_PAID
shopify_US_4804917559393_32817749459041,EXCLUDE_PAID
shopify_US_4804917559393_32817749524577,EXCLUDE_PAID
shopify_US_4804917559393_32817749557345,EXCLUDE_PAID
shopify_US_4804917559393_32817749622881,EXCLUDE_PAID
shopify_US_4804917559393_32817749655649,EXCLUDE_PAID
shopify_US_4804917559393_32817749721185,EXCLUDE_PAID
shopify_US_4804917559393_32817749753953,EXCLUDE_PAID
shopify_US_4804917559393_32817749819489,EXCLUDE_PAID
shopify_US_4804917559393_32817749852257,EXCLUDE_PAID
shopify_US_4804917559393_32817749917793,EXCLUDE_PAID
shopify_US_4804917559393_32817749950561,EXCLUDE_PAID
shopify_US_4804917559393_32817750016097,EXCLUDE_PAID
shopify_US_4804917559393_32817750048865,EXCLUDE_PAID
shopify_US_4804917559393_32817757651041,EXCLUDE_PAID
shopify_US_4804917559393_32817757683809,EXCLUDE_PAID
shopify_US_4804917559393_32817757716577,EXCLUDE_PAID
shopify_US_4804917559393_32817757749345,EXCLUDE_PAID
shopify_US_4804917559393_32817757782113,EXCLUDE_PAID
shopify_US_4804917559393_32817757814881,EXCLUDE_PAID
shopify_US_4804917559393_32817757847649,EXCLUDE_PAID
shopify_US_4804917559393_32817757880417,EXCLUDE_PAID
shopify_US_4804917559393_32817757913185,EXCLUDE_PAID
shopify_US_4804917559393_32817757945953,EXCLUDE_PAID
shopify_US_4804917559393_32817757978721,EXCLUDE_PAID
shopify_US_4804917559393_32817758011489,EXCLUDE_PAID
shopify_US_4804917559393_32817758044257,EXCLUDE_PAID
shopify_US_4804951670881_32817942003809,EXCLUDE_PAID
shopify_US_4804951670881_32817942134881,EXCLUDE_PAID
shopify_US_4804951670881_32817942265953,EXCLUDE_PAID
shopify_US_4804951670881_32817942397025,EXCLUDE_PAID
shopify_US_4804951670881_32817942528097,EXCLUDE_PAID
shopify_US_4804951670881_32817942659169,EXCLUDE_PAID
shopify_US_4804951670881_32817942790241,EXCLUDE_PAID
shopify_US_4804951670881_32817942921313,EXCLUDE_PAID
shopify_US_4804951670881_32817943052385,EXCLUDE_PAID
shopify_US_4804951670881_32817943183457,EXCLUDE_PAID
shopify_US_4804951670881_32817943314529,EXCLUDE_PAID
shopify_US_4804951670881_32817943445601,EXCLUDE_PAID
shopify_US_4804951670881_32817943576673,EXCLUDE_PAID
shopify_US_4808303738977_32824868536417,EXCLUDE_PAID
shopify_US_4808303738977_32824868601953,EXCLUDE_PAID
shopify_US_4808303738977_32824868667489,EXCLUDE_PAID
shopify_US_4808303738977_32824868733025,EXCLUDE_PAID
shopify_US_4808303738977_32824868798561,EXCLUDE_PAID
shopify_US_4808303738977_32824868864097,EXCLUDE_PAID
shopify_US_4808303738977_32824868929633,EXCLUDE_PAID
shopify_US_4808303738977_32824869060705,EXCLUDE_PAID
shopify_US_4808303738977_32824869126241,EXCLUDE_PAID
shopify_US_4808303738977_32824869191777,EXCLUDE_PAID
shopify_US_4808303738977_32824869257313,EXCLUDE_PAID
shopify_US_4815349121121_32858782924897,EXCLUDE_PAID
shopify_US_4815349121121_32858782957665,EXCLUDE_PAID
shopify_US_4815349121121_32858782990433,EXCLUDE_PAID
shopify_US_4815349121121_32858783023201,EXCLUDE_PAID
shopify_US_4815349121121_32858783055969,EXCLUDE_PAID
shopify_US_4815349121121_32858783088737,EXCLUDE_PAID
shopify_US_4815349121121_32858783121505,EXCLUDE_PAID
shopify_US_4815349121121_32858783154273,EXCLUDE_PAID
shopify_US_4815370125409_32859942715489,EXCLUDE_PAID
shopify_US_4815370125409_32859942748257,EXCLUDE_PAID
shopify_US_4815370125409_32859942781025,EXCLUDE_PAID
shopify_US_4815370125409_32859942813793,EXCLUDE_PAID
shopify_US_4815370125409_32859942846561,EXCLUDE_PAID
shopify_US_4815370125409_32859942879329,EXCLUDE_PAID
shopify_US_4815370125409_32859942912097,EXCLUDE_PAID
shopify_US_4815370125409_32859942944865,EXCLUDE_PAID
shopify_US_4815370125409_32859942977633,EXCLUDE_PAID
shopify_US_4815370125409_32859943010401,EXCLUDE_PAID
shopify_US_4815370125409_32859972141153,EXCLUDE_PAID
shopify_US_4815370125409_32859973812321,EXCLUDE_PAID
shopify_US_4815370125409_32859973910625,EXCLUDE_PAID
shopify_US_6587188805729_39378124800097,EXCLUDE_PAID
shopify_US_6587188805729_39378124898401,EXCLUDE_PAID
shopify_US_6587188805729_39378124963937,EXCLUDE_PAID
shopify_US_6587188805729_39378125029473,EXCLUDE_PAID
shopify_US_6587188805729_39378125422689,EXCLUDE_PAID
shopify_US_6587188805729_39378125488225,EXCLUDE_PAID
shopify_US_6587188805729_39378125553761,EXCLUDE_PAID
shopify_US_6587188805729_39378125684833,EXCLUDE_PAID
shopify_US_6587229700193_39378260983905,EXCLUDE_PAID
shopify_US_6587229700193_39378261016673,EXCLUDE_PAID
shopify_US_6587229700193_39378261049441,EXCLUDE_PAID
shopify_US_6587229700193_39378261082209,EXCLUDE_PAID
shopify_US_6587229700193_39378261114977,EXCLUDE_PAID
shopify_US_6587229700193_39378261147745,EXCLUDE_PAID
shopify_US_6587229700193_39378261213281,EXCLUDE_PAID
shopify_US_6587229700193_39378261246049,EXCLUDE_PAID
shopify_US_6587229700193_39378261278817,EXCLUDE_PAID
shopify_US_6587229700193_39378261311585,EXCLUDE_PAID
shopify_US_6587229700193_39378261344353,EXCLUDE_PAID
shopify_US_6587229700193_39378261377121,EXCLUDE_PAID
shopify_US_6587229700193_39378261409889,EXCLUDE_PAID
shopify_US_6587229700193_39378261442657,EXCLUDE_PAID
shopify_US_6587229700193_39378261475425,EXCLUDE_PAID
shopify_US_6587229700193_39378261508193,EXCLUDE_PAID
shopify_US_6587229700193_39378261540961,EXCLUDE_PAID
shopify_US_6587229700193_39378261573729,EXCLUDE_PAID
shopify_US_6587229700193_39378261606497,EXCLUDE_PAID
shopify_US_6587229700193_39378261639265,EXCLUDE_PAID
shopify_US_6587229700193_39378261672033,EXCLUDE_PAID
shopify_US_6587229700193_39378261704801,EXCLUDE_PAID
shopify_US_6587229700193_39378261737569,EXCLUDE_PAID
shopify_US_6587229700193_39378261770337,EXCLUDE_PAID
shopify_US_6587229700193_39378261803105,EXCLUDE_PAID
shopify_US_6587229700193_39378261835873,EXCLUDE_PAID
shopify_US_6587229700193_39378261868641,EXCLUDE_PAID
shopify_US_6587229700193_39378261934177,EXCLUDE_PAID
shopify_US_6587229700193_39378261966945,EXCLUDE_PAID
shopify_US_6587229700193_39378261999713,EXCLUDE_PAID
shopify_US_6587229700193_39378274910305,EXCLUDE_PAID
shopify_US_6587229700193_39378274943073,EXCLUDE_PAID
shopify_US_6587229700193_39378274975841,EXCLUDE_PAID
shopify_US_6587229700193_39378275041377,EXCLUDE_PAID
shopify_US_6587229700193_39378275106913,EXCLUDE_PAID
shopify_US_6587229700193_39378275205217,EXCLUDE_PAID
shopify_US_6587229700193_39378275237985,EXCLUDE_PAID
shopify_US_6587229700193_39378275303521,EXCLUDE_PAID
shopify_US_6587229700193_39378275369057,EXCLUDE_PAID
shopify_US_6587229700193_39378275401825,EXCLUDE_PAID
shopify_US_6587229700193_39378275434593,EXCLUDE_PAID
shopify_US_6587229700193_39378275532897,EXCLUDE_PAID
shopify_US_6587229700193_39378275565665,EXCLUDE_PAID
shopify_US_6587229700193_39378275631201,EXCLUDE_PAID
shopify_US_6587229700193_39378275663969,EXCLUDE_PAID
shopify_US_6587249819745_39378319573089,EXCLUDE_PAID
shopify_US_6587249819745_39378319671393,EXCLUDE_PAID
shopify_US_6587249819745_39378319769697,EXCLUDE_PAID
shopify_US_6587249819745_39378319868001,EXCLUDE_PAID
shopify_US_6587249819745_39378320064609,EXCLUDE_PAID
shopify_US_6587249819745_39378320162913,EXCLUDE_PAID
shopify_US_6587249819745_39378320261217,EXCLUDE_PAID
shopify_US_6587249819745_39378320359521,EXCLUDE_PAID
shopify_US_6587249819745_39378320457825,EXCLUDE_PAID
shopify_US_6587249819745_39378320556129,EXCLUDE_PAID
shopify_US_6587249819745_39378320654433,EXCLUDE_PAID
shopify_US_6587249819745_39378320752737,EXCLUDE_PAID
shopify_US_6587249819745_39378320851041,EXCLUDE_PAID
shopify_US_6587249819745_39378320949345,EXCLUDE_PAID
shopify_US_6613901967457_39452548923489,EXCLUDE_PAID
shopify_US_6613901967457_39452548989025,EXCLUDE_PAID
shopify_US_6613901967457_39452549054561,EXCLUDE_PAID
shopify_US_6613901967457_39452549120097,EXCLUDE_PAID
shopify_US_6613901967457_39452549185633,EXCLUDE_PAID
shopify_US_6613901967457_39452549251169,EXCLUDE_PAID
shopify_US_6613901967457_39452549316705,EXCLUDE_PAID
shopify_US_6613901967457_39452549382241,EXCLUDE_PAID
shopify_US_6613901967457_39452570288225,EXCLUDE_PAID
shopify_US_6613901967457_39452570320993,EXCLUDE_PAID
shopify_US_6613901967457_39452570353761,EXCLUDE_PAID
shopify_US_6613901967457_39452570386529,EXCLUDE_PAID
shopify_US_6613901967457_39452570419297,EXCLUDE_PAID
shopify_US_6613901967457_39452570452065,EXCLUDE_PAID
shopify_US_6613901967457_39452570484833,EXCLUDE_PAID
shopify_US_6613901967457_39452570517601,EXCLUDE_PAID
shopify_US_6613909307489_39452574875745,EXCLUDE_PAID
shopify_US_6613909307489_39452574908513,EXCLUDE_PAID
shopify_US_6613909307489_39452575006817,EXCLUDE_PAID
shopify_US_6613909307489_39452575039585,EXCLUDE_PAID
shopify_US_6613909307489_39452575137889,EXCLUDE_PAID
shopify_US_6613909307489_39452575170657,EXCLUDE_PAID
shopify_US_6613909307489_39452575268961,EXCLUDE_PAID
shopify_US_6613909307489_39452575301729,EXCLUDE_PAID
shopify_US_6613909307489_39452575400033,EXCLUDE_PAID
shopify_US_6613909307489_39452575432801,EXCLUDE_PAID
shopify_US_6613909307489_39452575531105,EXCLUDE_PAID
shopify_US_6613909307489_39452575563873,EXCLUDE_PAID
shopify_US_6613909307489_39452575662177,EXCLUDE_PAID
shopify_US_6613909307489_39452575694945,EXCLUDE_PAID
shopify_US_6613909307489_39452575793249,EXCLUDE_PAID
shopify_US_6613909307489_39452575826017,EXCLUDE_PAID
shopify_US_6613920186465_39452617179233,EXCLUDE_PAID
shopify_US_6613920186465_39452617212001,EXCLUDE_PAID
shopify_US_6613920186465_39452617244769,EXCLUDE_PAID
shopify_US_6613920186465_39452617277537,EXCLUDE_PAID
shopify_US_6613920186465_39452617310305,EXCLUDE_PAID
shopify_US_6613920186465_39452617343073,EXCLUDE_PAID
shopify_US_6613920186465_39452617375841,EXCLUDE_PAID
shopify_US_6613920186465_39452617408609,EXCLUDE_PAID
shopify_US_6613920186465_39452617441377,EXCLUDE_PAID
shopify_US_6613920186465_39452617474145,EXCLUDE_PAID
shopify_US_6613920186465_39452617506913,EXCLUDE_PAID
shopify_US_6613920186465_39452617539681,EXCLUDE_PAID
shopify_US_6613920186465_39452617605217,EXCLUDE_PAID
shopify_US_6613920186465_39452617637985,EXCLUDE_PAID
shopify_US_6613920186465_39452617670753,EXCLUDE_PAID
shopify_US_6613920186465_39452617703521,EXCLUDE_PAID
shopify_US_6613920186465_39452619472993,EXCLUDE_PAID
shopify_US_6613920186465_39452619505761,EXCLUDE_PAID
shopify_US_6613920186465_39452619538529,EXCLUDE_PAID
shopify_US_6613920186465_39452619571297,EXCLUDE_PAID
shopify_US_6613920186465_39452619604065,EXCLUDE_PAID
shopify_US_6613920186465_39452619636833,EXCLUDE_PAID
shopify_US_6613920186465_39452619669601,EXCLUDE_PAID
shopify_US_6613920186465_39452619702369,EXCLUDE_PAID
shopify_US_6614633152609_39455616172129,EXCLUDE_PAID
shopify_US_6614633152609_39455616204897,EXCLUDE_PAID
shopify_US_6614633152609_39455616237665,EXCLUDE_PAID
shopify_US_6614633152609_39455616270433,EXCLUDE_PAID
shopify_US_6614633152609_39455616303201,EXCLUDE_PAID
shopify_US_6614633152609_39455616434273,EXCLUDE_PAID
shopify_US_6614633152609_39455616467041,EXCLUDE_PAID
shopify_US_6614633152609_39455616499809,EXCLUDE_PAID
shopify_US_6614633152609_39455616532577,EXCLUDE_PAID
shopify_US_6614633152609_39455616598113,EXCLUDE_PAID
shopify_US_6614633152609_39455616630881,EXCLUDE_PAID
shopify_US_6614729621601_39455916392545,EXCLUDE_PAID
shopify_US_6614729621601_39455916425313,EXCLUDE_PAID
shopify_US_6614729621601_39455916490849,EXCLUDE_PAID
shopify_US_6614729621601_39455916523617,EXCLUDE_PAID
shopify_US_6614729621601_39455916589153,EXCLUDE_PAID
shopify_US_6614729621601_39455916621921,EXCLUDE_PAID
shopify_US_6614729621601_39455916687457,EXCLUDE_PAID
shopify_US_6614729621601_39455916720225,EXCLUDE_PAID
shopify_US_6614729621601_39455916785761,EXCLUDE_PAID
shopify_US_6614729621601_39455916818529,EXCLUDE_PAID
shopify_US_6614729621601_39455916884065,EXCLUDE_PAID
shopify_US_6614729621601_39455916916833,EXCLUDE_PAID
shopify_US_6614729621601_39455916982369,EXCLUDE_PAID
shopify_US_6614729621601_39455917015137,EXCLUDE_PAID
shopify_US_6614729621601_39455917080673,EXCLUDE_PAID
shopify_US_6614729621601_39455917113441,EXCLUDE_PAID
shopify_US_6614729621601_39455918260321,EXCLUDE_PAID
shopify_US_6614729621601_39455918293089,EXCLUDE_PAID
shopify_US_6614729621601_39455932711009,EXCLUDE_PAID
shopify_US_6614729621601_39455937560673,EXCLUDE_PAID
shopify_US_6613920186465_39455943000161,EXCLUDE_PAID
shopify_US_6613920186465_39455943032929,EXCLUDE_PAID
shopify_US_6613920186465_39455943065697,EXCLUDE_PAID
shopify_US_6613920186465_39455943196769,EXCLUDE_PAID
shopify_US_6613920186465_39455943229537,EXCLUDE_PAID
shopify_US_6613920186465_39455943262305,EXCLUDE_PAID
shopify_US_6613909307489_39455948111969,EXCLUDE_PAID
shopify_US_6613909307489_39455948144737,EXCLUDE_PAID
shopify_US_6613909307489_39455948341345,EXCLUDE_PAID
shopify_US_6613909307489_39455948374113,EXCLUDE_PAID
shopify_US_6639695331425_39525052219489,EXCLUDE_PAID
shopify_US_6639695331425_39525052416097,EXCLUDE_PAID
shopify_US_6639695331425_39525052612705,EXCLUDE_PAID
shopify_US_6639695331425_39525052842081,EXCLUDE_PAID
shopify_US_6639695331425_39525053038689,EXCLUDE_PAID
shopify_US_6639695331425_39525053235297,EXCLUDE_PAID
shopify_US_6639695331425_39525053431905,EXCLUDE_PAID
shopify_US_6639695331425_39525053628513,EXCLUDE_PAID
shopify_US_6639695331425_39525053825121,EXCLUDE_PAID
shopify_US_6639695331425_39525054021729,EXCLUDE_PAID
shopify_US_6639695331425_39525057527905,EXCLUDE_PAID
shopify_US_6639695331425_39525057626209,EXCLUDE_PAID
shopify_US_6639695331425_39525057658977,EXCLUDE_PAID
shopify_US_6639695331425_39525057921121,EXCLUDE_PAID
shopify_US_6639695331425_39525059100769,EXCLUDE_PAID
shopify_US_6639695331425_39525059133537,EXCLUDE_PAID
shopify_US_6639695331425_39525059166305,EXCLUDE_PAID
shopify_US_6639695331425_39525059199073,EXCLUDE_PAID
shopify_US_6639695331425_39525059231841,EXCLUDE_PAID
shopify_US_6639695331425_39525059264609,EXCLUDE_PAID
shopify_US_6639695331425_39525059297377,EXCLUDE_PAID
shopify_US_6639695331425_39525059330145,EXCLUDE_PAID
shopify_US_6639695331425_39525059362913,EXCLUDE_PAID
shopify_US_6639695331425_39525059395681,EXCLUDE_PAID
shopify_US_6639695331425_39525059428449,EXCLUDE_PAID
shopify_US_6639695331425_39525059461217,EXCLUDE_PAID
shopify_US_6639695331425_39525059493985,EXCLUDE_PAID
shopify_US_6639695331425_39525059526753,EXCLUDE_PAID
shopify_US_6639695331425_39525059887201,EXCLUDE_PAID
shopify_US_6639695331425_39525059919969,EXCLUDE_PAID
shopify_US_6639695331425_39525059952737,EXCLUDE_PAID
shopify_US_6639695331425_39525059985505,EXCLUDE_PAID
shopify_US_6639695331425_39525060018273,EXCLUDE_PAID
shopify_US_6639695331425_39525060051041,EXCLUDE_PAID
shopify_US_6639695331425_39525060083809,EXCLUDE_PAID
shopify_US_6639695331425_39525060116577,EXCLUDE_PAID
shopify_US_6639695331425_39525060149345,EXCLUDE_PAID
shopify_US_6639695331425_39525060182113,EXCLUDE_PAID
shopify_US_6639695331425_39525060214881,EXCLUDE_PAID
shopify_US_6639695331425_39525060247649,EXCLUDE_PAID
shopify_US_6639695331425_39525060280417,EXCLUDE_PAID
shopify_US_6639695331425_39525060313185,EXCLUDE_PAID
shopify_US_6639695331425_39525060411489,EXCLUDE_PAID
shopify_US_6639695331425_39525060444257,EXCLUDE_PAID
shopify_US_6639695331425_39525060477025,EXCLUDE_PAID
shopify_US_6639695331425_39525060509793,EXCLUDE_PAID
shopify_US_6639695331425_39525060542561,EXCLUDE_PAID
shopify_US_6639695331425_39525060575329,EXCLUDE_PAID
shopify_US_6639695331425_39525060608097,EXCLUDE_PAID
shopify_US_6639695331425_39525060673633,EXCLUDE_PAID
shopify_US_6639695331425_39525060968545,EXCLUDE_PAID
shopify_US_6639695331425_39525061001313,EXCLUDE_PAID
shopify_US_6639695331425_39525061034081,EXCLUDE_PAID
shopify_US_6639695331425_39525061066849,EXCLUDE_PAID
shopify_US_6639695331425_39525061099617,EXCLUDE_PAID
shopify_US_6639695331425_39525061132385,EXCLUDE_PAID
shopify_US_6639695331425_39525061525601,EXCLUDE_PAID
shopify_US_6639695331425_39525061558369,EXCLUDE_PAID
shopify_US_6639695331425_39525061591137,EXCLUDE_PAID
shopify_US_6639695331425_39525061623905,EXCLUDE_PAID
shopify_US_6639695331425_39525061656673,EXCLUDE_PAID
shopify_US_6639695331425_39525061689441,EXCLUDE_PAID
shopify_US_6639695331425_39525061722209,EXCLUDE_PAID
shopify_US_6639695331425_39525061754977,EXCLUDE_PAID
shopify_US_6639695331425_39525061787745,EXCLUDE_PAID
shopify_US_6639695331425_39525061820513,EXCLUDE_PAID
shopify_US_6639695331425_39525061853281,EXCLUDE_PAID
shopify_US_6639695331425_39525061918817,EXCLUDE_PAID
shopify_US_6639695331425_39525061951585,EXCLUDE_PAID
shopify_US_6639695331425_39525061984353,EXCLUDE_PAID
shopify_US_6640605986913_39528103903329,EXCLUDE_PAID
shopify_US_6640605986913_39528103936097,EXCLUDE_PAID
shopify_US_6640605986913_39528104067169,EXCLUDE_PAID
shopify_US_6640605986913_39528104099937,EXCLUDE_PAID
shopify_US_6640605986913_39528104198241,EXCLUDE_PAID
shopify_US_6640605986913_39528104231009,EXCLUDE_PAID
shopify_US_6640605986913_39528104329313,EXCLUDE_PAID
shopify_US_6640605986913_39528104460385,EXCLUDE_PAID
shopify_US_6640605986913_39528104755297,EXCLUDE_PAID
shopify_US_6640605986913_39528104820833,EXCLUDE_PAID
shopify_US_6640605986913_39528104919137,EXCLUDE_PAID
shopify_US_6640605986913_39528104951905,EXCLUDE_PAID
shopify_US_6640605986913_39528105050209,EXCLUDE_PAID
shopify_US_6640605986913_39528105082977,EXCLUDE_PAID
shopify_US_6640605986913_39528105181281,EXCLUDE_PAID
shopify_US_6640605986913_39528105214049,EXCLUDE_PAID
shopify_US_6640605986913_39528105312353,EXCLUDE_PAID
shopify_US_6640605986913_39528105345121,EXCLUDE_PAID
shopify_US_6640605986913_39528131035233,EXCLUDE_PAID
shopify_US_6640605986913_39528131100769,EXCLUDE_PAID
shopify_US_6640605986913_39528131133537,EXCLUDE_PAID
shopify_US_6640605986913_39528131166305,EXCLUDE_PAID
shopify_US_6640605986913_39528131199073,EXCLUDE_PAID
shopify_US_6640605986913_39528131231841,EXCLUDE_PAID
shopify_US_6640605986913_39528131264609,EXCLUDE_PAID
shopify_US_6640605986913_39528131297377,EXCLUDE_PAID
shopify_US_6640605986913_39528131330145,EXCLUDE_PAID
shopify_US_6640605986913_39528131395681,EXCLUDE_PAID
shopify_US_6640605986913_39528131428449,EXCLUDE_PAID
shopify_US_6640605986913_39528131461217,EXCLUDE_PAID
shopify_US_6640605986913_39528131493985,EXCLUDE_PAID
shopify_US_6640605986913_39528131526753,EXCLUDE_PAID
shopify_US_6640605986913_39528131559521,EXCLUDE_PAID
shopify_US_6640605986913_39528131592289,EXCLUDE_PAID
shopify_US_6640605986913_39528131625057,EXCLUDE_PAID
shopify_US_6640605986913_39528131657825,EXCLUDE_PAID
shopify_US_6640605986913_39528135032929,EXCLUDE_PAID
shopify_US_6640605986913_39528135065697,EXCLUDE_PAID
shopify_US_6640605986913_39528135295073,EXCLUDE_PAID
shopify_US_6640605986913_39528135327841,EXCLUDE_PAID
shopify_US_6640605986913_39528136015969,EXCLUDE_PAID
shopify_US_6640605986913_39528136048737,EXCLUDE_PAID
shopify_US_6640605986913_39528136376417,EXCLUDE_PAID
shopify_US_6640605986913_39528136409185,EXCLUDE_PAID
shopify_US_6640631808097_39528168783969,EXCLUDE_PAID
shopify_US_6640631808097_39528168915041,EXCLUDE_PAID
shopify_US_6640631808097_39528169046113,EXCLUDE_PAID
shopify_US_6640631808097_39528169242721,EXCLUDE_PAID
shopify_US_6640631808097_39528169275489,EXCLUDE_PAID
shopify_US_6640631808097_39528169308257,EXCLUDE_PAID
shopify_US_6640631808097_39528169439329,EXCLUDE_PAID
shopify_US_6640631808097_39528169570401,EXCLUDE_PAID
shopify_US_6640631808097_39528169701473,EXCLUDE_PAID
shopify_US_6640631808097_39528169832545,EXCLUDE_PAID
shopify_US_6640631808097_39528169996385,EXCLUDE_PAID
shopify_US_6640631808097_39528170029153,EXCLUDE_PAID
shopify_US_6640631808097_39528170061921,EXCLUDE_PAID
shopify_US_6640631808097_39528174387297,EXCLUDE_PAID
shopify_US_6640631808097_39528174420065,EXCLUDE_PAID
shopify_US_6640631808097_39528174452833,EXCLUDE_PAID
shopify_US_6640631808097_39528174485601,EXCLUDE_PAID
shopify_US_6640631808097_39528174518369,EXCLUDE_PAID
shopify_US_6640631808097_39528174551137,EXCLUDE_PAID
shopify_US_6640631808097_39528174616673,EXCLUDE_PAID
shopify_US_6640631808097_39528174649441,EXCLUDE_PAID
shopify_US_6640631808097_39528174682209,EXCLUDE_PAID
shopify_US_6640631808097_39528174714977,EXCLUDE_PAID
shopify_US_6640631808097_39528174747745,EXCLUDE_PAID
shopify_US_6640631808097_39528174780513,EXCLUDE_PAID
shopify_US_6640631808097_39528174846049,EXCLUDE_PAID
shopify_US_6640631808097_39528175370337,EXCLUDE_PAID
shopify_US_6640631808097_39528175403105,EXCLUDE_PAID
shopify_US_6640631808097_39528175435873,EXCLUDE_PAID
shopify_US_6640631808097_39528175468641,EXCLUDE_PAID
shopify_US_6640631808097_39528175501409,EXCLUDE_PAID
shopify_US_6640631808097_39528175730785,EXCLUDE_PAID
shopify_US_6640631808097_39528175763553,EXCLUDE_PAID
shopify_US_6640631808097_39528175796321,EXCLUDE_PAID
shopify_US_6640631808097_39528175829089,EXCLUDE_PAID
shopify_US_6640631808097_39528175861857,EXCLUDE_PAID
shopify_US_6640631808097_39528175894625,EXCLUDE_PAID
shopify_US_6640631808097_39528175927393,EXCLUDE_PAID
shopify_US_6640631808097_39528175960161,EXCLUDE_PAID
shopify_US_6640631808097_39528176386145,EXCLUDE_PAID
shopify_US_6640631808097_39528176418913,EXCLUDE_PAID
shopify_US_6640631808097_39528176451681,EXCLUDE_PAID
shopify_US_6640631808097_39528176484449,EXCLUDE_PAID
shopify_US_6640631808097_39528176517217,EXCLUDE_PAID
shopify_US_6640631808097_39528176549985,EXCLUDE_PAID
shopify_US_6640631808097_39528176582753,EXCLUDE_PAID
shopify_US_6640631808097_39528176615521,EXCLUDE_PAID
shopify_US_6640631808097_39528176681057,EXCLUDE_PAID
shopify_US_6640631808097_39528176713825,EXCLUDE_PAID
shopify_US_6640631808097_39528176746593,EXCLUDE_PAID
shopify_US_6640631808097_39528176779361,EXCLUDE_PAID
shopify_US_6640631808097_39528176812129,EXCLUDE_PAID
shopify_US_6640631808097_39528177795169,EXCLUDE_PAID
shopify_US_6640631808097_39528177827937,EXCLUDE_PAID
shopify_US_6640631808097_39528177860705,EXCLUDE_PAID
shopify_US_6640631808097_39528177926241,EXCLUDE_PAID
shopify_US_6640631808097_39528177959009,EXCLUDE_PAID
shopify_US_6640631808097_39528177991777,EXCLUDE_PAID
shopify_US_6640631808097_39528178024545,EXCLUDE_PAID
shopify_US_6640631808097_39528178057313,EXCLUDE_PAID
shopify_US_6640631808097_39528178090081,EXCLUDE_PAID
shopify_US_6640631808097_39528178122849,EXCLUDE_PAID
shopify_US_6640631808097_39528178155617,EXCLUDE_PAID
shopify_US_6640631808097_39528178221153,EXCLUDE_PAID
shopify_US_6640631808097_39528178253921,EXCLUDE_PAID
shopify_US_6640671686753_39528324563041,EXCLUDE_PAID
shopify_US_6640671686753_39528324595809,EXCLUDE_PAID
shopify_US_6640671686753_39528324628577,EXCLUDE_PAID
shopify_US_6640671686753_39528324661345,EXCLUDE_PAID
shopify_US_6640671686753_39528324694113,EXCLUDE_PAID
shopify_US_6640671686753_39528324726881,EXCLUDE_PAID
shopify_US_6640671686753_39528324759649,EXCLUDE_PAID
shopify_US_6640671686753_39528324792417,EXCLUDE_PAID
shopify_US_6640671686753_39528324825185,EXCLUDE_PAID
shopify_US_6640671686753_39528324857953,EXCLUDE_PAID
shopify_US_6640671686753_39528324890721,EXCLUDE_PAID
shopify_US_6640671686753_39528324923489,EXCLUDE_PAID
shopify_US_6640671686753_39528324956257,EXCLUDE_PAID
shopify_US_6640671686753_39528324989025,EXCLUDE_PAID
shopify_US_6640671686753_39528325021793,EXCLUDE_PAID
shopify_US_6640671686753_39528325054561,EXCLUDE_PAID
shopify_US_6640671686753_39528325087329,EXCLUDE_PAID
shopify_US_6640671686753_39528325120097,EXCLUDE_PAID
shopify_US_6640671686753_39528325152865,EXCLUDE_PAID
shopify_US_6640671686753_39528325185633,EXCLUDE_PAID
shopify_US_6640671686753_39528325218401,EXCLUDE_PAID
shopify_US_6640671686753_39528325251169,EXCLUDE_PAID
shopify_US_6640671686753_39528325283937,EXCLUDE_PAID
shopify_US_6640671686753_39528325316705,EXCLUDE_PAID
shopify_US_6640671686753_39528325349473,EXCLUDE_PAID
shopify_US_6640671686753_39528325382241,EXCLUDE_PAID
shopify_US_6640671686753_39528325415009,EXCLUDE_PAID
shopify_US_6640671686753_39528325447777,EXCLUDE_PAID
shopify_US_6640671686753_39528325480545,EXCLUDE_PAID
shopify_US_6640671686753_39528325513313,EXCLUDE_PAID
shopify_US_6640671686753_39528325546081,EXCLUDE_PAID
shopify_US_6640671686753_39528325578849,EXCLUDE_PAID
shopify_US_6640671686753_39528325611617,EXCLUDE_PAID
shopify_US_6640671686753_39528325644385,EXCLUDE_PAID
shopify_US_6640671686753_39528325677153,EXCLUDE_PAID
shopify_US_6640671686753_39528325709921,EXCLUDE_PAID
shopify_US_6640671686753_39528325742689,EXCLUDE_PAID
shopify_US_6640671686753_39528325775457,EXCLUDE_PAID
shopify_US_6640671686753_39528325808225,EXCLUDE_PAID
shopify_US_6640671686753_39528329085025,EXCLUDE_PAID
shopify_US_6640671686753_39528329183329,EXCLUDE_PAID
shopify_US_6640671686753_39528329248865,EXCLUDE_PAID
shopify_US_6640671686753_39528329281633,EXCLUDE_PAID
shopify_US_6640671686753_39528329314401,EXCLUDE_PAID
shopify_US_6640671686753_39528329347169,EXCLUDE_PAID
shopify_US_6640671686753_39528329379937,EXCLUDE_PAID
shopify_US_6640671686753_39528329576545,EXCLUDE_PAID
shopify_US_6640671686753_39528329740385,EXCLUDE_PAID
shopify_US_6640671686753_39528330330209,EXCLUDE_PAID
shopify_US_6640671686753_39528330821729,EXCLUDE_PAID
shopify_US_6640671686753_39528331313249,EXCLUDE_PAID
shopify_US_6640671686753_39528331346017,EXCLUDE_PAID
shopify_US_6640671686753_39528332197985,EXCLUDE_PAID
shopify_US_6640671686753_39528332230753,EXCLUDE_PAID
shopify_US_6640671686753_39528332263521,EXCLUDE_PAID
shopify_US_6640671686753_39528332296289,EXCLUDE_PAID
shopify_US_6640671686753_39528332329057,EXCLUDE_PAID
shopify_US_6640671686753_39528332361825,EXCLUDE_PAID
shopify_US_6640671686753_39528332394593,EXCLUDE_PAID
shopify_US_6640671686753_39528332427361,EXCLUDE_PAID
shopify_US_6640671686753_39528332460129,EXCLUDE_PAID
shopify_US_6640671686753_39528332492897,EXCLUDE_PAID
shopify_US_6640671686753_39528332525665,EXCLUDE_PAID
shopify_US_6640671686753_39528332558433,EXCLUDE_PAID
shopify_US_6640671686753_39528332623969,EXCLUDE_PAID
shopify_US_6640760160353_39528603123809,EXCLUDE_PAID
shopify_US_6640760160353_39528603222113,EXCLUDE_PAID
shopify_US_6640760160353_39528603287649,EXCLUDE_PAID
shopify_US_6640760160353_39528603418721,EXCLUDE_PAID
shopify_US_6640760160353_39528603484257,EXCLUDE_PAID
shopify_US_6640760160353_39528603582561,EXCLUDE_PAID
shopify_US_6640760160353_39528603648097,EXCLUDE_PAID
shopify_US_6640760160353_39528603746401,EXCLUDE_PAID
shopify_US_6640760160353_39528603811937,EXCLUDE_PAID
shopify_US_6640760160353_39528603910241,EXCLUDE_PAID
shopify_US_6640760160353_39528603975777,EXCLUDE_PAID
shopify_US_6640760160353_39528604074081,EXCLUDE_PAID
shopify_US_6640760160353_39528604139617,EXCLUDE_PAID
shopify_US_6640760160353_39528604237921,EXCLUDE_PAID
shopify_US_6640760160353_39528604303457,EXCLUDE_PAID
shopify_US_6640760160353_39528604401761,EXCLUDE_PAID
shopify_US_6640760160353_39528604467297,EXCLUDE_PAID
shopify_US_6640760160353_39528604565601,EXCLUDE_PAID
shopify_US_6640760160353_39528604631137,EXCLUDE_PAID
shopify_US_6640760160353_39528604729441,EXCLUDE_PAID
shopify_US_6640760160353_39528604794977,EXCLUDE_PAID
shopify_US_6640760160353_39528604893281,EXCLUDE_PAID
shopify_US_6640760160353_39528604958817,EXCLUDE_PAID
shopify_US_6640760160353_39528605057121,EXCLUDE_PAID
shopify_US_6640760160353_39528605122657,EXCLUDE_PAID
shopify_US_6640760160353_39528605220961,EXCLUDE_PAID
shopify_US_6640857776225_39529020096609,EXCLUDE_PAID
shopify_US_6640857776225_39529020227681,EXCLUDE_PAID
shopify_US_6640857776225_39529020358753,EXCLUDE_PAID
shopify_US_6640857776225_39529020489825,EXCLUDE_PAID
shopify_US_6640857776225_39529020620897,EXCLUDE_PAID
shopify_US_6640857776225_39529020751969,EXCLUDE_PAID
shopify_US_6640857776225_39529020883041,EXCLUDE_PAID
shopify_US_6640857776225_39529021014113,EXCLUDE_PAID
shopify_US_6640857776225_39529021145185,EXCLUDE_PAID
shopify_US_6640857776225_39529021276257,EXCLUDE_PAID
shopify_US_6640857776225_39529021407329,EXCLUDE_PAID
shopify_US_6640857776225_39529021538401,EXCLUDE_PAID
shopify_US_6640857776225_39529021669473,EXCLUDE_PAID
shopify_US_6640859676769_39529025110113,EXCLUDE_PAID
shopify_US_6640859676769_39529025142881,EXCLUDE_PAID
shopify_US_6640859676769_39529025175649,EXCLUDE_PAID
shopify_US_6640859676769_39529025208417,EXCLUDE_PAID
shopify_US_6640859676769_39529025241185,EXCLUDE_PAID
shopify_US_6640859676769_39529025273953,EXCLUDE_PAID
shopify_US_6640859676769_39529025306721,EXCLUDE_PAID
shopify_US_6640859676769_39529025339489,EXCLUDE_PAID
shopify_US_6640859676769_39529025372257,EXCLUDE_PAID
shopify_US_6640859676769_39529025405025,EXCLUDE_PAID
shopify_US_6640859676769_39529025437793,EXCLUDE_PAID
shopify_US_6640859676769_39529025470561,EXCLUDE_PAID
shopify_US_6640859676769_39529025503329,EXCLUDE_PAID
shopify_US_6640859676769_39529025536097,EXCLUDE_PAID
shopify_US_6640859676769_39529025568865,EXCLUDE_PAID
shopify_US_6640859676769_39529025601633,EXCLUDE_PAID
shopify_US_6640859676769_39529025634401,EXCLUDE_PAID
shopify_US_6640859676769_39529025667169,EXCLUDE_PAID
shopify_US_6640859676769_39529025699937,EXCLUDE_PAID
shopify_US_6640859676769_39529025732705,EXCLUDE_PAID
shopify_US_6640859676769_39529025765473,EXCLUDE_PAID
shopify_US_6640859676769_39529025798241,EXCLUDE_PAID
shopify_US_6640859676769_39529025831009,EXCLUDE_PAID
shopify_US_6640859676769_39529025863777,EXCLUDE_PAID
shopify_US_6640859676769_39529025896545,EXCLUDE_PAID
shopify_US_6640859676769_39529025929313,EXCLUDE_PAID
shopify_US_6640859676769_39529025962081,EXCLUDE_PAID
shopify_US_6640859676769_39529025994849,EXCLUDE_PAID
shopify_US_6640859676769_39529026027617,EXCLUDE_PAID
shopify_US_6640859676769_39529026060385,EXCLUDE_PAID
shopify_US_6640859676769_39529026093153,EXCLUDE_PAID
shopify_US_6640859676769_39529026125921,EXCLUDE_PAID
shopify_US_6640859676769_39529026158689,EXCLUDE_PAID
shopify_US_6640859676769_39529026191457,EXCLUDE_PAID
shopify_US_6640859676769_39529026224225,EXCLUDE_PAID
shopify_US_6640859676769_39529026256993,EXCLUDE_PAID
shopify_US_6640859676769_39529026289761,EXCLUDE_PAID
shopify_US_6640859676769_39529026322529,EXCLUDE_PAID
shopify_US_6640859676769_39529026388065,EXCLUDE_PAID
shopify_US_6640859676769_39529026453601,EXCLUDE_PAID
shopify_US_6640859676769_39529026519137,EXCLUDE_PAID
shopify_US_6640859676769_39529026584673,EXCLUDE_PAID
shopify_US_6640859676769_39529026650209,EXCLUDE_PAID
shopify_US_6640859676769_39529026682977,EXCLUDE_PAID
shopify_US_6640859676769_39529026715745,EXCLUDE_PAID
shopify_US_6640859676769_39529026748513,EXCLUDE_PAID
shopify_US_6640859676769_39529026781281,EXCLUDE_PAID
shopify_US_6640859676769_39529026814049,EXCLUDE_PAID
shopify_US_6640859676769_39529026846817,EXCLUDE_PAID
shopify_US_6640859676769_39529026879585,EXCLUDE_PAID
shopify_US_6640859676769_39529026912353,EXCLUDE_PAID
shopify_US_6640859676769_39529026945121,EXCLUDE_PAID
shopify_US_6640859676769_39529026977889,EXCLUDE_PAID
shopify_US_6640859676769_39529027010657,EXCLUDE_PAID
shopify_US_6640859676769_39529027043425,EXCLUDE_PAID
shopify_US_6640859676769_39529027076193,EXCLUDE_PAID
shopify_US_6640859676769_39529027108961,EXCLUDE_PAID
shopify_US_6640859676769_39529027141729,EXCLUDE_PAID
shopify_US_6640859676769_39529027174497,EXCLUDE_PAID
shopify_US_6640859676769_39529027207265,EXCLUDE_PAID
shopify_US_6640859676769_39529027240033,EXCLUDE_PAID
shopify_US_6640859676769_39529027272801,EXCLUDE_PAID
shopify_US_6640859676769_39529027305569,EXCLUDE_PAID
shopify_US_6640859676769_39529027338337,EXCLUDE_PAID
shopify_US_6640859676769_39529027371105,EXCLUDE_PAID
shopify_US_6640866590817_39529037037665,EXCLUDE_PAID
shopify_US_6640866590817_39529037201505,EXCLUDE_PAID
shopify_US_6640866590817_39529037365345,EXCLUDE_PAID
shopify_US_6640866590817_39529037529185,EXCLUDE_PAID
shopify_US_6640866590817_39529038020705,EXCLUDE_PAID
shopify_US_6640866590817_39529038184545,EXCLUDE_PAID
shopify_US_6640866590817_39529038348385,EXCLUDE_PAID
shopify_US_6640866590817_39529038512225,EXCLUDE_PAID
shopify_US_6640866590817_39529038676065,EXCLUDE_PAID
shopify_US_6640866590817_39529038839905,EXCLUDE_PAID
shopify_US_6640866590817_39529039003745,EXCLUDE_PAID
shopify_US_6640869900385_39529042870369,EXCLUDE_PAID
shopify_US_6640869900385_39529042903137,EXCLUDE_PAID
shopify_US_6640869900385_39529042935905,EXCLUDE_PAID
shopify_US_6640869900385_39529043001441,EXCLUDE_PAID
shopify_US_6640869900385_39529043034209,EXCLUDE_PAID
shopify_US_6640869900385_39529043066977,EXCLUDE_PAID
shopify_US_6640869900385_39529043132513,EXCLUDE_PAID
shopify_US_6640869900385_39529043165281,EXCLUDE_PAID
shopify_US_6640869900385_39529043198049,EXCLUDE_PAID
shopify_US_6640869900385_39529043263585,EXCLUDE_PAID
shopify_US_6640869900385_39529043296353,EXCLUDE_PAID
shopify_US_6640869900385_39529043329121,EXCLUDE_PAID
shopify_US_6640869900385_39529043394657,EXCLUDE_PAID
shopify_US_6640869900385_39529043427425,EXCLUDE_PAID
shopify_US_6640869900385_39529043460193,EXCLUDE_PAID
shopify_US_6640869900385_39529043525729,EXCLUDE_PAID
shopify_US_6640869900385_39529043558497,EXCLUDE_PAID
shopify_US_6640869900385_39529043591265,EXCLUDE_PAID
shopify_US_6640869900385_39529043656801,EXCLUDE_PAID
shopify_US_6640869900385_39529043689569,EXCLUDE_PAID
shopify_US_6640869900385_39529043722337,EXCLUDE_PAID
shopify_US_6640869900385_39529043787873,EXCLUDE_PAID
shopify_US_6640869900385_39529043820641,EXCLUDE_PAID
shopify_US_6640869900385_39529043853409,EXCLUDE_PAID
shopify_US_6640869900385_39529043918945,EXCLUDE_PAID
shopify_US_6640869900385_39529043951713,EXCLUDE_PAID
shopify_US_6640869900385_39529043984481,EXCLUDE_PAID
shopify_US_6640869900385_39529044050017,EXCLUDE_PAID
shopify_US_6640869900385_39529044082785,EXCLUDE_PAID
shopify_US_6640869900385_39529044115553,EXCLUDE_PAID
shopify_US_6640869900385_39529044181089,EXCLUDE_PAID
shopify_US_6640869900385_39529044213857,EXCLUDE_PAID
shopify_US_6640869900385_39529044246625,EXCLUDE_PAID
shopify_US_6640869900385_39529044312161,EXCLUDE_PAID
shopify_US_6640869900385_39529044344929,EXCLUDE_PAID
shopify_US_6640869900385_39529044377697,EXCLUDE_PAID
shopify_US_6640869900385_39529044443233,EXCLUDE_PAID
shopify_US_6640869900385_39529044476001,EXCLUDE_PAID
shopify_US_6640869900385_39529044508769,EXCLUDE_PAID
shopify_US_6640874094689_39529050308705,EXCLUDE_PAID
shopify_US_6640874094689_39529050341473,EXCLUDE_PAID
shopify_US_6640874094689_39529050374241,EXCLUDE_PAID
shopify_US_6640874094689_39529050407009,EXCLUDE_PAID
shopify_US_6640874094689_39529050439777,EXCLUDE_PAID
shopify_US_6640874094689_39529050472545,EXCLUDE_PAID
shopify_US_6640874094689_39529050505313,EXCLUDE_PAID
shopify_US_6640874094689_39529050538081,EXCLUDE_PAID
shopify_US_6640874094689_39529050570849,EXCLUDE_PAID
shopify_US_6640874094689_39529050603617,EXCLUDE_PAID
shopify_US_6640874094689_39529050636385,EXCLUDE_PAID
shopify_US_6640874094689_39529050669153,EXCLUDE_PAID
shopify_US_6640874094689_39529050701921,EXCLUDE_PAID
shopify_US_6640874094689_39529050734689,EXCLUDE_PAID
shopify_US_6640874094689_39529050767457,EXCLUDE_PAID
shopify_US_6640874094689_39529050800225,EXCLUDE_PAID
shopify_US_6640874094689_39529050832993,EXCLUDE_PAID
shopify_US_6640874094689_39529050865761,EXCLUDE_PAID
shopify_US_6640874094689_39529050898529,EXCLUDE_PAID
shopify_US_6640874094689_39529050931297,EXCLUDE_PAID
shopify_US_6640874094689_39529050964065,EXCLUDE_PAID
shopify_US_6640874094689_39529050996833,EXCLUDE_PAID
shopify_US_6640874094689_39529051029601,EXCLUDE_PAID
shopify_US_6640874094689_39529051062369,EXCLUDE_PAID
shopify_US_6640874094689_39529051095137,EXCLUDE_PAID
shopify_US_6640874094689_39529051127905,EXCLUDE_PAID
shopify_US_6640874094689_39529051160673,EXCLUDE_PAID
shopify_US_6640874094689_39529051193441,EXCLUDE_PAID
shopify_US_6640874094689_39529051226209,EXCLUDE_PAID
shopify_US_6640874094689_39529051258977,EXCLUDE_PAID
shopify_US_6640874094689_39529051291745,EXCLUDE_PAID
shopify_US_6640874094689_39529051324513,EXCLUDE_PAID
shopify_US_6640874094689_39529051357281,EXCLUDE_PAID
shopify_US_6640874094689_39529051390049,EXCLUDE_PAID
shopify_US_6640874094689_39529051422817,EXCLUDE_PAID
shopify_US_6640874094689_39529051455585,EXCLUDE_PAID
shopify_US_6640874094689_39529051488353,EXCLUDE_PAID
shopify_US_6640874094689_39529051521121,EXCLUDE_PAID
shopify_US_6640874094689_39529051553889,EXCLUDE_PAID
shopify_US_6640876552289_39529067184225,EXCLUDE_PAID
shopify_US_6640876552289_39529067216993,EXCLUDE_PAID
shopify_US_6640876552289_39529067249761,EXCLUDE_PAID
shopify_US_6640876552289_39529067282529,EXCLUDE_PAID
shopify_US_6640876552289_39529067348065,EXCLUDE_PAID
shopify_US_6640876552289_39529067380833,EXCLUDE_PAID
shopify_US_6640876552289_39529067413601,EXCLUDE_PAID
shopify_US_6640876552289_39529067446369,EXCLUDE_PAID
shopify_US_6640876552289_39529067511905,EXCLUDE_PAID
shopify_US_6640876552289_39529067544673,EXCLUDE_PAID
shopify_US_6640876552289_39529067577441,EXCLUDE_PAID
shopify_US_6640876552289_39529067610209,EXCLUDE_PAID
shopify_US_6640876552289_39529067675745,EXCLUDE_PAID
shopify_US_6640876552289_39529067708513,EXCLUDE_PAID
shopify_US_6640876552289_39529067741281,EXCLUDE_PAID
shopify_US_6640876552289_39529067774049,EXCLUDE_PAID
shopify_US_6640876552289_39529067839585,EXCLUDE_PAID
shopify_US_6640876552289_39529067872353,EXCLUDE_PAID
shopify_US_6640876552289_39529067905121,EXCLUDE_PAID
shopify_US_6640876552289_39529067937889,EXCLUDE_PAID
shopify_US_6640876552289_39529068003425,EXCLUDE_PAID
shopify_US_6640876552289_39529068036193,EXCLUDE_PAID
shopify_US_6640876552289_39529068068961,EXCLUDE_PAID
shopify_US_6640876552289_39529068101729,EXCLUDE_PAID
shopify_US_6640876552289_39529068200033,EXCLUDE_PAID
shopify_US_6640876552289_39529068232801,EXCLUDE_PAID
shopify_US_6640876552289_39529068265569,EXCLUDE_PAID
shopify_US_6640876552289_39529068298337,EXCLUDE_PAID
shopify_US_6640876552289_39529068363873,EXCLUDE_PAID
shopify_US_6640876552289_39529068396641,EXCLUDE_PAID
shopify_US_6640876552289_39529068429409,EXCLUDE_PAID
shopify_US_6640876552289_39529068462177,EXCLUDE_PAID
shopify_US_6640876552289_39529068527713,EXCLUDE_PAID
shopify_US_6640876552289_39529068560481,EXCLUDE_PAID
shopify_US_6640876552289_39529068593249,EXCLUDE_PAID
shopify_US_6640876552289_39529068626017,EXCLUDE_PAID
shopify_US_6640876552289_39529068691553,EXCLUDE_PAID
shopify_US_6640876552289_39529068724321,EXCLUDE_PAID
shopify_US_6640876552289_39529068757089,EXCLUDE_PAID
shopify_US_6640876552289_39529068789857,EXCLUDE_PAID
shopify_US_6640876552289_39529068855393,EXCLUDE_PAID
shopify_US_6640876552289_39529068888161,EXCLUDE_PAID
shopify_US_6640876552289_39529068920929,EXCLUDE_PAID
shopify_US_6640876552289_39529068953697,EXCLUDE_PAID
shopify_US_6640876552289_39529069019233,EXCLUDE_PAID
shopify_US_6640876552289_39529069052001,EXCLUDE_PAID
shopify_US_6640876552289_39529069084769,EXCLUDE_PAID
shopify_US_6640876552289_39529069117537,EXCLUDE_PAID
shopify_US_6640876552289_39529069183073,EXCLUDE_PAID
shopify_US_6640876552289_39529069215841,EXCLUDE_PAID
shopify_US_6640876552289_39529069248609,EXCLUDE_PAID
shopify_US_6640876552289_39529069281377,EXCLUDE_PAID
shopify_US_6640885268577_39529125609569,EXCLUDE_PAID
shopify_US_6640885268577_39529125642337,EXCLUDE_PAID
shopify_US_6640885268577_39529125740641,EXCLUDE_PAID
shopify_US_6640885268577_39529125773409,EXCLUDE_PAID
shopify_US_6640885268577_39529125871713,EXCLUDE_PAID
shopify_US_6640885268577_39529125904481,EXCLUDE_PAID
shopify_US_6640885268577_39529126002785,EXCLUDE_PAID
shopify_US_6640885268577_39529126035553,EXCLUDE_PAID
shopify_US_6640885268577_39529126133857,EXCLUDE_PAID
shopify_US_6640885268577_39529126166625,EXCLUDE_PAID
shopify_US_6640885268577_39529126264929,EXCLUDE_PAID
shopify_US_6640885268577_39529126297697,EXCLUDE_PAID
shopify_US_6640885268577_39529126396001,EXCLUDE_PAID
shopify_US_6640885268577_39529126428769,EXCLUDE_PAID
shopify_US_6640885268577_39529126527073,EXCLUDE_PAID
shopify_US_6640885268577_39529126559841,EXCLUDE_PAID
shopify_US_6640885268577_39529126658145,EXCLUDE_PAID
shopify_US_6640885268577_39529126690913,EXCLUDE_PAID
shopify_US_6640885268577_39529126789217,EXCLUDE_PAID
shopify_US_6640885268577_39529126821985,EXCLUDE_PAID
shopify_US_6640885268577_39529126920289,EXCLUDE_PAID
shopify_US_6640885268577_39529126953057,EXCLUDE_PAID
shopify_US_6640885268577_39529127051361,EXCLUDE_PAID
shopify_US_6640885268577_39529127084129,EXCLUDE_PAID
shopify_US_6640885268577_39529127182433,EXCLUDE_PAID
shopify_US_6640885268577_39529127215201,EXCLUDE_PAID
shopify_US_6675104694369_39613921493089,EXCLUDE_PAID
shopify_US_6675104694369_39613921525857,EXCLUDE_PAID
shopify_US_6675104694369_39613921558625,EXCLUDE_PAID
shopify_US_6675104694369_39613921591393,EXCLUDE_PAID
shopify_US_6675104694369_39613921624161,EXCLUDE_PAID
shopify_US_6675104694369_39613921656929,EXCLUDE_PAID
shopify_US_6675104694369_39613921689697,EXCLUDE_PAID
shopify_US_6675104694369_39613944135777,EXCLUDE_PAID
shopify_US_6675104694369_39613944168545,EXCLUDE_PAID
shopify_US_6675104694369_39613944201313,EXCLUDE_PAID
shopify_US_6675104694369_39613944234081,EXCLUDE_PAID
shopify_US_6675104694369_39613944266849,EXCLUDE_PAID
shopify_US_6675104694369_39613944299617,EXCLUDE_PAID
shopify_US_6675104694369_39613944332385,EXCLUDE_PAID
shopify_US_6675120848993_39613993615457,EXCLUDE_PAID
shopify_US_6675120848993_39613993648225,EXCLUDE_PAID
shopify_US_6675120848993_39613993680993,EXCLUDE_PAID
shopify_US_6675120848993_39613993713761,EXCLUDE_PAID
shopify_US_6675120848993_39613993746529,EXCLUDE_PAID
shopify_US_6675120848993_39613993779297,EXCLUDE_PAID
shopify_US_6675120848993_39613993812065,EXCLUDE_PAID
shopify_US_6675120848993_39613994762337,EXCLUDE_PAID
shopify_US_6675120848993_39614007771233,EXCLUDE_PAID
shopify_US_6675120848993_39614010916961,EXCLUDE_PAID
shopify_US_6675120848993_39614010949729,EXCLUDE_PAID
shopify_US_6675120848993_39614010982497,EXCLUDE_PAID
shopify_US_6675120848993_39614011015265,EXCLUDE_PAID
shopify_US_6675120848993_39614011048033,EXCLUDE_PAID
shopify_US_6675120848993_39614011080801,EXCLUDE_PAID
shopify_US_6675120848993_39614011113569,EXCLUDE_PAID
shopify_US_6675120848993_39614011146337,EXCLUDE_PAID
shopify_US_6675120848993_39614011211873,EXCLUDE_PAID
shopify_US_6675272499297_39614410883169,EXCLUDE_PAID
shopify_US_6675272499297_39614410915937,EXCLUDE_PAID
shopify_US_6675272499297_39614410948705,EXCLUDE_PAID
shopify_US_6675272499297_39614410981473,EXCLUDE_PAID
shopify_US_6675272499297_39614411014241,EXCLUDE_PAID
shopify_US_6675272499297_39614411047009,EXCLUDE_PAID
shopify_US_6675272499297_39614411079777,EXCLUDE_PAID
shopify_US_6675272499297_39614411112545,EXCLUDE_PAID
shopify_US_6675272499297_39614411145313,EXCLUDE_PAID
shopify_US_6675272499297_39614411178081,EXCLUDE_PAID
shopify_US_6675272499297_39614411210849,EXCLUDE_PAID
shopify_US_6675272499297_39614411243617,EXCLUDE_PAID
shopify_US_6675272499297_39614411276385,EXCLUDE_PAID
shopify_US_6675272499297_39614411309153,EXCLUDE_PAID
shopify_US_6675272499297_39614411341921,EXCLUDE_PAID
shopify_US_6675272499297_39614411374689,EXCLUDE_PAID
shopify_US_6675272499297_39614411407457,EXCLUDE_PAID
shopify_US_6675272499297_39614411440225,EXCLUDE_PAID
shopify_US_6675272499297_39614411472993,EXCLUDE_PAID
shopify_US_6675272499297_39614411505761,EXCLUDE_PAID
shopify_US_6675272499297_39615949111393,EXCLUDE_PAID
shopify_US_6675272499297_39615949144161,EXCLUDE_PAID
shopify_US_6675272499297_39615949176929,EXCLUDE_PAID
shopify_US_6675272499297_39615949209697,EXCLUDE_PAID
shopify_US_6675272499297_39615949242465,EXCLUDE_PAID
shopify_US_6675272499297_39615949275233,EXCLUDE_PAID
shopify_US_6675272499297_39615949308001,EXCLUDE_PAID
shopify_US_6675272499297_39615949340769,EXCLUDE_PAID
shopify_US_6675272499297_39615949373537,EXCLUDE_PAID
shopify_US_6675272499297_39615949406305,EXCLUDE_PAID
shopify_US_6676380581985_39618264072289,EXCLUDE_PAID
shopify_US_6676380581985_39618264105057,EXCLUDE_PAID
shopify_US_6676380581985_39618264137825,EXCLUDE_PAID
shopify_US_6676380581985_39618264170593,EXCLUDE_PAID
shopify_US_6676380581985_39618264203361,EXCLUDE_PAID
shopify_US_6676380581985_39618264236129,EXCLUDE_PAID
shopify_US_6676380581985_39618264268897,EXCLUDE_PAID
shopify_US_6676380581985_39618264301665,EXCLUDE_PAID
shopify_US_6676380581985_39618264334433,EXCLUDE_PAID
shopify_US_6676380581985_39618264367201,EXCLUDE_PAID
shopify_US_6676380581985_39618264399969,EXCLUDE_PAID
shopify_US_6676380581985_39618264432737,EXCLUDE_PAID
shopify_US_6676380581985_39618264465505,EXCLUDE_PAID
shopify_US_6676380581985_39618264498273,EXCLUDE_PAID
shopify_US_6676380581985_39618264531041,EXCLUDE_PAID
shopify_US_6676380581985_39618264563809,EXCLUDE_PAID
shopify_US_6676380581985_39618264596577,EXCLUDE_PAID
shopify_US_6676380581985_39618264629345,EXCLUDE_PAID
shopify_US_6676380581985_39618264662113,EXCLUDE_PAID
shopify_US_6676380581985_39618264694881,EXCLUDE_PAID
shopify_US_6718945034337_39756755861601,EXCLUDE_PAID
shopify_US_6718945034337_39756755894369,EXCLUDE_PAID
shopify_US_6718945034337_39756755927137,EXCLUDE_PAID
shopify_US_6718945034337_39756755959905,EXCLUDE_PAID
shopify_US_6718945034337_39756755992673,EXCLUDE_PAID
shopify_US_6718945034337_39756756025441,EXCLUDE_PAID
shopify_US_6718945034337_39756756058209,EXCLUDE_PAID
shopify_US_6718945034337_39756756090977,EXCLUDE_PAID
shopify_US_6718945034337_39756756123745,EXCLUDE_PAID
shopify_US_6718945034337_39756756156513,EXCLUDE_PAID
shopify_US_6718945034337_39756756189281,EXCLUDE_PAID
shopify_US_6718945034337_39756756222049,EXCLUDE_PAID
shopify_US_6718945034337_39756756254817,EXCLUDE_PAID
shopify_US_6718945034337_39756756287585,EXCLUDE_PAID
shopify_US_6718945034337_39756756320353,EXCLUDE_PAID
shopify_US_6718945034337_39756756353121,EXCLUDE_PAID
shopify_US_6718945034337_39756756385889,EXCLUDE_PAID
shopify_US_6718945034337_39756756418657,EXCLUDE_PAID
shopify_US_6718945034337_39756756451425,EXCLUDE_PAID
shopify_US_6718945034337_39756756484193,EXCLUDE_PAID
shopify_US_6718948147297_39756764643425,EXCLUDE_PAID
shopify_US_6718948147297_39756764676193,EXCLUDE_PAID
shopify_US_6718948147297_39756764708961,EXCLUDE_PAID
shopify_US_6718948147297_39756764741729,EXCLUDE_PAID
shopify_US_6718948147297_39756764774497,EXCLUDE_PAID
shopify_US_6718948147297_39756764807265,EXCLUDE_PAID
shopify_US_6718948147297_39756764840033,EXCLUDE_PAID
shopify_US_6718948147297_39756764872801,EXCLUDE_PAID
shopify_US_6718948147297_39756764905569,EXCLUDE_PAID
shopify_US_6718948147297_39756764938337,EXCLUDE_PAID
shopify_US_6718948147297_39756764971105,EXCLUDE_PAID
shopify_US_6718948147297_39756765003873,EXCLUDE_PAID
shopify_US_6718948147297_39756765036641,EXCLUDE_PAID
shopify_US_6718948147297_39756765069409,EXCLUDE_PAID
shopify_US_6718948147297_39756765102177,EXCLUDE_PAID
shopify_US_6718948147297_39756765134945,EXCLUDE_PAID
shopify_US_6718948147297_39756765167713,EXCLUDE_PAID
shopify_US_6718948147297_39756765200481,EXCLUDE_PAID
shopify_US_6718948147297_39756765233249,EXCLUDE_PAID
shopify_US_6718948147297_39756765266017,EXCLUDE_PAID
shopify_US_6718948147297_39756765298785,EXCLUDE_PAID
shopify_US_6718948147297_39756765331553,EXCLUDE_PAID
shopify_US_6718948147297_39756765364321,EXCLUDE_PAID
shopify_US_6718948147297_39756765397089,EXCLUDE_PAID
shopify_US_6718948147297_39756765429857,EXCLUDE_PAID
shopify_US_6718948147297_39756765462625,EXCLUDE_PAID
shopify_US_6718948147297_39756765495393,EXCLUDE_PAID
shopify_US_6718948147297_39756765528161,EXCLUDE_PAID
shopify_US_6718948147297_39756765560929,EXCLUDE_PAID
shopify_US_6718948147297_39756765593697,EXCLUDE_PAID
shopify_US_6718948147297_39756770246753,EXCLUDE_PAID
shopify_US_6718948147297_39756770279521,EXCLUDE_PAID
shopify_US_6718948147297_39756770312289,EXCLUDE_PAID
shopify_US_6718948147297_39756770345057,EXCLUDE_PAID
shopify_US_6718948147297_39756770377825,EXCLUDE_PAID
shopify_US_6718948147297_39756770410593,EXCLUDE_PAID
shopify_US_6718948147297_39756770443361,EXCLUDE_PAID
shopify_US_6718948147297_39756770476129,EXCLUDE_PAID
shopify_US_6718948147297_39756770508897,EXCLUDE_PAID
shopify_US_6718948147297_39756770541665,EXCLUDE_PAID
shopify_US_6718963056737_39756867305569,EXCLUDE_PAID
shopify_US_6718963056737_39756867338337,EXCLUDE_PAID
shopify_US_6718963056737_39756867403873,EXCLUDE_PAID
shopify_US_6718963056737_39756867436641,EXCLUDE_PAID
shopify_US_6718963056737_39756867469409,EXCLUDE_PAID
shopify_US_6718963056737_39756867534945,EXCLUDE_PAID
shopify_US_6718963056737_39756867567713,EXCLUDE_PAID
shopify_US_6718963056737_39756867600481,EXCLUDE_PAID
shopify_US_6718963056737_39756867666017,EXCLUDE_PAID
shopify_US_6718963056737_39756867698785,EXCLUDE_PAID
shopify_US_6718963056737_39756867731553,EXCLUDE_PAID
shopify_US_6718963056737_39756867764321,EXCLUDE_PAID
shopify_US_6718963056737_39756867797089,EXCLUDE_PAID
shopify_US_6718963056737_39756867862625,EXCLUDE_PAID
shopify_US_6718963056737_39756867928161,EXCLUDE_PAID
shopify_US_6718963056737_39756868026465,EXCLUDE_PAID
shopify_US_6718963056737_39756868092001,EXCLUDE_PAID
shopify_US_6718963056737_39756868157537,EXCLUDE_PAID
shopify_US_6718963056737_39756868190305,EXCLUDE_PAID
shopify_US_6718963056737_39756868223073,EXCLUDE_PAID
shopify_US_6718963056737_39756868288609,EXCLUDE_PAID
shopify_US_6718963056737_39756868321377,EXCLUDE_PAID
shopify_US_6718963056737_39756868354145,EXCLUDE_PAID
shopify_US_6718963056737_39756868419681,EXCLUDE_PAID
shopify_US_6718963056737_39756868452449,EXCLUDE_PAID
shopify_US_6718963056737_39756868485217,EXCLUDE_PAID
shopify_US_6718963056737_39756868550753,EXCLUDE_PAID
shopify_US_6718963056737_39756868583521,EXCLUDE_PAID
shopify_US_6718963056737_39756868616289,EXCLUDE_PAID
shopify_US_6718963056737_39756868681825,EXCLUDE_PAID
shopify_US_6718973378657_39756928352353,EXCLUDE_PAID
shopify_US_6718973378657_39756928450657,EXCLUDE_PAID
shopify_US_6718973378657_39756928483425,EXCLUDE_PAID
shopify_US_6718973378657_39756928581729,EXCLUDE_PAID
shopify_US_6718973378657_39756928614497,EXCLUDE_PAID
shopify_US_6718973378657_39756928712801,EXCLUDE_PAID
shopify_US_6718973378657_39756928745569,EXCLUDE_PAID
shopify_US_6718973378657_39756928811105,EXCLUDE_PAID
shopify_US_6718973378657_39756928909409,EXCLUDE_PAID
shopify_US_6718973378657_39756928974945,EXCLUDE_PAID
shopify_US_6718973378657_39756929040481,EXCLUDE_PAID
shopify_US_6718973378657_39756929073249,EXCLUDE_PAID
shopify_US_6718973378657_39756929138785,EXCLUDE_PAID
shopify_US_6718973378657_39756929237089,EXCLUDE_PAID
shopify_US_6718973378657_39756929269857,EXCLUDE_PAID
shopify_US_6718973378657_39756929368161,EXCLUDE_PAID
shopify_US_6718973378657_39756929400929,EXCLUDE_PAID
shopify_US_6718973378657_39756929499233,EXCLUDE_PAID
shopify_US_6718973378657_39756929532001,EXCLUDE_PAID
shopify_US_6718973378657_39756929630305,EXCLUDE_PAID
shopify_US_6718977540193_39756963250273,EXCLUDE_PAID
shopify_US_6718977540193_39756963283041,EXCLUDE_PAID
shopify_US_6718977540193_39756963315809,EXCLUDE_PAID
shopify_US_6718977540193_39756963348577,EXCLUDE_PAID
shopify_US_6718977540193_39756963381345,EXCLUDE_PAID
shopify_US_6718977540193_39756963414113,EXCLUDE_PAID
shopify_US_6718977540193_39756963446881,EXCLUDE_PAID
shopify_US_6718977540193_39756963479649,EXCLUDE_PAID
shopify_US_6718977540193_39756963512417,EXCLUDE_PAID
shopify_US_6718977540193_39756963545185,EXCLUDE_PAID
shopify_US_6718977540193_39756963577953,EXCLUDE_PAID
shopify_US_6718977540193_39756963610721,EXCLUDE_PAID
shopify_US_6718977540193_39756963643489,EXCLUDE_PAID
shopify_US_6718977540193_39756963676257,EXCLUDE_PAID
shopify_US_6718977540193_39756963709025,EXCLUDE_PAID
shopify_US_6718977540193_39756963741793,EXCLUDE_PAID
shopify_US_6718977540193_39756963774561,EXCLUDE_PAID
shopify_US_6718977540193_39756963807329,EXCLUDE_PAID
shopify_US_6718977540193_39756963840097,EXCLUDE_PAID
shopify_US_6718977540193_39756963872865,EXCLUDE_PAID
shopify_US_6719046254689_39757235978337,EXCLUDE_PAID
shopify_US_6719046254689_39757236011105,EXCLUDE_PAID
shopify_US_6719046254689_39757236043873,EXCLUDE_PAID
shopify_US_6719046254689_39757236076641,EXCLUDE_PAID
shopify_US_6719046254689_39757236109409,EXCLUDE_PAID
shopify_US_6719046254689_39757236142177,EXCLUDE_PAID
shopify_US_6719046254689_39757236174945,EXCLUDE_PAID
shopify_US_6719046254689_39757236207713,EXCLUDE_PAID
shopify_US_6719046254689_39757236240481,EXCLUDE_PAID
shopify_US_6719046254689_39757236273249,EXCLUDE_PAID
shopify_US_6719046254689_39757236306017,EXCLUDE_PAID
shopify_US_6719046254689_39757236338785,EXCLUDE_PAID
shopify_US_6719046254689_39757236371553,EXCLUDE_PAID
shopify_US_6719046254689_39757236404321,EXCLUDE_PAID
shopify_US_6719046254689_39757236437089,EXCLUDE_PAID
shopify_US_6719046254689_39757236502625,EXCLUDE_PAID
shopify_US_6719046254689_39757236535393,EXCLUDE_PAID
shopify_US_6719046254689_39757236568161,EXCLUDE_PAID
shopify_US_6719046254689_39757236600929,EXCLUDE_PAID
shopify_US_6719046254689_39757236633697,EXCLUDE_PAID
shopify_US_6719764463713_39761880645729,EXCLUDE_PAID
shopify_US_6719764463713_39761880678497,EXCLUDE_PAID
shopify_US_6719764463713_39761880711265,EXCLUDE_PAID
shopify_US_6719764463713_39761880744033,EXCLUDE_PAID
shopify_US_6719764463713_39761880776801,EXCLUDE_PAID
shopify_US_6719764463713_39761880809569,EXCLUDE_PAID
shopify_US_6719764463713_39761880842337,EXCLUDE_PAID
shopify_US_6719764463713_39761880875105,EXCLUDE_PAID
shopify_US_6719764463713_39761880907873,EXCLUDE_PAID
shopify_US_6719764463713_39761880940641,EXCLUDE_PAID
shopify_US_6719768002657_39761923473505,EXCLUDE_PAID
shopify_US_6719768002657_39761923506273,EXCLUDE_PAID
shopify_US_6719768002657_39761923539041,EXCLUDE_PAID
shopify_US_6719768002657_39761923571809,EXCLUDE_PAID
shopify_US_6719768002657_39761923604577,EXCLUDE_PAID
shopify_US_6719768002657_39761923637345,EXCLUDE_PAID
shopify_US_6719768002657_39761923670113,EXCLUDE_PAID
shopify_US_6719768002657_39761923702881,EXCLUDE_PAID
shopify_US_6719768002657_39761923735649,EXCLUDE_PAID
shopify_US_6719768002657_39761923768417,EXCLUDE_PAID
shopify_US_6719774720097_39761984979041,EXCLUDE_PAID
shopify_US_6719774720097_39761985011809,EXCLUDE_PAID
shopify_US_6719774720097_39761985044577,EXCLUDE_PAID
shopify_US_6719774720097_39761985077345,EXCLUDE_PAID
shopify_US_6719774720097_39761985110113,EXCLUDE_PAID
shopify_US_6719774720097_39761985142881,EXCLUDE_PAID
shopify_US_6719774720097_39761985175649,EXCLUDE_PAID
shopify_US_6719774720097_39761985208417,EXCLUDE_PAID
shopify_US_6719774720097_39761985241185,EXCLUDE_PAID
shopify_US_6719774720097_39761985273953,EXCLUDE_PAID
shopify_US_6719792873569_39762136957025,EXCLUDE_PAID
shopify_US_6719792873569_39762136989793,EXCLUDE_PAID
shopify_US_6719792873569_39762137022561,EXCLUDE_PAID
shopify_US_6719792873569_39762137055329,EXCLUDE_PAID
shopify_US_6719792873569_39762137088097,EXCLUDE_PAID
shopify_US_6719792873569_39762137120865,EXCLUDE_PAID
shopify_US_6719792873569_39762137153633,EXCLUDE_PAID
shopify_US_6719792873569_39762137186401,EXCLUDE_PAID
shopify_US_6719792873569_39762137219169,EXCLUDE_PAID
shopify_US_6719792873569_39762137251937,EXCLUDE_PAID
shopify_US_6722659221601_39768614731873,EXCLUDE_PAID
shopify_US_6722659221601_39768614764641,EXCLUDE_PAID
shopify_US_6722659221601_39768614797409,EXCLUDE_PAID
shopify_US_6722659221601_39768614830177,EXCLUDE_PAID
shopify_US_6722659221601_39768614862945,EXCLUDE_PAID
shopify_US_6722659221601_39768614895713,EXCLUDE_PAID
shopify_US_6722659221601_39768614928481,EXCLUDE_PAID
shopify_US_6722659221601_39768614961249,EXCLUDE_PAID
shopify_US_6722659221601_39768614994017,EXCLUDE_PAID
shopify_US_6722659221601_39768615026785,EXCLUDE_PAID
shopify_US_6722771124321_39768791023713,EXCLUDE_PAID
shopify_US_6722771124321_39768791056481,EXCLUDE_PAID
shopify_US_6722771124321_39768791089249,EXCLUDE_PAID
shopify_US_6722771124321_39768791122017,EXCLUDE_PAID
shopify_US_6722771124321_39768791154785,EXCLUDE_PAID
shopify_US_6722771124321_39768791187553,EXCLUDE_PAID
shopify_US_6722771124321_39768791220321,EXCLUDE_PAID
shopify_US_6722771124321_39768791253089,EXCLUDE_PAID
shopify_US_6722771124321_39768791285857,EXCLUDE_PAID
shopify_US_6722771124321_39768791318625,EXCLUDE_PAID
shopify_US_6722792390753_39768817008737,EXCLUDE_PAID
shopify_US_6722792390753_39768817041505,EXCLUDE_PAID
shopify_US_6722792390753_39768817074273,EXCLUDE_PAID
shopify_US_6722792390753_39768817107041,EXCLUDE_PAID
shopify_US_6722792390753_39768817139809,EXCLUDE_PAID
shopify_US_6722792390753_39768817172577,EXCLUDE_PAID
shopify_US_6722792390753_39768817205345,EXCLUDE_PAID
shopify_US_6722792390753_39768817238113,EXCLUDE_PAID
shopify_US_6722792390753_39768817270881,EXCLUDE_PAID
shopify_US_6722792390753_39768817303649,EXCLUDE_PAID
shopify_US_6722836463713_39768880742497,EXCLUDE_PAID
shopify_US_6722836463713_39768880775265,EXCLUDE_PAID
shopify_US_6722836463713_39768880808033,EXCLUDE_PAID
shopify_US_6722836463713_39768880840801,EXCLUDE_PAID
shopify_US_6722836463713_39768880873569,EXCLUDE_PAID
shopify_US_6722836463713_39768880906337,EXCLUDE_PAID
shopify_US_6722836463713_39768880939105,EXCLUDE_PAID
shopify_US_6722836463713_39768880971873,EXCLUDE_PAID
shopify_US_6722836463713_39768881004641,EXCLUDE_PAID
shopify_US_6722836463713_39768881037409,EXCLUDE_PAID
shopify_US_6722843476065_39768889262177,EXCLUDE_PAID
shopify_US_6722843476065_39768889294945,EXCLUDE_PAID
shopify_US_6722843476065_39768889327713,EXCLUDE_PAID
shopify_US_6722843476065_39768889360481,EXCLUDE_PAID
shopify_US_6722843476065_39768889393249,EXCLUDE_PAID
shopify_US_6722843476065_39768889426017,EXCLUDE_PAID
shopify_US_6722843476065_39768889458785,EXCLUDE_PAID
shopify_US_6722843476065_39768889491553,EXCLUDE_PAID
shopify_US_6722843476065_39768889524321,EXCLUDE_PAID
shopify_US_6722843476065_39768889557089,EXCLUDE_PAID
shopify_US_6723019669601_39769332613217,EXCLUDE_PAID
shopify_US_6723019669601_39769332645985,EXCLUDE_PAID
shopify_US_6723019669601_39769332678753,EXCLUDE_PAID
shopify_US_6723019669601_39769332744289,EXCLUDE_PAID
shopify_US_6723019669601_39769332777057,EXCLUDE_PAID
shopify_US_6723019669601_39769332809825,EXCLUDE_PAID
shopify_US_6723019669601_39769332842593,EXCLUDE_PAID
shopify_US_6723019669601_39769332875361,EXCLUDE_PAID
shopify_US_6723019669601_39769332908129,EXCLUDE_PAID
shopify_US_6723019669601_39769332940897,EXCLUDE_PAID
shopify_US_6723019669601_39769343426657,EXCLUDE_PAID
shopify_US_6723019669601_39769343459425,EXCLUDE_PAID
shopify_US_6723019669601_39769343492193,EXCLUDE_PAID
shopify_US_6723019669601_39769343524961,EXCLUDE_PAID
shopify_US_6723019669601_39769343557729,EXCLUDE_PAID
shopify_US_6723019669601_39769343590497,EXCLUDE_PAID
shopify_US_6723019669601_39769343623265,EXCLUDE_PAID
shopify_US_6723019669601_39769343656033,EXCLUDE_PAID
shopify_US_6723019669601_39769343688801,EXCLUDE_PAID
shopify_US_6723019669601_39769343721569,EXCLUDE_PAID
shopify_US_6723038609505_39769376653409,EXCLUDE_PAID
shopify_US_6723038609505_39769376686177,EXCLUDE_PAID
shopify_US_6723038609505_39769376718945,EXCLUDE_PAID
shopify_US_6723038609505_39769376751713,EXCLUDE_PAID
shopify_US_6723038609505_39769376784481,EXCLUDE_PAID
shopify_US_6723038609505_39769376817249,EXCLUDE_PAID
shopify_US_6723038609505_39769376850017,EXCLUDE_PAID
shopify_US_6723038609505_39769376882785,EXCLUDE_PAID
shopify_US_6723038609505_39769376915553,EXCLUDE_PAID
shopify_US_6723038609505_39769376948321,EXCLUDE_PAID
shopify_US_6724261019745_39772465922145,EXCLUDE_PAID
shopify_US_6724261019745_39772465954913,EXCLUDE_PAID
shopify_US_6724261019745_39772465987681,EXCLUDE_PAID
shopify_US_6724261019745_39772466020449,EXCLUDE_PAID
shopify_US_6724261019745_39772466053217,EXCLUDE_PAID
shopify_US_6724261019745_39772466085985,EXCLUDE_PAID
shopify_US_6724261019745_39772466118753,EXCLUDE_PAID
shopify_US_6724261019745_39772466151521,EXCLUDE_PAID
shopify_US_6724261019745_39772466184289,EXCLUDE_PAID
shopify_US_6724261019745_39772466217057,EXCLUDE_PAID
shopify_US_6724262297697_39772474343521,EXCLUDE_PAID
shopify_US_6724262297697_39772474376289,EXCLUDE_PAID
shopify_US_6724262297697_39772474409057,EXCLUDE_PAID
shopify_US_6724262297697_39772474441825,EXCLUDE_PAID
shopify_US_6724262297697_39772474474593,EXCLUDE_PAID
shopify_US_6724262297697_39772474507361,EXCLUDE_PAID
shopify_US_6724262297697_39772474540129,EXCLUDE_PAID
shopify_US_6724262297697_39772474572897,EXCLUDE_PAID
shopify_US_6724262297697_39772474605665,EXCLUDE_PAID
shopify_US_6724262297697_39772474638433,EXCLUDE_PAID
shopify_US_6724262297697_39772474736737,EXCLUDE_PAID
shopify_US_6724262297697_39772474769505,EXCLUDE_PAID
shopify_US_6724262297697_39772474802273,EXCLUDE_PAID
shopify_US_6724262297697_39772474835041,EXCLUDE_PAID
shopify_US_6724262297697_39772474867809,EXCLUDE_PAID
shopify_US_6724262297697_39772474900577,EXCLUDE_PAID
shopify_US_6724262297697_39772474933345,EXCLUDE_PAID
shopify_US_6724262297697_39772474966113,EXCLUDE_PAID
shopify_US_6724262297697_39772474998881,EXCLUDE_PAID
shopify_US_6724262297697_39772475031649,EXCLUDE_PAID
shopify_US_6724293689441_39772619374689,EXCLUDE_PAID
shopify_US_6724293689441_39772619407457,EXCLUDE_PAID
shopify_US_6724293689441_39772619440225,EXCLUDE_PAID
shopify_US_6724293689441_39772619472993,EXCLUDE_PAID
shopify_US_6724293689441_39772619505761,EXCLUDE_PAID
shopify_US_6724293689441_39772619538529,EXCLUDE_PAID
shopify_US_6724293689441_39772619571297,EXCLUDE_PAID
shopify_US_6724293689441_39772619604065,EXCLUDE_PAID
shopify_US_6724293689441_39772619636833,EXCLUDE_PAID
shopify_US_6724293689441_39772619669601,EXCLUDE_PAID
shopify_US_6724293689441_39772745367649,EXCLUDE_PAID
shopify_US_6724293689441_39772745400417,EXCLUDE_PAID
shopify_US_6724293689441_39772745433185,EXCLUDE_PAID
shopify_US_6724293689441_39772745465953,EXCLUDE_PAID
shopify_US_6724293689441_39772745498721,EXCLUDE_PAID
shopify_US_6724293689441_39772745531489,EXCLUDE_PAID
shopify_US_6724293689441_39772745564257,EXCLUDE_PAID
shopify_US_6724293689441_39772745597025,EXCLUDE_PAID
shopify_US_6724293689441_39772745629793,EXCLUDE_PAID
shopify_US_6724293689441_39772745662561,EXCLUDE_PAID
shopify_US_6724529520737_39773620207713,EXCLUDE_PAID
shopify_US_6724529520737_39773620240481,EXCLUDE_PAID
shopify_US_6724529520737_39773620273249,EXCLUDE_PAID
shopify_US_6724529520737_39773620306017,EXCLUDE_PAID
shopify_US_6724529520737_39773620338785,EXCLUDE_PAID
shopify_US_6724529520737_39773620371553,EXCLUDE_PAID
shopify_US_6724529520737_39773620404321,EXCLUDE_PAID
shopify_US_6724529520737_39773620437089,EXCLUDE_PAID
shopify_US_6724529520737_39773620469857,EXCLUDE_PAID
shopify_US_6724529520737_39773620535393,EXCLUDE_PAID
shopify_US_6724529520737_39773620568161,EXCLUDE_PAID
shopify_US_6724529520737_39773620600929,EXCLUDE_PAID
shopify_US_6724529520737_39773620633697,EXCLUDE_PAID
shopify_US_6724529520737_39773620666465,EXCLUDE_PAID
shopify_US_6724529520737_39773620699233,EXCLUDE_PAID
shopify_US_6724529520737_39773620797537,EXCLUDE_PAID
shopify_US_6724529520737_39773620895841,EXCLUDE_PAID
shopify_US_6724529520737_39773620928609,EXCLUDE_PAID
shopify_US_6724529520737_39773620961377,EXCLUDE_PAID
shopify_US_6724529520737_39773620994145,EXCLUDE_PAID
shopify_US_6724529520737_39773621026913,EXCLUDE_PAID
shopify_US_6724529520737_39773621059681,EXCLUDE_PAID
shopify_US_6724529520737_39773621092449,EXCLUDE_PAID
shopify_US_6724529520737_39773621125217,EXCLUDE_PAID
shopify_US_6724529520737_39773621157985,EXCLUDE_PAID
shopify_US_6724529520737_39773621190753,EXCLUDE_PAID
shopify_US_6724529520737_39773621223521,EXCLUDE_PAID
shopify_US_6724529520737_39773621256289,EXCLUDE_PAID
shopify_US_6724529520737_39773621289057,EXCLUDE_PAID
shopify_US_6724529520737_39773621321825,EXCLUDE_PAID
shopify_US_6724529520737_39773621354593,EXCLUDE_PAID
shopify_US_6724529520737_39773621387361,EXCLUDE_PAID
shopify_US_6724529520737_39773621452897,EXCLUDE_PAID
shopify_US_6724529520737_39773621518433,EXCLUDE_PAID
shopify_US_6724529520737_39773621551201,EXCLUDE_PAID
shopify_US_6724529520737_39773621583969,EXCLUDE_PAID
shopify_US_6724529520737_39773621616737,EXCLUDE_PAID
shopify_US_6724529520737_39773621649505,EXCLUDE_PAID
shopify_US_6724529520737_39773621682273,EXCLUDE_PAID
shopify_US_6724529520737_39773621715041,EXCLUDE_PAID
shopify_US_6724529520737_39773621780577,EXCLUDE_PAID
shopify_US_6724529520737_39773621813345,EXCLUDE_PAID
shopify_US_6724529520737_39773621846113,EXCLUDE_PAID
shopify_US_6724529520737_39773621878881,EXCLUDE_PAID
shopify_US_6724529520737_39773621911649,EXCLUDE_PAID
shopify_US_6724529520737_39773621944417,EXCLUDE_PAID
shopify_US_6724529520737_39773621977185,EXCLUDE_PAID
shopify_US_6724529520737_39773622009953,EXCLUDE_PAID
shopify_US_6724529520737_39773622042721,EXCLUDE_PAID
shopify_US_6724529520737_39773622075489,EXCLUDE_PAID
shopify_US_6724529520737_39773622108257,EXCLUDE_PAID
shopify_US_6724529520737_39773622141025,EXCLUDE_PAID
shopify_US_6724529520737_39773622173793,EXCLUDE_PAID
shopify_US_6724529520737_39773622206561,EXCLUDE_PAID
shopify_US_6724948754529_39774873747553,EXCLUDE_PAID
shopify_US_6724948754529_39774873780321,EXCLUDE_PAID
shopify_US_6724948754529_39774873813089,EXCLUDE_PAID
shopify_US_6724948754529_39774873845857,EXCLUDE_PAID
shopify_US_6724948754529_39774873878625,EXCLUDE_PAID
shopify_US_6724948754529_39774873944161,EXCLUDE_PAID
shopify_US_6724948754529_39774873976929,EXCLUDE_PAID
shopify_US_6724948754529_39774874009697,EXCLUDE_PAID
shopify_US_6724948754529_39774874042465,EXCLUDE_PAID
shopify_US_6724948754529_39774874468449,EXCLUDE_PAID
shopify_US_6724948754529_39774874533985,EXCLUDE_PAID
shopify_US_6724948754529_39774874566753,EXCLUDE_PAID
shopify_US_6724948754529_39774874599521,EXCLUDE_PAID
shopify_US_6724948754529_39774874632289,EXCLUDE_PAID
shopify_US_6724948754529_39774874697825,EXCLUDE_PAID
shopify_US_6724948754529_39774874730593,EXCLUDE_PAID
shopify_US_6724948754529_39774874763361,EXCLUDE_PAID
shopify_US_6724948754529_39774874796129,EXCLUDE_PAID
shopify_US_6724948754529_39774880366689,EXCLUDE_PAID
shopify_US_6724948754529_39774880432225,EXCLUDE_PAID
shopify_US_6826238607457_40170782818401,EXCLUDE_PAID
shopify_US_6826238607457_40170782851169,EXCLUDE_PAID
shopify_US_6826238607457_40170782883937,EXCLUDE_PAID
shopify_US_6826238607457_40170782916705,EXCLUDE_PAID
shopify_US_6826238607457_40170782949473,EXCLUDE_PAID
shopify_US_6826238607457_40170782982241,EXCLUDE_PAID
shopify_US_6826238607457_40170783015009,EXCLUDE_PAID
shopify_US_6826238607457_40170783047777,EXCLUDE_PAID
shopify_US_6826238607457_40170783080545,EXCLUDE_PAID
shopify_US_6826238607457_40170783113313,EXCLUDE_PAID
shopify_US_6826336583777_40171022188641,EXCLUDE_PAID
shopify_US_6826336583777_40171022221409,EXCLUDE_PAID
shopify_US_6826336583777_40171022254177,EXCLUDE_PAID
shopify_US_6826336583777_40171022286945,EXCLUDE_PAID
shopify_US_6826336583777_40171022319713,EXCLUDE_PAID
shopify_US_6826336583777_40171022352481,EXCLUDE_PAID
shopify_US_6826336583777_40171022385249,EXCLUDE_PAID
shopify_US_6826336583777_40171022418017,EXCLUDE_PAID
shopify_US_6826336583777_40171022450785,EXCLUDE_PAID
shopify_US_6826336583777_40171022483553,EXCLUDE_PAID
shopify_US_6826336583777_40171022516321,EXCLUDE_PAID
shopify_US_6826336583777_40171022549089,EXCLUDE_PAID
shopify_US_6826336583777_40171022581857,EXCLUDE_PAID
shopify_US_6826336583777_40171022614625,EXCLUDE_PAID
shopify_US_6826336583777_40171022647393,EXCLUDE_PAID
shopify_US_6826336583777_40171022680161,EXCLUDE_PAID
shopify_US_6835971424353_40236677955681,EXCLUDE_PAID
shopify_US_6835971424353_40236677988449,EXCLUDE_PAID
shopify_US_6835971424353_40236678021217,EXCLUDE_PAID
shopify_US_6835971424353_40236678053985,EXCLUDE_PAID
shopify_US_6835971424353_40236678086753,EXCLUDE_PAID
shopify_US_6835971424353_40236678119521,EXCLUDE_PAID
shopify_US_6835971424353_40236678152289,EXCLUDE_PAID
shopify_US_6835971424353_40236678185057,EXCLUDE_PAID
shopify_US_6835971424353_40236678217825,EXCLUDE_PAID
shopify_US_6835971424353_40236678250593,EXCLUDE_PAID
shopify_US_6835971424353_40236678283361,EXCLUDE_PAID
shopify_US_6835971424353_40236678316129,EXCLUDE_PAID
shopify_US_6835971424353_40236678348897,EXCLUDE_PAID
shopify_US_6835971424353_40236678381665,EXCLUDE_PAID
shopify_US_6835971424353_40236678414433,EXCLUDE_PAID
shopify_US_6835971424353_40236678447201,EXCLUDE_PAID
shopify_US_6835971424353_40236678479969,EXCLUDE_PAID
shopify_US_6835971424353_40236678512737,EXCLUDE_PAID
shopify_US_6835971424353_40236678545505,EXCLUDE_PAID
shopify_US_6835971424353_40236678578273,EXCLUDE_PAID
shopify_US_6835971424353_40236678611041,EXCLUDE_PAID
shopify_US_6835971424353_40236678643809,EXCLUDE_PAID
shopify_US_6835971424353_40236678676577,EXCLUDE_PAID
shopify_US_6835971424353_40236678709345,EXCLUDE_PAID
shopify_US_6841759727713_40262972768353,EXCLUDE_PAID
shopify_US_6841759727713_40262972801121,EXCLUDE_PAID
shopify_US_6841759727713_40262972833889,EXCLUDE_PAID
shopify_US_6841759727713_40262972866657,EXCLUDE_PAID
shopify_US_6841759727713_40262972899425,EXCLUDE_PAID
shopify_US_6841759727713_40262972932193,EXCLUDE_PAID
shopify_US_6841759727713_40262972964961,EXCLUDE_PAID
shopify_US_6841759727713_40262972997729,EXCLUDE_PAID
shopify_US_6841759727713_40262973030497,EXCLUDE_PAID
shopify_US_6841759727713_40262973063265,EXCLUDE_PAID
shopify_US_6841759727713_40262973096033,EXCLUDE_PAID
shopify_US_6841759727713_40262973128801,EXCLUDE_PAID
shopify_US_6841761300577_40262980829281,EXCLUDE_PAID
shopify_US_6841761300577_40262980862049,EXCLUDE_PAID
shopify_US_6841761300577_40262980894817,EXCLUDE_PAID
shopify_US_6841761300577_40262980927585,EXCLUDE_PAID
shopify_US_6841761300577_40262980960353,EXCLUDE_PAID
shopify_US_6841761300577_40262980993121,EXCLUDE_PAID
shopify_US_6841761300577_40262981025889,EXCLUDE_PAID
shopify_US_6841761300577_40262981058657,EXCLUDE_PAID
shopify_US_6841761300577_40262981091425,EXCLUDE_PAID
shopify_US_6841761300577_40262981124193,EXCLUDE_PAID
shopify_US_6841761300577_40262981189729,EXCLUDE_PAID
shopify_US_6841761300577_40262981255265,EXCLUDE_PAID
shopify_US_6841761300577_40262981320801,EXCLUDE_PAID
shopify_US_6841761300577_40262981386337,EXCLUDE_PAID
shopify_US_6841761300577_40262981419105,EXCLUDE_PAID
shopify_US_6841761300577_40262981451873,EXCLUDE_PAID
shopify_US_6841761300577_40262981484641,EXCLUDE_PAID
shopify_US_6841761300577_40262981517409,EXCLUDE_PAID
shopify_US_6841761300577_40262981550177,EXCLUDE_PAID
shopify_US_6841761300577_40262981582945,EXCLUDE_PAID
shopify_US_6841761300577_40262981615713,EXCLUDE_PAID
shopify_US_6841761300577_40262981648481,EXCLUDE_PAID
shopify_US_6841761300577_40262981681249,EXCLUDE_PAID
shopify_US_6841761300577_40262981714017,EXCLUDE_PAID
shopify_US_6841768247393_40262997639265,EXCLUDE_PAID
shopify_US_6841768247393_40262997672033,EXCLUDE_PAID
shopify_US_6841768247393_40262997704801,EXCLUDE_PAID
shopify_US_6841768247393_40262997737569,EXCLUDE_PAID
shopify_US_6841768247393_40262997770337,EXCLUDE_PAID
shopify_US_6841768247393_40262997803105,EXCLUDE_PAID
shopify_US_6841768247393_40262997835873,EXCLUDE_PAID
shopify_US_6841768247393_40262997868641,EXCLUDE_PAID
shopify_US_6841768247393_40262997901409,EXCLUDE_PAID
shopify_US_6841768247393_40262997934177,EXCLUDE_PAID
shopify_US_6841768247393_40262997966945,EXCLUDE_PAID
shopify_US_6841768247393_40262997999713,EXCLUDE_PAID
shopify_US_6841768247393_40262998032481,EXCLUDE_PAID
shopify_US_6841768247393_40262998065249,EXCLUDE_PAID
shopify_US_6841780994145_40263028473953,EXCLUDE_PAID
shopify_US_6841780994145_40263028506721,EXCLUDE_PAID
shopify_US_6841780994145_40263028539489,EXCLUDE_PAID
shopify_US_6841780994145_40263028572257,EXCLUDE_PAID
shopify_US_6841780994145_40263028605025,EXCLUDE_PAID
shopify_US_6841780994145_40263028637793,EXCLUDE_PAID
shopify_US_6841780994145_40263028670561,EXCLUDE_PAID
shopify_US_6841780994145_40263028703329,EXCLUDE_PAID
shopify_US_6841780994145_40263028736097,EXCLUDE_PAID
shopify_US_6841780994145_40263028768865,EXCLUDE_PAID
shopify_US_6841780994145_40263028801633,EXCLUDE_PAID
shopify_US_6841780994145_40263028834401,EXCLUDE_PAID
shopify_US_6842585317473_40266205986913,EXCLUDE_PAID
shopify_US_6842585317473_40266206019681,EXCLUDE_PAID
shopify_US_6842585317473_40266206052449,EXCLUDE_PAID
shopify_US_6842585317473_40266206085217,EXCLUDE_PAID
shopify_US_6842585317473_40266206117985,EXCLUDE_PAID
shopify_US_6842585317473_40266206150753,EXCLUDE_PAID
shopify_US_6842585317473_40266206183521,EXCLUDE_PAID
shopify_US_6842585317473_40266206216289,EXCLUDE_PAID
shopify_US_6842585317473_40266206249057,EXCLUDE_PAID
shopify_US_6842585317473_40266206281825,EXCLUDE_PAID
shopify_US_6842585317473_40266206314593,EXCLUDE_PAID
shopify_US_6842585317473_40266206347361,EXCLUDE_PAID
shopify_US_6842585317473_40266206380129,EXCLUDE_PAID
shopify_US_6842585317473_40266206412897,EXCLUDE_PAID
shopify_US_6842585317473_40266206445665,EXCLUDE_PAID
shopify_US_6842585317473_40266206478433,EXCLUDE_PAID
shopify_US_6842585317473_40266206511201,EXCLUDE_PAID
shopify_US_6842585317473_40266206543969,EXCLUDE_PAID
shopify_US_6842585317473_40266206576737,EXCLUDE_PAID
shopify_US_6842585317473_40266206609505,EXCLUDE_PAID
shopify_US_6842585317473_40266206642273,EXCLUDE_PAID
shopify_US_6842585317473_40266206675041,EXCLUDE_PAID
shopify_US_6842585317473_40266206707809,EXCLUDE_PAID
shopify_US_6842585317473_40266206740577,EXCLUDE_PAID
shopify_US_6842586136673_40266209722465,EXCLUDE_PAID
shopify_US_6842586136673_40266209755233,EXCLUDE_PAID
shopify_US_6842586136673_40266209788001,EXCLUDE_PAID
shopify_US_6842586136673_40266209820769,EXCLUDE_PAID
shopify_US_6842586136673_40266209853537,EXCLUDE_PAID
shopify_US_6842586136673_40266209886305,EXCLUDE_PAID
shopify_US_6842586136673_40266209919073,EXCLUDE_PAID
shopify_US_6842586136673_40266209951841,EXCLUDE_PAID
shopify_US_6842586136673_40266209984609,EXCLUDE_PAID
shopify_US_6842586136673_40266210017377,EXCLUDE_PAID
shopify_US_6842586136673_40266210050145,EXCLUDE_PAID
shopify_US_6842586136673_40266210082913,EXCLUDE_PAID
shopify_US_6842586136673_40266210115681,EXCLUDE_PAID
shopify_US_6842586136673_40266210148449,EXCLUDE_PAID
shopify_US_6842586136673_40266210181217,EXCLUDE_PAID
shopify_US_6842586136673_40266210213985,EXCLUDE_PAID
shopify_US_6842586136673_40266210246753,EXCLUDE_PAID
shopify_US_6842586136673_40266210279521,EXCLUDE_PAID
shopify_US_6842586136673_40266210312289,EXCLUDE_PAID
shopify_US_6842586136673_40266210345057,EXCLUDE_PAID
shopify_US_6842586136673_40266210377825,EXCLUDE_PAID
shopify_US_6842586136673_40266210410593,EXCLUDE_PAID
shopify_US_6842586136673_40266210443361,EXCLUDE_PAID
shopify_US_6842586136673_40266210476129,EXCLUDE_PAID
shopify_US_6842586136673_40266210508897,EXCLUDE_PAID
shopify_US_6842586136673_40266210541665,EXCLUDE_PAID
shopify_US_6842586136673_40266210574433,EXCLUDE_PAID
shopify_US_6842586136673_40266210607201,EXCLUDE_PAID
shopify_US_6842586136673_40266210639969,EXCLUDE_PAID
shopify_US_6842586136673_40266210672737,EXCLUDE_PAID
shopify_US_6842586136673_40266210705505,EXCLUDE_PAID
shopify_US_6842586136673_40266210738273,EXCLUDE_PAID
shopify_US_6842587119713_40266214047841,EXCLUDE_PAID
shopify_US_6842587119713_40266214080609,EXCLUDE_PAID
shopify_US_6842587119713_40266214113377,EXCLUDE_PAID
shopify_US_6842587119713_40266214146145,EXCLUDE_PAID
shopify_US_6842587119713_40266214178913,EXCLUDE_PAID
shopify_US_6842587119713_40266214211681,EXCLUDE_PAID
shopify_US_6842587119713_40266214244449,EXCLUDE_PAID
shopify_US_6842587119713_40266214277217,EXCLUDE_PAID
shopify_US_6842587119713_40266214309985,EXCLUDE_PAID
shopify_US_6842587119713_40266214342753,EXCLUDE_PAID
shopify_US_6842587119713_40266214375521,EXCLUDE_PAID
shopify_US_6842587119713_40266214408289,EXCLUDE_PAID
shopify_US_6842587119713_40266214441057,EXCLUDE_PAID
shopify_US_6842587119713_40266214473825,EXCLUDE_PAID
shopify_US_6842587119713_40266214506593,EXCLUDE_PAID
shopify_US_6842587119713_40266214539361,EXCLUDE_PAID
shopify_US_6842587119713_40266214572129,EXCLUDE_PAID
shopify_US_6842587119713_40266214604897,EXCLUDE_PAID
shopify_US_6842587119713_40266214637665,EXCLUDE_PAID
shopify_US_6842587119713_40266214670433,EXCLUDE_PAID
shopify_US_6842587119713_40266214703201,EXCLUDE_PAID
shopify_US_6842587119713_40266214735969,EXCLUDE_PAID
shopify_US_6842587119713_40266214768737,EXCLUDE_PAID
shopify_US_6842587119713_40266214801505,EXCLUDE_PAID
shopify_US_6842587119713_40266214834273,EXCLUDE_PAID
shopify_US_6842587119713_40266214867041,EXCLUDE_PAID
shopify_US_6842587119713_40266214899809,EXCLUDE_PAID
shopify_US_6842587119713_40266214932577,EXCLUDE_PAID
shopify_US_6842587119713_40266214965345,EXCLUDE_PAID
shopify_US_6842587119713_40266214998113,EXCLUDE_PAID
shopify_US_6842587119713_40266215030881,EXCLUDE_PAID
shopify_US_6842587119713_40266215063649,EXCLUDE_PAID
shopify_US_6842587119713_40266215096417,EXCLUDE_PAID
shopify_US_6842587119713_40266215129185,EXCLUDE_PAID
shopify_US_6842587119713_40266215161953,EXCLUDE_PAID
shopify_US_6842587119713_40266215194721,EXCLUDE_PAID
shopify_US_6842587119713_40266215227489,EXCLUDE_PAID
shopify_US_6842587119713_40266215260257,EXCLUDE_PAID
shopify_US_6842587119713_40266215293025,EXCLUDE_PAID
shopify_US_6842587119713_40266215325793,EXCLUDE_PAID
shopify_US_6842587119713_40266215358561,EXCLUDE_PAID
shopify_US_6842587119713_40266215391329,EXCLUDE_PAID
shopify_US_6842587119713_40266215424097,EXCLUDE_PAID
shopify_US_6842587119713_40266215456865,EXCLUDE_PAID
shopify_US_6842587119713_40266215489633,EXCLUDE_PAID
shopify_US_6842587119713_40266215522401,EXCLUDE_PAID
shopify_US_6842587119713_40266215555169,EXCLUDE_PAID
shopify_US_6842587119713_40266215587937,EXCLUDE_PAID
shopify_US_6842587119713_40266215620705,EXCLUDE_PAID
shopify_US_6842587119713_40266215653473,EXCLUDE_PAID
shopify_US_6842587119713_40266215686241,EXCLUDE_PAID
shopify_US_6842587119713_40266215719009,EXCLUDE_PAID
shopify_US_6842587119713_40266215751777,EXCLUDE_PAID
shopify_US_6842587119713_40266215784545,EXCLUDE_PAID
shopify_US_6842587119713_40266215817313,EXCLUDE_PAID
shopify_US_6842587119713_40266215850081,EXCLUDE_PAID
shopify_US_6842587119713_40266215882849,EXCLUDE_PAID
shopify_US_6842587119713_40266215915617,EXCLUDE_PAID
shopify_US_6842587119713_40266215948385,EXCLUDE_PAID
shopify_US_6842587119713_40266215981153,EXCLUDE_PAID
shopify_US_6842587545697_40266217226337,EXCLUDE_PAID
shopify_US_6842587545697_40266217259105,EXCLUDE_PAID
shopify_US_6842587545697_40266217291873,EXCLUDE_PAID
shopify_US_6842587545697_40266217324641,EXCLUDE_PAID
shopify_US_6842587545697_40266217357409,EXCLUDE_PAID
shopify_US_6842587545697_40266217390177,EXCLUDE_PAID
shopify_US_6842587545697_40266217422945,EXCLUDE_PAID
shopify_US_6842587545697_40266217455713,EXCLUDE_PAID
shopify_US_6842587545697_40266217488481,EXCLUDE_PAID
shopify_US_6842587545697_40266217521249,EXCLUDE_PAID
shopify_US_6842587545697_40266217554017,EXCLUDE_PAID
shopify_US_6842587545697_40266217586785,EXCLUDE_PAID
shopify_US_6842587545697_40266217619553,EXCLUDE_PAID
shopify_US_6842587545697_40266217652321,EXCLUDE_PAID
shopify_US_6842587545697_40266217685089,EXCLUDE_PAID
shopify_US_6842587545697_40266217717857,EXCLUDE_PAID
shopify_US_6842587545697_40266217750625,EXCLUDE_PAID
shopify_US_6842587545697_40266217783393,EXCLUDE_PAID
shopify_US_6842587545697_40266217816161,EXCLUDE_PAID
shopify_US_6842587545697_40266217848929,EXCLUDE_PAID
shopify_US_6842587545697_40266217881697,EXCLUDE_PAID
shopify_US_6842587545697_40266217914465,EXCLUDE_PAID
shopify_US_6842587545697_40266217947233,EXCLUDE_PAID
shopify_US_6842587545697_40266217980001,EXCLUDE_PAID
shopify_US_6842588004449_40266219094113,EXCLUDE_PAID
shopify_US_6842588004449_40266219126881,EXCLUDE_PAID
shopify_US_6842588004449_40266219159649,EXCLUDE_PAID
shopify_US_6842588004449_40266219192417,EXCLUDE_PAID
shopify_US_6842588004449_40266219225185,EXCLUDE_PAID
shopify_US_6842588004449_40266219257953,EXCLUDE_PAID
shopify_US_6842588004449_40266219290721,EXCLUDE_PAID
shopify_US_6842588004449_40266219323489,EXCLUDE_PAID
shopify_US_6842588004449_40266219356257,EXCLUDE_PAID
shopify_US_6842588004449_40266219389025,EXCLUDE_PAID
shopify_US_6842588004449_40266219421793,EXCLUDE_PAID
shopify_US_6842588004449_40266219454561,EXCLUDE_PAID
shopify_US_6842588004449_40266219487329,EXCLUDE_PAID
shopify_US_6842588004449_40266219520097,EXCLUDE_PAID
shopify_US_6842588004449_40266219552865,EXCLUDE_PAID
shopify_US_6842588004449_40266219585633,EXCLUDE_PAID
shopify_US_6842588004449_40266219618401,EXCLUDE_PAID
shopify_US_6842588004449_40266219651169,EXCLUDE_PAID
shopify_US_6842588004449_40266219683937,EXCLUDE_PAID
shopify_US_6842588004449_40266219716705,EXCLUDE_PAID
shopify_US_6842588004449_40266219749473,EXCLUDE_PAID
shopify_US_6842588004449_40266219782241,EXCLUDE_PAID
shopify_US_6842588004449_40266219815009,EXCLUDE_PAID
shopify_US_6842588004449_40266219847777,EXCLUDE_PAID
shopify_US_6842588004449_40266219880545,EXCLUDE_PAID
shopify_US_6842588004449_40266219913313,EXCLUDE_PAID
shopify_US_6842588004449_40266219946081,EXCLUDE_PAID
shopify_US_6842588004449_40266219978849,EXCLUDE_PAID
shopify_US_6842588430433_40266223485025,EXCLUDE_PAID
shopify_US_6842588430433_40266223517793,EXCLUDE_PAID
shopify_US_6842588430433_40266223550561,EXCLUDE_PAID
shopify_US_6842588430433_40266223583329,EXCLUDE_PAID
shopify_US_6842588430433_40266223616097,EXCLUDE_PAID
shopify_US_6842588430433_40266223648865,EXCLUDE_PAID
shopify_US_6842588430433_40266223681633,EXCLUDE_PAID
shopify_US_6842588430433_40266223714401,EXCLUDE_PAID
shopify_US_6842588430433_40266223747169,EXCLUDE_PAID
shopify_US_6842588430433_40266223779937,EXCLUDE_PAID
shopify_US_6842588430433_40266223812705,EXCLUDE_PAID
shopify_US_6842588430433_40266223845473,EXCLUDE_PAID
shopify_US_6842588430433_40266223878241,EXCLUDE_PAID
shopify_US_6842588430433_40266223911009,EXCLUDE_PAID
shopify_US_6842588561505_40266224042081,EXCLUDE_PAID
shopify_US_6842588561505_40266224074849,EXCLUDE_PAID
shopify_US_6842588561505_40266224107617,EXCLUDE_PAID
shopify_US_6842588561505_40266224140385,EXCLUDE_PAID
shopify_US_6842588561505_40266224173153,EXCLUDE_PAID
shopify_US_6842588561505_40266224205921,EXCLUDE_PAID
shopify_US_6842588561505_40266224238689,EXCLUDE_PAID
shopify_US_6842588561505_40266224271457,EXCLUDE_PAID
shopify_US_6842588561505_40266224304225,EXCLUDE_PAID
shopify_US_6842588561505_40266224336993,EXCLUDE_PAID
shopify_US_6842588561505_40266224369761,EXCLUDE_PAID
shopify_US_6842588561505_40266224402529,EXCLUDE_PAID
shopify_US_6842589118561_40266226139233,EXCLUDE_PAID
shopify_US_6842589118561_40266226172001,EXCLUDE_PAID
shopify_US_6842589118561_40266226204769,EXCLUDE_PAID
shopify_US_6842589118561_40266226237537,EXCLUDE_PAID
shopify_US_6842589118561_40266226270305,EXCLUDE_PAID
shopify_US_6842589118561_40266226303073,EXCLUDE_PAID
shopify_US_6842589118561_40266226335841,EXCLUDE_PAID
shopify_US_6842589118561_40266226368609,EXCLUDE_PAID
shopify_US_6842589118561_40266226401377,EXCLUDE_PAID
shopify_US_6842589118561_40266226434145,EXCLUDE_PAID
shopify_US_6842589577313_40266228596833,EXCLUDE_PAID
shopify_US_6842589577313_40266228629601,EXCLUDE_PAID
shopify_US_6842589577313_40266228662369,EXCLUDE_PAID
shopify_US_6842589577313_40266228695137,EXCLUDE_PAID
shopify_US_6842589577313_40266228727905,EXCLUDE_PAID
shopify_US_6842589577313_40266228760673,EXCLUDE_PAID
shopify_US_6842589577313_40266228793441,EXCLUDE_PAID
shopify_US_6842589577313_40266228826209,EXCLUDE_PAID
shopify_US_6842589577313_40266228858977,EXCLUDE_PAID
shopify_US_6842589577313_40266228891745,EXCLUDE_PAID
shopify_US_6842589577313_40266228924513,EXCLUDE_PAID
shopify_US_6842589577313_40266228957281,EXCLUDE_PAID
shopify_US_6842594656353_40266241507425,EXCLUDE_PAID
shopify_US_6842594656353_40266241540193,EXCLUDE_PAID
shopify_US_6842594656353_40266241572961,EXCLUDE_PAID
shopify_US_6842594656353_40266241605729,EXCLUDE_PAID
shopify_US_6842594656353_40266241638497,EXCLUDE_PAID
shopify_US_6842594656353_40266241671265,EXCLUDE_PAID
shopify_US_6842594656353_40266241704033,EXCLUDE_PAID
shopify_US_6842594656353_40266241736801,EXCLUDE_PAID
shopify_US_6842594656353_40266241769569,EXCLUDE_PAID
shopify_US_6842594656353_40266241802337,EXCLUDE_PAID
shopify_US_6853246877793_40321240825953,EXCLUDE_PAID
shopify_US_6853246877793_40321240858721,EXCLUDE_PAID
shopify_US_6853246877793_40321240891489,EXCLUDE_PAID
shopify_US_6853246877793_40321240924257,EXCLUDE_PAID
shopify_US_6853246877793_40321241022561,EXCLUDE_PAID
shopify_US_6853246877793_40321241055329,EXCLUDE_PAID
shopify_US_6853246877793_40321241088097,EXCLUDE_PAID
shopify_US_6853246877793_40321241120865,EXCLUDE_PAID
shopify_US_6853246877793_40321241153633,EXCLUDE_PAID
shopify_US_6854357549153_40325663621217,EXCLUDE_PAID
shopify_US_6854357549153_40325663653985,EXCLUDE_PAID
shopify_US_6854357549153_40325663686753,EXCLUDE_PAID
shopify_US_6854357549153_40325663817825,EXCLUDE_PAID
shopify_US_6854357549153_40325663850593,EXCLUDE_PAID
shopify_US_6854357549153_40325663883361,EXCLUDE_PAID
shopify_US_6854357549153_40325664014433,EXCLUDE_PAID
shopify_US_6854357549153_40325664047201,EXCLUDE_PAID
shopify_US_6854357549153_40325664079969,EXCLUDE_PAID
shopify_US_6854357549153_40325664211041,EXCLUDE_PAID
shopify_US_6854357549153_40325664243809,EXCLUDE_PAID
shopify_US_6854357549153_40325664276577,EXCLUDE_PAID
shopify_US_6854357549153_40325664407649,EXCLUDE_PAID
shopify_US_6854357549153_40325664440417,EXCLUDE_PAID
shopify_US_6854357549153_40325664473185,EXCLUDE_PAID
shopify_US_6854357549153_40325664604257,EXCLUDE_PAID
shopify_US_6854357549153_40325664637025,EXCLUDE_PAID
shopify_US_6854357549153_40325664669793,EXCLUDE_PAID
shopify_US_6854357549153_40325664800865,EXCLUDE_PAID
shopify_US_6854357549153_40325664833633,EXCLUDE_PAID
shopify_US_6854357549153_40325664866401,EXCLUDE_PAID
shopify_US_6854357549153_40325664997473,EXCLUDE_PAID
shopify_US_6854357549153_40325665030241,EXCLUDE_PAID
shopify_US_6854357549153_40325665063009,EXCLUDE_PAID
shopify_US_6854357549153_40325665194081,EXCLUDE_PAID
shopify_US_6854357549153_40325665226849,EXCLUDE_PAID
shopify_US_6854357549153_40325665259617,EXCLUDE_PAID
shopify_US_6854357549153_40325665390689,EXCLUDE_PAID
shopify_US_6854357549153_40325665423457,EXCLUDE_PAID
shopify_US_6854357549153_40325665456225,EXCLUDE_PAID
shopify_US_6854357549153_40325665587297,EXCLUDE_PAID
shopify_US_6854357549153_40325665620065,EXCLUDE_PAID
shopify_US_6854357549153_40325665652833,EXCLUDE_PAID
shopify_US_6854357549153_40325665783905,EXCLUDE_PAID
shopify_US_6854357549153_40325665816673,EXCLUDE_PAID
shopify_US_6854357549153_40325665849441,EXCLUDE_PAID
shopify_US_6854357549153_40325665980513,EXCLUDE_PAID
shopify_US_6854357549153_40325666013281,EXCLUDE_PAID
shopify_US_6854357549153_40325666046049,EXCLUDE_PAID
shopify_US_6854357549153_40325666177121,EXCLUDE_PAID
shopify_US_6854357549153_40325666209889,EXCLUDE_PAID
shopify_US_6854357549153_40325666242657,EXCLUDE_PAID
shopify_US_6854357549153_40325666373729,EXCLUDE_PAID
shopify_US_6854357549153_40325666406497,EXCLUDE_PAID
shopify_US_6854357549153_40325666439265,EXCLUDE_PAID
shopify_US_6854511493217_40326198820961,EXCLUDE_PAID
shopify_US_6854511493217_40326198853729,EXCLUDE_PAID
shopify_US_6854511493217_40326198886497,EXCLUDE_PAID
shopify_US_6854511493217_40326198919265,EXCLUDE_PAID
shopify_US_6854511493217_40326198952033,EXCLUDE_PAID
shopify_US_6854511493217_40326198984801,EXCLUDE_PAID
shopify_US_6854511493217_40326199017569,EXCLUDE_PAID
shopify_US_6854511493217_40326199050337,EXCLUDE_PAID
shopify_US_6854511493217_40326199083105,EXCLUDE_PAID
shopify_US_6854511493217_40326199115873,EXCLUDE_PAID
shopify_US_6854511493217_40326199148641,EXCLUDE_PAID
shopify_US_6854511493217_40326199181409,EXCLUDE_PAID
shopify_US_6854511493217_40326199214177,EXCLUDE_PAID
shopify_US_6854511493217_40326199246945,EXCLUDE_PAID
shopify_US_6854511493217_40326199279713,EXCLUDE_PAID
shopify_US_6854511493217_40326199312481,EXCLUDE_PAID
shopify_US_6854511493217_40326199345249,EXCLUDE_PAID
shopify_US_6854511493217_40326199378017,EXCLUDE_PAID
shopify_US_6854511493217_40326199410785,EXCLUDE_PAID
shopify_US_6854511493217_40326199443553,EXCLUDE_PAID
shopify_US_6854511493217_40326199476321,EXCLUDE_PAID
shopify_US_6854511493217_40326199509089,EXCLUDE_PAID
shopify_US_6854511493217_40326199541857,EXCLUDE_PAID
shopify_US_6854511493217_40326199574625,EXCLUDE_PAID
shopify_US_6854511493217_40326199607393,EXCLUDE_PAID
shopify_US_6854511493217_40326199640161,EXCLUDE_PAID
shopify_US_6854511493217_40326199672929,EXCLUDE_PAID
shopify_US_6854511493217_40326199705697,EXCLUDE_PAID
shopify_US_6854511493217_40326199738465,EXCLUDE_PAID
shopify_US_6854511493217_40326199771233,EXCLUDE_PAID
shopify_US_6854511493217_40326199804001,EXCLUDE_PAID
shopify_US_6854511493217_40326199836769,EXCLUDE_PAID
shopify_US_6854511493217_40326199869537,EXCLUDE_PAID
shopify_US_6854511493217_40326199902305,EXCLUDE_PAID
shopify_US_6854511493217_40326199935073,EXCLUDE_PAID
shopify_US_6854511493217_40326199967841,EXCLUDE_PAID
shopify_US_6854511493217_40326200000609,EXCLUDE_PAID
shopify_US_6854511493217_40326200033377,EXCLUDE_PAID
shopify_US_6854511493217_40326200066145,EXCLUDE_PAID
shopify_US_6854511493217_40326200098913,EXCLUDE_PAID
shopify_US_6854511493217_40326200131681,EXCLUDE_PAID
shopify_US_6854511493217_40326200164449,EXCLUDE_PAID
shopify_US_6854511493217_40326200197217,EXCLUDE_PAID
shopify_US_6854511493217_40326200229985,EXCLUDE_PAID
shopify_US_6854511493217_40326200262753,EXCLUDE_PAID
shopify_US_6854511493217_40326200295521,EXCLUDE_PAID
shopify_US_6854511493217_40326200328289,EXCLUDE_PAID
shopify_US_6854511493217_40326200361057,EXCLUDE_PAID
shopify_US_6854511493217_40326200393825,EXCLUDE_PAID
shopify_US_6854511493217_40326200426593,EXCLUDE_PAID
shopify_US_6854511493217_40326200459361,EXCLUDE_PAID
shopify_US_6854511493217_40326200492129,EXCLUDE_PAID
shopify_US_6854511493217_40326200524897,EXCLUDE_PAID
shopify_US_6854511493217_40326200557665,EXCLUDE_PAID
shopify_US_6854511493217_40326200590433,EXCLUDE_PAID
shopify_US_6854511493217_40326200623201,EXCLUDE_PAID
shopify_US_6854511493217_40326200655969,EXCLUDE_PAID
shopify_US_6854511493217_40326200688737,EXCLUDE_PAID
shopify_US_6854511493217_40326200721505,EXCLUDE_PAID
shopify_US_6854511493217_40326200754273,EXCLUDE_PAID
shopify_US_6854511493217_40326200787041,EXCLUDE_PAID
shopify_US_6854511493217_40326200819809,EXCLUDE_PAID
shopify_US_6854511493217_40326200852577,EXCLUDE_PAID
shopify_US_6854511493217_40326200885345,EXCLUDE_PAID
shopify_US_6854511493217_40326200918113,EXCLUDE_PAID
shopify_US_6854511493217_40326200950881,EXCLUDE_PAID
shopify_US_6854511493217_40326200983649,EXCLUDE_PAID
shopify_US_6854511493217_40326201016417,EXCLUDE_PAID
shopify_US_6854511493217_40326201049185,EXCLUDE_PAID
shopify_US_6854511493217_40326201081953,EXCLUDE_PAID
shopify_US_6854511493217_40326201114721,EXCLUDE_PAID
shopify_US_6854511493217_40326201147489,EXCLUDE_PAID
shopify_US_6854511493217_40326201180257,EXCLUDE_PAID
shopify_US_6854511493217_40326201213025,EXCLUDE_PAID
shopify_US_6854511493217_40326201245793,EXCLUDE_PAID
shopify_US_6854511493217_40326201278561,EXCLUDE_PAID
shopify_US_6854511493217_40326201311329,EXCLUDE_PAID
shopify_US_6854511493217_40326201344097,EXCLUDE_PAID
shopify_US_6854511493217_40326201376865,EXCLUDE_PAID
shopify_US_6854511493217_40326201409633,EXCLUDE_PAID
shopify_US_6854511493217_40326201442401,EXCLUDE_PAID
shopify_US_6854511493217_40326201475169,EXCLUDE_PAID
shopify_US_6854511493217_40326201507937,EXCLUDE_PAID
shopify_US_6854511493217_40326201540705,EXCLUDE_PAID
shopify_US_6854511493217_40326201606241,EXCLUDE_PAID
shopify_US_6854511493217_40326201639009,EXCLUDE_PAID
shopify_US_6854511493217_40326201671777,EXCLUDE_PAID
shopify_US_6854511493217_40326201704545,EXCLUDE_PAID
shopify_US_6854511493217_40326201737313,EXCLUDE_PAID
shopify_US_6854511493217_40326201770081,EXCLUDE_PAID
shopify_US_6854511493217_40326201802849,EXCLUDE_PAID
shopify_US_6854511493217_40326201835617,EXCLUDE_PAID
shopify_US_6854999998561_40328221261921,EXCLUDE_PAID
shopify_US_6854999998561_40328221294689,EXCLUDE_PAID
shopify_US_6854999998561_40328221327457,EXCLUDE_PAID
shopify_US_6854999998561_40328221360225,EXCLUDE_PAID
shopify_US_6854999998561_40328221392993,EXCLUDE_PAID
shopify_US_6854999998561_40328221425761,EXCLUDE_PAID
shopify_US_6854999998561_40328221458529,EXCLUDE_PAID
shopify_US_6854999998561_40328221491297,EXCLUDE_PAID
shopify_US_6854999998561_40328221524065,EXCLUDE_PAID
shopify_US_6949019385953_40759975182433,EXCLUDE_PAID
shopify_US_6949019385953_40759975215201,EXCLUDE_PAID
shopify_US_6949019385953_40759975247969,EXCLUDE_PAID
shopify_US_6949019385953_40759975280737,EXCLUDE_PAID
shopify_US_6949019385953_40759975313505,EXCLUDE_PAID
shopify_US_6949019385953_40759975346273,EXCLUDE_PAID
shopify_US_6949019385953_40759975379041,EXCLUDE_PAID
shopify_US_6949019385953_40759975411809,EXCLUDE_PAID
shopify_US_6949019385953_40759975444577,EXCLUDE_PAID
shopify_US_6949019385953_40759975477345,EXCLUDE_PAID
shopify_US_6949019385953_40759975510113,EXCLUDE_PAID
shopify_US_6949019385953_40759975542881,EXCLUDE_PAID
shopify_US_6949019385953_40759975575649,EXCLUDE_PAID
shopify_US_6949019385953_40759975608417,EXCLUDE_PAID
shopify_US_6949019385953_40759975641185,EXCLUDE_PAID
shopify_US_6949019385953_40759975673953,EXCLUDE_PAID
shopify_US_6949538529377_40762243809377,EXCLUDE_PAID
shopify_US_6949538529377_40762243842145,EXCLUDE_PAID
shopify_US_6949538529377_40762243874913,EXCLUDE_PAID
shopify_US_6949538529377_40762243907681,EXCLUDE_PAID
shopify_US_6949538529377_40762243940449,EXCLUDE_PAID
shopify_US_6949538529377_40762243973217,EXCLUDE_PAID
shopify_US_6949538529377_40762244005985,EXCLUDE_PAID
shopify_US_6949538529377_40762244038753,EXCLUDE_PAID
shopify_US_6949538529377_40762244071521,EXCLUDE_PAID
shopify_US_6949538529377_40762244104289,EXCLUDE_PAID
shopify_US_6949538529377_40762244137057,EXCLUDE_PAID
shopify_US_6949538529377_40762244169825,EXCLUDE_PAID
shopify_US_6949538529377_40762244202593,EXCLUDE_PAID
shopify_US_6949538529377_40762244235361,EXCLUDE_PAID
shopify_US_6949538529377_40762244268129,EXCLUDE_PAID
shopify_US_6949538529377_40762244300897,EXCLUDE_PAID
shopify_US_6949538529377_40762251378785,EXCLUDE_PAID
shopify_US_6949538529377_40762251411553,EXCLUDE_PAID
shopify_US_6949538529377_40762251444321,EXCLUDE_PAID
shopify_US_6949538529377_40762251477089,EXCLUDE_PAID
shopify_US_6949538529377_40762251509857,EXCLUDE_PAID
shopify_US_6949538529377_40762251542625,EXCLUDE_PAID
shopify_US_6949538529377_40762251575393,EXCLUDE_PAID
shopify_US_6949538529377_40762251608161,EXCLUDE_PAID
shopify_US_6949538529377_40762251640929,EXCLUDE_PAID
shopify_US_6949538529377_40762251673697,EXCLUDE_PAID
shopify_US_6949538529377_40762251706465,EXCLUDE_PAID
shopify_US_6949538529377_40762251739233,EXCLUDE_PAID
shopify_US_6949538529377_40762251772001,EXCLUDE_PAID
shopify_US_6949538529377_40762251804769,EXCLUDE_PAID
shopify_US_6949538529377_40762251837537,EXCLUDE_PAID
shopify_US_6949538529377_40762251870305,EXCLUDE_PAID
shopify_US_6979350528097_40855056842849,EXCLUDE_PAID
shopify_US_6979350528097_40855056875617,EXCLUDE_PAID
shopify_US_6979350528097_40855056973921,EXCLUDE_PAID
shopify_US_6979350528097_40855057006689,EXCLUDE_PAID
shopify_US_6979350528097_40855057104993,EXCLUDE_PAID
shopify_US_6979350528097_40855057137761,EXCLUDE_PAID
shopify_US_6979350528097_40855057236065,EXCLUDE_PAID
shopify_US_6979350528097_40855057268833,EXCLUDE_PAID
shopify_US_6979350528097_40855057367137,EXCLUDE_PAID
shopify_US_6979350528097_40855057399905,EXCLUDE_PAID
shopify_US_6979350528097_40855057498209,EXCLUDE_PAID
shopify_US_6979350528097_40855057530977,EXCLUDE_PAID
shopify_US_6979350528097_40855057629281,EXCLUDE_PAID
shopify_US_6979350528097_40855057662049,EXCLUDE_PAID
shopify_US_6979350528097_40855057760353,EXCLUDE_PAID
shopify_US_6979350528097_40855057793121,EXCLUDE_PAID
shopify_US_6979350528097_40855057891425,EXCLUDE_PAID
shopify_US_6979350528097_40855057924193,EXCLUDE_PAID
shopify_US_6979350528097_40855058022497,EXCLUDE_PAID
shopify_US_6979350528097_40855058055265,EXCLUDE_PAID
shopify_US_6979350528097_40855058153569,EXCLUDE_PAID
shopify_US_6979350528097_40855058186337,EXCLUDE_PAID
shopify_US_6979350528097_40855058284641,EXCLUDE_PAID
shopify_US_6979350528097_40855058317409,EXCLUDE_PAID
shopify_US_6979350528097_40855058415713,EXCLUDE_PAID
shopify_US_6979350528097_40855058448481,EXCLUDE_PAID
shopify_US_6979350528097_40855058546785,EXCLUDE_PAID
shopify_US_6979350528097_40855058579553,EXCLUDE_PAID
shopify_US_6979350528097_40855058677857,EXCLUDE_PAID
shopify_US_6979350528097_40855058710625,EXCLUDE_PAID
shopify_US_6979350528097_40855058808929,EXCLUDE_PAID
shopify_US_6979350528097_40855058841697,EXCLUDE_PAID
shopify_US_6979350528097_40855058940001,EXCLUDE_PAID
shopify_US_6979350528097_40855058972769,EXCLUDE_PAID
shopify_US_6979350528097_40855059071073,EXCLUDE_PAID
shopify_US_6979350528097_40855059103841,EXCLUDE_PAID
shopify_US_6979350528097_40855059202145,EXCLUDE_PAID
shopify_US_6979350528097_40855059234913,EXCLUDE_PAID
shopify_US_6979350528097_40855059333217,EXCLUDE_PAID
shopify_US_6979350528097_40855059365985,EXCLUDE_PAID
shopify_US_6979350528097_40855059464289,EXCLUDE_PAID
shopify_US_6979350528097_40855059497057,EXCLUDE_PAID
shopify_US_6979350528097_40855059595361,EXCLUDE_PAID
shopify_US_6979350528097_40855059628129,EXCLUDE_PAID
shopify_US_6979350528097_40855059726433,EXCLUDE_PAID
shopify_US_6979350528097_40855059759201,EXCLUDE_PAID
shopify_US_6979394142305_40855133323361,EXCLUDE_PAID
shopify_US_6979394142305_40855133356129,EXCLUDE_PAID
shopify_US_6979394142305_40855133388897,EXCLUDE_PAID
shopify_US_6979394142305_40855133421665,EXCLUDE_PAID
shopify_US_6979394142305_40855133454433,EXCLUDE_PAID
shopify_US_6979394142305_40855133487201,EXCLUDE_PAID
shopify_US_6979394142305_40855133519969,EXCLUDE_PAID
shopify_US_6979394142305_40855133552737,EXCLUDE_PAID
shopify_US_6979394142305_40855133585505,EXCLUDE_PAID
shopify_US_6979394142305_40855133749345,EXCLUDE_PAID
shopify_US_6979394142305_40855133782113,EXCLUDE_PAID
shopify_US_6979394142305_40855133814881,EXCLUDE_PAID
shopify_US_6979394142305_40855133847649,EXCLUDE_PAID
shopify_US_6979394142305_40855133880417,EXCLUDE_PAID
shopify_US_6979394142305_40855133913185,EXCLUDE_PAID
shopify_US_6979394142305_40855133945953,EXCLUDE_PAID
shopify_US_6979394142305_40855133978721,EXCLUDE_PAID
shopify_US_6979394142305_40855134011489,EXCLUDE_PAID
shopify_US_6979394142305_40855134044257,EXCLUDE_PAID
shopify_US_6979394142305_40855134077025,EXCLUDE_PAID
shopify_US_6979394142305_40855134109793,EXCLUDE_PAID
shopify_US_6979394142305_40855134142561,EXCLUDE_PAID
shopify_US_6979394142305_40855134175329,EXCLUDE_PAID
shopify_US_6979394142305_40855134208097,EXCLUDE_PAID
shopify_US_6979394142305_40855134240865,EXCLUDE_PAID
shopify_US_6979394142305_40855134273633,EXCLUDE_PAID
shopify_US_6979394142305_40855134306401,EXCLUDE_PAID
shopify_US_6979394142305_40855134339169,EXCLUDE_PAID
shopify_US_6979394142305_40855134503009,EXCLUDE_PAID
shopify_US_6979394142305_40855134535777,EXCLUDE_PAID
shopify_US_6979394142305_40855134568545,EXCLUDE_PAID
shopify_US_6979394142305_40855134601313,EXCLUDE_PAID
shopify_US_6979394142305_40855134634081,EXCLUDE_PAID
shopify_US_6979394142305_40855134666849,EXCLUDE_PAID
shopify_US_6979394142305_40855134699617,EXCLUDE_PAID
shopify_US_6979394142305_40855134732385,EXCLUDE_PAID
shopify_US_6979394142305_40855134765153,EXCLUDE_PAID
shopify_US_6979394142305_40855134797921,EXCLUDE_PAID
shopify_US_6979394142305_40855145611361,EXCLUDE_PAID
shopify_US_6979394142305_40855145644129,EXCLUDE_PAID
shopify_US_6979394142305_40855145676897,EXCLUDE_PAID
shopify_US_6979394142305_40855145709665,EXCLUDE_PAID
shopify_US_6979394142305_40855145742433,EXCLUDE_PAID
shopify_US_6979394142305_40855145775201,EXCLUDE_PAID
shopify_US_7000802328673_40913088413793,EXCLUDE_PAID
shopify_US_7000802328673_40913088446561,EXCLUDE_PAID
shopify_US_7000802328673_40913088479329,EXCLUDE_PAID
shopify_US_7000802328673_40913088512097,EXCLUDE_PAID
shopify_US_7000802328673_40913088544865,EXCLUDE_PAID
shopify_US_7000802328673_40913088577633,EXCLUDE_PAID
shopify_US_7000802328673_40913088610401,EXCLUDE_PAID
shopify_US_7000802328673_40913088643169,EXCLUDE_PAID
shopify_US_7000802328673_40913088675937,EXCLUDE_PAID
shopify_US_7000802328673_40913088708705,EXCLUDE_PAID
shopify_US_7000802328673_40913088741473,EXCLUDE_PAID
shopify_US_7000802328673_40913088774241,EXCLUDE_PAID
shopify_US_7000802328673_40913088807009,EXCLUDE_PAID
shopify_US_7000802328673_40913088839777,EXCLUDE_PAID
shopify_US_7000802328673_40913088872545,EXCLUDE_PAID
shopify_US_7000802328673_40913088938081,EXCLUDE_PAID
shopify_US_7000802328673_40913088970849,EXCLUDE_PAID
shopify_US_7000802328673_40913089003617,EXCLUDE_PAID
shopify_US_7000802328673_40913089036385,EXCLUDE_PAID
shopify_US_7000802328673_40913089069153,EXCLUDE_PAID
shopify_US_7000802328673_40913089101921,EXCLUDE_PAID
shopify_US_7000878055521_40913273618529,EXCLUDE_PAID
shopify_US_7000878055521_40913273651297,EXCLUDE_PAID
shopify_US_7000878055521_40913273684065,EXCLUDE_PAID
shopify_US_7000878055521_40913273716833,EXCLUDE_PAID
shopify_US_7000878055521_40913273749601,EXCLUDE_PAID
shopify_US_7000878055521_40913273782369,EXCLUDE_PAID
shopify_US_7000878055521_40913273815137,EXCLUDE_PAID
shopify_US_7000878055521_40913273847905,EXCLUDE_PAID
shopify_US_7000878055521_40913273880673,EXCLUDE_PAID
shopify_US_7000878055521_40913273913441,EXCLUDE_PAID
shopify_US_7000878055521_40913273946209,EXCLUDE_PAID
shopify_US_7000878055521_40913273978977,EXCLUDE_PAID
shopify_US_7000878055521_40913274011745,EXCLUDE_PAID
shopify_US_7000878055521_40913274044513,EXCLUDE_PAID
shopify_US_7000878055521_40913274077281,EXCLUDE_PAID
shopify_US_7000878055521_40913274110049,EXCLUDE_PAID
shopify_US_7000878055521_40913274142817,EXCLUDE_PAID
shopify_US_7000878055521_40913274175585,EXCLUDE_PAID
shopify_US_7000878055521_40913274208353,EXCLUDE_PAID
shopify_US_7000878055521_40913274241121,EXCLUDE_PAID
shopify_US_7000878055521_40913274273889,EXCLUDE_PAID
shopify_US_7000905384033_40913387290721,EXCLUDE_PAID
shopify_US_7000905384033_40913387323489,EXCLUDE_PAID
shopify_US_7000905384033_40913387356257,EXCLUDE_PAID
shopify_US_7000905384033_40913387389025,EXCLUDE_PAID
shopify_US_7000905384033_40913387421793,EXCLUDE_PAID
shopify_US_7000905384033_40913387454561,EXCLUDE_PAID
shopify_US_7000905384033_40913387487329,EXCLUDE_PAID
shopify_US_7000905384033_40913387520097,EXCLUDE_PAID
shopify_US_7000905384033_40913387552865,EXCLUDE_PAID
shopify_US_7000905384033_40913387585633,EXCLUDE_PAID
shopify_US_7000905384033_40913387618401,EXCLUDE_PAID
shopify_US_7000905384033_40913387651169,EXCLUDE_PAID
shopify_US_7000905384033_40913387683937,EXCLUDE_PAID
shopify_US_7000905384033_40913387716705,EXCLUDE_PAID
shopify_US_7000905384033_40913387749473,EXCLUDE_PAID
shopify_US_7000905384033_40913387782241,EXCLUDE_PAID
shopify_US_7000905384033_40913387815009,EXCLUDE_PAID
shopify_US_7000905384033_40913387847777,EXCLUDE_PAID
shopify_US_7000905384033_40913387880545,EXCLUDE_PAID
shopify_US_7000905384033_40913387913313,EXCLUDE_PAID
shopify_US_7000905384033_40913387946081,EXCLUDE_PAID
shopify_US_7000989958241_40913637146721,EXCLUDE_PAID
shopify_US_7000989958241_40913637179489,EXCLUDE_PAID
shopify_US_7000989958241_40913637212257,EXCLUDE_PAID
shopify_US_7000989958241_40913637245025,EXCLUDE_PAID
shopify_US_7000989958241_40913637277793,EXCLUDE_PAID
shopify_US_7000989958241_40913637310561,EXCLUDE_PAID
shopify_US_7000989958241_40913637343329,EXCLUDE_PAID
shopify_US_7000989958241_40913637376097,EXCLUDE_PAID
shopify_US_7000989958241_40913637408865,EXCLUDE_PAID
shopify_US_7000989958241_40913637441633,EXCLUDE_PAID
shopify_US_7000989958241_40913637474401,EXCLUDE_PAID
shopify_US_7000989958241_40913637507169,EXCLUDE_PAID
shopify_US_7000989958241_40913637539937,EXCLUDE_PAID
shopify_US_7000989958241_40913637572705,EXCLUDE_PAID
shopify_US_7000989958241_40913637605473,EXCLUDE_PAID
shopify_US_7000989958241_40913637638241,EXCLUDE_PAID
shopify_US_7000989958241_40913637671009,EXCLUDE_PAID
shopify_US_7000989958241_40913637703777,EXCLUDE_PAID
shopify_US_7000989958241_40913637736545,EXCLUDE_PAID
shopify_US_7000989958241_40913637769313,EXCLUDE_PAID
shopify_US_7000989958241_40913637802081,EXCLUDE_PAID
shopify_US_7000997134433_40913664016481,EXCLUDE_PAID
shopify_US_7000997134433_40913664049249,EXCLUDE_PAID
shopify_US_7000997134433_40913664082017,EXCLUDE_PAID
shopify_US_7000997134433_40913664114785,EXCLUDE_PAID
shopify_US_7000997134433_40913664147553,EXCLUDE_PAID
shopify_US_7000997134433_40913664180321,EXCLUDE_PAID
shopify_US_7000997134433_40913664213089,EXCLUDE_PAID
shopify_US_7000997134433_40913664245857,EXCLUDE_PAID
shopify_US_7000997134433_40913664278625,EXCLUDE_PAID
shopify_US_7000997134433_40913664311393,EXCLUDE_PAID
shopify_US_7000997134433_40913664344161,EXCLUDE_PAID
shopify_US_7000997134433_40913664376929,EXCLUDE_PAID
shopify_US_7000997134433_40913664409697,EXCLUDE_PAID
shopify_US_7000997134433_40913664442465,EXCLUDE_PAID
shopify_US_7000997134433_40913664475233,EXCLUDE_PAID
shopify_US_7000997134433_40913664508001,EXCLUDE_PAID
shopify_US_7000997134433_40913664540769,EXCLUDE_PAID
shopify_US_7000997134433_40913664573537,EXCLUDE_PAID
shopify_US_7000997134433_40913664606305,EXCLUDE_PAID
shopify_US_7000997134433_40913664639073,EXCLUDE_PAID
shopify_US_7000997134433_40913664671841,EXCLUDE_PAID
shopify_US_7001270583393_40915132940385,EXCLUDE_PAID
shopify_US_7001270583393_40915132973153,EXCLUDE_PAID
shopify_US_7001270583393_40915133005921,EXCLUDE_PAID
shopify_US_7001270583393_40915133038689,EXCLUDE_PAID
shopify_US_7001270583393_40915133071457,EXCLUDE_PAID
shopify_US_7001270583393_40915133104225,EXCLUDE_PAID
shopify_US_7001270583393_40915133136993,EXCLUDE_PAID
shopify_US_7001270583393_40915133169761,EXCLUDE_PAID
shopify_US_7001270583393_40915133202529,EXCLUDE_PAID
shopify_US_7001270583393_40915133235297,EXCLUDE_PAID
shopify_US_7001270583393_40915133268065,EXCLUDE_PAID
shopify_US_7001270583393_40915133300833,EXCLUDE_PAID
shopify_US_7001270583393_40915133333601,EXCLUDE_PAID
shopify_US_7001270583393_40915133366369,EXCLUDE_PAID
shopify_US_7001270583393_40915133399137,EXCLUDE_PAID
shopify_US_7001270583393_40915133431905,EXCLUDE_PAID
shopify_US_7001270583393_40915133464673,EXCLUDE_PAID
shopify_US_7001270583393_40915133497441,EXCLUDE_PAID
shopify_US_7001270583393_40915133530209,EXCLUDE_PAID
shopify_US_7001270583393_40915133562977,EXCLUDE_PAID
shopify_US_7001270583393_40915133595745,EXCLUDE_PAID
shopify_US_7001273991265_40915146571873,EXCLUDE_PAID
shopify_US_7001273991265_40915146604641,EXCLUDE_PAID
shopify_US_7001273991265_40915146637409,EXCLUDE_PAID
shopify_US_7001273991265_40915146670177,EXCLUDE_PAID
shopify_US_7001273991265_40915146702945,EXCLUDE_PAID
shopify_US_7001273991265_40915146735713,EXCLUDE_PAID
shopify_US_7001273991265_40915146768481,EXCLUDE_PAID
shopify_US_7001273991265_40915146801249,EXCLUDE_PAID
shopify_US_7001273991265_40915146834017,EXCLUDE_PAID
shopify_US_7001273991265_40915146866785,EXCLUDE_PAID
shopify_US_7001273991265_40915146899553,EXCLUDE_PAID
shopify_US_7001273991265_40915146932321,EXCLUDE_PAID
shopify_US_7001273991265_40915146965089,EXCLUDE_PAID
shopify_US_7001273991265_40915146997857,EXCLUDE_PAID
shopify_US_7001273991265_40915147030625,EXCLUDE_PAID
shopify_US_7001273991265_40915147063393,EXCLUDE_PAID
shopify_US_7001273991265_40915147096161,EXCLUDE_PAID
shopify_US_7001273991265_40915147128929,EXCLUDE_PAID
shopify_US_7001273991265_40915147161697,EXCLUDE_PAID
shopify_US_7001273991265_40915147194465,EXCLUDE_PAID
shopify_US_7001273991265_40915147227233,EXCLUDE_PAID
shopify_US_7001273991265_40915147260001,EXCLUDE_PAID
shopify_US_7001273991265_40915147292769,EXCLUDE_PAID
shopify_US_7001273991265_40915147325537,EXCLUDE_PAID
shopify_US_7001273991265_40915147358305,EXCLUDE_PAID
shopify_US_7001273991265_40915147391073,EXCLUDE_PAID
shopify_US_7001273991265_40915147423841,EXCLUDE_PAID
shopify_US_7001273991265_40915147456609,EXCLUDE_PAID
shopify_US_7001273991265_40915147489377,EXCLUDE_PAID
shopify_US_7001273991265_40915147522145,EXCLUDE_PAID
shopify_US_7001273991265_40915147554913,EXCLUDE_PAID
shopify_US_7001273991265_40915147587681,EXCLUDE_PAID
shopify_US_7001273991265_40915147620449,EXCLUDE_PAID
shopify_US_7001273991265_40915147653217,EXCLUDE_PAID
shopify_US_7001273991265_40915147685985,EXCLUDE_PAID
shopify_US_7001273991265_40915147718753,EXCLUDE_PAID
shopify_US_7001273991265_40915147751521,EXCLUDE_PAID
shopify_US_7001273991265_40915147784289,EXCLUDE_PAID
shopify_US_7001273991265_40915147817057,EXCLUDE_PAID
shopify_US_7001273991265_40915147849825,EXCLUDE_PAID
shopify_US_7001273991265_40915147882593,EXCLUDE_PAID
shopify_US_7001273991265_40915147915361,EXCLUDE_PAID
shopify_US_7001273991265_40915147948129,EXCLUDE_PAID
shopify_US_7001273991265_40915147980897,EXCLUDE_PAID
shopify_US_7001395626081_40915871072353,EXCLUDE_PAID
shopify_US_7001395626081_40915871105121,EXCLUDE_PAID
shopify_US_7001395626081_40915871137889,EXCLUDE_PAID
shopify_US_7001395626081_40915871170657,EXCLUDE_PAID
shopify_US_7001395626081_40915871203425,EXCLUDE_PAID
shopify_US_7001395626081_40915871596641,EXCLUDE_PAID
shopify_US_7001395626081_40915871629409,EXCLUDE_PAID
shopify_US_7001395626081_40915871662177,EXCLUDE_PAID
shopify_US_7001395626081_40915871694945,EXCLUDE_PAID
shopify_US_7001395626081_40915871727713,EXCLUDE_PAID
shopify_US_7001395626081_40915871760481,EXCLUDE_PAID
shopify_US_7001395626081_40915909443681,EXCLUDE_PAID
shopify_US_7001395626081_40915909476449,EXCLUDE_PAID
shopify_US_7001395626081_40915909509217,EXCLUDE_PAID
shopify_US_7001395626081_40915909541985,EXCLUDE_PAID
shopify_US_7001395626081_40915909574753,EXCLUDE_PAID
shopify_US_7001395626081_40915909607521,EXCLUDE_PAID
shopify_US_7001395626081_40915909640289,EXCLUDE_PAID
shopify_US_7001395626081_40915909673057,EXCLUDE_PAID
shopify_US_7001395626081_40915909705825,EXCLUDE_PAID
shopify_US_7001395626081_40915909738593,EXCLUDE_PAID
shopify_US_7001395626081_40915909771361,EXCLUDE_PAID
shopify_US_7001402933345_40915938181217,EXCLUDE_PAID
shopify_US_7001402933345_40915938213985,EXCLUDE_PAID
shopify_US_7001402933345_40915938246753,EXCLUDE_PAID
shopify_US_7001402933345_40915938279521,EXCLUDE_PAID
shopify_US_7001402933345_40915938312289,EXCLUDE_PAID
shopify_US_7001402933345_40915938705505,EXCLUDE_PAID
shopify_US_7001402933345_40915938738273,EXCLUDE_PAID
shopify_US_7001402933345_40915938771041,EXCLUDE_PAID
shopify_US_7001402933345_40915938803809,EXCLUDE_PAID
shopify_US_7001402933345_40915938836577,EXCLUDE_PAID
shopify_US_7001402933345_40915938869345,EXCLUDE_PAID
shopify_US_7001402933345_40915939065953,EXCLUDE_PAID
shopify_US_7001402933345_40915939098721,EXCLUDE_PAID
shopify_US_7001402933345_40915939131489,EXCLUDE_PAID
shopify_US_7001402933345_40915939164257,EXCLUDE_PAID
shopify_US_7001402933345_40915939197025,EXCLUDE_PAID
shopify_US_7001402933345_40915939229793,EXCLUDE_PAID
shopify_US_7001402933345_40915939262561,EXCLUDE_PAID
shopify_US_7001402933345_40915939295329,EXCLUDE_PAID
shopify_US_7001402933345_40915939328097,EXCLUDE_PAID
shopify_US_7001402933345_40915939360865,EXCLUDE_PAID
shopify_US_7001402933345_40915939393633,EXCLUDE_PAID
shopify_US_7001404178529_40915943522401,EXCLUDE_PAID
shopify_US_7001404178529_40915943555169,EXCLUDE_PAID
shopify_US_7001404178529_40915943587937,EXCLUDE_PAID
shopify_US_7001404178529_40915943620705,EXCLUDE_PAID
shopify_US_7001404178529_40915943653473,EXCLUDE_PAID
shopify_US_7001404178529_40915943686241,EXCLUDE_PAID
shopify_US_7001404178529_40915943719009,EXCLUDE_PAID
shopify_US_7001404178529_40915943751777,EXCLUDE_PAID
shopify_US_7001404178529_40915943784545,EXCLUDE_PAID
shopify_US_7001404178529_40915943817313,EXCLUDE_PAID
shopify_US_7001404178529_40915943850081,EXCLUDE_PAID
shopify_US_7001404178529_40915943882849,EXCLUDE_PAID
shopify_US_7001404178529_40915943915617,EXCLUDE_PAID
shopify_US_7001404178529_40915943948385,EXCLUDE_PAID
shopify_US_7001404178529_40915943981153,EXCLUDE_PAID
shopify_US_7001404178529_40915944013921,EXCLUDE_PAID
shopify_US_7001404178529_40915944046689,EXCLUDE_PAID
shopify_US_7001404178529_40915944079457,EXCLUDE_PAID
shopify_US_7001404178529_40915944112225,EXCLUDE_PAID
shopify_US_7001404178529_40915944144993,EXCLUDE_PAID
shopify_US_7001404178529_40915944177761,EXCLUDE_PAID
shopify_US_7001406832737_40915953090657,EXCLUDE_PAID
shopify_US_7001406832737_40915953123425,EXCLUDE_PAID
shopify_US_7001406832737_40915953156193,EXCLUDE_PAID
shopify_US_7001406832737_40915953188961,EXCLUDE_PAID
shopify_US_7001406832737_40915953221729,EXCLUDE_PAID
shopify_US_7001406832737_40915953254497,EXCLUDE_PAID
shopify_US_7001406832737_40915953287265,EXCLUDE_PAID
shopify_US_7001406832737_40915953320033,EXCLUDE_PAID
shopify_US_7001406832737_40915953352801,EXCLUDE_PAID
shopify_US_7001406832737_40915953385569,EXCLUDE_PAID
shopify_US_7001406832737_40915953418337,EXCLUDE_PAID
shopify_US_7001406832737_40915953451105,EXCLUDE_PAID
shopify_US_7001406832737_40915953483873,EXCLUDE_PAID
shopify_US_7001406832737_40915953516641,EXCLUDE_PAID
shopify_US_7001406832737_40915953549409,EXCLUDE_PAID
shopify_US_7001406832737_40915953582177,EXCLUDE_PAID
shopify_US_7001406832737_40915953614945,EXCLUDE_PAID
shopify_US_7001406832737_40915953647713,EXCLUDE_PAID
shopify_US_7001406832737_40915953680481,EXCLUDE_PAID
shopify_US_7001406832737_40915953713249,EXCLUDE_PAID
shopify_US_7001406832737_40915953746017,EXCLUDE_PAID
shopify_US_7001409257569_40915956858977,EXCLUDE_PAID
shopify_US_7001409257569_40915956891745,EXCLUDE_PAID
shopify_US_7001409257569_40915956924513,EXCLUDE_PAID
shopify_US_7001409257569_40915956957281,EXCLUDE_PAID
shopify_US_7001409257569_40915956990049,EXCLUDE_PAID
shopify_US_7001409257569_40915957022817,EXCLUDE_PAID
shopify_US_7001409257569_40915957055585,EXCLUDE_PAID
shopify_US_7001409257569_40915957088353,EXCLUDE_PAID
shopify_US_7001409257569_40915957121121,EXCLUDE_PAID
shopify_US_7001409257569_40915957153889,EXCLUDE_PAID
shopify_US_7001409257569_40915957186657,EXCLUDE_PAID
shopify_US_7001409257569_40915957219425,EXCLUDE_PAID
shopify_US_7001409257569_40915957252193,EXCLUDE_PAID
shopify_US_7001409257569_40915957284961,EXCLUDE_PAID
shopify_US_7001409257569_40915957317729,EXCLUDE_PAID
shopify_US_7001409257569_40915957350497,EXCLUDE_PAID
shopify_US_7001409257569_40915957383265,EXCLUDE_PAID
shopify_US_7001409257569_40915957416033,EXCLUDE_PAID
shopify_US_7001409257569_40915957448801,EXCLUDE_PAID
shopify_US_7001409257569_40915957481569,EXCLUDE_PAID
shopify_US_7001409257569_40915957514337,EXCLUDE_PAID
shopify_US_7001411027041_40915961348193,EXCLUDE_PAID
shopify_US_7001411027041_40915961380961,EXCLUDE_PAID
shopify_US_7001411027041_40915961413729,EXCLUDE_PAID
shopify_US_7001411027041_40915961446497,EXCLUDE_PAID
shopify_US_7001411027041_40915961479265,EXCLUDE_PAID
shopify_US_7001411027041_40915961512033,EXCLUDE_PAID
shopify_US_7001411027041_40915961544801,EXCLUDE_PAID
shopify_US_7001411027041_40915961577569,EXCLUDE_PAID
shopify_US_7001411027041_40915961610337,EXCLUDE_PAID
shopify_US_7001411027041_40915961643105,EXCLUDE_PAID
shopify_US_7001411027041_40915961675873,EXCLUDE_PAID
shopify_US_7001411027041_40915961708641,EXCLUDE_PAID
shopify_US_7001411027041_40915961741409,EXCLUDE_PAID
shopify_US_7001411027041_40915961774177,EXCLUDE_PAID
shopify_US_7001411027041_40915961806945,EXCLUDE_PAID
shopify_US_7001411027041_40915961839713,EXCLUDE_PAID
shopify_US_7001411027041_40915961872481,EXCLUDE_PAID
shopify_US_7001411027041_40915961905249,EXCLUDE_PAID
shopify_US_7001411027041_40915961938017,EXCLUDE_PAID
shopify_US_7001411027041_40915961970785,EXCLUDE_PAID
shopify_US_7001411027041_40915962003553,EXCLUDE_PAID
shopify_US_7001877119073_40917150892129,EXCLUDE_PAID
shopify_US_7001877119073_40917150924897,EXCLUDE_PAID
shopify_US_7001877119073_40917150957665,EXCLUDE_PAID
shopify_US_7001877119073_40917150990433,EXCLUDE_PAID
shopify_US_7001877119073_40917151023201,EXCLUDE_PAID
shopify_US_7001877119073_40917151055969,EXCLUDE_PAID
shopify_US_7001877119073_40917151088737,EXCLUDE_PAID
shopify_US_7001877119073_40917151121505,EXCLUDE_PAID
shopify_US_7001877119073_40917151154273,EXCLUDE_PAID
shopify_US_7001877119073_40917151187041,EXCLUDE_PAID
shopify_US_7001877119073_40917151219809,EXCLUDE_PAID
shopify_US_7001877119073_40917151252577,EXCLUDE_PAID
shopify_US_7001877119073_40917151285345,EXCLUDE_PAID
shopify_US_7001877119073_40917151318113,EXCLUDE_PAID
shopify_US_7001877119073_40917151350881,EXCLUDE_PAID
shopify_US_7001877119073_40917151383649,EXCLUDE_PAID
shopify_US_7001877119073_40917151416417,EXCLUDE_PAID
shopify_US_7001877119073_40917151481953,EXCLUDE_PAID
shopify_US_7001877119073_40917151514721,EXCLUDE_PAID
shopify_US_7001877119073_40917151547489,EXCLUDE_PAID
shopify_US_7001877119073_40917151580257,EXCLUDE_PAID
shopify_US_7001880166497_40917164785761,EXCLUDE_PAID
shopify_US_7001880166497_40917164818529,EXCLUDE_PAID
shopify_US_7001880166497_40917164851297,EXCLUDE_PAID
shopify_US_7001880166497_40917164884065,EXCLUDE_PAID
shopify_US_7001880166497_40917164916833,EXCLUDE_PAID
shopify_US_7001880166497_40917164949601,EXCLUDE_PAID
shopify_US_7001880166497_40917164982369,EXCLUDE_PAID
shopify_US_7001880166497_40917165015137,EXCLUDE_PAID
shopify_US_7001880166497_40917165047905,EXCLUDE_PAID
shopify_US_7001880166497_40917165080673,EXCLUDE_PAID
shopify_US_7001880166497_40917165113441,EXCLUDE_PAID
shopify_US_7001880166497_40917165146209,EXCLUDE_PAID
shopify_US_7001880166497_40917165178977,EXCLUDE_PAID
shopify_US_7001880166497_40917165211745,EXCLUDE_PAID
shopify_US_7001880166497_40917165244513,EXCLUDE_PAID
shopify_US_7001880166497_40917165277281,EXCLUDE_PAID
shopify_US_7001880166497_40917165310049,EXCLUDE_PAID
shopify_US_7001880166497_40917165342817,EXCLUDE_PAID
shopify_US_7001880166497_40917165375585,EXCLUDE_PAID
shopify_US_7001880166497_40917165408353,EXCLUDE_PAID
shopify_US_7001880166497_40917165441121,EXCLUDE_PAID
shopify_US_7001892683873_40917209055329,EXCLUDE_PAID
shopify_US_7001892683873_40917209088097,EXCLUDE_PAID
shopify_US_7001892683873_40917209120865,EXCLUDE_PAID
shopify_US_7001892683873_40917209153633,EXCLUDE_PAID
shopify_US_7001892683873_40917209186401,EXCLUDE_PAID
shopify_US_7001892683873_40917209219169,EXCLUDE_PAID
shopify_US_7001892683873_40917209251937,EXCLUDE_PAID
shopify_US_7001892683873_40917209284705,EXCLUDE_PAID
shopify_US_7001892683873_40917209317473,EXCLUDE_PAID
shopify_US_7001892683873_40917209350241,EXCLUDE_PAID
shopify_US_7001892683873_40917209383009,EXCLUDE_PAID
shopify_US_7001892683873_40917209415777,EXCLUDE_PAID
shopify_US_7001892683873_40917209448545,EXCLUDE_PAID
shopify_US_7001892683873_40917209481313,EXCLUDE_PAID
shopify_US_7001892683873_40917209514081,EXCLUDE_PAID
shopify_US_7001892683873_40917209546849,EXCLUDE_PAID
shopify_US_7001892683873_40917209579617,EXCLUDE_PAID
shopify_US_7001892683873_40917209612385,EXCLUDE_PAID
shopify_US_7001892683873_40917209645153,EXCLUDE_PAID
shopify_US_7001892683873_40917209677921,EXCLUDE_PAID
shopify_US_7001892683873_40917209710689,EXCLUDE_PAID
shopify_US_7001898975329_40917233860705,EXCLUDE_PAID
shopify_US_7001898975329_40917233893473,EXCLUDE_PAID
shopify_US_7001898975329_40917233926241,EXCLUDE_PAID
shopify_US_7001898975329_40917233959009,EXCLUDE_PAID
shopify_US_7001898975329_40917233991777,EXCLUDE_PAID
shopify_US_7001898975329_40917234024545,EXCLUDE_PAID
shopify_US_7001898975329_40917234057313,EXCLUDE_PAID
shopify_US_7001898975329_40917234090081,EXCLUDE_PAID
shopify_US_7001898975329_40917234122849,EXCLUDE_PAID
shopify_US_7001898975329_40917234155617,EXCLUDE_PAID
shopify_US_7001898975329_40917234188385,EXCLUDE_PAID
shopify_US_7001898975329_40917234221153,EXCLUDE_PAID
shopify_US_7001898975329_40917234253921,EXCLUDE_PAID
shopify_US_7001898975329_40917234286689,EXCLUDE_PAID
shopify_US_7001898975329_40917234319457,EXCLUDE_PAID
shopify_US_7001898975329_40917234352225,EXCLUDE_PAID
shopify_US_7001898975329_40917234384993,EXCLUDE_PAID
shopify_US_7001898975329_40917234417761,EXCLUDE_PAID
shopify_US_7001898975329_40917234450529,EXCLUDE_PAID
shopify_US_7001898975329_40917234483297,EXCLUDE_PAID
shopify_US_7001898975329_40917234516065,EXCLUDE_PAID
shopify_US_7107978395745_41493652963425,FIX_BEFORE_PAID
shopify_US_7107978395745_41493652996193,FIX_BEFORE_PAID
shopify_US_7107978395745_41493653028961,FIX_BEFORE_PAID
shopify_US_7107978395745_41493653061729,FIX_BEFORE_PAID
shopify_US_7107978395745_41493653094497,FIX_BEFORE_PAID
shopify_US_7107978395745_41493653127265,FIX_BEFORE_PAID
shopify_US_7107978395745_41493653160033,FIX_BEFORE_PAID
shopify_US_7107978395745_41493653192801,FIX_BEFORE_PAID
shopify_US_7107978395745_41493653225569,FIX_BEFORE_PAID
shopify_US_7108009197665_41493704310881,FIX_BEFORE_PAID
shopify_US_7108009197665_41493704343649,FIX_BEFORE_PAID
shopify_US_7108009197665_41493704376417,FIX_BEFORE_PAID
shopify_US_7108009197665_41493704409185,FIX_BEFORE_PAID
shopify_US_7108009197665_41493704441953,FIX_BEFORE_PAID
shopify_US_7108009197665_41493704474721,FIX_BEFORE_PAID
shopify_US_7108009197665_41493704507489,FIX_BEFORE_PAID
shopify_US_7108009197665_41493704540257,FIX_BEFORE_PAID
shopify_US_7108009197665_41493704573025,FIX_BEFORE_PAID
shopify_US_7108045897825_41493759885409,FIX_BEFORE_PAID
shopify_US_7108045897825_41493759918177,FIX_BEFORE_PAID
shopify_US_7108045897825_41493759950945,FIX_BEFORE_PAID
shopify_US_7108045897825_41493759983713,FIX_BEFORE_PAID
shopify_US_7108045897825_41493760016481,FIX_BEFORE_PAID
shopify_US_7108045897825_41493760049249,FIX_BEFORE_PAID
shopify_US_7108045897825_41493760082017,FIX_BEFORE_PAID
shopify_US_7108045897825_41493760114785,FIX_BEFORE_PAID
shopify_US_7108045897825_41493760147553,FIX_BEFORE_PAID
shopify_US_7108071063649_41493807300705,FIX_BEFORE_PAID
shopify_US_7108071063649_41493807333473,FIX_BEFORE_PAID
shopify_US_7108071063649_41493807366241,FIX_BEFORE_PAID
shopify_US_7108071063649_41493807399009,FIX_BEFORE_PAID
shopify_US_7108071063649_41493807431777,FIX_BEFORE_PAID
shopify_US_7108071063649_41493807464545,FIX_BEFORE_PAID
shopify_US_7108071063649_41493807497313,FIX_BEFORE_PAID
shopify_US_7108071063649_41493807530081,FIX_BEFORE_PAID
shopify_US_7108071063649_41493807562849,FIX_BEFORE_PAID
shopify_US_7108071063649_41493807595617,FIX_BEFORE_PAID
shopify_US_7108104061025_41493868970081,FIX_BEFORE_PAID
shopify_US_7108104061025_41493869002849,FIX_BEFORE_PAID
shopify_US_7108104061025_41493869035617,FIX_BEFORE_PAID
shopify_US_7108104061025_41493869068385,FIX_BEFORE_PAID
shopify_US_7108104061025_41493869101153,FIX_BEFORE_PAID
shopify_US_7108104061025_41493869133921,FIX_BEFORE_PAID
shopify_US_7108104061025_41493869166689,FIX_BEFORE_PAID
shopify_US_7108104061025_41493869199457,FIX_BEFORE_PAID
shopify_US_7108125753441_41493913665633,FIX_BEFORE_PAID
shopify_US_7108125753441_41493913698401,FIX_BEFORE_PAID
shopify_US_7108125753441_41493913731169,FIX_BEFORE_PAID
shopify_US_7108125753441_41493913763937,FIX_BEFORE_PAID
shopify_US_7108125753441_41493913796705,FIX_BEFORE_PAID
shopify_US_7108125753441_41493913829473,FIX_BEFORE_PAID
shopify_US_7108125753441_41493913862241,FIX_BEFORE_PAID
shopify_US_7108125753441_41493913895009,FIX_BEFORE_PAID
shopify_US_7108125753441_41493913927777,FIX_BEFORE_PAID
shopify_US_7108125753441_41493913960545,FIX_BEFORE_PAID
shopify_US_7108141383777_41493943812193,FIX_BEFORE_PAID
shopify_US_7108141383777_41493943844961,FIX_BEFORE_PAID
shopify_US_7108141383777_41493943877729,FIX_BEFORE_PAID
shopify_US_7108141383777_41493943910497,FIX_BEFORE_PAID
shopify_US_7108141383777_41493943976033,FIX_BEFORE_PAID
shopify_US_7108141383777_41493944041569,FIX_BEFORE_PAID
shopify_US_7108141383777_41493944107105,FIX_BEFORE_PAID
shopify_US_7108141383777_41493944139873,FIX_BEFORE_PAID
shopify_US_7108141383777_41493944172641,FIX_BEFORE_PAID
shopify_US_7108141383777_41493944205409,FIX_BEFORE_PAID
shopify_US_7108928766049_41496423202913,FIX_BEFORE_PAID
shopify_US_7108928766049_41496423235681,FIX_BEFORE_PAID
shopify_US_7108928766049_41496423268449,FIX_BEFORE_PAID
shopify_US_7108928766049_41496423301217,FIX_BEFORE_PAID
shopify_US_7108928766049_41496423333985,FIX_BEFORE_PAID
shopify_US_7108928766049_41496423366753,FIX_BEFORE_PAID
shopify_US_7108928766049_41496423399521,FIX_BEFORE_PAID
shopify_US_7108928766049_41496423432289,FIX_BEFORE_PAID
shopify_US_7108928766049_41496423465057,FIX_BEFORE_PAID
shopify_US_7108928766049_41496423497825,FIX_BEFORE_PAID
shopify_US_7108938039393_41496456101985,FIX_BEFORE_PAID
shopify_US_7108938039393_41496456134753,FIX_BEFORE_PAID
shopify_US_7108938039393_41496456167521,FIX_BEFORE_PAID
shopify_US_7108938039393_41496456200289,FIX_BEFORE_PAID
shopify_US_7108938039393_41496456233057,FIX_BEFORE_PAID
shopify_US_7108938039393_41496456265825,FIX_BEFORE_PAID
shopify_US_7108938039393_41496456298593,FIX_BEFORE_PAID
shopify_US_7108938039393_41496456331361,FIX_BEFORE_PAID
shopify_US_7108938039393_41496456364129,FIX_BEFORE_PAID
shopify_US_7108938039393_41496456396897,FIX_BEFORE_PAID
shopify_US_7108942397537_41496468422753,FIX_BEFORE_PAID
shopify_US_7108942397537_41496468455521,FIX_BEFORE_PAID
shopify_US_7108942397537_41496468488289,FIX_BEFORE_PAID
shopify_US_7108942397537_41496468521057,FIX_BEFORE_PAID
shopify_US_7108942397537_41496468553825,FIX_BEFORE_PAID
shopify_US_7108942397537_41496468586593,FIX_BEFORE_PAID
shopify_US_7108942397537_41496468619361,FIX_BEFORE_PAID
shopify_US_7108942397537_41496468652129,FIX_BEFORE_PAID
shopify_US_7108942397537_41496468684897,FIX_BEFORE_PAID
shopify_US_7108942397537_41496468717665,FIX_BEFORE_PAID
shopify_US_7108948820065_41496491524193,FIX_BEFORE_PAID
shopify_US_7108948820065_41496491556961,FIX_BEFORE_PAID
shopify_US_7108948820065_41496491589729,FIX_BEFORE_PAID
shopify_US_7108948820065_41496491622497,FIX_BEFORE_PAID
shopify_US_7108948820065_41496491655265,FIX_BEFORE_PAID
shopify_US_7108948820065_41496491688033,FIX_BEFORE_PAID
shopify_US_7108948820065_41496491720801,FIX_BEFORE_PAID
shopify_US_7108948820065_41496491753569,FIX_BEFORE_PAID
shopify_US_7108948820065_41496491786337,FIX_BEFORE_PAID
shopify_US_7108948820065_41496491819105,FIX_BEFORE_PAID
shopify_US_7108951605345_41496501911649,FIX_BEFORE_PAID
shopify_US_7108951605345_41496501944417,FIX_BEFORE_PAID
shopify_US_7108951605345_41496501977185,FIX_BEFORE_PAID
shopify_US_7108951605345_41496502009953,FIX_BEFORE_PAID
shopify_US_7108951605345_41496502042721,FIX_BEFORE_PAID
shopify_US_7108951605345_41496502108257,FIX_BEFORE_PAID
shopify_US_7108951605345_41496502141025,FIX_BEFORE_PAID
shopify_US_7108951605345_41496502173793,FIX_BEFORE_PAID
shopify_US_7108951605345_41496502206561,FIX_BEFORE_PAID
shopify_US_7108953604193_41496508432481,FIX_BEFORE_PAID
shopify_US_7108953604193_41496508465249,FIX_BEFORE_PAID
shopify_US_7108953604193_41496508498017,FIX_BEFORE_PAID
shopify_US_7108953604193_41496508530785,FIX_BEFORE_PAID
shopify_US_7108953604193_41496508563553,FIX_BEFORE_PAID
shopify_US_7108953604193_41496508661857,FIX_BEFORE_PAID
shopify_US_7108953604193_41496508694625,FIX_BEFORE_PAID
shopify_US_7108953604193_41496508727393,FIX_BEFORE_PAID
shopify_US_7108953604193_41496508760161,FIX_BEFORE_PAID
shopify_US_7108958519393_41496524488801,FIX_BEFORE_PAID
shopify_US_7108958519393_41496524521569,FIX_BEFORE_PAID
shopify_US_7108958519393_41496524554337,FIX_BEFORE_PAID
shopify_US_7108958519393_41496524587105,FIX_BEFORE_PAID
shopify_US_7108958519393_41496524619873,FIX_BEFORE_PAID
shopify_US_7108958519393_41496524685409,FIX_BEFORE_PAID
shopify_US_7108958519393_41496524718177,FIX_BEFORE_PAID
shopify_US_7108958519393_41496524750945,FIX_BEFORE_PAID
shopify_US_7108958519393_41496524783713,FIX_BEFORE_PAID
shopify_US_7108962254945_41496538349665,FIX_BEFORE_PAID
shopify_US_7108962254945_41496538382433,FIX_BEFORE_PAID
shopify_US_7108962254945_41496538415201,FIX_BEFORE_PAID
shopify_US_7108962254945_41496538447969,FIX_BEFORE_PAID
shopify_US_7108962254945_41496538480737,FIX_BEFORE_PAID
shopify_US_7108962254945_41496538546273,FIX_BEFORE_PAID
shopify_US_7108962254945_41496538579041,FIX_BEFORE_PAID
shopify_US_7108962254945_41496538611809,FIX_BEFORE_PAID
shopify_US_7108962254945_41496538644577,FIX_BEFORE_PAID
shopify_US_7108969037921_41496561385569,FIX_BEFORE_PAID
shopify_US_7108969037921_41496561418337,FIX_BEFORE_PAID
shopify_US_7108969037921_41496561451105,FIX_BEFORE_PAID
shopify_US_7108969037921_41496561483873,FIX_BEFORE_PAID
shopify_US_7108969037921_41496561516641,FIX_BEFORE_PAID
shopify_US_7108969037921_41496561582177,FIX_BEFORE_PAID
shopify_US_7108969037921_41496561614945,FIX_BEFORE_PAID
shopify_US_7108969037921_41496561647713,FIX_BEFORE_PAID
shopify_US_7108969037921_41496561680481,FIX_BEFORE_PAID
shopify_US_7108984799329_41496617549921,FIX_BEFORE_PAID
shopify_US_7108984799329_41496617582689,FIX_BEFORE_PAID
shopify_US_7108984799329_41496617615457,FIX_BEFORE_PAID
shopify_US_7108984799329_41496617648225,FIX_BEFORE_PAID
shopify_US_7108984799329_41496617680993,FIX_BEFORE_PAID
shopify_US_7108984799329_41496617746529,FIX_BEFORE_PAID
shopify_US_7108984799329_41496617779297,FIX_BEFORE_PAID
shopify_US_7108984799329_41496617812065,FIX_BEFORE_PAID
shopify_US_7108984799329_41496617844833,FIX_BEFORE_PAID
shopify_US_7108986404961_41496623677537,FIX_BEFORE_PAID
shopify_US_7108986404961_41496623710305,FIX_BEFORE_PAID
shopify_US_7108986404961_41496623743073,FIX_BEFORE_PAID
shopify_US_7108986404961_41496623775841,FIX_BEFORE_PAID
shopify_US_7108986404961_41496623808609,FIX_BEFORE_PAID
shopify_US_7108986404961_41496623874145,FIX_BEFORE_PAID
shopify_US_7108986404961_41496623906913,FIX_BEFORE_PAID
shopify_US_7108986404961_41496623939681,FIX_BEFORE_PAID
shopify_US_7108986404961_41496623972449,FIX_BEFORE_PAID
shopify_US_7108988764257_41496634556513,FIX_BEFORE_PAID
shopify_US_7108988764257_41496634589281,FIX_BEFORE_PAID
shopify_US_7108988764257_41496634622049,FIX_BEFORE_PAID
shopify_US_7108988764257_41496634654817,FIX_BEFORE_PAID
shopify_US_7108988764257_41496634687585,FIX_BEFORE_PAID
shopify_US_7108988764257_41496634753121,FIX_BEFORE_PAID
shopify_US_7108988764257_41496634785889,FIX_BEFORE_PAID
shopify_US_7108988764257_41496634818657,FIX_BEFORE_PAID
shopify_US_7108988764257_41496634851425,FIX_BEFORE_PAID
shopify_US_7108992860257_41496646942817,FIX_BEFORE_PAID
shopify_US_7108992860257_41496646975585,FIX_BEFORE_PAID
shopify_US_7108992860257_41496647008353,FIX_BEFORE_PAID
shopify_US_7108992860257_41496647041121,FIX_BEFORE_PAID
shopify_US_7108992860257_41496647106657,FIX_BEFORE_PAID
shopify_US_7108992860257_41496647172193,FIX_BEFORE_PAID
shopify_US_7108992860257_41496647204961,FIX_BEFORE_PAID
shopify_US_7108992860257_41496647237729,FIX_BEFORE_PAID
shopify_US_7108992860257_41496647270497,FIX_BEFORE_PAID
shopify_US_7108996530273_41496660148321,FIX_BEFORE_PAID
shopify_US_7108996530273_41496660181089,FIX_BEFORE_PAID
shopify_US_7108996530273_41496660213857,FIX_BEFORE_PAID
shopify_US_7108996530273_41496660246625,FIX_BEFORE_PAID
shopify_US_7108996530273_41496660279393,FIX_BEFORE_PAID
shopify_US_7108996530273_41496660344929,FIX_BEFORE_PAID
shopify_US_7108996530273_41496660377697,FIX_BEFORE_PAID
shopify_US_7108996530273_41496660410465,FIX_BEFORE_PAID
shopify_US_7108996530273_41496660443233,FIX_BEFORE_PAID
shopify_US_7108998987873_41496666669153,FIX_BEFORE_PAID
shopify_US_7108998987873_41496666701921,FIX_BEFORE_PAID
shopify_US_7108998987873_41496666734689,FIX_BEFORE_PAID
shopify_US_7108998987873_41496666767457,FIX_BEFORE_PAID
shopify_US_7108998987873_41496666800225,FIX_BEFORE_PAID
shopify_US_7108998987873_41496666832993,FIX_BEFORE_PAID
shopify_US_7108998987873_41496666865761,FIX_BEFORE_PAID
shopify_US_7108998987873_41496666898529,FIX_BEFORE_PAID
shopify_US_7108998987873_41496666931297,FIX_BEFORE_PAID
shopify_US_7108998987873_41496666964065,FIX_BEFORE_PAID
shopify_US_7109072257121_41496915509345,FIX_BEFORE_PAID
shopify_US_7109072257121_41496915542113,FIX_BEFORE_PAID
shopify_US_7109072257121_41496915574881,FIX_BEFORE_PAID
shopify_US_7109072257121_41496915607649,FIX_BEFORE_PAID
shopify_US_7109072257121_41496915640417,FIX_BEFORE_PAID
shopify_US_7109072257121_41496915705953,FIX_BEFORE_PAID
shopify_US_7109072257121_41496915738721,FIX_BEFORE_PAID
shopify_US_7109072257121_41496915771489,FIX_BEFORE_PAID
shopify_US_7109072257121_41496915804257,FIX_BEFORE_PAID
shopify_US_7109083267169_41496956043361,FIX_BEFORE_PAID
shopify_US_7109083267169_41496956076129,FIX_BEFORE_PAID
shopify_US_7109083267169_41496956108897,FIX_BEFORE_PAID
shopify_US_7109083267169_41496956141665,FIX_BEFORE_PAID
shopify_US_7109083267169_41496956174433,FIX_BEFORE_PAID
shopify_US_7109083267169_41496956239969,FIX_BEFORE_PAID
shopify_US_7109083267169_41496956272737,FIX_BEFORE_PAID
shopify_US_7109083267169_41496956305505,FIX_BEFORE_PAID
shopify_US_7109083267169_41496956338273,FIX_BEFORE_PAID
shopify_US_7109084807265_41496962498657,FIX_BEFORE_PAID
shopify_US_7109084807265_41496962531425,FIX_BEFORE_PAID
shopify_US_7109084807265_41496962564193,FIX_BEFORE_PAID
shopify_US_7109084807265_41496962596961,FIX_BEFORE_PAID
shopify_US_7109084807265_41496962629729,FIX_BEFORE_PAID
shopify_US_7109084807265_41496962695265,FIX_BEFORE_PAID
shopify_US_7109084807265_41496962728033,FIX_BEFORE_PAID
shopify_US_7109084807265_41496962760801,FIX_BEFORE_PAID
shopify_US_7109084807265_41496962793569,FIX_BEFORE_PAID
shopify_US_7109117280353_41497061785697,FIX_BEFORE_PAID
shopify_US_7109117280353_41497061818465,FIX_BEFORE_PAID
shopify_US_7109117280353_41497061851233,FIX_BEFORE_PAID
shopify_US_7109117280353_41497061884001,FIX_BEFORE_PAID
shopify_US_7109117280353_41497061916769,FIX_BEFORE_PAID
shopify_US_7109117280353_41497061949537,FIX_BEFORE_PAID
shopify_US_7109117280353_41497061982305,FIX_BEFORE_PAID
shopify_US_7109117280353_41497062015073,FIX_BEFORE_PAID
shopify_US_7109117280353_41497062080609,FIX_BEFORE_PAID
shopify_US_7109117280353_41497062113377,FIX_BEFORE_PAID
shopify_US_7109119705185_41497069224033,FIX_BEFORE_PAID
shopify_US_7109119705185_41497069256801,FIX_BEFORE_PAID
shopify_US_7109119705185_41497069289569,FIX_BEFORE_PAID
shopify_US_7109119705185_41497069322337,FIX_BEFORE_PAID
shopify_US_7109119705185_41497069355105,FIX_BEFORE_PAID
shopify_US_7109119705185_41497069420641,FIX_BEFORE_PAID
shopify_US_7109119705185_41497069453409,FIX_BEFORE_PAID
shopify_US_7109119705185_41497069486177,FIX_BEFORE_PAID
shopify_US_7109119705185_41497069518945,FIX_BEFORE_PAID
shopify_US_7109122097249_41497077121121,FIX_BEFORE_PAID
shopify_US_7109122097249_41497077153889,FIX_BEFORE_PAID
shopify_US_7109122097249_41497077186657,FIX_BEFORE_PAID
shopify_US_7109122097249_41497077219425,FIX_BEFORE_PAID
shopify_US_7109122097249_41497077252193,FIX_BEFORE_PAID
shopify_US_7109122097249_41497077284961,FIX_BEFORE_PAID
shopify_US_7109122097249_41497077317729,FIX_BEFORE_PAID
shopify_US_7109122097249_41497077350497,FIX_BEFORE_PAID
shopify_US_7109122097249_41497077383265,FIX_BEFORE_PAID
shopify_US_7109122097249_41497077416033,FIX_BEFORE_PAID
shopify_US_7109123670113_41497082527841,FIX_BEFORE_PAID
shopify_US_7109123670113_41497082560609,FIX_BEFORE_PAID
shopify_US_7109123670113_41497082593377,FIX_BEFORE_PAID
shopify_US_7109123670113_41497082626145,FIX_BEFORE_PAID
shopify_US_7109123670113_41497082658913,FIX_BEFORE_PAID
shopify_US_7109123670113_41497082724449,FIX_BEFORE_PAID
shopify_US_7109123670113_41497082757217,FIX_BEFORE_PAID
shopify_US_7109123670113_41497082789985,FIX_BEFORE_PAID
shopify_US_7109123670113_41497082822753,FIX_BEFORE_PAID
shopify_US_7109125537889_41497086918753,FIX_BEFORE_PAID
shopify_US_7109125537889_41497086951521,FIX_BEFORE_PAID
shopify_US_7109125537889_41497086984289,FIX_BEFORE_PAID
shopify_US_7109125537889_41497087017057,FIX_BEFORE_PAID
shopify_US_7109125537889_41497087049825,FIX_BEFORE_PAID
shopify_US_7109125537889_41497087115361,FIX_BEFORE_PAID
shopify_US_7109125537889_41497087148129,FIX_BEFORE_PAID
shopify_US_7109125537889_41497087180897,FIX_BEFORE_PAID
shopify_US_7109125537889_41497087213665,FIX_BEFORE_PAID
shopify_US_7109267947617_41497323634785,FIX_BEFORE_PAID
shopify_US_7109267947617_41497323667553,FIX_BEFORE_PAID
shopify_US_7109267947617_41497323700321,FIX_BEFORE_PAID
shopify_US_7109267947617_41497323733089,FIX_BEFORE_PAID
shopify_US_7109267947617_41497323765857,FIX_BEFORE_PAID
shopify_US_7109267947617_41497323831393,FIX_BEFORE_PAID
shopify_US_7109267947617_41497323864161,FIX_BEFORE_PAID
shopify_US_7109267947617_41497323896929,FIX_BEFORE_PAID
shopify_US_7109267947617_41497323929697,FIX_BEFORE_PAID
shopify_US_7109267947617_41497323962465,FIX_BEFORE_PAID
shopify_US_7109267947617_41497323995233,FIX_BEFORE_PAID
shopify_US_7109267947617_41497324028001,FIX_BEFORE_PAID
shopify_US_7109267947617_41497324060769,FIX_BEFORE_PAID
shopify_US_7109267947617_41497324093537,FIX_BEFORE_PAID
shopify_US_7109267947617_41497324159073,FIX_BEFORE_PAID
shopify_US_7109267947617_41497324191841,FIX_BEFORE_PAID
shopify_US_7109267947617_41497324224609,FIX_BEFORE_PAID
shopify_US_7109267947617_41497324257377,FIX_BEFORE_PAID
shopify_US_7109267947617_41497324290145,FIX_BEFORE_PAID
shopify_US_7109267947617_41497324322913,FIX_BEFORE_PAID
shopify_US_7109267947617_41497324355681,FIX_BEFORE_PAID
shopify_US_7109267947617_41497324388449,FIX_BEFORE_PAID
shopify_US_7109267947617_41497324421217,FIX_BEFORE_PAID
shopify_US_7109267947617_41497324486753,FIX_BEFORE_PAID
shopify_US_7109267947617_41497324519521,FIX_BEFORE_PAID
shopify_US_7109267947617_41497324552289,FIX_BEFORE_PAID
shopify_US_7109267947617_41497324585057,FIX_BEFORE_PAID
shopify_US_7109292130401_41497360269409,FIX_BEFORE_PAID
shopify_US_7109292130401_41497360302177,FIX_BEFORE_PAID
shopify_US_7109292130401_41497360334945,FIX_BEFORE_PAID
shopify_US_7109292130401_41497360367713,FIX_BEFORE_PAID
shopify_US_7109292130401_41497360400481,FIX_BEFORE_PAID
shopify_US_7109292130401_41497360466017,FIX_BEFORE_PAID
shopify_US_7109292130401_41497360498785,FIX_BEFORE_PAID
shopify_US_7109292130401_41497360531553,FIX_BEFORE_PAID
shopify_US_7109292130401_41497360564321,FIX_BEFORE_PAID
shopify_US_7109292130401_41497360597089,FIX_BEFORE_PAID
shopify_US_7109292130401_41497360629857,FIX_BEFORE_PAID
shopify_US_7109292130401_41497360662625,FIX_BEFORE_PAID
shopify_US_7109292130401_41497360695393,FIX_BEFORE_PAID
shopify_US_7109292130401_41497360728161,FIX_BEFORE_PAID
shopify_US_7109292130401_41497360793697,FIX_BEFORE_PAID
shopify_US_7109292130401_41497360826465,FIX_BEFORE_PAID
shopify_US_7109292130401_41497360859233,FIX_BEFORE_PAID
shopify_US_7109292130401_41497360892001,FIX_BEFORE_PAID
shopify_US_7109292130401_41497360924769,FIX_BEFORE_PAID
shopify_US_7109292130401_41497360957537,FIX_BEFORE_PAID
shopify_US_7109292130401_41497360990305,FIX_BEFORE_PAID
shopify_US_7109292130401_41497361023073,FIX_BEFORE_PAID
shopify_US_7109292130401_41497361055841,FIX_BEFORE_PAID
shopify_US_7109292130401_41497361121377,FIX_BEFORE_PAID
shopify_US_7109292130401_41497361154145,FIX_BEFORE_PAID
shopify_US_7109292130401_41497361186913,FIX_BEFORE_PAID
shopify_US_7109292130401_41497361219681,FIX_BEFORE_PAID
shopify_US_7109292130401_41497361252449,FIX_BEFORE_PAID
shopify_US_7109292130401_41497361285217,FIX_BEFORE_PAID
shopify_US_7109292130401_41497361317985,FIX_BEFORE_PAID
shopify_US_7109292130401_41497361350753,FIX_BEFORE_PAID
shopify_US_7109292130401_41497361383521,FIX_BEFORE_PAID
shopify_US_7109292130401_41497361449057,FIX_BEFORE_PAID
shopify_US_7109292130401_41497361481825,FIX_BEFORE_PAID
shopify_US_7109292130401_41497361514593,FIX_BEFORE_PAID
shopify_US_7109292130401_41497361547361,FIX_BEFORE_PAID
shopify_US_7109298487393_41497381077089,FIX_BEFORE_PAID
shopify_US_7109298487393_41497381109857,FIX_BEFORE_PAID
shopify_US_7109298487393_41497381142625,FIX_BEFORE_PAID
shopify_US_7109298487393_41497381175393,FIX_BEFORE_PAID
shopify_US_7109298487393_41497381208161,FIX_BEFORE_PAID
shopify_US_7109298487393_41497381273697,FIX_BEFORE_PAID
shopify_US_7109298487393_41497381306465,FIX_BEFORE_PAID
shopify_US_7109298487393_41497381339233,FIX_BEFORE_PAID
shopify_US_7109298487393_41497381372001,FIX_BEFORE_PAID
shopify_US_7109298487393_41497381404769,FIX_BEFORE_PAID
shopify_US_7109298487393_41497381437537,FIX_BEFORE_PAID
shopify_US_7109298487393_41497381470305,FIX_BEFORE_PAID
shopify_US_7109298487393_41497381503073,FIX_BEFORE_PAID
shopify_US_7109298487393_41497381535841,FIX_BEFORE_PAID
shopify_US_7109298487393_41497381601377,FIX_BEFORE_PAID
shopify_US_7109298487393_41497381634145,FIX_BEFORE_PAID
shopify_US_7109298487393_41497381666913,FIX_BEFORE_PAID
shopify_US_7109298487393_41497381699681,FIX_BEFORE_PAID
shopify_US_7109298487393_41497381732449,FIX_BEFORE_PAID
shopify_US_7109298487393_41497381765217,FIX_BEFORE_PAID
shopify_US_7109298487393_41497381797985,FIX_BEFORE_PAID
shopify_US_7109298487393_41497381830753,FIX_BEFORE_PAID
shopify_US_7109298487393_41497381863521,FIX_BEFORE_PAID
shopify_US_7109298487393_41497381929057,FIX_BEFORE_PAID
shopify_US_7109298487393_41497381961825,FIX_BEFORE_PAID
shopify_US_7109298487393_41497381994593,FIX_BEFORE_PAID
shopify_US_7109298487393_41497382027361,FIX_BEFORE_PAID
shopify_US_7109298487393_41497382060129,FIX_BEFORE_PAID
shopify_US_7109298487393_41497382092897,FIX_BEFORE_PAID
shopify_US_7109298487393_41497382125665,FIX_BEFORE_PAID
shopify_US_7109298487393_41497382158433,FIX_BEFORE_PAID
shopify_US_7109298487393_41497382191201,FIX_BEFORE_PAID
shopify_US_7109298487393_41497382256737,FIX_BEFORE_PAID
shopify_US_7109298487393_41497382289505,FIX_BEFORE_PAID
shopify_US_7109298487393_41497382322273,FIX_BEFORE_PAID
shopify_US_7109298487393_41497382355041,FIX_BEFORE_PAID
shopify_US_7109443256417_41497808404577,FIX_BEFORE_PAID
shopify_US_7109443256417_41497808437345,FIX_BEFORE_PAID
shopify_US_7109443256417_41497808470113,FIX_BEFORE_PAID
shopify_US_7109443256417_41497808502881,FIX_BEFORE_PAID
shopify_US_7109443256417_41497808535649,FIX_BEFORE_PAID
shopify_US_7109443256417_41497808568417,FIX_BEFORE_PAID
shopify_US_7109443256417_41497808601185,FIX_BEFORE_PAID
shopify_US_7109443256417_41497808633953,FIX_BEFORE_PAID
shopify_US_7109443256417_41497808666721,FIX_BEFORE_PAID
shopify_US_7109443256417_41497808699489,FIX_BEFORE_PAID
shopify_US_7109443256417_41497808732257,FIX_BEFORE_PAID
shopify_US_7109443256417_41497808765025,FIX_BEFORE_PAID
shopify_US_7109443256417_41497808797793,FIX_BEFORE_PAID
shopify_US_7109443256417_41497808830561,FIX_BEFORE_PAID
shopify_US_7109443256417_41497808863329,FIX_BEFORE_PAID
shopify_US_7109443256417_41497808896097,FIX_BEFORE_PAID
shopify_US_7109443256417_41497808928865,FIX_BEFORE_PAID
shopify_US_7109443256417_41497808961633,FIX_BEFORE_PAID
shopify_US_7109443256417_41497808994401,FIX_BEFORE_PAID
shopify_US_7109443256417_41497809027169,FIX_BEFORE_PAID
shopify_US_7109443256417_41497809059937,FIX_BEFORE_PAID
shopify_US_7109443256417_41497809092705,FIX_BEFORE_PAID
shopify_US_7109443256417_41497809125473,FIX_BEFORE_PAID
shopify_US_7109443256417_41497809158241,FIX_BEFORE_PAID
shopify_US_7109443256417_41497809191009,FIX_BEFORE_PAID
shopify_US_7109443256417_41497809223777,FIX_BEFORE_PAID
shopify_US_7109443256417_41497809256545,FIX_BEFORE_PAID
shopify_US_7109443256417_41497809289313,FIX_BEFORE_PAID
shopify_US_7109443256417_41497809322081,FIX_BEFORE_PAID
shopify_US_7109443256417_41497809354849,FIX_BEFORE_PAID
shopify_US_7109443256417_41497809387617,FIX_BEFORE_PAID
shopify_US_7109443256417_41497809420385,FIX_BEFORE_PAID
shopify_US_7109443256417_41497809453153,FIX_BEFORE_PAID
shopify_US_7109443256417_41497809485921,FIX_BEFORE_PAID
shopify_US_7109443256417_41497809518689,FIX_BEFORE_PAID
shopify_US_7109443256417_41497809551457,FIX_BEFORE_PAID
shopify_US_7109443256417_41497809584225,FIX_BEFORE_PAID
shopify_US_7109443256417_41497809616993,FIX_BEFORE_PAID
shopify_US_7109443256417_41497809649761,FIX_BEFORE_PAID
shopify_US_7109443256417_41497809682529,FIX_BEFORE_PAID
shopify_US_7109454135393_41497849004129,FIX_BEFORE_PAID
shopify_US_7109454135393_41497849036897,FIX_BEFORE_PAID
shopify_US_7109454135393_41497849069665,FIX_BEFORE_PAID
shopify_US_7109454135393_41497849102433,FIX_BEFORE_PAID
shopify_US_7109454135393_41497849135201,FIX_BEFORE_PAID
shopify_US_7109454135393_41497849200737,FIX_BEFORE_PAID
shopify_US_7109454135393_41497849233505,FIX_BEFORE_PAID
shopify_US_7109454135393_41497849266273,FIX_BEFORE_PAID
shopify_US_7109454135393_41497849299041,FIX_BEFORE_PAID
shopify_US_7109454135393_41497849331809,FIX_BEFORE_PAID
shopify_US_7109454135393_41497849364577,FIX_BEFORE_PAID
shopify_US_7109454135393_41497849397345,FIX_BEFORE_PAID
shopify_US_7109454135393_41497849430113,FIX_BEFORE_PAID
shopify_US_7109454135393_41497849462881,FIX_BEFORE_PAID
shopify_US_7109454135393_41497849528417,FIX_BEFORE_PAID
shopify_US_7109454135393_41497849561185,FIX_BEFORE_PAID
shopify_US_7109454135393_41497849593953,FIX_BEFORE_PAID
shopify_US_7109454135393_41497849626721,FIX_BEFORE_PAID
shopify_US_7109454135393_41497849659489,FIX_BEFORE_PAID
shopify_US_7109454135393_41497849692257,FIX_BEFORE_PAID
shopify_US_7109454135393_41497849725025,FIX_BEFORE_PAID
shopify_US_7109454135393_41497849757793,FIX_BEFORE_PAID
shopify_US_7109454135393_41497849790561,FIX_BEFORE_PAID
shopify_US_7109454135393_41497849856097,FIX_BEFORE_PAID
shopify_US_7109454135393_41497849888865,FIX_BEFORE_PAID
shopify_US_7109454135393_41497849954401,FIX_BEFORE_PAID
shopify_US_7109454135393_41497850019937,FIX_BEFORE_PAID
shopify_US_7109472288865_41497917882465,FIX_BEFORE_PAID
shopify_US_7109472288865_41497917915233,FIX_BEFORE_PAID
shopify_US_7109472288865_41497917948001,FIX_BEFORE_PAID
shopify_US_7109472288865_41497917980769,FIX_BEFORE_PAID
shopify_US_7109472288865_41497918013537,FIX_BEFORE_PAID
shopify_US_7109472288865_41497918079073,FIX_BEFORE_PAID
shopify_US_7109472288865_41497918111841,FIX_BEFORE_PAID
shopify_US_7109472288865_41497918144609,FIX_BEFORE_PAID
shopify_US_7109472288865_41497918177377,FIX_BEFORE_PAID
shopify_US_7109472288865_41497918210145,FIX_BEFORE_PAID
shopify_US_7109472288865_41497918242913,FIX_BEFORE_PAID
shopify_US_7109472288865_41497918275681,FIX_BEFORE_PAID
shopify_US_7109472288865_41497918308449,FIX_BEFORE_PAID
shopify_US_7109472288865_41497918341217,FIX_BEFORE_PAID
shopify_US_7109472288865_41497918406753,FIX_BEFORE_PAID
shopify_US_7109472288865_41497918439521,FIX_BEFORE_PAID
shopify_US_7109472288865_41497918472289,FIX_BEFORE_PAID
shopify_US_7109472288865_41497918505057,FIX_BEFORE_PAID
shopify_US_7109472288865_41497918537825,FIX_BEFORE_PAID
shopify_US_7109472288865_41497918570593,FIX_BEFORE_PAID
shopify_US_7109472288865_41497918603361,FIX_BEFORE_PAID
shopify_US_7109472288865_41497918636129,FIX_BEFORE_PAID
shopify_US_7109472288865_41497918668897,FIX_BEFORE_PAID
shopify_US_7109472288865_41497918734433,FIX_BEFORE_PAID
shopify_US_7109472288865_41497918767201,FIX_BEFORE_PAID
shopify_US_7109472288865_41497918799969,FIX_BEFORE_PAID
shopify_US_7109472288865_41497918832737,FIX_BEFORE_PAID
shopify_US_7109481431137_41497930793057,FIX_BEFORE_PAID
shopify_US_7109481431137_41497930825825,FIX_BEFORE_PAID
shopify_US_7109481431137_41497930858593,FIX_BEFORE_PAID
shopify_US_7109481431137_41497930891361,FIX_BEFORE_PAID
shopify_US_7109481431137_41497930924129,FIX_BEFORE_PAID
shopify_US_7109481431137_41497930989665,FIX_BEFORE_PAID
shopify_US_7109481431137_41497931022433,FIX_BEFORE_PAID
shopify_US_7109481431137_41497931055201,FIX_BEFORE_PAID
shopify_US_7109481431137_41497931087969,FIX_BEFORE_PAID
shopify_US_7109481431137_41497931120737,FIX_BEFORE_PAID
shopify_US_7109481431137_41497931153505,FIX_BEFORE_PAID
shopify_US_7109481431137_41497931186273,FIX_BEFORE_PAID
shopify_US_7109481431137_41497931219041,FIX_BEFORE_PAID
shopify_US_7109481431137_41497931251809,FIX_BEFORE_PAID
shopify_US_7109481431137_41497931317345,FIX_BEFORE_PAID
shopify_US_7109481431137_41497931350113,FIX_BEFORE_PAID
shopify_US_7109481431137_41497931382881,FIX_BEFORE_PAID
shopify_US_7109481431137_41497931415649,FIX_BEFORE_PAID
shopify_US_7109481431137_41497931448417,FIX_BEFORE_PAID
shopify_US_7109481431137_41497931481185,FIX_BEFORE_PAID
shopify_US_7109481431137_41497931513953,FIX_BEFORE_PAID
shopify_US_7109481431137_41497931546721,FIX_BEFORE_PAID
shopify_US_7109481431137_41497931579489,FIX_BEFORE_PAID
shopify_US_7109481431137_41497931645025,FIX_BEFORE_PAID
shopify_US_7109481431137_41497931677793,FIX_BEFORE_PAID
shopify_US_7109481431137_41497931710561,FIX_BEFORE_PAID
shopify_US_7109481431137_41497931743329,FIX_BEFORE_PAID
shopify_US_7109481431137_41497931776097,FIX_BEFORE_PAID
shopify_US_7109481431137_41497931808865,FIX_BEFORE_PAID
shopify_US_7109481431137_41497931841633,FIX_BEFORE_PAID
shopify_US_7109481431137_41497931874401,FIX_BEFORE_PAID
shopify_US_7109481431137_41497931939937,FIX_BEFORE_PAID
shopify_US_7109481431137_41497931972705,FIX_BEFORE_PAID
shopify_US_7109481431137_41497932005473,FIX_BEFORE_PAID
shopify_US_7109481431137_41497932038241,FIX_BEFORE_PAID
shopify_US_7109502566497_41497976143969,FIX_BEFORE_PAID
shopify_US_7109502566497_41497976176737,FIX_BEFORE_PAID
shopify_US_7109502566497_41497976209505,FIX_BEFORE_PAID
shopify_US_7109502566497_41497976242273,FIX_BEFORE_PAID
shopify_US_7109502566497_41497976275041,FIX_BEFORE_PAID
shopify_US_7109502566497_41497976340577,FIX_BEFORE_PAID
shopify_US_7109502566497_41497976373345,FIX_BEFORE_PAID
shopify_US_7109502566497_41497976406113,FIX_BEFORE_PAID
shopify_US_7109502566497_41497976438881,FIX_BEFORE_PAID
shopify_US_7109502566497_41497976471649,FIX_BEFORE_PAID
shopify_US_7109502566497_41497976504417,FIX_BEFORE_PAID
shopify_US_7109502566497_41497976537185,FIX_BEFORE_PAID
shopify_US_7109502566497_41497976569953,FIX_BEFORE_PAID
shopify_US_7109502566497_41497976602721,FIX_BEFORE_PAID
shopify_US_7109502566497_41497976668257,FIX_BEFORE_PAID
shopify_US_7109502566497_41497976701025,FIX_BEFORE_PAID
shopify_US_7109502566497_41497976733793,FIX_BEFORE_PAID
shopify_US_7109502566497_41497976766561,FIX_BEFORE_PAID
shopify_US_7109502566497_41497976799329,FIX_BEFORE_PAID
shopify_US_7109502566497_41497976832097,FIX_BEFORE_PAID
shopify_US_7109502566497_41497976864865,FIX_BEFORE_PAID
shopify_US_7109502566497_41497976897633,FIX_BEFORE_PAID
shopify_US_7109502566497_41497976930401,FIX_BEFORE_PAID
shopify_US_7109502566497_41497976995937,FIX_BEFORE_PAID
shopify_US_7109502566497_41497977028705,FIX_BEFORE_PAID
shopify_US_7109502566497_41497977061473,FIX_BEFORE_PAID
shopify_US_7109502566497_41497977094241,FIX_BEFORE_PAID
shopify_US_7109514395745_41498010943585,FIX_BEFORE_PAID
shopify_US_7109514395745_41498010976353,FIX_BEFORE_PAID
shopify_US_7109514395745_41498011009121,FIX_BEFORE_PAID
shopify_US_7109514395745_41498011041889,FIX_BEFORE_PAID
shopify_US_7109514395745_41498011074657,FIX_BEFORE_PAID
shopify_US_7109514395745_41498011140193,FIX_BEFORE_PAID
shopify_US_7109514395745_41498011172961,FIX_BEFORE_PAID
shopify_US_7109514395745_41498011205729,FIX_BEFORE_PAID
shopify_US_7109514395745_41498011238497,FIX_BEFORE_PAID
shopify_US_7109514395745_41498011271265,FIX_BEFORE_PAID
shopify_US_7109514395745_41498011304033,FIX_BEFORE_PAID
shopify_US_7109514395745_41498011336801,FIX_BEFORE_PAID
shopify_US_7109514395745_41498011369569,FIX_BEFORE_PAID
shopify_US_7109514395745_41498011402337,FIX_BEFORE_PAID
shopify_US_7109514395745_41498011467873,FIX_BEFORE_PAID
shopify_US_7109514395745_41498011500641,FIX_BEFORE_PAID
shopify_US_7109514395745_41498011533409,FIX_BEFORE_PAID
shopify_US_7109514395745_41498011566177,FIX_BEFORE_PAID
shopify_US_7109514395745_41498011598945,FIX_BEFORE_PAID
shopify_US_7109514395745_41498011631713,FIX_BEFORE_PAID
shopify_US_7109514395745_41498011664481,FIX_BEFORE_PAID
shopify_US_7109514395745_41498011697249,FIX_BEFORE_PAID
shopify_US_7109514395745_41498011730017,FIX_BEFORE_PAID
shopify_US_7109514395745_41498011795553,FIX_BEFORE_PAID
shopify_US_7109514395745_41498011828321,FIX_BEFORE_PAID
shopify_US_7109514395745_41498011861089,FIX_BEFORE_PAID
shopify_US_7109514395745_41498011893857,FIX_BEFORE_PAID
shopify_US_7109517770849_41498026442849,FIX_BEFORE_PAID
shopify_US_7109517770849_41498026475617,FIX_BEFORE_PAID
shopify_US_7109517770849_41498026508385,FIX_BEFORE_PAID
shopify_US_7109517770849_41498026541153,FIX_BEFORE_PAID
shopify_US_7109517770849_41498026573921,FIX_BEFORE_PAID
shopify_US_7109517770849_41498026639457,FIX_BEFORE_PAID
shopify_US_7109517770849_41498026672225,FIX_BEFORE_PAID
shopify_US_7109517770849_41498026704993,FIX_BEFORE_PAID
shopify_US_7109517770849_41498026737761,FIX_BEFORE_PAID
shopify_US_7109517770849_41498026770529,FIX_BEFORE_PAID
shopify_US_7109517770849_41498026803297,FIX_BEFORE_PAID
shopify_US_7109517770849_41498026836065,FIX_BEFORE_PAID
shopify_US_7109517770849_41498026868833,FIX_BEFORE_PAID
shopify_US_7109517770849_41498026901601,FIX_BEFORE_PAID
shopify_US_7109517770849_41498026967137,FIX_BEFORE_PAID
shopify_US_7109517770849_41498026999905,FIX_BEFORE_PAID
shopify_US_7109517770849_41498027032673,FIX_BEFORE_PAID
shopify_US_7109517770849_41498027065441,FIX_BEFORE_PAID
shopify_US_7109517770849_41498027098209,FIX_BEFORE_PAID
shopify_US_7109517770849_41498027130977,FIX_BEFORE_PAID
shopify_US_7109517770849_41498027163745,FIX_BEFORE_PAID
shopify_US_7109517770849_41498027196513,FIX_BEFORE_PAID
shopify_US_7109517770849_41498027229281,FIX_BEFORE_PAID
shopify_US_7109517770849_41498027294817,FIX_BEFORE_PAID
shopify_US_7109517770849_41498027327585,FIX_BEFORE_PAID
shopify_US_7109517770849_41498027360353,FIX_BEFORE_PAID
shopify_US_7109517770849_41498027393121,FIX_BEFORE_PAID
shopify_US_7109986844769_41499305017441,FIX_BEFORE_PAID
shopify_US_7109986844769_41499305050209,FIX_BEFORE_PAID
shopify_US_7109986844769_41499305082977,FIX_BEFORE_PAID
shopify_US_7109986844769_41499305115745,FIX_BEFORE_PAID
shopify_US_7109986844769_41499305148513,FIX_BEFORE_PAID
shopify_US_7109986844769_41499305214049,FIX_BEFORE_PAID
shopify_US_7109986844769_41499305246817,FIX_BEFORE_PAID
shopify_US_7109986844769_41499305279585,FIX_BEFORE_PAID
shopify_US_7109986844769_41499305312353,FIX_BEFORE_PAID
shopify_US_7109986844769_41499305345121,FIX_BEFORE_PAID
shopify_US_7109986844769_41499305377889,FIX_BEFORE_PAID
shopify_US_7109986844769_41499305410657,FIX_BEFORE_PAID
shopify_US_7109986844769_41499305443425,FIX_BEFORE_PAID
shopify_US_7109986844769_41499305476193,FIX_BEFORE_PAID
shopify_US_7109986844769_41499305541729,FIX_BEFORE_PAID
shopify_US_7109986844769_41499305574497,FIX_BEFORE_PAID
shopify_US_7109986844769_41499305607265,FIX_BEFORE_PAID
shopify_US_7109986844769_41499305640033,FIX_BEFORE_PAID
shopify_US_7110356631649_41500537847905,FIX_BEFORE_PAID
shopify_US_7110356631649_41500537880673,FIX_BEFORE_PAID
shopify_US_7110356631649_41500537913441,FIX_BEFORE_PAID
shopify_US_7110356631649_41500537946209,FIX_BEFORE_PAID
shopify_US_7110356631649_41500537978977,FIX_BEFORE_PAID
shopify_US_7110356631649_41500538044513,FIX_BEFORE_PAID
shopify_US_7110356631649_41500538077281,FIX_BEFORE_PAID
shopify_US_7110356631649_41500538110049,FIX_BEFORE_PAID
shopify_US_7110356631649_41500538142817,FIX_BEFORE_PAID
shopify_US_7110361874529_41500560097377,FIX_BEFORE_PAID
shopify_US_7110361874529_41500560130145,FIX_BEFORE_PAID
shopify_US_7110361874529_41500560162913,FIX_BEFORE_PAID
shopify_US_7110361874529_41500560195681,FIX_BEFORE_PAID
shopify_US_7110361874529_41500560228449,FIX_BEFORE_PAID
shopify_US_7110361874529_41500560293985,FIX_BEFORE_PAID
shopify_US_7110361874529_41500560326753,FIX_BEFORE_PAID
shopify_US_7110361874529_41500560359521,FIX_BEFORE_PAID
shopify_US_7110361874529_41500560392289,FIX_BEFORE_PAID
shopify_US_7110362136673_41500560818273,FIX_BEFORE_PAID
shopify_US_7110362136673_41500560851041,FIX_BEFORE_PAID
shopify_US_7110362136673_41500560883809,FIX_BEFORE_PAID
shopify_US_7110362136673_41500560916577,FIX_BEFORE_PAID
shopify_US_7110362136673_41500560949345,FIX_BEFORE_PAID
shopify_US_7110362136673_41500561014881,FIX_BEFORE_PAID
shopify_US_7110362136673_41500561047649,FIX_BEFORE_PAID
shopify_US_7110362136673_41500561080417,FIX_BEFORE_PAID
shopify_US_7110362136673_41500561113185,FIX_BEFORE_PAID
shopify_US_7110363119713_41500562817121,FIX_BEFORE_PAID
shopify_US_7110363119713_41500562849889,FIX_BEFORE_PAID
shopify_US_7110363119713_41500562882657,FIX_BEFORE_PAID
shopify_US_7110363119713_41500562915425,FIX_BEFORE_PAID
shopify_US_7110363119713_41500562948193,FIX_BEFORE_PAID
shopify_US_7110363119713_41500563013729,FIX_BEFORE_PAID
shopify_US_7110363119713_41500563046497,FIX_BEFORE_PAID
shopify_US_7110363119713_41500563079265,FIX_BEFORE_PAID
shopify_US_7110363119713_41500563112033,FIX_BEFORE_PAID
shopify_US_7110363775073_41500564750433,FIX_BEFORE_PAID
shopify_US_7110363775073_41500564783201,FIX_BEFORE_PAID
shopify_US_7110363775073_41500564815969,FIX_BEFORE_PAID
shopify_US_7110363775073_41500564848737,FIX_BEFORE_PAID
shopify_US_7110363775073_41500564881505,FIX_BEFORE_PAID
shopify_US_7110363775073_41500564947041,FIX_BEFORE_PAID
shopify_US_7110363775073_41500564979809,FIX_BEFORE_PAID
shopify_US_7110363775073_41500565012577,FIX_BEFORE_PAID
shopify_US_7110363775073_41500565045345,FIX_BEFORE_PAID
shopify_US_7110364856417_41500566782049,FIX_BEFORE_PAID
shopify_US_7110364856417_41500566814817,FIX_BEFORE_PAID
shopify_US_7110364856417_41500566847585,FIX_BEFORE_PAID
shopify_US_7110364856417_41500566880353,FIX_BEFORE_PAID
shopify_US_7110364856417_41500566913121,FIX_BEFORE_PAID
shopify_US_7110364856417_41500566978657,FIX_BEFORE_PAID
shopify_US_7110364856417_41500567011425,FIX_BEFORE_PAID
shopify_US_7110364856417_41500567044193,FIX_BEFORE_PAID
shopify_US_7110364856417_41500567076961,FIX_BEFORE_PAID
shopify_US_7110368919649_41500577366113,FIX_BEFORE_PAID
shopify_US_7110368919649_41500577398881,FIX_BEFORE_PAID
shopify_US_7110368919649_41500577464417,FIX_BEFORE_PAID
shopify_US_7110368919649_41500577497185,FIX_BEFORE_PAID
shopify_US_7110368919649_41500577529953,FIX_BEFORE_PAID
shopify_US_7110368919649_41500577595489,FIX_BEFORE_PAID
shopify_US_7110368919649_41500577628257,FIX_BEFORE_PAID
shopify_US_7110368919649_41500577661025,FIX_BEFORE_PAID
shopify_US_7110368919649_41500577693793,FIX_BEFORE_PAID
shopify_US_7110368919649_41500578709601,FIX_BEFORE_PAID
shopify_US_7110368919649_41500578742369,FIX_BEFORE_PAID
shopify_US_7110368919649_41500578775137,FIX_BEFORE_PAID
shopify_US_7110368919649_41500578807905,FIX_BEFORE_PAID
shopify_US_7110368919649_41500578840673,FIX_BEFORE_PAID
shopify_US_7110368919649_41500578906209,FIX_BEFORE_PAID
shopify_US_7110368919649_41500578938977,FIX_BEFORE_PAID
shopify_US_7110368919649_41500578971745,FIX_BEFORE_PAID
shopify_US_7110368919649_41500579004513,FIX_BEFORE_PAID
shopify_US_6979350528097_41507082043489,EXCLUDE_PAID
shopify_US_6979350528097_41507082076257,EXCLUDE_PAID
shopify_US_6979350528097_41507082109025,EXCLUDE_PAID
shopify_US_6979350528097_41507082141793,EXCLUDE_PAID
shopify_US_6979350528097_41507082174561,EXCLUDE_PAID
shopify_US_6979350528097_41507082207329,EXCLUDE_PAID
shopify_US_6979350528097_41507082240097,EXCLUDE_PAID
shopify_US_6979350528097_41507082272865,EXCLUDE_PAID
shopify_US_7227252670561_41871110242401,FIX_BEFORE_PAID
shopify_US_7227252670561_41871110275169,FIX_BEFORE_PAID
shopify_US_7227252670561_41871110307937,FIX_BEFORE_PAID
shopify_US_7227252670561_41871110340705,FIX_BEFORE_PAID
shopify_US_7227252670561_41871110373473,FIX_BEFORE_PAID
shopify_US_7227252670561_41871110406241,FIX_BEFORE_PAID
shopify_US_7227252670561_41871110439009,FIX_BEFORE_PAID
shopify_US_7227252670561_41871110471777,FIX_BEFORE_PAID
shopify_US_7227252670561_41871110504545,FIX_BEFORE_PAID
shopify_US_7227254276193_41871113158753,FIX_BEFORE_PAID
shopify_US_7227254276193_41871113191521,FIX_BEFORE_PAID
shopify_US_7227254276193_41871113224289,FIX_BEFORE_PAID
shopify_US_7227254276193_41871113257057,FIX_BEFORE_PAID
shopify_US_7227254276193_41871113289825,FIX_BEFORE_PAID
shopify_US_7227254276193_41871113322593,FIX_BEFORE_PAID
shopify_US_7227254276193_41871113355361,FIX_BEFORE_PAID
shopify_US_7227254276193_41871113388129,FIX_BEFORE_PAID
shopify_US_7227270299745_41871161262177,FIX_BEFORE_PAID
shopify_US_7227270299745_41871161294945,FIX_BEFORE_PAID
shopify_US_7227270299745_41871161327713,FIX_BEFORE_PAID
shopify_US_7227270299745_41871161360481,FIX_BEFORE_PAID
shopify_US_7227270299745_41871161393249,FIX_BEFORE_PAID
shopify_US_7227270299745_41871161426017,FIX_BEFORE_PAID
shopify_US_7227270299745_41871161458785,FIX_BEFORE_PAID
shopify_US_7227270299745_41871161491553,FIX_BEFORE_PAID
shopify_US_7227270299745_41871161524321,FIX_BEFORE_PAID
shopify_US_7227270299745_41871161557089,FIX_BEFORE_PAID
shopify_US_7227270299745_41871161589857,FIX_BEFORE_PAID
shopify_US_7227270299745_41871161622625,FIX_BEFORE_PAID
shopify_US_7227270299745_41871161655393,FIX_BEFORE_PAID
shopify_US_7227270299745_41871161688161,FIX_BEFORE_PAID
shopify_US_7227270299745_41871161720929,FIX_BEFORE_PAID
shopify_US_7227270299745_41871161753697,FIX_BEFORE_PAID
shopify_US_7227270299745_41871161786465,FIX_BEFORE_PAID
shopify_US_7227270299745_41871161819233,FIX_BEFORE_PAID
shopify_US_7227270299745_41871161852001,FIX_BEFORE_PAID
shopify_US_7227270299745_41871161884769,FIX_BEFORE_PAID
shopify_US_7227270299745_41871161917537,FIX_BEFORE_PAID
shopify_US_7227270299745_41871161950305,FIX_BEFORE_PAID
shopify_US_7227270299745_41871161983073,FIX_BEFORE_PAID
shopify_US_7227270299745_41871162015841,FIX_BEFORE_PAID
shopify_US_7227270791265_41871164473441,FIX_BEFORE_PAID
shopify_US_7227270791265_41871164506209,FIX_BEFORE_PAID
shopify_US_7227270791265_41871164538977,FIX_BEFORE_PAID
shopify_US_7227270791265_41871164571745,FIX_BEFORE_PAID
shopify_US_7227270791265_41871164604513,FIX_BEFORE_PAID
shopify_US_7227270791265_41871164637281,FIX_BEFORE_PAID
shopify_US_7227270791265_41871164702817,FIX_BEFORE_PAID
shopify_US_7227270791265_41871164735585,FIX_BEFORE_PAID
shopify_US_7227270791265_41871164768353,FIX_BEFORE_PAID
shopify_US_7227270791265_41871164801121,FIX_BEFORE_PAID
shopify_US_7227270791265_41871164833889,FIX_BEFORE_PAID
shopify_US_7227270791265_41871164866657,FIX_BEFORE_PAID
shopify_US_7227270791265_41871164899425,FIX_BEFORE_PAID
shopify_US_7227270791265_41871164932193,FIX_BEFORE_PAID
shopify_US_7227270791265_41871164997729,FIX_BEFORE_PAID
shopify_US_7227270791265_41871165030497,FIX_BEFORE_PAID
shopify_US_7227270791265_41871165063265,FIX_BEFORE_PAID
shopify_US_7227270791265_41871165096033,FIX_BEFORE_PAID
shopify_US_7227270791265_41871165128801,FIX_BEFORE_PAID
shopify_US_7227270791265_41871165161569,FIX_BEFORE_PAID
shopify_US_7227270791265_41871165194337,FIX_BEFORE_PAID
shopify_US_7227270791265_41871165227105,FIX_BEFORE_PAID
shopify_US_7227270791265_41871165292641,FIX_BEFORE_PAID
shopify_US_7227270791265_41871165325409,FIX_BEFORE_PAID
shopify_US_7227270791265_41871165358177,FIX_BEFORE_PAID
shopify_US_7227270791265_41871165390945,FIX_BEFORE_PAID
shopify_US_7227270791265_41871165423713,FIX_BEFORE_PAID
shopify_US_7227270791265_41871165456481,FIX_BEFORE_PAID
shopify_US_7227270791265_41871165489249,FIX_BEFORE_PAID
shopify_US_7227270791265_41871165522017,FIX_BEFORE_PAID
shopify_US_7227270791265_41871165587553,FIX_BEFORE_PAID
shopify_US_7227270791265_41871165620321,FIX_BEFORE_PAID
shopify_US_7227270791265_41871165653089,FIX_BEFORE_PAID
shopify_US_7227270791265_41871165685857,FIX_BEFORE_PAID
shopify_US_7227270791265_41871165718625,FIX_BEFORE_PAID
shopify_US_7227270791265_41871165751393,FIX_BEFORE_PAID
shopify_US_7227270791265_41871165784161,FIX_BEFORE_PAID
shopify_US_7227270791265_41871165816929,FIX_BEFORE_PAID
shopify_US_7227270791265_41871165882465,FIX_BEFORE_PAID
shopify_US_7227270791265_41871165915233,FIX_BEFORE_PAID
shopify_US_7227270791265_41871165948001,FIX_BEFORE_PAID
shopify_US_7227270791265_41871165980769,FIX_BEFORE_PAID
shopify_US_7227270791265_41871166013537,FIX_BEFORE_PAID
shopify_US_7227270791265_41871166046305,FIX_BEFORE_PAID
shopify_US_7227270791265_41871166079073,FIX_BEFORE_PAID
shopify_US_7227270791265_41871166111841,FIX_BEFORE_PAID
shopify_US_7227270791265_41871166177377,FIX_BEFORE_PAID
shopify_US_7227270791265_41871166210145,FIX_BEFORE_PAID
shopify_US_7227270791265_41871166242913,FIX_BEFORE_PAID
shopify_US_7227270791265_41871166275681,FIX_BEFORE_PAID
shopify_US_7227270791265_41871166308449,FIX_BEFORE_PAID
shopify_US_7227270791265_41871166341217,FIX_BEFORE_PAID
shopify_US_7227270791265_41871166373985,FIX_BEFORE_PAID
shopify_US_7227270791265_41871166406753,FIX_BEFORE_PAID
shopify_US_7227270791265_41871166472289,FIX_BEFORE_PAID
shopify_US_7227270791265_41871166537825,FIX_BEFORE_PAID
shopify_US_7227355988065_41871477899361,FIX_BEFORE_PAID
shopify_US_7227355988065_41871477932129,FIX_BEFORE_PAID
shopify_US_7227355988065_41871477964897,FIX_BEFORE_PAID
shopify_US_7227355988065_41871477997665,FIX_BEFORE_PAID
shopify_US_7227355988065_41871478030433,FIX_BEFORE_PAID
shopify_US_7227355988065_41871478063201,FIX_BEFORE_PAID
shopify_US_7227355988065_41871478095969,FIX_BEFORE_PAID
shopify_US_7227355988065_41871478128737,FIX_BEFORE_PAID
shopify_US_7227356282977_41871478751329,FIX_BEFORE_PAID
shopify_US_7227356282977_41871478784097,FIX_BEFORE_PAID
shopify_US_7227356282977_41871478816865,FIX_BEFORE_PAID
shopify_US_7227356282977_41871478849633,FIX_BEFORE_PAID
shopify_US_7227356282977_41871478882401,FIX_BEFORE_PAID
shopify_US_7227356282977_41871478915169,FIX_BEFORE_PAID
shopify_US_7227356282977_41871478947937,FIX_BEFORE_PAID
shopify_US_7227356282977_41871478980705,FIX_BEFORE_PAID
shopify_US_7227356282977_41871479013473,FIX_BEFORE_PAID
shopify_US_7227374534753_41871499591777,FIX_BEFORE_PAID
shopify_US_7227374534753_41871499624545,FIX_BEFORE_PAID
shopify_US_7227374534753_41871499657313,FIX_BEFORE_PAID
shopify_US_7227374534753_41871499690081,FIX_BEFORE_PAID
shopify_US_7227374534753_41871499722849,FIX_BEFORE_PAID
shopify_US_7227374534753_41871499755617,FIX_BEFORE_PAID
shopify_US_7227374534753_41871499788385,FIX_BEFORE_PAID
shopify_US_7227374534753_41871499821153,FIX_BEFORE_PAID
shopify_US_7227374534753_41871499853921,FIX_BEFORE_PAID
shopify_US_7227374534753_41871499886689,FIX_BEFORE_PAID
shopify_US_7227374534753_41871499919457,FIX_BEFORE_PAID
shopify_US_7227374534753_41871499952225,FIX_BEFORE_PAID
shopify_US_7227374534753_41871499984993,FIX_BEFORE_PAID
shopify_US_7227374534753_41871500017761,FIX_BEFORE_PAID
shopify_US_7227374534753_41871500148833,FIX_BEFORE_PAID
shopify_US_7227374534753_41871500181601,FIX_BEFORE_PAID
shopify_US_7227374534753_41871500214369,FIX_BEFORE_PAID
shopify_US_7227374534753_41871500247137,FIX_BEFORE_PAID
shopify_US_7227374534753_41871500279905,FIX_BEFORE_PAID
shopify_US_7227374534753_41871500312673,FIX_BEFORE_PAID
shopify_US_7227374534753_41871500345441,FIX_BEFORE_PAID
shopify_US_7227375714401_41871506735201,FIX_BEFORE_PAID
shopify_US_7227375714401_41871506767969,FIX_BEFORE_PAID
shopify_US_7227375714401_41871506800737,FIX_BEFORE_PAID
shopify_US_7227375714401_41871506833505,FIX_BEFORE_PAID
shopify_US_7227375714401_41871506866273,FIX_BEFORE_PAID
shopify_US_7227375714401_41871506899041,FIX_BEFORE_PAID
shopify_US_7227375714401_41871506964577,FIX_BEFORE_PAID
shopify_US_7227375714401_41871506997345,FIX_BEFORE_PAID
shopify_US_7227375714401_41871507030113,FIX_BEFORE_PAID
shopify_US_7227375714401_41871507062881,FIX_BEFORE_PAID
shopify_US_7227375714401_41871507095649,FIX_BEFORE_PAID
shopify_US_7227375714401_41871507161185,FIX_BEFORE_PAID
shopify_US_7227375714401_41871507193953,FIX_BEFORE_PAID
shopify_US_7227375714401_41871507226721,FIX_BEFORE_PAID
shopify_US_7227375714401_41871507259489,FIX_BEFORE_PAID
shopify_US_7227375714401_41871507292257,FIX_BEFORE_PAID
shopify_US_7227375714401_41871507325025,FIX_BEFORE_PAID
shopify_US_7227375714401_41871507357793,FIX_BEFORE_PAID
shopify_US_7227375714401_41871507390561,FIX_BEFORE_PAID
shopify_US_7227375714401_41871507423329,FIX_BEFORE_PAID
shopify_US_7227378892897_41871520006241,FIX_BEFORE_PAID
shopify_US_7227378892897_41871520039009,FIX_BEFORE_PAID
shopify_US_7227378892897_41871520071777,FIX_BEFORE_PAID
shopify_US_7227378892897_41871520104545,FIX_BEFORE_PAID
shopify_US_7227378892897_41871520137313,FIX_BEFORE_PAID
shopify_US_7227378892897_41871520170081,FIX_BEFORE_PAID
shopify_US_7227378892897_41871520235617,FIX_BEFORE_PAID
shopify_US_7227378892897_41871520268385,FIX_BEFORE_PAID
shopify_US_7227378892897_41871520301153,FIX_BEFORE_PAID
shopify_US_7227378892897_41871520333921,FIX_BEFORE_PAID
shopify_US_7227378892897_41871520366689,FIX_BEFORE_PAID
shopify_US_7227378892897_41871520399457,FIX_BEFORE_PAID
shopify_US_7227378892897_41871520464993,FIX_BEFORE_PAID
shopify_US_7227378892897_41871520497761,FIX_BEFORE_PAID
shopify_US_7227378892897_41871520530529,FIX_BEFORE_PAID
shopify_US_7227378892897_41871520563297,FIX_BEFORE_PAID
shopify_US_7227378892897_41871520596065,FIX_BEFORE_PAID
shopify_US_7227378892897_41871520628833,FIX_BEFORE_PAID
shopify_US_7227378892897_41871520661601,FIX_BEFORE_PAID
shopify_US_7227378892897_41871520694369,FIX_BEFORE_PAID
shopify_US_7227378892897_41871520727137,FIX_BEFORE_PAID
shopify_US_7227378925665_41871520792673,FIX_BEFORE_PAID
shopify_US_7227378925665_41871520825441,FIX_BEFORE_PAID
shopify_US_7227378925665_41871520858209,FIX_BEFORE_PAID
shopify_US_7227378925665_41871520890977,FIX_BEFORE_PAID
shopify_US_7227378925665_41871520923745,FIX_BEFORE_PAID
shopify_US_7227378925665_41871520956513,FIX_BEFORE_PAID
shopify_US_7227378925665_41871520989281,FIX_BEFORE_PAID
shopify_US_7227378925665_41871521022049,FIX_BEFORE_PAID
shopify_US_7227378925665_41871521054817,FIX_BEFORE_PAID
shopify_US_7227378925665_41871521087585,FIX_BEFORE_PAID
shopify_US_7227378925665_41871521120353,FIX_BEFORE_PAID
shopify_US_7227378925665_41871521153121,FIX_BEFORE_PAID
shopify_US_7227378925665_41871521185889,FIX_BEFORE_PAID
shopify_US_7227378925665_41871521218657,FIX_BEFORE_PAID
shopify_US_7227378925665_41871521251425,FIX_BEFORE_PAID
shopify_US_7227378925665_41871521284193,FIX_BEFORE_PAID
shopify_US_7227378925665_41871521316961,FIX_BEFORE_PAID
shopify_US_7227378925665_41871521349729,FIX_BEFORE_PAID
shopify_US_7227378925665_41871521382497,FIX_BEFORE_PAID
shopify_US_7227378925665_41871521415265,FIX_BEFORE_PAID
shopify_US_7227378925665_41871521448033,FIX_BEFORE_PAID
shopify_US_7227378925665_41871521480801,FIX_BEFORE_PAID
shopify_US_7227378925665_41871521513569,FIX_BEFORE_PAID
shopify_US_7227379023969_41871521808481,FIX_BEFORE_PAID
shopify_US_7227379023969_41871521841249,FIX_BEFORE_PAID
shopify_US_7227379023969_41871521874017,FIX_BEFORE_PAID
shopify_US_7227379023969_41871521906785,FIX_BEFORE_PAID
shopify_US_7227379023969_41871521939553,FIX_BEFORE_PAID
shopify_US_7227379023969_41871521972321,FIX_BEFORE_PAID
shopify_US_7227379023969_41871522005089,FIX_BEFORE_PAID
shopify_US_7227379023969_41871522037857,FIX_BEFORE_PAID
shopify_US_7227379023969_41871522070625,FIX_BEFORE_PAID
shopify_US_7227379023969_41871522103393,FIX_BEFORE_PAID
shopify_US_7227379023969_41871522136161,FIX_BEFORE_PAID
shopify_US_7227379023969_41871522168929,FIX_BEFORE_PAID
shopify_US_7227379023969_41871522201697,FIX_BEFORE_PAID
shopify_US_7227379023969_41871522234465,FIX_BEFORE_PAID
shopify_US_7227379023969_41871522267233,FIX_BEFORE_PAID
shopify_US_7227379023969_41871522300001,FIX_BEFORE_PAID
shopify_US_7227379023969_41871522332769,FIX_BEFORE_PAID
shopify_US_7227379023969_41871522365537,FIX_BEFORE_PAID
shopify_US_7227379023969_41871522398305,FIX_BEFORE_PAID
shopify_US_7227379023969_41871522431073,FIX_BEFORE_PAID
shopify_US_7227379023969_41871522463841,FIX_BEFORE_PAID
shopify_US_7227379023969_41871522496609,FIX_BEFORE_PAID
shopify_US_7227379023969_41871522529377,FIX_BEFORE_PAID
shopify_US_7227418738785_41871677980769,FIX_BEFORE_PAID
shopify_US_7227418738785_41871678013537,FIX_BEFORE_PAID
shopify_US_7227418738785_41871678046305,FIX_BEFORE_PAID
shopify_US_7227418738785_41871678079073,FIX_BEFORE_PAID
shopify_US_7227418738785_41871678111841,FIX_BEFORE_PAID
shopify_US_7227418738785_41871678144609,FIX_BEFORE_PAID
shopify_US_7227418738785_41871678177377,FIX_BEFORE_PAID
shopify_US_7227418738785_41871678210145,FIX_BEFORE_PAID
shopify_US_7227418738785_41871678242913,FIX_BEFORE_PAID
shopify_US_7227418738785_41871678275681,FIX_BEFORE_PAID
shopify_US_7227418738785_41871678308449,FIX_BEFORE_PAID
shopify_US_7227418738785_41871678341217,FIX_BEFORE_PAID
shopify_US_7227418738785_41871678373985,FIX_BEFORE_PAID
shopify_US_7227418738785_41871678406753,FIX_BEFORE_PAID
shopify_US_7227418738785_41871678439521,FIX_BEFORE_PAID
shopify_US_7227418738785_41871678472289,FIX_BEFORE_PAID
shopify_US_7227418738785_41871678505057,FIX_BEFORE_PAID
shopify_US_7227418738785_41871678537825,FIX_BEFORE_PAID
shopify_US_7227418738785_41871678570593,FIX_BEFORE_PAID
shopify_US_7227418738785_41871678603361,FIX_BEFORE_PAID
shopify_US_7227418738785_41871678636129,FIX_BEFORE_PAID
shopify_US_7227434958945_41871763701857,FIX_BEFORE_PAID
shopify_US_7227434958945_41871763734625,FIX_BEFORE_PAID
shopify_US_7227434958945_41871763767393,FIX_BEFORE_PAID
shopify_US_7227434958945_41871763800161,FIX_BEFORE_PAID
shopify_US_7227434958945_41871763832929,FIX_BEFORE_PAID
shopify_US_7227434958945_41871763865697,FIX_BEFORE_PAID
shopify_US_7227434958945_41871763898465,FIX_BEFORE_PAID
shopify_US_7227434958945_41871763931233,FIX_BEFORE_PAID
shopify_US_7227434958945_41871763964001,FIX_BEFORE_PAID
shopify_US_7227434958945_41871763996769,FIX_BEFORE_PAID
shopify_US_7227434958945_41871764029537,FIX_BEFORE_PAID
shopify_US_7227434958945_41871764062305,FIX_BEFORE_PAID
shopify_US_7227434958945_41871764095073,FIX_BEFORE_PAID
shopify_US_7227435450465_41871766192225,FIX_BEFORE_PAID
shopify_US_7227435450465_41871766224993,FIX_BEFORE_PAID
shopify_US_7227435450465_41871766257761,FIX_BEFORE_PAID
shopify_US_7227435450465_41871766290529,FIX_BEFORE_PAID
shopify_US_7227435450465_41871766323297,FIX_BEFORE_PAID
shopify_US_7227435450465_41871766356065,FIX_BEFORE_PAID
shopify_US_7227435450465_41871766388833,FIX_BEFORE_PAID
shopify_US_7227435450465_41871766421601,FIX_BEFORE_PAID
shopify_US_7227435450465_41871766454369,FIX_BEFORE_PAID
shopify_US_7227435450465_41871766487137,FIX_BEFORE_PAID
shopify_US_7227435450465_41871766519905,FIX_BEFORE_PAID
shopify_US_7227435450465_41871766552673,FIX_BEFORE_PAID
shopify_US_7227436367969_41871769829473,FIX_BEFORE_PAID
shopify_US_7227436367969_41871769862241,FIX_BEFORE_PAID
shopify_US_7227436367969_41871769895009,FIX_BEFORE_PAID
shopify_US_7227436367969_41871769927777,FIX_BEFORE_PAID
shopify_US_7227436367969_41871769960545,FIX_BEFORE_PAID
shopify_US_7227436367969_41871769993313,FIX_BEFORE_PAID
shopify_US_7227436367969_41871770026081,FIX_BEFORE_PAID
shopify_US_7227436367969_41871770058849,FIX_BEFORE_PAID
shopify_US_7227436367969_41871770091617,FIX_BEFORE_PAID
shopify_US_7227436367969_41871770124385,FIX_BEFORE_PAID
shopify_US_7227436367969_41871770157153,FIX_BEFORE_PAID
shopify_US_7227436367969_41871770189921,FIX_BEFORE_PAID
shopify_US_7227438530657_41871777431649,FIX_BEFORE_PAID
shopify_US_7227438530657_41871777464417,FIX_BEFORE_PAID
shopify_US_7227438530657_41871777497185,FIX_BEFORE_PAID
shopify_US_7227438530657_41871777529953,FIX_BEFORE_PAID
shopify_US_7227438530657_41871777562721,FIX_BEFORE_PAID
shopify_US_7227438530657_41871777595489,FIX_BEFORE_PAID
shopify_US_7227438530657_41871777628257,FIX_BEFORE_PAID
shopify_US_7227438530657_41871777661025,FIX_BEFORE_PAID
shopify_US_7227438530657_41871777693793,FIX_BEFORE_PAID
shopify_US_7227438530657_41871777726561,FIX_BEFORE_PAID
shopify_US_7227439546465_41871780872289,FIX_BEFORE_PAID
shopify_US_7227439546465_41871780905057,FIX_BEFORE_PAID
shopify_US_7227439546465_41871780937825,FIX_BEFORE_PAID
shopify_US_7227439546465_41871780970593,FIX_BEFORE_PAID
shopify_US_7227439546465_41871781003361,FIX_BEFORE_PAID
shopify_US_7227439546465_41871781036129,FIX_BEFORE_PAID
shopify_US_7227439546465_41871781068897,FIX_BEFORE_PAID
shopify_US_7227439546465_41871781101665,FIX_BEFORE_PAID
shopify_US_7227439546465_41871781134433,FIX_BEFORE_PAID
shopify_US_7227439546465_41871781167201,FIX_BEFORE_PAID
shopify_US_7227439546465_41871781199969,FIX_BEFORE_PAID
shopify_US_7227439546465_41871781232737,FIX_BEFORE_PAID
shopify_US_7227620982881_41872696213601,FIX_BEFORE_PAID
shopify_US_7227620982881_41872696246369,FIX_BEFORE_PAID
shopify_US_7227620982881_41872696279137,FIX_BEFORE_PAID
shopify_US_7227620982881_41872696311905,FIX_BEFORE_PAID
shopify_US_7227620982881_41872696344673,FIX_BEFORE_PAID
shopify_US_7227620982881_41872696377441,FIX_BEFORE_PAID
shopify_US_7227620982881_41872696410209,FIX_BEFORE_PAID
shopify_US_7227620982881_41872696442977,FIX_BEFORE_PAID
shopify_US_7227620982881_41872696475745,FIX_BEFORE_PAID
shopify_US_7227620982881_41872696508513,FIX_BEFORE_PAID
shopify_US_7227620982881_41872696541281,FIX_BEFORE_PAID
shopify_US_7227620982881_41872696574049,FIX_BEFORE_PAID
shopify_US_7227620982881_41872696606817,FIX_BEFORE_PAID
shopify_US_7227620982881_41872696639585,FIX_BEFORE_PAID
shopify_US_7227624554593_41872739926113,FIX_BEFORE_PAID
shopify_US_7227624554593_41872739958881,FIX_BEFORE_PAID
shopify_US_7227624554593_41872739991649,FIX_BEFORE_PAID
shopify_US_7227624554593_41872740024417,FIX_BEFORE_PAID
shopify_US_7227624554593_41872740057185,FIX_BEFORE_PAID
shopify_US_7227624554593_41872740089953,FIX_BEFORE_PAID
shopify_US_7227624554593_41872740122721,FIX_BEFORE_PAID
shopify_US_7227624554593_41872740155489,FIX_BEFORE_PAID
shopify_US_7227624554593_41872740188257,FIX_BEFORE_PAID
shopify_US_7227624554593_41872740221025,FIX_BEFORE_PAID
shopify_US_7227624554593_41872740253793,FIX_BEFORE_PAID
shopify_US_7227624554593_41872740286561,FIX_BEFORE_PAID
shopify_US_7227624554593_41872740319329,FIX_BEFORE_PAID
shopify_US_7227630649441_41872774955105,FIX_BEFORE_PAID
shopify_US_7227630649441_41872774987873,FIX_BEFORE_PAID
shopify_US_7227630649441_41872775020641,FIX_BEFORE_PAID
shopify_US_7227630649441_41872775053409,FIX_BEFORE_PAID
shopify_US_7227630649441_41872775086177,FIX_BEFORE_PAID
shopify_US_7227630649441_41872775118945,FIX_BEFORE_PAID
shopify_US_7227630649441_41872775151713,FIX_BEFORE_PAID
shopify_US_7227630649441_41872775184481,FIX_BEFORE_PAID
shopify_US_7227630649441_41872775217249,FIX_BEFORE_PAID
shopify_US_7227630649441_41872775250017,FIX_BEFORE_PAID
shopify_US_7227630649441_41872775282785,FIX_BEFORE_PAID
shopify_US_7227630649441_41872775315553,FIX_BEFORE_PAID
shopify_US_7227630649441_41872775348321,FIX_BEFORE_PAID
shopify_US_7227630649441_41872775381089,FIX_BEFORE_PAID
shopify_US_7227630649441_41872775413857,FIX_BEFORE_PAID
shopify_US_7227630649441_41872775446625,FIX_BEFORE_PAID
shopify_US_7227630649441_41872775479393,FIX_BEFORE_PAID
shopify_US_7227630649441_41872775512161,FIX_BEFORE_PAID
shopify_US_7227630649441_41872775544929,FIX_BEFORE_PAID
shopify_US_7227630649441_41872775577697,FIX_BEFORE_PAID
shopify_US_7227630649441_41872775610465,FIX_BEFORE_PAID
shopify_US_7227630649441_41872775643233,FIX_BEFORE_PAID
shopify_US_7227630649441_41872775676001,FIX_BEFORE_PAID
shopify_US_7227630649441_41872775708769,FIX_BEFORE_PAID
shopify_US_7227630649441_41872775741537,FIX_BEFORE_PAID
shopify_US_7227630649441_41872775774305,FIX_BEFORE_PAID
shopify_US_7227630649441_41872775807073,FIX_BEFORE_PAID
shopify_US_7227630649441_41872775839841,FIX_BEFORE_PAID
shopify_US_7227630649441_41872775872609,FIX_BEFORE_PAID
shopify_US_7227630649441_41872775905377,FIX_BEFORE_PAID
shopify_US_7228773466209_41877251850337,FIX_BEFORE_PAID
shopify_US_7228773466209_41877251883105,FIX_BEFORE_PAID
shopify_US_7228773466209_41877251915873,FIX_BEFORE_PAID
shopify_US_7228773466209_41877251948641,FIX_BEFORE_PAID
shopify_US_7228773466209_41877251981409,FIX_BEFORE_PAID
shopify_US_7228773466209_41877252014177,FIX_BEFORE_PAID
shopify_US_7228773466209_41877252046945,FIX_BEFORE_PAID
shopify_US_7228773466209_41877252079713,FIX_BEFORE_PAID
shopify_US_7228773466209_41877252112481,FIX_BEFORE_PAID
shopify_US_7228773466209_41877252145249,FIX_BEFORE_PAID
shopify_US_7228773466209_41877252178017,FIX_BEFORE_PAID
shopify_US_7228788867169_41877294841953,FIX_BEFORE_PAID
shopify_US_7228788867169_41877294874721,FIX_BEFORE_PAID
shopify_US_7228788867169_41877294907489,FIX_BEFORE_PAID
shopify_US_7228788867169_41877294940257,FIX_BEFORE_PAID
shopify_US_7228788867169_41877294973025,FIX_BEFORE_PAID
shopify_US_7228788867169_41877295005793,FIX_BEFORE_PAID
shopify_US_7228788867169_41877295038561,FIX_BEFORE_PAID
shopify_US_7228788867169_41877295071329,FIX_BEFORE_PAID
shopify_US_7228788867169_41877295104097,FIX_BEFORE_PAID
shopify_US_7228788867169_41877295136865,FIX_BEFORE_PAID
shopify_US_7228788867169_41877295169633,FIX_BEFORE_PAID
shopify_US_7228788867169_41877295202401,FIX_BEFORE_PAID
shopify_US_7228788867169_41877295235169,FIX_BEFORE_PAID
shopify_US_7228788867169_41877295267937,FIX_BEFORE_PAID
shopify_US_7228788867169_41877295300705,FIX_BEFORE_PAID
shopify_US_7228788867169_41877295333473,FIX_BEFORE_PAID
shopify_US_7228788867169_41877295366241,FIX_BEFORE_PAID
shopify_US_7228788867169_41877295399009,FIX_BEFORE_PAID
shopify_US_7228788867169_41877295431777,FIX_BEFORE_PAID
shopify_US_7228788867169_41877295464545,FIX_BEFORE_PAID
shopify_US_7228788867169_41877295497313,FIX_BEFORE_PAID
shopify_US_7228788867169_41877295530081,FIX_BEFORE_PAID
shopify_US_7228788867169_41877295595617,FIX_BEFORE_PAID
shopify_US_7228788867169_41877295628385,FIX_BEFORE_PAID
shopify_US_7228788867169_41877295661153,FIX_BEFORE_PAID
shopify_US_7228788867169_41877295693921,FIX_BEFORE_PAID
shopify_US_7228788867169_41877295726689,FIX_BEFORE_PAID
shopify_US_7228788867169_41877295759457,FIX_BEFORE_PAID
shopify_US_7228788867169_41877295792225,FIX_BEFORE_PAID
shopify_US_7228788867169_41877295824993,FIX_BEFORE_PAID
shopify_US_7228788867169_41877295857761,FIX_BEFORE_PAID
shopify_US_7228788867169_41877295890529,FIX_BEFORE_PAID
shopify_US_7228788867169_41877295923297,FIX_BEFORE_PAID
shopify_US_7228788867169_41877295956065,FIX_BEFORE_PAID
shopify_US_7228788867169_41877295988833,FIX_BEFORE_PAID
shopify_US_7228788867169_41877296021601,FIX_BEFORE_PAID
shopify_US_7228788867169_41877296054369,FIX_BEFORE_PAID
shopify_US_7228788867169_41877296087137,FIX_BEFORE_PAID
shopify_US_7228788867169_41877296119905,FIX_BEFORE_PAID
shopify_US_7228788867169_41877296152673,FIX_BEFORE_PAID
shopify_US_7228788867169_41877296185441,FIX_BEFORE_PAID
shopify_US_7228788867169_41877296218209,FIX_BEFORE_PAID
shopify_US_7228788867169_41877296250977,FIX_BEFORE_PAID
shopify_US_7228788867169_41877296283745,FIX_BEFORE_PAID
shopify_US_7229023846497_41878198943841,FIX_BEFORE_PAID
shopify_US_7229023846497_41878198976609,FIX_BEFORE_PAID
shopify_US_7229023846497_41878199009377,FIX_BEFORE_PAID
shopify_US_7229023846497_41878199042145,FIX_BEFORE_PAID
shopify_US_7229023846497_41878199074913,FIX_BEFORE_PAID
shopify_US_7229023846497_41878199107681,FIX_BEFORE_PAID
shopify_US_7229023846497_41878199140449,FIX_BEFORE_PAID
shopify_US_7229023846497_41878199173217,FIX_BEFORE_PAID
shopify_US_7229026304097_41878208249953,FIX_BEFORE_PAID
shopify_US_7229026304097_41878208282721,FIX_BEFORE_PAID
shopify_US_7229026304097_41878208315489,FIX_BEFORE_PAID
shopify_US_7229026304097_41878208381025,FIX_BEFORE_PAID
shopify_US_7229026304097_41878208413793,FIX_BEFORE_PAID
shopify_US_7229026304097_41878208446561,FIX_BEFORE_PAID
shopify_US_7229026304097_41878208479329,FIX_BEFORE_PAID
shopify_US_7229026304097_41878208512097,FIX_BEFORE_PAID
shopify_US_7229026304097_41878208544865,FIX_BEFORE_PAID
shopify_US_7229026304097_41878208577633,FIX_BEFORE_PAID
shopify_US_7229026304097_41878208610401,FIX_BEFORE_PAID
shopify_US_7229026304097_41878208643169,FIX_BEFORE_PAID
shopify_US_7229027876961_41878213656673,FIX_BEFORE_PAID
shopify_US_7229027876961_41878213689441,FIX_BEFORE_PAID
shopify_US_7229027876961_41878213722209,FIX_BEFORE_PAID
shopify_US_7229027876961_41878213754977,FIX_BEFORE_PAID
shopify_US_7229027876961_41878213787745,FIX_BEFORE_PAID
shopify_US_7229027876961_41878213820513,FIX_BEFORE_PAID
shopify_US_7229027876961_41878213853281,FIX_BEFORE_PAID
shopify_US_7229027876961_41878213886049,FIX_BEFORE_PAID
shopify_US_7229027876961_41878213918817,FIX_BEFORE_PAID
shopify_US_7229027876961_41878213951585,FIX_BEFORE_PAID
shopify_US_7229027876961_41878213984353,FIX_BEFORE_PAID
shopify_US_7229027876961_41878214017121,FIX_BEFORE_PAID
shopify_US_7229124673633_41878466920545,FIX_BEFORE_PAID
shopify_US_7229124673633_41878466953313,FIX_BEFORE_PAID
shopify_US_7229124673633_41878466986081,FIX_BEFORE_PAID
shopify_US_7229124673633_41878467018849,FIX_BEFORE_PAID
shopify_US_7229124673633_41878467051617,FIX_BEFORE_PAID
shopify_US_7229124673633_41878467084385,FIX_BEFORE_PAID
shopify_US_7229124673633_41878467117153,FIX_BEFORE_PAID
shopify_US_7229124673633_41878467149921,FIX_BEFORE_PAID
shopify_US_7229124673633_41878467182689,FIX_BEFORE_PAID
shopify_US_7229124673633_41878467215457,FIX_BEFORE_PAID
shopify_US_7229124673633_41878467248225,FIX_BEFORE_PAID
shopify_US_7229124673633_41878467280993,FIX_BEFORE_PAID
shopify_US_7229124673633_41878467313761,FIX_BEFORE_PAID
shopify_US_7229124673633_41878467346529,FIX_BEFORE_PAID
shopify_US_7229124673633_41878467379297,FIX_BEFORE_PAID
shopify_US_7229124673633_41878467412065,FIX_BEFORE_PAID
shopify_US_7229124673633_41878467444833,FIX_BEFORE_PAID
shopify_US_7229124673633_41878467477601,FIX_BEFORE_PAID
shopify_US_7229124673633_41878467510369,FIX_BEFORE_PAID
shopify_US_7229124673633_41878467543137,FIX_BEFORE_PAID
shopify_US_7229124673633_41878467575905,FIX_BEFORE_PAID
shopify_US_7229124673633_41878467608673,FIX_BEFORE_PAID
shopify_US_7229124673633_41878467641441,FIX_BEFORE_PAID
shopify_US_7229124673633_41878467674209,FIX_BEFORE_PAID
shopify_US_7229124673633_41878467706977,FIX_BEFORE_PAID
shopify_US_7229124673633_41878467739745,FIX_BEFORE_PAID
shopify_US_7229124673633_41878467772513,FIX_BEFORE_PAID
shopify_US_7229124673633_41878467805281,FIX_BEFORE_PAID
shopify_US_7229124673633_41878467838049,FIX_BEFORE_PAID
shopify_US_7229124673633_41878467870817,FIX_BEFORE_PAID
shopify_US_7229124673633_41878467903585,FIX_BEFORE_PAID
shopify_US_7229124673633_41878467936353,FIX_BEFORE_PAID
shopify_US_7229124673633_41878467969121,FIX_BEFORE_PAID
shopify_US_7229124673633_41878468001889,FIX_BEFORE_PAID
shopify_US_7229124673633_41878468034657,FIX_BEFORE_PAID
shopify_US_7229124673633_41878468067425,FIX_BEFORE_PAID
shopify_US_7229128441953_41878469967969,FIX_BEFORE_PAID
shopify_US_7229128441953_41878470000737,FIX_BEFORE_PAID
shopify_US_7229128441953_41878470033505,FIX_BEFORE_PAID
shopify_US_7229128441953_41878470066273,FIX_BEFORE_PAID
shopify_US_7229128441953_41878470099041,FIX_BEFORE_PAID
shopify_US_7229128441953_41878470131809,FIX_BEFORE_PAID
shopify_US_7229128441953_41878470164577,FIX_BEFORE_PAID
shopify_US_7229128441953_41878470197345,FIX_BEFORE_PAID
shopify_US_7229128441953_41878470230113,FIX_BEFORE_PAID
shopify_US_7229128441953_41878470262881,FIX_BEFORE_PAID
shopify_US_7229128441953_41878470295649,FIX_BEFORE_PAID
shopify_US_7229128441953_41878470328417,FIX_BEFORE_PAID
shopify_US_7229128441953_41878470361185,FIX_BEFORE_PAID
shopify_US_7229128441953_41878470393953,FIX_BEFORE_PAID
shopify_US_7229128441953_41878470426721,FIX_BEFORE_PAID
shopify_US_7229128441953_41878470459489,FIX_BEFORE_PAID
shopify_US_7229128441953_41878470492257,FIX_BEFORE_PAID
shopify_US_7229128441953_41878470525025,FIX_BEFORE_PAID
shopify_US_7229128441953_41878470557793,FIX_BEFORE_PAID
shopify_US_7229128441953_41878470590561,FIX_BEFORE_PAID
shopify_US_7229128441953_41878470623329,FIX_BEFORE_PAID
shopify_US_7229128441953_41878470656097,FIX_BEFORE_PAID
shopify_US_7229128441953_41878470688865,FIX_BEFORE_PAID
shopify_US_7229128441953_41878470721633,FIX_BEFORE_PAID
shopify_US_7229128441953_41878470754401,FIX_BEFORE_PAID
shopify_US_7229128441953_41878470787169,FIX_BEFORE_PAID
shopify_US_7229128441953_41878470819937,FIX_BEFORE_PAID
shopify_US_7229128441953_41878470852705,FIX_BEFORE_PAID
shopify_US_7229128441953_41878470885473,FIX_BEFORE_PAID
shopify_US_7229128441953_41878470918241,FIX_BEFORE_PAID
shopify_US_7229128441953_41878470951009,FIX_BEFORE_PAID
shopify_US_7229128441953_41878470983777,FIX_BEFORE_PAID
shopify_US_7229128441953_41878471016545,FIX_BEFORE_PAID
shopify_US_7229128441953_41878471049313,FIX_BEFORE_PAID
shopify_US_7229128441953_41878471082081,FIX_BEFORE_PAID
shopify_US_7229128441953_41878471114849,FIX_BEFORE_PAID
shopify_US_7229128441953_41878471147617,FIX_BEFORE_PAID
shopify_US_7229128441953_41878471180385,FIX_BEFORE_PAID
shopify_US_7229128441953_41878471213153,FIX_BEFORE_PAID
shopify_US_7229128441953_41878471245921,FIX_BEFORE_PAID
shopify_US_7229128441953_41878471278689,FIX_BEFORE_PAID
shopify_US_7229128441953_41878471311457,FIX_BEFORE_PAID
shopify_US_7229128441953_41878471344225,FIX_BEFORE_PAID
shopify_US_7229128441953_41878471376993,FIX_BEFORE_PAID
shopify_US_7229128441953_41878471409761,FIX_BEFORE_PAID
shopify_US_7229128441953_41878471442529,FIX_BEFORE_PAID
shopify_US_7229128441953_41878471475297,FIX_BEFORE_PAID
shopify_US_7229128441953_41878471508065,FIX_BEFORE_PAID
shopify_US_7229130342497_41878478159969,FIX_BEFORE_PAID
shopify_US_7229130342497_41878478192737,FIX_BEFORE_PAID
shopify_US_7229130342497_41878478225505,FIX_BEFORE_PAID
shopify_US_7229130342497_41878478258273,FIX_BEFORE_PAID
shopify_US_7229130342497_41878478291041,FIX_BEFORE_PAID
shopify_US_7229130342497_41878478323809,FIX_BEFORE_PAID
shopify_US_7229130342497_41878478356577,FIX_BEFORE_PAID
shopify_US_7229130342497_41878478389345,FIX_BEFORE_PAID
shopify_US_7229130342497_41878478422113,FIX_BEFORE_PAID
shopify_US_7229130342497_41878478454881,FIX_BEFORE_PAID
shopify_US_7229130342497_41878478487649,FIX_BEFORE_PAID
shopify_US_7229130342497_41878478520417,FIX_BEFORE_PAID
shopify_US_7229130342497_41878478585953,FIX_BEFORE_PAID
shopify_US_7229130342497_41878478618721,FIX_BEFORE_PAID
shopify_US_7229130342497_41878478651489,FIX_BEFORE_PAID
shopify_US_7229130342497_41878478684257,FIX_BEFORE_PAID
shopify_US_7229130342497_41878478717025,FIX_BEFORE_PAID
shopify_US_7229130342497_41878478749793,FIX_BEFORE_PAID
shopify_US_7229130801249_41878479831137,FIX_BEFORE_PAID
shopify_US_7229130801249_41878479863905,FIX_BEFORE_PAID
shopify_US_7229130801249_41878479896673,FIX_BEFORE_PAID
shopify_US_7229130801249_41878479929441,FIX_BEFORE_PAID
shopify_US_7229130801249_41878479962209,FIX_BEFORE_PAID
shopify_US_7229130801249_41878479994977,FIX_BEFORE_PAID
shopify_US_7229130801249_41878480027745,FIX_BEFORE_PAID
shopify_US_7229130801249_41878480060513,FIX_BEFORE_PAID
shopify_US_7229130801249_41878480093281,FIX_BEFORE_PAID
shopify_US_7229130801249_41878480126049,FIX_BEFORE_PAID
shopify_US_7229130801249_41878480158817,FIX_BEFORE_PAID
shopify_US_7229130801249_41878480191585,FIX_BEFORE_PAID
shopify_US_7229132472417_41878486745185,FIX_BEFORE_PAID
shopify_US_7229132472417_41878486777953,FIX_BEFORE_PAID
shopify_US_7229132472417_41878486810721,FIX_BEFORE_PAID
shopify_US_7229132472417_41878486843489,FIX_BEFORE_PAID
shopify_US_7229132472417_41878486876257,FIX_BEFORE_PAID
shopify_US_7229132472417_41878486909025,FIX_BEFORE_PAID
shopify_US_7229132472417_41878486941793,FIX_BEFORE_PAID
shopify_US_7229132472417_41878486974561,FIX_BEFORE_PAID
shopify_US_7229132472417_41878487007329,FIX_BEFORE_PAID
shopify_US_7229132472417_41878487040097,FIX_BEFORE_PAID
shopify_US_7229132472417_41878487072865,FIX_BEFORE_PAID
shopify_US_7229132472417_41878487105633,FIX_BEFORE_PAID
shopify_US_7229132472417_41878487138401,FIX_BEFORE_PAID
shopify_US_7229259874401_41878819536993,FIX_BEFORE_PAID
shopify_US_7229259874401_41878819569761,FIX_BEFORE_PAID
shopify_US_7229259874401_41878819602529,FIX_BEFORE_PAID
shopify_US_7229259874401_41878819635297,FIX_BEFORE_PAID
shopify_US_7229259874401_41878819668065,FIX_BEFORE_PAID
shopify_US_7229259874401_41878819700833,FIX_BEFORE_PAID
shopify_US_7229259874401_41878819733601,FIX_BEFORE_PAID
shopify_US_7229259874401_41878819766369,FIX_BEFORE_PAID
shopify_US_7229259874401_41878819799137,FIX_BEFORE_PAID
shopify_US_7229259874401_41878819831905,FIX_BEFORE_PAID
shopify_US_7229259874401_41878819864673,FIX_BEFORE_PAID
shopify_US_7229259874401_41878819897441,FIX_BEFORE_PAID
shopify_US_7229259874401_41878819930209,FIX_BEFORE_PAID
shopify_US_7229259874401_41878819962977,FIX_BEFORE_PAID
shopify_US_7229259874401_41878819995745,FIX_BEFORE_PAID
shopify_US_7229259874401_41878820028513,FIX_BEFORE_PAID
shopify_US_7229259874401_41878820061281,FIX_BEFORE_PAID
shopify_US_7229259874401_41878820094049,FIX_BEFORE_PAID
shopify_US_7229259874401_41878820126817,FIX_BEFORE_PAID
shopify_US_7229259874401_41878820159585,FIX_BEFORE_PAID
shopify_US_7229259874401_41878820192353,FIX_BEFORE_PAID
shopify_US_7229259874401_41878820225121,FIX_BEFORE_PAID
shopify_US_7229259874401_41878820257889,FIX_BEFORE_PAID
shopify_US_7229259874401_41878820290657,FIX_BEFORE_PAID
shopify_US_7229259874401_41878820323425,FIX_BEFORE_PAID
shopify_US_7229259874401_41878820356193,FIX_BEFORE_PAID
shopify_US_7229259874401_41878820388961,FIX_BEFORE_PAID
shopify_US_7229259874401_41878820421729,FIX_BEFORE_PAID
shopify_US_7229259874401_41878820454497,FIX_BEFORE_PAID
shopify_US_7229259874401_41878820487265,FIX_BEFORE_PAID
shopify_US_7229259874401_41878820520033,FIX_BEFORE_PAID
shopify_US_7229259874401_41878820552801,FIX_BEFORE_PAID
shopify_US_7229259874401_41878820585569,FIX_BEFORE_PAID
shopify_US_7229259874401_41878820618337,FIX_BEFORE_PAID
shopify_US_7229259874401_41878820651105,FIX_BEFORE_PAID
shopify_US_7229259874401_41878820683873,FIX_BEFORE_PAID
shopify_US_7229259874401_41878820716641,FIX_BEFORE_PAID
shopify_US_7229259874401_41878820749409,FIX_BEFORE_PAID
shopify_US_7229259874401_41878820782177,FIX_BEFORE_PAID
shopify_US_7229259874401_41878820814945,FIX_BEFORE_PAID
shopify_US_7229259874401_41878820847713,FIX_BEFORE_PAID
shopify_US_7229259874401_41878820880481,FIX_BEFORE_PAID
shopify_US_7229259874401_41878820913249,FIX_BEFORE_PAID
shopify_US_7229259874401_41878820946017,FIX_BEFORE_PAID
shopify_US_7229259874401_41878820978785,FIX_BEFORE_PAID
shopify_US_7229259874401_41878821011553,FIX_BEFORE_PAID
shopify_US_7229259874401_41878821044321,FIX_BEFORE_PAID
shopify_US_7229259874401_41878821077089,FIX_BEFORE_PAID
shopify_US_7229259874401_41878821109857,FIX_BEFORE_PAID
shopify_US_7229259874401_41878821142625,FIX_BEFORE_PAID
shopify_US_7229259874401_41878821175393,FIX_BEFORE_PAID
shopify_US_7229259874401_41878821208161,FIX_BEFORE_PAID
shopify_US_7229259874401_41878821240929,FIX_BEFORE_PAID
shopify_US_7229259874401_41878821273697,FIX_BEFORE_PAID
shopify_US_7229259874401_41878821306465,FIX_BEFORE_PAID
shopify_US_7229259874401_41878821339233,FIX_BEFORE_PAID
shopify_US_7229259874401_41878821372001,FIX_BEFORE_PAID
shopify_US_7229259874401_41878821404769,FIX_BEFORE_PAID
shopify_US_7229259874401_41878821437537,FIX_BEFORE_PAID
shopify_US_7229259874401_41878821470305,FIX_BEFORE_PAID
shopify_US_7229259874401_41878821503073,FIX_BEFORE_PAID
shopify_US_7229259874401_41878821535841,FIX_BEFORE_PAID
shopify_US_7229259874401_41878821568609,FIX_BEFORE_PAID
shopify_US_7229259874401_41878821601377,FIX_BEFORE_PAID
shopify_US_7229259874401_41878821634145,FIX_BEFORE_PAID
shopify_US_7229259874401_41878821666913,FIX_BEFORE_PAID
shopify_US_7229259874401_41878821699681,FIX_BEFORE_PAID
shopify_US_7229259874401_41878821732449,FIX_BEFORE_PAID
shopify_US_7229259874401_41878821765217,FIX_BEFORE_PAID
shopify_US_7229259874401_41878821797985,FIX_BEFORE_PAID
shopify_US_7229259874401_41878821830753,FIX_BEFORE_PAID
shopify_US_7229259874401_41878821863521,FIX_BEFORE_PAID
shopify_US_7229259874401_41878821896289,FIX_BEFORE_PAID
shopify_US_7229259874401_41878821929057,FIX_BEFORE_PAID
shopify_US_7229259874401_41878821961825,FIX_BEFORE_PAID
shopify_US_7229259874401_41878821994593,FIX_BEFORE_PAID
shopify_US_7229259874401_41878822027361,FIX_BEFORE_PAID
shopify_US_7229259874401_41878822060129,FIX_BEFORE_PAID
shopify_US_7229259874401_41878822092897,FIX_BEFORE_PAID
shopify_US_7229259874401_41878822125665,FIX_BEFORE_PAID
shopify_US_7229259874401_41878822158433,FIX_BEFORE_PAID
shopify_US_7229259874401_41878822191201,FIX_BEFORE_PAID
shopify_US_7229259874401_41878822223969,FIX_BEFORE_PAID
shopify_US_7229259874401_41878822256737,FIX_BEFORE_PAID
shopify_US_7229259874401_41878822289505,FIX_BEFORE_PAID
shopify_US_7229259874401_41878822322273,FIX_BEFORE_PAID
shopify_US_7229259874401_41878822355041,FIX_BEFORE_PAID
shopify_US_7229259874401_41878822387809,FIX_BEFORE_PAID
shopify_US_7229259874401_41878822420577,FIX_BEFORE_PAID
shopify_US_7229259874401_41878822453345,FIX_BEFORE_PAID
shopify_US_7229259874401_41878822486113,FIX_BEFORE_PAID
shopify_US_7229259874401_41878822518881,FIX_BEFORE_PAID
shopify_US_7229259874401_41878822551649,FIX_BEFORE_PAID
shopify_US_7229259874401_41878822584417,FIX_BEFORE_PAID
shopify_US_7229259874401_41878822617185,FIX_BEFORE_PAID
shopify_US_7229259874401_41878822649953,FIX_BEFORE_PAID
shopify_US_7229825581153_41881163137121,EXCLUDE_PAID
shopify_US_7229825581153_41881163169889,EXCLUDE_PAID
shopify_US_7229825581153_41881163202657,EXCLUDE_PAID
shopify_US_7229825581153_41881163235425,EXCLUDE_PAID
shopify_US_7229825581153_41881163268193,EXCLUDE_PAID
shopify_US_7229825581153_41881163300961,EXCLUDE_PAID
shopify_US_7229825581153_41881163333729,EXCLUDE_PAID
shopify_US_7229825581153_41881163366497,EXCLUDE_PAID
shopify_US_7229825581153_41881163399265,EXCLUDE_PAID
shopify_US_7229825581153_41881163432033,EXCLUDE_PAID
shopify_US_7229825581153_41881163464801,EXCLUDE_PAID
shopify_US_7229825581153_41881163497569,EXCLUDE_PAID
shopify_US_7229825581153_41881163530337,EXCLUDE_PAID
shopify_US_7229825581153_41881163563105,EXCLUDE_PAID
shopify_US_7229825581153_41881163595873,EXCLUDE_PAID
shopify_US_7229828202593_41881176703073,EXCLUDE_PAID
shopify_US_7229828202593_41881176735841,EXCLUDE_PAID
shopify_US_7229828202593_41881176768609,EXCLUDE_PAID
shopify_US_7229828202593_41881176801377,EXCLUDE_PAID
shopify_US_7229828202593_41881176834145,EXCLUDE_PAID
shopify_US_7229828202593_41881176866913,EXCLUDE_PAID
shopify_US_7229828202593_41881176899681,EXCLUDE_PAID
shopify_US_7229828202593_41881176932449,EXCLUDE_PAID
shopify_US_7229828202593_41881176965217,EXCLUDE_PAID
shopify_US_7229828202593_41881176997985,EXCLUDE_PAID
shopify_US_7229828202593_41881177030753,EXCLUDE_PAID
shopify_US_7229828202593_41881177063521,EXCLUDE_PAID
shopify_US_7229828202593_41881177096289,EXCLUDE_PAID
shopify_US_7229828202593_41881177129057,EXCLUDE_PAID
shopify_US_7229828202593_41881177161825,EXCLUDE_PAID
shopify_US_7229835542625_41881196658785,EXCLUDE_PAID
shopify_US_7229835542625_41881196691553,EXCLUDE_PAID
shopify_US_7229835542625_41881196724321,EXCLUDE_PAID
shopify_US_7229835542625_41881196757089,EXCLUDE_PAID
shopify_US_7229835542625_41881196789857,EXCLUDE_PAID
shopify_US_7229835542625_41881196822625,EXCLUDE_PAID
shopify_US_7229835542625_41881196855393,EXCLUDE_PAID
shopify_US_7229835542625_41881196888161,EXCLUDE_PAID
shopify_US_7229835542625_41881196920929,EXCLUDE_PAID
shopify_US_7229835542625_41881196953697,EXCLUDE_PAID
shopify_US_7229835542625_41881196986465,EXCLUDE_PAID
shopify_US_7229835542625_41881197019233,EXCLUDE_PAID
shopify_US_7229835542625_41881197052001,EXCLUDE_PAID
shopify_US_7229835542625_41881197084769,EXCLUDE_PAID
shopify_US_7229835542625_41881197117537,EXCLUDE_PAID
shopify_US_7230150213729_41882607583329,EXCLUDE_PAID
shopify_US_7230150213729_41882607616097,EXCLUDE_PAID
shopify_US_7230150213729_41882607648865,EXCLUDE_PAID
shopify_US_7230150213729_41882607681633,EXCLUDE_PAID
shopify_US_7230150213729_41882607714401,EXCLUDE_PAID
shopify_US_7230150213729_41882607747169,EXCLUDE_PAID
shopify_US_7230150213729_41882607779937,EXCLUDE_PAID
shopify_US_7230150213729_41882607812705,EXCLUDE_PAID
shopify_US_7230150213729_41882607845473,EXCLUDE_PAID
shopify_US_7230150213729_41882607878241,EXCLUDE_PAID
shopify_US_7230150213729_41882607911009,EXCLUDE_PAID
shopify_US_7230150213729_41882607943777,EXCLUDE_PAID
shopify_US_7230150213729_41882607976545,EXCLUDE_PAID
shopify_US_7230150213729_41882608009313,EXCLUDE_PAID
shopify_US_7230150213729_41882608042081,EXCLUDE_PAID
shopify_US_7230150213729_41882612007009,EXCLUDE_PAID
shopify_US_7230150213729_41882612039777,EXCLUDE_PAID
shopify_US_7230150213729_41882612072545,EXCLUDE_PAID
shopify_US_7230150213729_41882612105313,EXCLUDE_PAID
shopify_US_7230150213729_41882612138081,EXCLUDE_PAID
shopify_US_7230150213729_41882612170849,EXCLUDE_PAID
shopify_US_7230150213729_41882612203617,EXCLUDE_PAID
shopify_US_7230150213729_41882612236385,EXCLUDE_PAID
shopify_US_7230150213729_41882612269153,EXCLUDE_PAID
shopify_US_7230150213729_41882612301921,EXCLUDE_PAID
shopify_US_7230150213729_41882612334689,EXCLUDE_PAID
shopify_US_7230150213729_41882612367457,EXCLUDE_PAID
shopify_US_7230150213729_41882612400225,EXCLUDE_PAID
shopify_US_7230150213729_41882612432993,EXCLUDE_PAID
shopify_US_7230150213729_41882612465761,EXCLUDE_PAID
shopify_US_7230151524449_41882613219425,EXCLUDE_PAID
shopify_US_7230151524449_41882613284961,EXCLUDE_PAID
shopify_US_7230151524449_41882613350497,EXCLUDE_PAID
shopify_US_7230151524449_41882613416033,EXCLUDE_PAID
shopify_US_7230151524449_41882613481569,EXCLUDE_PAID
shopify_US_7230151524449_41882613547105,EXCLUDE_PAID
shopify_US_7230151524449_41882613612641,EXCLUDE_PAID
shopify_US_7230151524449_41882613678177,EXCLUDE_PAID
shopify_US_7230151524449_41882613743713,EXCLUDE_PAID
shopify_US_7230151524449_41882613809249,EXCLUDE_PAID
shopify_US_7230151524449_41882613874785,EXCLUDE_PAID
shopify_US_7230151524449_41882613940321,EXCLUDE_PAID
shopify_US_7230151524449_41882614005857,EXCLUDE_PAID
shopify_US_7230151524449_41882614071393,EXCLUDE_PAID
shopify_US_7230151524449_41882614136929,EXCLUDE_PAID
shopify_US_7230155882593_41882618527841,EXCLUDE_PAID
shopify_US_7230155882593_41882618560609,EXCLUDE_PAID
shopify_US_7230155882593_41882618593377,EXCLUDE_PAID
shopify_US_7230155882593_41882618626145,EXCLUDE_PAID
shopify_US_7230155882593_41882618658913,EXCLUDE_PAID
shopify_US_7230155882593_41882618691681,EXCLUDE_PAID
shopify_US_7230155882593_41882618724449,EXCLUDE_PAID
shopify_US_7230155882593_41882618757217,EXCLUDE_PAID
shopify_US_7230155882593_41882618789985,EXCLUDE_PAID
shopify_US_7230155882593_41882618822753,EXCLUDE_PAID
shopify_US_7230155882593_41882618855521,EXCLUDE_PAID
shopify_US_7230155882593_41882618888289,EXCLUDE_PAID
shopify_US_7230155882593_41882618921057,EXCLUDE_PAID
shopify_US_7230155882593_41882618953825,EXCLUDE_PAID
shopify_US_7230156701793_41882622066785,EXCLUDE_PAID
shopify_US_7230156701793_41882622099553,EXCLUDE_PAID
shopify_US_7230156701793_41882622132321,EXCLUDE_PAID
shopify_US_7230156701793_41882622165089,EXCLUDE_PAID
shopify_US_7230156701793_41882622197857,EXCLUDE_PAID
shopify_US_7230156701793_41882622230625,EXCLUDE_PAID
shopify_US_7230156701793_41882622263393,EXCLUDE_PAID
shopify_US_7230156701793_41882622296161,EXCLUDE_PAID
shopify_US_7230156701793_41882622328929,EXCLUDE_PAID
shopify_US_7230156701793_41882622361697,EXCLUDE_PAID
shopify_US_7230156701793_41882622394465,EXCLUDE_PAID
shopify_US_7230156701793_41882622427233,EXCLUDE_PAID
shopify_US_7230156701793_41882622460001,EXCLUDE_PAID
shopify_US_7230156701793_41882622492769,EXCLUDE_PAID
shopify_US_7230156701793_41882622885985,EXCLUDE_PAID
shopify_US_7230156701793_41882622918753,EXCLUDE_PAID
shopify_US_7230156701793_41882622951521,EXCLUDE_PAID
shopify_US_7230156701793_41882622984289,EXCLUDE_PAID
shopify_US_7230156701793_41882623017057,EXCLUDE_PAID
shopify_US_7230156701793_41882623049825,EXCLUDE_PAID
shopify_US_7230156701793_41882623082593,EXCLUDE_PAID
shopify_US_7230156701793_41882623115361,EXCLUDE_PAID
shopify_US_7230156701793_41882623148129,EXCLUDE_PAID
shopify_US_7230156701793_41882623180897,EXCLUDE_PAID
shopify_US_7230156701793_41882623213665,EXCLUDE_PAID
shopify_US_7230156701793_41882623246433,EXCLUDE_PAID
shopify_US_7230156701793_41882623279201,EXCLUDE_PAID
shopify_US_7230156701793_41882623311969,EXCLUDE_PAID
shopify_US_7230157226081_41882624753761,EXCLUDE_PAID
shopify_US_7230157226081_41882624786529,EXCLUDE_PAID
shopify_US_7230157226081_41882624819297,EXCLUDE_PAID
shopify_US_7230157226081_41882624852065,EXCLUDE_PAID
shopify_US_7230157226081_41882624884833,EXCLUDE_PAID
shopify_US_7230157226081_41882624917601,EXCLUDE_PAID
shopify_US_7230157226081_41882624950369,EXCLUDE_PAID
shopify_US_7230157226081_41882624983137,EXCLUDE_PAID
shopify_US_7230157226081_41882625015905,EXCLUDE_PAID
shopify_US_7230157226081_41882625048673,EXCLUDE_PAID
shopify_US_7230157226081_41882625081441,EXCLUDE_PAID
shopify_US_7230157226081_41882625114209,EXCLUDE_PAID
shopify_US_7230157226081_41882625146977,EXCLUDE_PAID
shopify_US_7230157226081_41882625179745,EXCLUDE_PAID
shopify_US_7230157226081_41882625212513,EXCLUDE_PAID
shopify_US_7230157226081_41882625245281,EXCLUDE_PAID
shopify_US_7230157226081_41882625278049,EXCLUDE_PAID
shopify_US_7230157226081_41882625310817,EXCLUDE_PAID
shopify_US_7230157226081_41882625343585,EXCLUDE_PAID
shopify_US_7230157226081_41882625376353,EXCLUDE_PAID
shopify_US_7230157226081_41882625409121,EXCLUDE_PAID
shopify_US_7230157226081_41882625441889,EXCLUDE_PAID
shopify_US_7230157226081_41882625474657,EXCLUDE_PAID
shopify_US_7230157226081_41882625507425,EXCLUDE_PAID
shopify_US_7230157226081_41882625540193,EXCLUDE_PAID
shopify_US_7230157226081_41882625572961,EXCLUDE_PAID
shopify_US_7230157226081_41882625605729,EXCLUDE_PAID
shopify_US_7230157226081_41882625638497,EXCLUDE_PAID
shopify_US_7230159028321_41882633961569,EXCLUDE_PAID
shopify_US_7230159028321_41882633994337,EXCLUDE_PAID
shopify_US_7230159028321_41882634027105,EXCLUDE_PAID
shopify_US_7230159028321_41882634059873,EXCLUDE_PAID
shopify_US_7230159028321_41882634092641,EXCLUDE_PAID
shopify_US_7230159028321_41882634125409,EXCLUDE_PAID
shopify_US_7230159028321_41882634158177,EXCLUDE_PAID
shopify_US_7230159028321_41882634190945,EXCLUDE_PAID
shopify_US_7230159028321_41882634223713,EXCLUDE_PAID
shopify_US_7230159028321_41882634256481,EXCLUDE_PAID
shopify_US_7230159028321_41882634289249,EXCLUDE_PAID
shopify_US_7230159028321_41882634322017,EXCLUDE_PAID
shopify_US_7230159028321_41882634354785,EXCLUDE_PAID
shopify_US_7230159028321_41882634387553,EXCLUDE_PAID
shopify_US_7230159028321_41882634420321,EXCLUDE_PAID
shopify_US_7230159028321_41882634453089,EXCLUDE_PAID
shopify_US_7230159028321_41882634485857,EXCLUDE_PAID
shopify_US_7230159028321_41882634518625,EXCLUDE_PAID
shopify_US_7230159028321_41882634551393,EXCLUDE_PAID
shopify_US_7230159028321_41882634584161,EXCLUDE_PAID
shopify_US_7230159028321_41882634616929,EXCLUDE_PAID
shopify_US_7230159028321_41882634649697,EXCLUDE_PAID
shopify_US_7230159028321_41882634682465,EXCLUDE_PAID
shopify_US_7230159028321_41882634715233,EXCLUDE_PAID
shopify_US_7230159028321_41882634748001,EXCLUDE_PAID
shopify_US_7230159028321_41882634780769,EXCLUDE_PAID
shopify_US_7230159028321_41882634813537,EXCLUDE_PAID
shopify_US_7230159028321_41882634846305,EXCLUDE_PAID
shopify_US_7230159618145_41882636648545,EXCLUDE_PAID
shopify_US_7230159618145_41882636714081,EXCLUDE_PAID
shopify_US_7230159618145_41882636779617,EXCLUDE_PAID
shopify_US_7230159618145_41882636845153,EXCLUDE_PAID
shopify_US_7230159618145_41882636910689,EXCLUDE_PAID
shopify_US_7230159618145_41882636976225,EXCLUDE_PAID
shopify_US_7230159618145_41882637041761,EXCLUDE_PAID
shopify_US_7230159618145_41882637107297,EXCLUDE_PAID
shopify_US_7230159618145_41882637172833,EXCLUDE_PAID
shopify_US_7230159618145_41882637238369,EXCLUDE_PAID
shopify_US_7230159618145_41882637303905,EXCLUDE_PAID
shopify_US_7230159618145_41882637369441,EXCLUDE_PAID
shopify_US_7230159618145_41882637434977,EXCLUDE_PAID
shopify_US_7230159618145_41882637500513,EXCLUDE_PAID
shopify_US_7229825581153_41882664403041,EXCLUDE_PAID
shopify_US_7229825581153_41882664435809,EXCLUDE_PAID
shopify_US_7229825581153_41882664468577,EXCLUDE_PAID
shopify_US_7229825581153_41882664501345,EXCLUDE_PAID
shopify_US_7229825581153_41882664534113,EXCLUDE_PAID
shopify_US_7229825581153_41882664566881,EXCLUDE_PAID
shopify_US_7229825581153_41882664599649,EXCLUDE_PAID
shopify_US_7229825581153_41882664632417,EXCLUDE_PAID
shopify_US_7229825581153_41882664665185,EXCLUDE_PAID
shopify_US_7229825581153_41882664697953,EXCLUDE_PAID
shopify_US_7229825581153_41882664730721,EXCLUDE_PAID
shopify_US_7229825581153_41882664763489,EXCLUDE_PAID
shopify_US_7229825581153_41882664796257,EXCLUDE_PAID
shopify_US_7229825581153_41882664829025,EXCLUDE_PAID
shopify_US_7229825581153_41882664861793,EXCLUDE_PAID
shopify_US_7229835542625_41882665255009,EXCLUDE_PAID
shopify_US_7229835542625_41882665287777,EXCLUDE_PAID
shopify_US_7229835542625_41882665320545,EXCLUDE_PAID
shopify_US_7229835542625_41882665353313,EXCLUDE_PAID
shopify_US_7229835542625_41882665386081,EXCLUDE_PAID
shopify_US_7229835542625_41882665418849,EXCLUDE_PAID
shopify_US_7229835542625_41882665451617,EXCLUDE_PAID
shopify_US_7229835542625_41882665484385,EXCLUDE_PAID
shopify_US_7229835542625_41882665517153,EXCLUDE_PAID
shopify_US_7229835542625_41882665549921,EXCLUDE_PAID
shopify_US_7229835542625_41882665582689,EXCLUDE_PAID
shopify_US_7229835542625_41882665615457,EXCLUDE_PAID
shopify_US_7229835542625_41882665648225,EXCLUDE_PAID
shopify_US_7229835542625_41882665680993,EXCLUDE_PAID
shopify_US_7229835542625_41882665713761,EXCLUDE_PAID
shopify_US_7230168727649_41882672988257,EXCLUDE_PAID
shopify_US_7230168727649_41882673021025,EXCLUDE_PAID
shopify_US_7230168727649_41882673053793,EXCLUDE_PAID
shopify_US_7230168727649_41882673086561,EXCLUDE_PAID
shopify_US_7230168727649_41882673119329,EXCLUDE_PAID
shopify_US_7230168727649_41882673152097,EXCLUDE_PAID
shopify_US_7230168727649_41882673184865,EXCLUDE_PAID
shopify_US_7230168727649_41882673217633,EXCLUDE_PAID
shopify_US_7230168727649_41882673250401,EXCLUDE_PAID
shopify_US_7230168727649_41882673283169,EXCLUDE_PAID
shopify_US_7230168727649_41882673315937,EXCLUDE_PAID
shopify_US_7230168727649_41882673348705,EXCLUDE_PAID
shopify_US_7230168727649_41882673381473,EXCLUDE_PAID
shopify_US_7230168727649_41882673414241,EXCLUDE_PAID
shopify_US_7230180884577_41882718732385,EXCLUDE_PAID
shopify_US_7230180884577_41882718797921,EXCLUDE_PAID
shopify_US_7230180884577_41882718863457,EXCLUDE_PAID
shopify_US_7230180884577_41882718928993,EXCLUDE_PAID
shopify_US_7230180884577_41882718994529,EXCLUDE_PAID
shopify_US_7230180884577_41882719060065,EXCLUDE_PAID
shopify_US_7230180884577_41882719125601,EXCLUDE_PAID
shopify_US_7230180884577_41882719191137,EXCLUDE_PAID
shopify_US_7230180884577_41882719256673,EXCLUDE_PAID
shopify_US_7230180884577_41882719322209,EXCLUDE_PAID
shopify_US_7230180884577_41882719387745,EXCLUDE_PAID
shopify_US_7230180884577_41882719453281,EXCLUDE_PAID
shopify_US_7230180884577_41882719518817,EXCLUDE_PAID
shopify_US_7230180884577_41882719584353,EXCLUDE_PAID
shopify_US_7230180884577_41882719649889,EXCLUDE_PAID
shopify_US_7230180884577_41882725154913,EXCLUDE_PAID
shopify_US_7230180884577_41882725187681,EXCLUDE_PAID
shopify_US_7230180884577_41882725220449,EXCLUDE_PAID
shopify_US_7230180884577_41882725253217,EXCLUDE_PAID
shopify_US_7230180884577_41882725285985,EXCLUDE_PAID
shopify_US_7230180884577_41882725318753,EXCLUDE_PAID
shopify_US_7230180884577_41882725351521,EXCLUDE_PAID
shopify_US_7230180884577_41882725384289,EXCLUDE_PAID
shopify_US_7230180884577_41882725417057,EXCLUDE_PAID
shopify_US_7230180884577_41882725449825,EXCLUDE_PAID
shopify_US_7230180884577_41882725482593,EXCLUDE_PAID
shopify_US_7230180884577_41882725515361,EXCLUDE_PAID
shopify_US_7230180884577_41882725548129,EXCLUDE_PAID
shopify_US_7230180884577_41882725580897,EXCLUDE_PAID
shopify_US_7230180884577_41882725613665,EXCLUDE_PAID
shopify_US_7230180884577_41882725646433,EXCLUDE_PAID
shopify_US_7230180884577_41882725679201,EXCLUDE_PAID
shopify_US_7230180884577_41882725711969,EXCLUDE_PAID
shopify_US_7230180884577_41882725744737,EXCLUDE_PAID
shopify_US_7230180884577_41882725777505,EXCLUDE_PAID
shopify_US_7230180884577_41882725810273,EXCLUDE_PAID
shopify_US_7230180884577_41882725843041,EXCLUDE_PAID
shopify_US_7230180884577_41882725875809,EXCLUDE_PAID
shopify_US_7230180884577_41882725908577,EXCLUDE_PAID
shopify_US_7230180884577_41882725941345,EXCLUDE_PAID
shopify_US_7230180884577_41882725974113,EXCLUDE_PAID
shopify_US_7230180884577_41882726006881,EXCLUDE_PAID
shopify_US_7230180884577_41882726039649,EXCLUDE_PAID
shopify_US_7230180884577_41882726072417,EXCLUDE_PAID
shopify_US_7230180884577_41882726105185,EXCLUDE_PAID
shopify_US_7230180884577_41882726137953,EXCLUDE_PAID
shopify_US_7230180884577_41882726170721,EXCLUDE_PAID
shopify_US_7230180884577_41882726203489,EXCLUDE_PAID
shopify_US_7230191665249_41882755399777,EXCLUDE_PAID
shopify_US_7230191665249_41882755498081,EXCLUDE_PAID
shopify_US_7230191665249_41882755596385,EXCLUDE_PAID
shopify_US_7230191665249_41882755694689,EXCLUDE_PAID
shopify_US_7230191665249_41882755792993,EXCLUDE_PAID
shopify_US_7230191665249_41882755891297,EXCLUDE_PAID
shopify_US_7230191665249_41882761986145,EXCLUDE_PAID
shopify_US_7230191665249_41882762018913,EXCLUDE_PAID
shopify_US_7230191665249_41882762084449,EXCLUDE_PAID
shopify_US_7230191665249_41882762117217,EXCLUDE_PAID
shopify_US_7230191665249_41882762182753,EXCLUDE_PAID
shopify_US_7230191665249_41882762215521,EXCLUDE_PAID
shopify_US_7230191665249_41882762281057,EXCLUDE_PAID
shopify_US_7230191665249_41882762313825,EXCLUDE_PAID
shopify_US_7230191665249_41882762379361,EXCLUDE_PAID
shopify_US_7230191665249_41882762412129,EXCLUDE_PAID
shopify_US_7230191665249_41882762477665,EXCLUDE_PAID
shopify_US_7230191665249_41882762510433,EXCLUDE_PAID
shopify_US_7230191665249_41882762575969,EXCLUDE_PAID
shopify_US_7230191665249_41882762608737,EXCLUDE_PAID
shopify_US_7230191665249_41882762674273,EXCLUDE_PAID
shopify_US_7230191665249_41882762707041,EXCLUDE_PAID
shopify_US_7230191665249_41882762772577,EXCLUDE_PAID
shopify_US_7230191665249_41882762805345,EXCLUDE_PAID
shopify_US_7230191665249_41882762870881,EXCLUDE_PAID
shopify_US_7230191665249_41882762903649,EXCLUDE_PAID
shopify_US_7230191665249_41882762969185,EXCLUDE_PAID
shopify_US_7230191665249_41882763001953,EXCLUDE_PAID
shopify_US_7230191665249_41882763034721,EXCLUDE_PAID
shopify_US_7230191665249_41882763067489,EXCLUDE_PAID
shopify_US_7230191665249_41882763100257,EXCLUDE_PAID
shopify_US_7230191665249_41882763133025,EXCLUDE_PAID
shopify_US_7230191665249_41882763165793,EXCLUDE_PAID
shopify_US_7230191665249_41882763198561,EXCLUDE_PAID
shopify_US_7230191665249_41882763231329,EXCLUDE_PAID
shopify_US_7230191665249_41882763264097,EXCLUDE_PAID
shopify_US_7230191665249_41882763296865,EXCLUDE_PAID
shopify_US_7230191665249_41882763329633,EXCLUDE_PAID
shopify_US_7230191665249_41882763362401,EXCLUDE_PAID
shopify_US_7230191665249_41882763395169,EXCLUDE_PAID
shopify_US_7230191665249_41882763427937,EXCLUDE_PAID
shopify_US_7230191665249_41882763460705,EXCLUDE_PAID
shopify_US_7230191665249_41882763493473,EXCLUDE_PAID
shopify_US_7230191665249_41882763526241,EXCLUDE_PAID
shopify_US_7230194942049_41882771357793,EXCLUDE_PAID
shopify_US_7230194942049_41882771390561,EXCLUDE_PAID
shopify_US_7230194942049_41882771423329,EXCLUDE_PAID
shopify_US_7230194942049_41882771456097,EXCLUDE_PAID
shopify_US_7230194942049_41882771488865,EXCLUDE_PAID
shopify_US_7230194942049_41882771521633,EXCLUDE_PAID
shopify_US_7230194942049_41882771554401,EXCLUDE_PAID
shopify_US_7230194942049_41882771587169,EXCLUDE_PAID
shopify_US_7230194942049_41882771619937,EXCLUDE_PAID
shopify_US_7230194942049_41882771652705,EXCLUDE_PAID
shopify_US_7230194942049_41882771685473,EXCLUDE_PAID
shopify_US_7230194942049_41882771718241,EXCLUDE_PAID
shopify_US_7230194942049_41882771751009,EXCLUDE_PAID
shopify_US_7230194942049_41882771783777,EXCLUDE_PAID
shopify_US_7230194942049_41882771816545,EXCLUDE_PAID
shopify_US_7230194942049_41882771849313,EXCLUDE_PAID
shopify_US_7230194942049_41882771882081,EXCLUDE_PAID
shopify_US_7230194942049_41882771914849,EXCLUDE_PAID
shopify_US_7230194942049_41882771947617,EXCLUDE_PAID
shopify_US_7230194942049_41882771980385,EXCLUDE_PAID
shopify_US_7230194942049_41882772176993,EXCLUDE_PAID
shopify_US_7230194942049_41882772209761,EXCLUDE_PAID
shopify_US_7230194942049_41882772308065,EXCLUDE_PAID
shopify_US_7230194942049_41882772340833,EXCLUDE_PAID
shopify_US_7230194942049_41882772439137,EXCLUDE_PAID
shopify_US_7230194942049_41882772471905,EXCLUDE_PAID
shopify_US_7230194942049_41882772570209,EXCLUDE_PAID
shopify_US_7230194942049_41882772602977,EXCLUDE_PAID
shopify_US_7230194942049_41882772701281,EXCLUDE_PAID
shopify_US_7230194942049_41882772734049,EXCLUDE_PAID
shopify_US_7230194942049_41882778009697,EXCLUDE_PAID
shopify_US_7230194942049_41882778042465,EXCLUDE_PAID
shopify_US_7230194942049_41882778140769,EXCLUDE_PAID
shopify_US_7230194942049_41882778173537,EXCLUDE_PAID
shopify_US_7230194942049_41882778271841,EXCLUDE_PAID
shopify_US_7230194942049_41882778304609,EXCLUDE_PAID
shopify_US_7230323261537_41883173650529,EXCLUDE_PAID
shopify_US_7230323261537_41883173716065,EXCLUDE_PAID
shopify_US_7230323261537_41883173781601,EXCLUDE_PAID
shopify_US_7230323261537_41883173912673,EXCLUDE_PAID
shopify_US_7230323261537_41883173978209,EXCLUDE_PAID
shopify_US_7230323261537_41883174043745,EXCLUDE_PAID
shopify_US_7230323261537_41883174174817,EXCLUDE_PAID
shopify_US_7230323261537_41883174240353,EXCLUDE_PAID
shopify_US_7230323261537_41883174305889,EXCLUDE_PAID
shopify_US_7230323261537_41883174371425,EXCLUDE_PAID
shopify_US_7230323261537_41883174436961,EXCLUDE_PAID
shopify_US_7230323261537_41883174502497,EXCLUDE_PAID
shopify_US_7230323261537_41883174568033,EXCLUDE_PAID
shopify_US_7230323261537_41883174633569,EXCLUDE_PAID
shopify_US_7230323261537_41883176992865,EXCLUDE_PAID
shopify_US_7230323261537_41883177025633,EXCLUDE_PAID
shopify_US_7230323261537_41883177058401,EXCLUDE_PAID
shopify_US_7230323261537_41883177123937,EXCLUDE_PAID
shopify_US_7230323261537_41883177156705,EXCLUDE_PAID
shopify_US_7230323261537_41883177189473,EXCLUDE_PAID
shopify_US_7230323261537_41883177255009,EXCLUDE_PAID
shopify_US_7230323261537_41883177287777,EXCLUDE_PAID
shopify_US_7230323261537_41883177320545,EXCLUDE_PAID
shopify_US_7230323261537_41883177353313,EXCLUDE_PAID
shopify_US_7230323261537_41883177386081,EXCLUDE_PAID
shopify_US_7230323261537_41883177418849,EXCLUDE_PAID
shopify_US_7230323261537_41883177451617,EXCLUDE_PAID
shopify_US_7230323261537_41883177484385,EXCLUDE_PAID
shopify_US_7230327128161_41883188133985,EXCLUDE_PAID
shopify_US_7230327128161_41883188166753,EXCLUDE_PAID
shopify_US_7230327128161_41883188199521,EXCLUDE_PAID
shopify_US_7230327128161_41883188232289,EXCLUDE_PAID
shopify_US_7230327128161_41883188265057,EXCLUDE_PAID
shopify_US_7230327128161_41883188297825,EXCLUDE_PAID
shopify_US_7230327128161_41883188330593,EXCLUDE_PAID
shopify_US_7230327128161_41883188363361,EXCLUDE_PAID
shopify_US_7230327128161_41883188396129,EXCLUDE_PAID
shopify_US_7230327128161_41883188428897,EXCLUDE_PAID
shopify_US_7230327128161_41883188461665,EXCLUDE_PAID
shopify_US_7230327128161_41883188494433,EXCLUDE_PAID
shopify_US_7230327128161_41883188527201,EXCLUDE_PAID
shopify_US_7230327128161_41883188559969,EXCLUDE_PAID
shopify_US_7230327128161_41883188592737,EXCLUDE_PAID
shopify_US_7230327128161_41883188625505,EXCLUDE_PAID
shopify_US_7230327128161_41883188658273,EXCLUDE_PAID
shopify_US_7230327128161_41883188691041,EXCLUDE_PAID
shopify_US_7230327128161_41883188723809,EXCLUDE_PAID
shopify_US_7230327128161_41883188756577,EXCLUDE_PAID
shopify_US_7230327128161_41883188789345,EXCLUDE_PAID
shopify_US_7230327128161_41883188822113,EXCLUDE_PAID
shopify_US_7230327128161_41883188854881,EXCLUDE_PAID
shopify_US_7230327128161_41883188887649,EXCLUDE_PAID
shopify_US_7230327128161_41883188920417,EXCLUDE_PAID
shopify_US_7230327128161_41883188953185,EXCLUDE_PAID
shopify_US_7230327128161_41883188985953,EXCLUDE_PAID
shopify_US_7230327128161_41883189018721,EXCLUDE_PAID
shopify_US_7230327128161_41883192131681,EXCLUDE_PAID
shopify_US_7230327128161_41883192164449,EXCLUDE_PAID
shopify_US_7230327128161_41883192197217,EXCLUDE_PAID
shopify_US_7230327128161_41883192229985,EXCLUDE_PAID
shopify_US_7230327128161_41883192262753,EXCLUDE_PAID
shopify_US_7230327128161_41883192295521,EXCLUDE_PAID
shopify_US_7230327128161_41883192328289,EXCLUDE_PAID
shopify_US_7230327128161_41883192361057,EXCLUDE_PAID
shopify_US_7230327128161_41883192393825,EXCLUDE_PAID
shopify_US_7230327128161_41883192426593,EXCLUDE_PAID
shopify_US_7230332895329_41883215757409,EXCLUDE_PAID
shopify_US_7230332895329_41883215822945,EXCLUDE_PAID
shopify_US_7230332895329_41883215888481,EXCLUDE_PAID
shopify_US_7230332895329_41883215954017,EXCLUDE_PAID
shopify_US_7230332895329_41883216019553,EXCLUDE_PAID
shopify_US_7230332895329_41883216150625,EXCLUDE_PAID
shopify_US_7230332895329_41883216216161,EXCLUDE_PAID
shopify_US_7230332895329_41883216281697,EXCLUDE_PAID
shopify_US_7230332895329_41883216347233,EXCLUDE_PAID
shopify_US_7230332895329_41883216412769,EXCLUDE_PAID
shopify_US_7230332895329_41883216478305,EXCLUDE_PAID
shopify_US_7230332895329_41883216543841,EXCLUDE_PAID
shopify_US_7230332895329_41883216609377,EXCLUDE_PAID
shopify_US_7230332895329_41883217920097,EXCLUDE_PAID
shopify_US_7230332895329_41883217985633,EXCLUDE_PAID
shopify_US_7230332895329_41883219198049,EXCLUDE_PAID
shopify_US_7230332895329_41883219230817,EXCLUDE_PAID
shopify_US_7230332895329_41883219263585,EXCLUDE_PAID
shopify_US_7230332895329_41883219296353,EXCLUDE_PAID
shopify_US_7230332895329_41883219329121,EXCLUDE_PAID
shopify_US_7230332895329_41883219361889,EXCLUDE_PAID
shopify_US_7230332895329_41883219394657,EXCLUDE_PAID
shopify_US_7230332895329_41883219427425,EXCLUDE_PAID
shopify_US_7230332895329_41883219460193,EXCLUDE_PAID
shopify_US_7230332895329_41883219492961,EXCLUDE_PAID
shopify_US_7230332895329_41883219525729,EXCLUDE_PAID
shopify_US_7230332895329_41883219558497,EXCLUDE_PAID
shopify_US_7230332895329_41883219591265,EXCLUDE_PAID
shopify_US_7230332895329_41883219624033,EXCLUDE_PAID
shopify_US_7230332895329_41883219656801,EXCLUDE_PAID
shopify_US_7230332895329_41883219689569,EXCLUDE_PAID
shopify_US_7230332895329_41883219722337,EXCLUDE_PAID
shopify_US_7230332895329_41883219755105,EXCLUDE_PAID
shopify_US_7230332895329_41883219787873,EXCLUDE_PAID
shopify_US_7230332895329_41883219820641,EXCLUDE_PAID
shopify_US_7230332895329_41883219853409,EXCLUDE_PAID
shopify_US_7230332895329_41883219886177,EXCLUDE_PAID
shopify_US_7230332895329_41883219918945,EXCLUDE_PAID
shopify_US_7230332895329_41883219951713,EXCLUDE_PAID
shopify_US_7230332895329_41883219984481,EXCLUDE_PAID
shopify_US_7230332895329_41883220017249,EXCLUDE_PAID
shopify_US_7230332895329_41883220050017,EXCLUDE_PAID
shopify_US_7230332895329_41883220082785,EXCLUDE_PAID
shopify_US_7230332895329_41883220115553,EXCLUDE_PAID
shopify_US_7230332895329_41883220148321,EXCLUDE_PAID
shopify_US_7230332895329_41883220181089,EXCLUDE_PAID
shopify_US_7230332895329_41883220213857,EXCLUDE_PAID
shopify_US_7230332895329_41883220246625,EXCLUDE_PAID
shopify_US_7230332895329_41883220279393,EXCLUDE_PAID
shopify_US_7230332895329_41883220312161,EXCLUDE_PAID
shopify_US_7230332895329_41883220344929,EXCLUDE_PAID
shopify_US_7230332895329_41883220377697,EXCLUDE_PAID
shopify_US_7230332895329_41883220410465,EXCLUDE_PAID
shopify_US_7230332895329_41883220443233,EXCLUDE_PAID
shopify_US_7230332895329_41883220476001,EXCLUDE_PAID
shopify_US_7230332895329_41883220508769,EXCLUDE_PAID
shopify_US_7230332895329_41883220541537,EXCLUDE_PAID
shopify_US_7230332895329_41883220574305,EXCLUDE_PAID
shopify_US_7230332895329_41883220607073,EXCLUDE_PAID
shopify_US_7230332895329_41883220639841,EXCLUDE_PAID
shopify_US_7230336729185_41883235778657,EXCLUDE_PAID
shopify_US_7230336729185_41883235844193,EXCLUDE_PAID
shopify_US_7230336729185_41883235876961,EXCLUDE_PAID
shopify_US_7230336729185_41883235909729,EXCLUDE_PAID
shopify_US_7230336729185_41883235975265,EXCLUDE_PAID
shopify_US_7230336729185_41883236008033,EXCLUDE_PAID
shopify_US_7230336729185_41883236040801,EXCLUDE_PAID
shopify_US_7230336729185_41883236106337,EXCLUDE_PAID
shopify_US_7230336729185_41883236139105,EXCLUDE_PAID
shopify_US_7230336729185_41883236171873,EXCLUDE_PAID
shopify_US_7230336729185_41883236237409,EXCLUDE_PAID
shopify_US_7230336729185_41883236270177,EXCLUDE_PAID
shopify_US_7230336729185_41883236302945,EXCLUDE_PAID
shopify_US_7230336729185_41883236368481,EXCLUDE_PAID
shopify_US_7230336729185_41883236401249,EXCLUDE_PAID
shopify_US_7230336729185_41883236434017,EXCLUDE_PAID
shopify_US_7230336729185_41883236499553,EXCLUDE_PAID
shopify_US_7230336729185_41883236532321,EXCLUDE_PAID
shopify_US_7230336729185_41883236565089,EXCLUDE_PAID
shopify_US_7230336729185_41883236630625,EXCLUDE_PAID
shopify_US_7230336729185_41883236663393,EXCLUDE_PAID
shopify_US_7230336729185_41883236696161,EXCLUDE_PAID
shopify_US_7230336729185_41883236761697,EXCLUDE_PAID
shopify_US_7230336729185_41883236794465,EXCLUDE_PAID
shopify_US_7230336729185_41883236827233,EXCLUDE_PAID
shopify_US_7230336729185_41883236892769,EXCLUDE_PAID
shopify_US_7230336729185_41883236925537,EXCLUDE_PAID
shopify_US_7230336729185_41883236958305,EXCLUDE_PAID
shopify_US_7230336729185_41883237023841,EXCLUDE_PAID
shopify_US_7230336729185_41883237056609,EXCLUDE_PAID
shopify_US_7230336729185_41883237089377,EXCLUDE_PAID
shopify_US_7230336729185_41883237154913,EXCLUDE_PAID
shopify_US_7230336729185_41883237187681,EXCLUDE_PAID
shopify_US_7230336729185_41883237220449,EXCLUDE_PAID
shopify_US_7230336729185_41883237285985,EXCLUDE_PAID
shopify_US_7230336729185_41883237318753,EXCLUDE_PAID
shopify_US_7230336729185_41883237351521,EXCLUDE_PAID
shopify_US_7230336729185_41883237417057,EXCLUDE_PAID
shopify_US_7230336729185_41883237449825,EXCLUDE_PAID
shopify_US_7230336729185_41883237482593,EXCLUDE_PAID
shopify_US_7230336729185_41883237548129,EXCLUDE_PAID
shopify_US_7230336729185_41883237580897,EXCLUDE_PAID
shopify_US_7230336729185_41883237613665,EXCLUDE_PAID
shopify_US_7230336729185_41883237679201,EXCLUDE_PAID
shopify_US_7230336729185_41883237711969,EXCLUDE_PAID
shopify_US_7230336729185_41883237744737,EXCLUDE_PAID
shopify_US_7230336729185_41883237777505,EXCLUDE_PAID
shopify_US_7230336729185_41883237810273,EXCLUDE_PAID
shopify_US_7230336729185_41883237843041,EXCLUDE_PAID
shopify_US_7230336729185_41883237875809,EXCLUDE_PAID
shopify_US_7230336729185_41883237908577,EXCLUDE_PAID
shopify_US_7230336729185_41883237941345,EXCLUDE_PAID
shopify_US_7230336729185_41883237974113,EXCLUDE_PAID
shopify_US_7230336729185_41883238006881,EXCLUDE_PAID
shopify_US_7230336729185_41883238039649,EXCLUDE_PAID
shopify_US_7230336729185_41883238072417,EXCLUDE_PAID
shopify_US_7230336729185_41883238105185,EXCLUDE_PAID
shopify_US_7230336729185_41883238137953,EXCLUDE_PAID
shopify_US_7230336729185_41883238170721,EXCLUDE_PAID
shopify_US_7230336729185_41883238203489,EXCLUDE_PAID
shopify_US_7230336729185_41883238236257,EXCLUDE_PAID
shopify_US_7230336729185_41883238269025,EXCLUDE_PAID
shopify_US_7230336729185_41883238301793,EXCLUDE_PAID
shopify_US_7230336729185_41883238334561,EXCLUDE_PAID
shopify_US_7230336729185_41883238367329,EXCLUDE_PAID
shopify_US_7230336729185_41883238400097,EXCLUDE_PAID
shopify_US_7230336729185_41883238432865,EXCLUDE_PAID
shopify_US_7230336729185_41883238465633,EXCLUDE_PAID
shopify_US_7230336729185_41883238498401,EXCLUDE_PAID
shopify_US_7230336729185_41883238531169,EXCLUDE_PAID
shopify_US_7230336729185_41883238563937,EXCLUDE_PAID
shopify_US_7230336729185_41883238596705,EXCLUDE_PAID
shopify_US_7230336729185_41883238629473,EXCLUDE_PAID
shopify_US_7230336729185_41883238662241,EXCLUDE_PAID
shopify_US_7230336729185_41883238695009,EXCLUDE_PAID
shopify_US_7230338039905_41883244298337,EXCLUDE_PAID
shopify_US_7230338039905_41883244331105,EXCLUDE_PAID
shopify_US_7230338039905_41883244363873,EXCLUDE_PAID
shopify_US_7230338039905_41883244396641,EXCLUDE_PAID
shopify_US_7230338039905_41883244429409,EXCLUDE_PAID
shopify_US_7230338039905_41883244462177,EXCLUDE_PAID
shopify_US_7230338039905_41883244494945,EXCLUDE_PAID
shopify_US_7230338039905_41883244527713,EXCLUDE_PAID
shopify_US_7230338039905_41883244560481,EXCLUDE_PAID
shopify_US_7230338039905_41883244593249,EXCLUDE_PAID
shopify_US_7230338039905_41883244626017,EXCLUDE_PAID
shopify_US_7230338039905_41883244658785,EXCLUDE_PAID
shopify_US_7230338039905_41883244691553,EXCLUDE_PAID
shopify_US_7230338039905_41883244724321,EXCLUDE_PAID
shopify_US_7230338039905_41883244757089,EXCLUDE_PAID
shopify_US_7230338039905_41883244789857,EXCLUDE_PAID
shopify_US_7230338039905_41883244822625,EXCLUDE_PAID
shopify_US_7230338039905_41883244855393,EXCLUDE_PAID
shopify_US_7230338039905_41883244888161,EXCLUDE_PAID
shopify_US_7230338039905_41883244920929,EXCLUDE_PAID
shopify_US_7230338039905_41883244953697,EXCLUDE_PAID
shopify_US_7230338039905_41883244986465,EXCLUDE_PAID
shopify_US_7230338039905_41883245019233,EXCLUDE_PAID
shopify_US_7230338039905_41883245052001,EXCLUDE_PAID
shopify_US_7230338039905_41883245084769,EXCLUDE_PAID
shopify_US_7230338039905_41883245117537,EXCLUDE_PAID
shopify_US_7230338039905_41883245150305,EXCLUDE_PAID
shopify_US_7230338039905_41883245183073,EXCLUDE_PAID
shopify_US_7230338039905_41883245215841,EXCLUDE_PAID
shopify_US_7230338039905_41883245248609,EXCLUDE_PAID
shopify_US_7230338039905_41883245281377,EXCLUDE_PAID
shopify_US_7230338039905_41883245314145,EXCLUDE_PAID
shopify_US_7230338039905_41883245346913,EXCLUDE_PAID
shopify_US_7230338039905_41883245379681,EXCLUDE_PAID
shopify_US_7230338039905_41883245412449,EXCLUDE_PAID
shopify_US_7230338039905_41883245445217,EXCLUDE_PAID
shopify_US_7230338039905_41883245477985,EXCLUDE_PAID
shopify_US_7230338039905_41883245510753,EXCLUDE_PAID
shopify_US_7230338039905_41883245543521,EXCLUDE_PAID
shopify_US_7230338039905_41883245576289,EXCLUDE_PAID
shopify_US_7230338039905_41883245609057,EXCLUDE_PAID
shopify_US_7230338039905_41883245641825,EXCLUDE_PAID
shopify_US_7230338039905_41883245674593,EXCLUDE_PAID
shopify_US_7230338039905_41883245707361,EXCLUDE_PAID
shopify_US_7230338039905_41883245740129,EXCLUDE_PAID
shopify_US_7230338039905_41883245772897,EXCLUDE_PAID
shopify_US_7230338039905_41883245805665,EXCLUDE_PAID
shopify_US_7230338039905_41883245838433,EXCLUDE_PAID
shopify_US_7230338039905_41883245871201,EXCLUDE_PAID
shopify_US_7230338039905_41883245903969,EXCLUDE_PAID
shopify_US_7230338039905_41883245936737,EXCLUDE_PAID
shopify_US_7230338039905_41883245969505,EXCLUDE_PAID
shopify_US_7230338039905_41883246002273,EXCLUDE_PAID
shopify_US_7230338039905_41883246035041,EXCLUDE_PAID
shopify_US_7230338039905_41883246067809,EXCLUDE_PAID
shopify_US_7230338039905_41883246100577,EXCLUDE_PAID
shopify_US_7230338039905_41883246133345,EXCLUDE_PAID
shopify_US_7230338039905_41883246166113,EXCLUDE_PAID
shopify_US_7230338039905_41883246198881,EXCLUDE_PAID
shopify_US_7230338039905_41883246231649,EXCLUDE_PAID
shopify_US_7230338039905_41883246264417,EXCLUDE_PAID
shopify_US_7230338039905_41883246297185,EXCLUDE_PAID
shopify_US_7230338039905_41883246329953,EXCLUDE_PAID
shopify_US_7230338039905_41883246362721,EXCLUDE_PAID
shopify_US_7230338039905_41883246395489,EXCLUDE_PAID
shopify_US_7230338039905_41883246428257,EXCLUDE_PAID
shopify_US_7230338039905_41883246461025,EXCLUDE_PAID
shopify_US_7230338039905_41883246493793,EXCLUDE_PAID
shopify_US_7230338039905_41883246526561,EXCLUDE_PAID
shopify_US_7230338039905_41883246559329,EXCLUDE_PAID
shopify_US_7230338039905_41883246592097,EXCLUDE_PAID
shopify_US_7230338039905_41883246624865,EXCLUDE_PAID
shopify_US_7230338039905_41883246657633,EXCLUDE_PAID
shopify_US_7230338039905_41883246690401,EXCLUDE_PAID
shopify_US_7230338039905_41883246723169,EXCLUDE_PAID
shopify_US_7230339711073_41883255472225,EXCLUDE_PAID
shopify_US_7230339711073_41883255504993,EXCLUDE_PAID
shopify_US_7230339711073_41883255537761,EXCLUDE_PAID
shopify_US_7230339711073_41883255570529,EXCLUDE_PAID
shopify_US_7230339711073_41883255603297,EXCLUDE_PAID
shopify_US_7230339711073_41883255636065,EXCLUDE_PAID
shopify_US_7230339711073_41883255668833,EXCLUDE_PAID
shopify_US_7230339711073_41883255701601,EXCLUDE_PAID
shopify_US_7230339711073_41883255734369,EXCLUDE_PAID
shopify_US_7230339711073_41883255767137,EXCLUDE_PAID
shopify_US_7230339711073_41883255799905,EXCLUDE_PAID
shopify_US_7230339711073_41883255832673,EXCLUDE_PAID
shopify_US_7230339711073_41883255865441,EXCLUDE_PAID
shopify_US_7230339711073_41883255898209,EXCLUDE_PAID
shopify_US_7230339711073_41883255930977,EXCLUDE_PAID
shopify_US_7230339711073_41883255963745,EXCLUDE_PAID
shopify_US_7230339711073_41883255996513,EXCLUDE_PAID
shopify_US_7230339711073_41883256029281,EXCLUDE_PAID
shopify_US_7230339711073_41883256062049,EXCLUDE_PAID
shopify_US_7230339711073_41883256094817,EXCLUDE_PAID
shopify_US_7230339711073_41883256127585,EXCLUDE_PAID
shopify_US_7230339711073_41883256160353,EXCLUDE_PAID
shopify_US_7230339711073_41883256193121,EXCLUDE_PAID
shopify_US_7230339711073_41883256225889,EXCLUDE_PAID
shopify_US_7230339711073_41883256258657,EXCLUDE_PAID
shopify_US_7230339711073_41883256291425,EXCLUDE_PAID
shopify_US_7230339711073_41883256324193,EXCLUDE_PAID
shopify_US_7230339711073_41883256356961,EXCLUDE_PAID
shopify_US_7230339711073_41883256389729,EXCLUDE_PAID
shopify_US_7230339711073_41883256422497,EXCLUDE_PAID
shopify_US_7230339711073_41883256455265,EXCLUDE_PAID
shopify_US_7230339711073_41883256488033,EXCLUDE_PAID
shopify_US_7230339711073_41883256520801,EXCLUDE_PAID
shopify_US_7230339711073_41883256553569,EXCLUDE_PAID
shopify_US_7230339711073_41883256586337,EXCLUDE_PAID
shopify_US_7230339711073_41883256619105,EXCLUDE_PAID
shopify_US_7230339711073_41883256651873,EXCLUDE_PAID
shopify_US_7230339711073_41883256684641,EXCLUDE_PAID
shopify_US_7230339711073_41883256717409,EXCLUDE_PAID
shopify_US_7230339711073_41883256750177,EXCLUDE_PAID
shopify_US_7230339711073_41883256782945,EXCLUDE_PAID
shopify_US_7230339711073_41883256815713,EXCLUDE_PAID
shopify_US_7230339711073_41883256848481,EXCLUDE_PAID
shopify_US_7230339711073_41883256881249,EXCLUDE_PAID
shopify_US_7230339711073_41883256914017,EXCLUDE_PAID
shopify_US_7230339711073_41883256946785,EXCLUDE_PAID
shopify_US_7230339711073_41883256979553,EXCLUDE_PAID
shopify_US_7230339711073_41883257012321,EXCLUDE_PAID
shopify_US_7230339711073_41883257045089,EXCLUDE_PAID
shopify_US_7230339711073_41883257077857,EXCLUDE_PAID
shopify_US_7230339711073_41883257110625,EXCLUDE_PAID
shopify_US_7230339711073_41883257143393,EXCLUDE_PAID
shopify_US_7230339711073_41883257176161,EXCLUDE_PAID
shopify_US_7230339711073_41883257208929,EXCLUDE_PAID
shopify_US_7230339711073_41883257241697,EXCLUDE_PAID
shopify_US_7230339711073_41883257274465,EXCLUDE_PAID
shopify_US_7230339711073_41883257307233,EXCLUDE_PAID
shopify_US_7230339711073_41883257340001,EXCLUDE_PAID
shopify_US_7230339711073_41883257372769,EXCLUDE_PAID
shopify_US_7230339711073_41883257405537,EXCLUDE_PAID
shopify_US_7230339711073_41883257438305,EXCLUDE_PAID
shopify_US_7230339711073_41883257471073,EXCLUDE_PAID
shopify_US_7230339711073_41883257503841,EXCLUDE_PAID
shopify_US_7230339711073_41883257536609,EXCLUDE_PAID
shopify_US_7230339711073_41883257569377,EXCLUDE_PAID
shopify_US_7230339711073_41883257602145,EXCLUDE_PAID
shopify_US_7230339711073_41883257634913,EXCLUDE_PAID
shopify_US_7230339711073_41883257667681,EXCLUDE_PAID
shopify_US_7230339711073_41883257700449,EXCLUDE_PAID
shopify_US_7230339711073_41883257733217,EXCLUDE_PAID
shopify_US_7230339711073_41883257765985,EXCLUDE_PAID
shopify_US_7230339711073_41883257798753,EXCLUDE_PAID
shopify_US_7230339711073_41883257831521,EXCLUDE_PAID
shopify_US_7230339711073_41883257864289,EXCLUDE_PAID
shopify_US_7230339711073_41883257897057,EXCLUDE_PAID
shopify_US_7230342004833_41883271495777,EXCLUDE_PAID
shopify_US_7230342004833_41883271528545,EXCLUDE_PAID
shopify_US_7230342004833_41883271561313,EXCLUDE_PAID
shopify_US_7230342004833_41883271594081,EXCLUDE_PAID
shopify_US_7230342004833_41883271626849,EXCLUDE_PAID
shopify_US_7230342004833_41883271659617,EXCLUDE_PAID
shopify_US_7230342004833_41883271692385,EXCLUDE_PAID
shopify_US_7230342004833_41883271725153,EXCLUDE_PAID
shopify_US_7230342004833_41883271757921,EXCLUDE_PAID
shopify_US_7230342004833_41883271790689,EXCLUDE_PAID
shopify_US_7230342004833_41883271823457,EXCLUDE_PAID
shopify_US_7230342004833_41883271856225,EXCLUDE_PAID
shopify_US_7230342004833_41883271888993,EXCLUDE_PAID
shopify_US_7230342004833_41883271921761,EXCLUDE_PAID
shopify_US_7230342004833_41883271954529,EXCLUDE_PAID
shopify_US_7230342004833_41883271987297,EXCLUDE_PAID
shopify_US_7230342004833_41883272020065,EXCLUDE_PAID
shopify_US_7230342004833_41883272052833,EXCLUDE_PAID
shopify_US_7230342004833_41883272085601,EXCLUDE_PAID
shopify_US_7230342004833_41883272118369,EXCLUDE_PAID
shopify_US_7230342004833_41883272151137,EXCLUDE_PAID
shopify_US_7230342004833_41883272183905,EXCLUDE_PAID
shopify_US_7230342004833_41883272216673,EXCLUDE_PAID
shopify_US_7230342004833_41883272249441,EXCLUDE_PAID
shopify_US_7230342004833_41883272282209,EXCLUDE_PAID
shopify_US_7230342004833_41883272314977,EXCLUDE_PAID
shopify_US_7230342004833_41883272347745,EXCLUDE_PAID
shopify_US_7230342004833_41883272380513,EXCLUDE_PAID
shopify_US_7230342004833_41883272413281,EXCLUDE_PAID
shopify_US_7230342004833_41883272446049,EXCLUDE_PAID
shopify_US_7230342004833_41883272478817,EXCLUDE_PAID
shopify_US_7230342004833_41883272511585,EXCLUDE_PAID
shopify_US_7230342004833_41883272544353,EXCLUDE_PAID
shopify_US_7230342004833_41883272577121,EXCLUDE_PAID
shopify_US_7230342004833_41883272609889,EXCLUDE_PAID
shopify_US_7230342004833_41883272642657,EXCLUDE_PAID
shopify_US_7230342004833_41883272675425,EXCLUDE_PAID
shopify_US_7230342004833_41883272708193,EXCLUDE_PAID
shopify_US_7230342004833_41883272740961,EXCLUDE_PAID
shopify_US_7230342004833_41883272773729,EXCLUDE_PAID
shopify_US_7230342004833_41883272806497,EXCLUDE_PAID
shopify_US_7230342004833_41883272839265,EXCLUDE_PAID
shopify_US_7230342004833_41883272872033,EXCLUDE_PAID
shopify_US_7230342004833_41883272904801,EXCLUDE_PAID
shopify_US_7230342004833_41883272937569,EXCLUDE_PAID
shopify_US_7230342004833_41883272970337,EXCLUDE_PAID
shopify_US_7230342004833_41883273003105,EXCLUDE_PAID
shopify_US_7230342004833_41883273035873,EXCLUDE_PAID
shopify_US_7230342004833_41883273068641,EXCLUDE_PAID
shopify_US_7230342004833_41883273101409,EXCLUDE_PAID
shopify_US_7230342004833_41883273134177,EXCLUDE_PAID
shopify_US_7230342004833_41883273166945,EXCLUDE_PAID
shopify_US_7230342004833_41883273199713,EXCLUDE_PAID
shopify_US_7230342004833_41883273232481,EXCLUDE_PAID
shopify_US_7230342004833_41883273265249,EXCLUDE_PAID
shopify_US_7230342004833_41883273298017,EXCLUDE_PAID
shopify_US_7230342004833_41883273330785,EXCLUDE_PAID
shopify_US_7230342004833_41883273363553,EXCLUDE_PAID
shopify_US_7230342004833_41883273396321,EXCLUDE_PAID
shopify_US_7230342004833_41883273429089,EXCLUDE_PAID
shopify_US_7230342004833_41883273461857,EXCLUDE_PAID
shopify_US_7230342004833_41883273494625,EXCLUDE_PAID
shopify_US_7230342004833_41883273527393,EXCLUDE_PAID
shopify_US_7230342004833_41883273560161,EXCLUDE_PAID
shopify_US_7230342004833_41883273592929,EXCLUDE_PAID
shopify_US_7230342004833_41883273625697,EXCLUDE_PAID
shopify_US_7230342004833_41883273658465,EXCLUDE_PAID
shopify_US_7230342004833_41883273691233,EXCLUDE_PAID
shopify_US_7230342004833_41883273724001,EXCLUDE_PAID
shopify_US_7230342004833_41883273756769,EXCLUDE_PAID
shopify_US_7230342004833_41883273789537,EXCLUDE_PAID
shopify_US_7230342004833_41883273822305,EXCLUDE_PAID
shopify_US_7230342004833_41883273855073,EXCLUDE_PAID
shopify_US_7230342004833_41883273887841,EXCLUDE_PAID
shopify_US_7230342004833_41883273920609,EXCLUDE_PAID
shopify_US_7230415863905_41883441660001,EXCLUDE_PAID
shopify_US_7230415863905_41883441692769,EXCLUDE_PAID
shopify_US_7230415863905_41883441758305,EXCLUDE_PAID
shopify_US_7230415863905_41883441791073,EXCLUDE_PAID
shopify_US_7230415863905_41883441823841,EXCLUDE_PAID
shopify_US_7230415863905_41883441856609,EXCLUDE_PAID
shopify_US_7230415863905_41883441922145,EXCLUDE_PAID
shopify_US_7230415863905_41883441954913,EXCLUDE_PAID
shopify_US_7230415863905_41883442151521,EXCLUDE_PAID
shopify_US_7230415863905_41883442184289,EXCLUDE_PAID
shopify_US_7230415863905_41883442249825,EXCLUDE_PAID
shopify_US_7230415863905_41883442282593,EXCLUDE_PAID
shopify_US_7230415863905_41883442315361,EXCLUDE_PAID
shopify_US_7230415863905_41883442348129,EXCLUDE_PAID
shopify_US_7230415863905_41883442413665,EXCLUDE_PAID
shopify_US_7230415863905_41883442446433,EXCLUDE_PAID
shopify_US_7230415863905_41883442479201,EXCLUDE_PAID
shopify_US_7230415863905_41883442511969,EXCLUDE_PAID
shopify_US_7230415863905_41883442577505,EXCLUDE_PAID
shopify_US_7230415863905_41883442610273,EXCLUDE_PAID
shopify_US_7230415863905_41883442643041,EXCLUDE_PAID
shopify_US_7230415863905_41883442675809,EXCLUDE_PAID
shopify_US_7230415863905_41883442741345,EXCLUDE_PAID
shopify_US_7230415863905_41883442774113,EXCLUDE_PAID
shopify_US_7230415863905_41883442806881,EXCLUDE_PAID
shopify_US_7230415863905_41883442839649,EXCLUDE_PAID
shopify_US_7230415863905_41883442905185,EXCLUDE_PAID
shopify_US_7230415863905_41883442937953,EXCLUDE_PAID
shopify_US_7230415863905_41883442970721,EXCLUDE_PAID
shopify_US_7230415863905_41883443003489,EXCLUDE_PAID
shopify_US_7230415863905_41883443069025,EXCLUDE_PAID
shopify_US_7230415863905_41883443101793,EXCLUDE_PAID
shopify_US_7230415863905_41883443134561,EXCLUDE_PAID
shopify_US_7230415863905_41883443167329,EXCLUDE_PAID
shopify_US_7230415863905_41883443232865,EXCLUDE_PAID
shopify_US_7230415863905_41883443265633,EXCLUDE_PAID
shopify_US_7230415863905_41883443298401,EXCLUDE_PAID
shopify_US_7230415863905_41883443331169,EXCLUDE_PAID
shopify_US_7230415863905_41883443396705,EXCLUDE_PAID
shopify_US_7230415863905_41883443429473,EXCLUDE_PAID
shopify_US_7230415863905_41883443462241,EXCLUDE_PAID
shopify_US_7230415863905_41883443495009,EXCLUDE_PAID
shopify_US_7230415863905_41883443560545,EXCLUDE_PAID
shopify_US_7230415863905_41883443593313,EXCLUDE_PAID
shopify_US_7230415863905_41883443626081,EXCLUDE_PAID
shopify_US_7230415863905_41883443658849,EXCLUDE_PAID
shopify_US_7230415863905_41883443724385,EXCLUDE_PAID
shopify_US_7230415863905_41883443757153,EXCLUDE_PAID
shopify_US_7230415863905_41883443789921,EXCLUDE_PAID
shopify_US_7230415863905_41883443822689,EXCLUDE_PAID
shopify_US_7230415863905_41883443888225,EXCLUDE_PAID
shopify_US_7230415863905_41883443920993,EXCLUDE_PAID
shopify_US_7230415863905_41883443953761,EXCLUDE_PAID
shopify_US_7230415863905_41883443986529,EXCLUDE_PAID
shopify_US_7230415863905_41883444052065,EXCLUDE_PAID
shopify_US_7230415863905_41883444084833,EXCLUDE_PAID
shopify_US_7230415863905_41883445559393,EXCLUDE_PAID
shopify_US_7230415863905_41883445592161,EXCLUDE_PAID
shopify_US_7230415863905_41883445657697,EXCLUDE_PAID
shopify_US_7230415863905_41883445690465,EXCLUDE_PAID
shopify_US_7230418944097_41883458568289,EXCLUDE_PAID
shopify_US_7230418944097_41883458601057,EXCLUDE_PAID
shopify_US_7230418944097_41883458633825,EXCLUDE_PAID
shopify_US_7230418944097_41883458666593,EXCLUDE_PAID
shopify_US_7230418944097_41883458699361,EXCLUDE_PAID
shopify_US_7230418944097_41883458732129,EXCLUDE_PAID
shopify_US_7230418944097_41883458764897,EXCLUDE_PAID
shopify_US_7230418944097_41883458797665,EXCLUDE_PAID
shopify_US_7230418944097_41883458830433,EXCLUDE_PAID
shopify_US_7230418944097_41883458863201,EXCLUDE_PAID
shopify_US_7230418944097_41883458895969,EXCLUDE_PAID
shopify_US_7230418944097_41883458928737,EXCLUDE_PAID
shopify_US_7230418944097_41883458961505,EXCLUDE_PAID
shopify_US_7230418944097_41883458994273,EXCLUDE_PAID
shopify_US_7230418944097_41883459027041,EXCLUDE_PAID
shopify_US_7230418944097_41883459059809,EXCLUDE_PAID
shopify_US_7230418944097_41883459092577,EXCLUDE_PAID
shopify_US_7230418944097_41883459125345,EXCLUDE_PAID
shopify_US_7230418944097_41883459158113,EXCLUDE_PAID
shopify_US_7230418944097_41883459190881,EXCLUDE_PAID
shopify_US_7230418944097_41883459223649,EXCLUDE_PAID
shopify_US_7230418944097_41883459256417,EXCLUDE_PAID
shopify_US_7230418944097_41883459289185,EXCLUDE_PAID
shopify_US_7230418944097_41883459321953,EXCLUDE_PAID
shopify_US_7230418944097_41883459354721,EXCLUDE_PAID
shopify_US_7230418944097_41883459387489,EXCLUDE_PAID
shopify_US_7230418944097_41883459420257,EXCLUDE_PAID
shopify_US_7230418944097_41883459453025,EXCLUDE_PAID
shopify_US_7230418944097_41883459485793,EXCLUDE_PAID
shopify_US_7230418944097_41883459518561,EXCLUDE_PAID
shopify_US_7230418944097_41883459551329,EXCLUDE_PAID
shopify_US_7230418944097_41883459584097,EXCLUDE_PAID
shopify_US_7230418944097_41883459616865,EXCLUDE_PAID
shopify_US_7230418944097_41883459649633,EXCLUDE_PAID
shopify_US_7230418944097_41883459682401,EXCLUDE_PAID
shopify_US_7230418944097_41883459715169,EXCLUDE_PAID
shopify_US_7230418944097_41883459747937,EXCLUDE_PAID
shopify_US_7230418944097_41883459780705,EXCLUDE_PAID
shopify_US_7230418944097_41883459813473,EXCLUDE_PAID
shopify_US_7230418944097_41883459846241,EXCLUDE_PAID
shopify_US_7230418944097_41883459879009,EXCLUDE_PAID
shopify_US_7230418944097_41883459911777,EXCLUDE_PAID
shopify_US_7230418944097_41883459944545,EXCLUDE_PAID
shopify_US_7230418944097_41883459977313,EXCLUDE_PAID
shopify_US_7230418944097_41883460010081,EXCLUDE_PAID
shopify_US_7230418944097_41883460042849,EXCLUDE_PAID
shopify_US_7230418944097_41883460075617,EXCLUDE_PAID
shopify_US_7230418944097_41883460108385,EXCLUDE_PAID
shopify_US_7230418944097_41883460141153,EXCLUDE_PAID
shopify_US_7230418944097_41883460173921,EXCLUDE_PAID
shopify_US_7230418944097_41883460206689,EXCLUDE_PAID
shopify_US_7230418944097_41883460239457,EXCLUDE_PAID
shopify_US_7230418944097_41883460272225,EXCLUDE_PAID
shopify_US_7230418944097_41883460304993,EXCLUDE_PAID
shopify_US_7230418944097_41883460337761,EXCLUDE_PAID
shopify_US_7230418944097_41883460370529,EXCLUDE_PAID
shopify_US_7230418944097_41883460403297,EXCLUDE_PAID
shopify_US_7230418944097_41883460436065,EXCLUDE_PAID
shopify_US_7230418944097_41883460468833,EXCLUDE_PAID
shopify_US_7230418944097_41883460501601,EXCLUDE_PAID
shopify_US_7230418944097_41883460534369,EXCLUDE_PAID
shopify_US_7230418944097_41883460567137,EXCLUDE_PAID
shopify_US_7230418944097_41883460599905,EXCLUDE_PAID
shopify_US_7230418944097_41883460632673,EXCLUDE_PAID
shopify_US_7230418944097_41883460665441,EXCLUDE_PAID
shopify_US_7230418944097_41883460698209,EXCLUDE_PAID
shopify_US_7230418944097_41883460730977,EXCLUDE_PAID
shopify_US_7230418944097_41883460763745,EXCLUDE_PAID
shopify_US_7230418944097_41883460796513,EXCLUDE_PAID
shopify_US_7230418944097_41883460829281,EXCLUDE_PAID
shopify_US_7230418944097_41883460862049,EXCLUDE_PAID
shopify_US_7230418944097_41883460894817,EXCLUDE_PAID
shopify_US_7230418944097_41883460927585,EXCLUDE_PAID
shopify_US_7230418944097_41883460960353,EXCLUDE_PAID
shopify_US_7230418944097_41883460993121,EXCLUDE_PAID
shopify_US_7230423236705_41883480719457,EXCLUDE_PAID
shopify_US_7230423236705_41883480752225,EXCLUDE_PAID
shopify_US_7230423236705_41883480784993,EXCLUDE_PAID
shopify_US_7230423236705_41883480817761,EXCLUDE_PAID
shopify_US_7230423236705_41883480883297,EXCLUDE_PAID
shopify_US_7230423236705_41883480916065,EXCLUDE_PAID
shopify_US_7230423236705_41883480948833,EXCLUDE_PAID
shopify_US_7230423236705_41883480981601,EXCLUDE_PAID
shopify_US_7230423236705_41883481047137,EXCLUDE_PAID
shopify_US_7230423236705_41883481079905,EXCLUDE_PAID
shopify_US_7230423236705_41883481112673,EXCLUDE_PAID
shopify_US_7230423236705_41883481145441,EXCLUDE_PAID
shopify_US_7230423236705_41883481210977,EXCLUDE_PAID
shopify_US_7230423236705_41883481243745,EXCLUDE_PAID
shopify_US_7230423236705_41883481276513,EXCLUDE_PAID
shopify_US_7230423236705_41883481309281,EXCLUDE_PAID
shopify_US_7230423236705_41883481374817,EXCLUDE_PAID
shopify_US_7230423236705_41883481407585,EXCLUDE_PAID
shopify_US_7230423236705_41883481440353,EXCLUDE_PAID
shopify_US_7230423236705_41883481473121,EXCLUDE_PAID
shopify_US_7230423236705_41883481538657,EXCLUDE_PAID
shopify_US_7230423236705_41883481571425,EXCLUDE_PAID
shopify_US_7230423236705_41883481604193,EXCLUDE_PAID
shopify_US_7230423236705_41883481636961,EXCLUDE_PAID
shopify_US_7230423236705_41883481702497,EXCLUDE_PAID
shopify_US_7230423236705_41883481735265,EXCLUDE_PAID
shopify_US_7230423236705_41883481768033,EXCLUDE_PAID
shopify_US_7230423236705_41883481800801,EXCLUDE_PAID
shopify_US_7230423236705_41883481866337,EXCLUDE_PAID
shopify_US_7230423236705_41883481899105,EXCLUDE_PAID
shopify_US_7230423236705_41883481931873,EXCLUDE_PAID
shopify_US_7230423236705_41883481964641,EXCLUDE_PAID
shopify_US_7230423236705_41883482030177,EXCLUDE_PAID
shopify_US_7230423236705_41883482062945,EXCLUDE_PAID
shopify_US_7230423236705_41883482095713,EXCLUDE_PAID
shopify_US_7230423236705_41883482128481,EXCLUDE_PAID
shopify_US_7230423236705_41883482194017,EXCLUDE_PAID
shopify_US_7230423236705_41883482226785,EXCLUDE_PAID
shopify_US_7230423236705_41883482259553,EXCLUDE_PAID
shopify_US_7230423236705_41883482292321,EXCLUDE_PAID
shopify_US_7230423236705_41883482357857,EXCLUDE_PAID
shopify_US_7230423236705_41883482390625,EXCLUDE_PAID
shopify_US_7230423236705_41883482423393,EXCLUDE_PAID
shopify_US_7230423236705_41883482456161,EXCLUDE_PAID
shopify_US_7230423236705_41883482521697,EXCLUDE_PAID
shopify_US_7230423236705_41883482554465,EXCLUDE_PAID
shopify_US_7230423236705_41883482587233,EXCLUDE_PAID
shopify_US_7230423236705_41883482620001,EXCLUDE_PAID
shopify_US_7230423236705_41883482685537,EXCLUDE_PAID
shopify_US_7230423236705_41883482718305,EXCLUDE_PAID
shopify_US_7230423236705_41883482751073,EXCLUDE_PAID
shopify_US_7230423236705_41883482783841,EXCLUDE_PAID
shopify_US_7230423236705_41883482849377,EXCLUDE_PAID
shopify_US_7230423236705_41883482882145,EXCLUDE_PAID
shopify_US_7230423236705_41883482914913,EXCLUDE_PAID
shopify_US_7230423236705_41883482947681,EXCLUDE_PAID
shopify_US_7230423236705_41883483013217,EXCLUDE_PAID
shopify_US_7230423236705_41883483045985,EXCLUDE_PAID
shopify_US_7230423236705_41883483078753,EXCLUDE_PAID
shopify_US_7230423236705_41883483111521,EXCLUDE_PAID
shopify_US_7230423236705_41883483963489,EXCLUDE_PAID
shopify_US_7230423236705_41883483996257,EXCLUDE_PAID
shopify_US_7230423236705_41883484029025,EXCLUDE_PAID
shopify_US_7230423236705_41883484061793,EXCLUDE_PAID
shopify_US_7230423236705_41883484094561,EXCLUDE_PAID
shopify_US_7230423236705_41883484127329,EXCLUDE_PAID
shopify_US_7230423236705_41883484160097,EXCLUDE_PAID
shopify_US_7230423236705_41883484192865,EXCLUDE_PAID
shopify_US_7230423236705_41883484225633,EXCLUDE_PAID
shopify_US_7230423236705_41883484258401,EXCLUDE_PAID
shopify_US_7230423236705_41883484291169,EXCLUDE_PAID
shopify_US_7230423236705_41883484323937,EXCLUDE_PAID
shopify_US_7230423236705_41883484356705,EXCLUDE_PAID
shopify_US_7230423236705_41883484389473,EXCLUDE_PAID
shopify_US_7230423236705_41883484422241,EXCLUDE_PAID
shopify_US_7230424645729_41883488452705,EXCLUDE_PAID
shopify_US_7230424645729_41883488485473,EXCLUDE_PAID
shopify_US_7230424645729_41883488518241,EXCLUDE_PAID
shopify_US_7230424645729_41883488551009,EXCLUDE_PAID
shopify_US_7230424645729_41883488583777,EXCLUDE_PAID
shopify_US_7230424645729_41883488616545,EXCLUDE_PAID
shopify_US_7230424645729_41883488649313,EXCLUDE_PAID
shopify_US_7230424645729_41883488682081,EXCLUDE_PAID
shopify_US_7230424645729_41883488714849,EXCLUDE_PAID
shopify_US_7230424645729_41883488747617,EXCLUDE_PAID
shopify_US_7230424645729_41883488780385,EXCLUDE_PAID
shopify_US_7230424645729_41883488813153,EXCLUDE_PAID
shopify_US_7230424645729_41883488845921,EXCLUDE_PAID
shopify_US_7230424645729_41883488878689,EXCLUDE_PAID
shopify_US_7230424645729_41883488911457,EXCLUDE_PAID
shopify_US_7230424645729_41883488944225,EXCLUDE_PAID
shopify_US_7230424645729_41883488976993,EXCLUDE_PAID
shopify_US_7230424645729_41883489009761,EXCLUDE_PAID
shopify_US_7230424645729_41883489042529,EXCLUDE_PAID
shopify_US_7230424645729_41883489075297,EXCLUDE_PAID
shopify_US_7230424645729_41883489108065,EXCLUDE_PAID
shopify_US_7230424645729_41883489140833,EXCLUDE_PAID
shopify_US_7230424645729_41883489173601,EXCLUDE_PAID
shopify_US_7230424645729_41883489206369,EXCLUDE_PAID
shopify_US_7230424645729_41883489239137,EXCLUDE_PAID
shopify_US_7230424645729_41883489271905,EXCLUDE_PAID
shopify_US_7230424645729_41883489304673,EXCLUDE_PAID
shopify_US_7230424645729_41883489337441,EXCLUDE_PAID
shopify_US_7230424645729_41883489370209,EXCLUDE_PAID
shopify_US_7230424645729_41883489402977,EXCLUDE_PAID
shopify_US_7230424645729_41883489435745,EXCLUDE_PAID
shopify_US_7230424645729_41883489468513,EXCLUDE_PAID
shopify_US_7230424645729_41883489501281,EXCLUDE_PAID
shopify_US_7230424645729_41883489534049,EXCLUDE_PAID
shopify_US_7230424645729_41883489566817,EXCLUDE_PAID
shopify_US_7230424645729_41883489599585,EXCLUDE_PAID
shopify_US_7230424645729_41883489632353,EXCLUDE_PAID
shopify_US_7230424645729_41883489665121,EXCLUDE_PAID
shopify_US_7230424645729_41883489697889,EXCLUDE_PAID
shopify_US_7230424645729_41883489730657,EXCLUDE_PAID
shopify_US_7230424645729_41883489763425,EXCLUDE_PAID
shopify_US_7230424645729_41883489796193,EXCLUDE_PAID
shopify_US_7230424645729_41883489828961,EXCLUDE_PAID
shopify_US_7230424645729_41883489861729,EXCLUDE_PAID
shopify_US_7230424645729_41883489894497,EXCLUDE_PAID
shopify_US_7230424645729_41883489927265,EXCLUDE_PAID
shopify_US_7230424645729_41883489960033,EXCLUDE_PAID
shopify_US_7230424645729_41883489992801,EXCLUDE_PAID
shopify_US_7230424645729_41883490025569,EXCLUDE_PAID
shopify_US_7230424645729_41883490058337,EXCLUDE_PAID
shopify_US_7230424645729_41883490091105,EXCLUDE_PAID
shopify_US_7230424645729_41883490123873,EXCLUDE_PAID
shopify_US_7230424645729_41883490156641,EXCLUDE_PAID
shopify_US_7230424645729_41883490189409,EXCLUDE_PAID
shopify_US_7230424645729_41883490222177,EXCLUDE_PAID
shopify_US_7230424645729_41883490254945,EXCLUDE_PAID
shopify_US_7230424645729_41883490287713,EXCLUDE_PAID
shopify_US_7230424645729_41883490320481,EXCLUDE_PAID
shopify_US_7230424645729_41883490353249,EXCLUDE_PAID
shopify_US_7230424645729_41883490386017,EXCLUDE_PAID
shopify_US_7230424645729_41883490418785,EXCLUDE_PAID
shopify_US_7230424645729_41883490451553,EXCLUDE_PAID
shopify_US_7230424645729_41883490484321,EXCLUDE_PAID
shopify_US_7230424645729_41883490517089,EXCLUDE_PAID
shopify_US_7230424645729_41883490549857,EXCLUDE_PAID
shopify_US_7230424645729_41883490582625,EXCLUDE_PAID
shopify_US_7230424645729_41883490615393,EXCLUDE_PAID
shopify_US_7230424645729_41883490648161,EXCLUDE_PAID
shopify_US_7230424645729_41883490680929,EXCLUDE_PAID
shopify_US_7230424645729_41883490713697,EXCLUDE_PAID
shopify_US_7230424645729_41883490746465,EXCLUDE_PAID
shopify_US_7230424645729_41883490779233,EXCLUDE_PAID
shopify_US_7230424645729_41883490812001,EXCLUDE_PAID
shopify_US_7230424645729_41883490844769,EXCLUDE_PAID
shopify_US_7230424645729_41883490877537,EXCLUDE_PAID
shopify_US_7230645239905_41884148007009,EXCLUDE_PAID
shopify_US_7230645239905_41884148072545,EXCLUDE_PAID
shopify_US_7230645239905_41884148105313,EXCLUDE_PAID
shopify_US_7230645239905_41884148138081,EXCLUDE_PAID
shopify_US_7230645239905_41884148170849,EXCLUDE_PAID
shopify_US_7230645239905_41884148236385,EXCLUDE_PAID
shopify_US_7230645239905_41884148269153,EXCLUDE_PAID
shopify_US_7230645239905_41884148301921,EXCLUDE_PAID
shopify_US_7230645239905_41884148334689,EXCLUDE_PAID
shopify_US_7230645239905_41884148400225,EXCLUDE_PAID
shopify_US_7230645239905_41884148432993,EXCLUDE_PAID
shopify_US_7230645239905_41884148465761,EXCLUDE_PAID
shopify_US_7230645239905_41884148498529,EXCLUDE_PAID
shopify_US_7230645239905_41884148564065,EXCLUDE_PAID
shopify_US_7230645239905_41884148596833,EXCLUDE_PAID
shopify_US_7230645239905_41884148629601,EXCLUDE_PAID
shopify_US_7230645239905_41884148662369,EXCLUDE_PAID
shopify_US_7230645239905_41884148727905,EXCLUDE_PAID
shopify_US_7230645239905_41884148760673,EXCLUDE_PAID
shopify_US_7230645239905_41884148793441,EXCLUDE_PAID
shopify_US_7230645239905_41884148826209,EXCLUDE_PAID
shopify_US_7230645239905_41884148891745,EXCLUDE_PAID
shopify_US_7230645239905_41884148924513,EXCLUDE_PAID
shopify_US_7230645239905_41884148957281,EXCLUDE_PAID
shopify_US_7230645239905_41884148990049,EXCLUDE_PAID
shopify_US_7230645239905_41884149055585,EXCLUDE_PAID
shopify_US_7230645239905_41884149088353,EXCLUDE_PAID
shopify_US_7230645239905_41884149121121,EXCLUDE_PAID
shopify_US_7230645239905_41884149153889,EXCLUDE_PAID
shopify_US_7230645239905_41884149219425,EXCLUDE_PAID
shopify_US_7230645239905_41884149252193,EXCLUDE_PAID
shopify_US_7230645239905_41884149284961,EXCLUDE_PAID
shopify_US_7230645239905_41884149317729,EXCLUDE_PAID
shopify_US_7230645239905_41884149383265,EXCLUDE_PAID
shopify_US_7230645239905_41884149416033,EXCLUDE_PAID
shopify_US_7230645239905_41884149448801,EXCLUDE_PAID
shopify_US_7230645239905_41884149481569,EXCLUDE_PAID
shopify_US_7230645239905_41884149547105,EXCLUDE_PAID
shopify_US_7230645239905_41884149579873,EXCLUDE_PAID
shopify_US_7230645239905_41884149612641,EXCLUDE_PAID
shopify_US_7230645239905_41884149645409,EXCLUDE_PAID
shopify_US_7230645239905_41884149710945,EXCLUDE_PAID
shopify_US_7230645239905_41884149743713,EXCLUDE_PAID
shopify_US_7230645239905_41884149776481,EXCLUDE_PAID
shopify_US_7230645239905_41884149809249,EXCLUDE_PAID
shopify_US_7230645239905_41884149874785,EXCLUDE_PAID
shopify_US_7230645239905_41884149907553,EXCLUDE_PAID
shopify_US_7230645239905_41884149940321,EXCLUDE_PAID
shopify_US_7230645239905_41884149973089,EXCLUDE_PAID
shopify_US_7230645239905_41884150038625,EXCLUDE_PAID
shopify_US_7230645239905_41884150071393,EXCLUDE_PAID
shopify_US_7230645239905_41884150104161,EXCLUDE_PAID
shopify_US_7230645239905_41884150136929,EXCLUDE_PAID
shopify_US_7230645239905_41884150202465,EXCLUDE_PAID
shopify_US_7230645239905_41884150235233,EXCLUDE_PAID
shopify_US_7230645239905_41884150268001,EXCLUDE_PAID
shopify_US_7230645239905_41884150300769,EXCLUDE_PAID
shopify_US_7230645239905_41884150366305,EXCLUDE_PAID
shopify_US_7230645239905_41884150399073,EXCLUDE_PAID
shopify_US_7230645239905_41884150431841,EXCLUDE_PAID
shopify_US_7230645239905_41884150530145,EXCLUDE_PAID
shopify_US_7230645239905_41884150562913,EXCLUDE_PAID
shopify_US_7230645239905_41884150595681,EXCLUDE_PAID
shopify_US_7230645239905_41884150628449,EXCLUDE_PAID
shopify_US_7230645239905_41884150661217,EXCLUDE_PAID
shopify_US_7230645239905_41884150693985,EXCLUDE_PAID
shopify_US_7230645239905_41884150726753,EXCLUDE_PAID
shopify_US_7230645239905_41884150759521,EXCLUDE_PAID
shopify_US_7230645239905_41884150792289,EXCLUDE_PAID
shopify_US_7230645239905_41884150825057,EXCLUDE_PAID
shopify_US_7230645239905_41884150857825,EXCLUDE_PAID
shopify_US_7230645239905_41884150890593,EXCLUDE_PAID
shopify_US_7230645239905_41884150923361,EXCLUDE_PAID
shopify_US_7230645239905_41884150956129,EXCLUDE_PAID
shopify_US_7230645239905_41884150988897,EXCLUDE_PAID
shopify_US_7241063825505_41929912189025,EXCLUDE_PAID
shopify_US_7241063825505_41929912221793,EXCLUDE_PAID
shopify_US_7241063825505_41929912254561,EXCLUDE_PAID
shopify_US_7241063825505_41929912287329,EXCLUDE_PAID
shopify_US_7241063825505_41929912320097,EXCLUDE_PAID
shopify_US_7241063825505_41929912352865,EXCLUDE_PAID
shopify_US_7241063825505_41929912385633,EXCLUDE_PAID
shopify_US_7241063825505_41929912418401,EXCLUDE_PAID
shopify_US_7241063825505_41929912451169,EXCLUDE_PAID
shopify_US_7241063825505_41929912483937,EXCLUDE_PAID
shopify_US_7241063825505_41929912516705,EXCLUDE_PAID
shopify_US_7241063825505_41929912549473,EXCLUDE_PAID
shopify_US_7241063825505_41929912582241,EXCLUDE_PAID
shopify_US_7241063825505_41929912615009,EXCLUDE_PAID
shopify_US_7241063825505_41929912647777,EXCLUDE_PAID
shopify_US_7241063825505_41929912680545,EXCLUDE_PAID
shopify_US_7241063825505_41929912713313,EXCLUDE_PAID
shopify_US_7241063825505_41929912746081,EXCLUDE_PAID
shopify_US_7241063825505_41929912778849,EXCLUDE_PAID
shopify_US_7241063825505_41929912811617,EXCLUDE_PAID
shopify_US_7241063825505_41929912844385,EXCLUDE_PAID
shopify_US_7241063825505_41929912877153,EXCLUDE_PAID
shopify_US_7241063825505_41929912909921,EXCLUDE_PAID
shopify_US_7241063825505_41929912942689,EXCLUDE_PAID
shopify_US_7241063825505_41929912975457,EXCLUDE_PAID
shopify_US_7241063825505_41929913008225,EXCLUDE_PAID
shopify_US_7241063825505_41929913040993,EXCLUDE_PAID
shopify_US_7241063825505_41929913073761,EXCLUDE_PAID
shopify_US_7241063825505_41929913106529,EXCLUDE_PAID
shopify_US_7241063825505_41929913139297,EXCLUDE_PAID
shopify_US_7241063825505_41929913172065,EXCLUDE_PAID
shopify_US_7241063825505_41929913204833,EXCLUDE_PAID
shopify_US_7241063825505_41929913237601,EXCLUDE_PAID
shopify_US_7241063825505_41929913270369,EXCLUDE_PAID
shopify_US_7241063825505_41929913303137,EXCLUDE_PAID
shopify_US_7241063825505_41929913335905,EXCLUDE_PAID
shopify_US_7241063825505_41929913368673,EXCLUDE_PAID
shopify_US_7241063825505_41929913401441,EXCLUDE_PAID
shopify_US_7241063825505_41929913434209,EXCLUDE_PAID
shopify_US_7241063825505_41929913466977,EXCLUDE_PAID
shopify_US_7241063825505_41929913499745,EXCLUDE_PAID
shopify_US_7241063825505_41929913532513,EXCLUDE_PAID
shopify_US_7241063825505_41929913565281,EXCLUDE_PAID
shopify_US_7241063825505_41929913598049,EXCLUDE_PAID
shopify_US_7241063825505_41929913630817,EXCLUDE_PAID
shopify_US_7241063825505_41929913663585,EXCLUDE_PAID
shopify_US_7241063825505_41929913696353,EXCLUDE_PAID
shopify_US_7241063825505_41929913729121,EXCLUDE_PAID
shopify_US_7241063825505_41929913761889,EXCLUDE_PAID
shopify_US_7241063825505_41929913794657,EXCLUDE_PAID
shopify_US_7241063825505_41929913827425,EXCLUDE_PAID
shopify_US_7241063825505_41929913860193,EXCLUDE_PAID
shopify_US_7241063825505_41929913892961,EXCLUDE_PAID
shopify_US_7241063825505_41929913925729,EXCLUDE_PAID
shopify_US_7241063825505_41929913958497,EXCLUDE_PAID
shopify_US_7241063825505_41929913991265,EXCLUDE_PAID
shopify_US_7241063825505_41929914024033,EXCLUDE_PAID
shopify_US_7241063825505_41929914056801,EXCLUDE_PAID
shopify_US_7241063825505_41929914089569,EXCLUDE_PAID
shopify_US_7241063825505_41929914122337,EXCLUDE_PAID
shopify_US_7241063825505_41929914155105,EXCLUDE_PAID
shopify_US_7241063825505_41929914187873,EXCLUDE_PAID
shopify_US_7241063825505_41929914220641,EXCLUDE_PAID
shopify_US_7241063825505_41929914253409,EXCLUDE_PAID
shopify_US_7241105670241_41930030350433,EXCLUDE_PAID
shopify_US_7241105670241_41930030383201,EXCLUDE_PAID
shopify_US_7241105670241_41930030481505,EXCLUDE_PAID
shopify_US_7241105670241_41930030514273,EXCLUDE_PAID
shopify_US_7241105670241_41930030612577,EXCLUDE_PAID
shopify_US_7241105670241_41930030645345,EXCLUDE_PAID
shopify_US_7241105670241_41930030743649,EXCLUDE_PAID
shopify_US_7241105670241_41930030776417,EXCLUDE_PAID
shopify_US_7241105670241_41930030874721,EXCLUDE_PAID
shopify_US_7241105670241_41930030907489,EXCLUDE_PAID
shopify_US_7241105670241_41930031005793,EXCLUDE_PAID
shopify_US_7241105670241_41930031038561,EXCLUDE_PAID
shopify_US_7241105670241_41930031136865,EXCLUDE_PAID
shopify_US_7241105670241_41930031169633,EXCLUDE_PAID
shopify_US_7241105670241_41930031267937,EXCLUDE_PAID
shopify_US_7241105670241_41930031300705,EXCLUDE_PAID
shopify_US_7241105670241_41930031399009,EXCLUDE_PAID
shopify_US_7241105670241_41930031431777,EXCLUDE_PAID
shopify_US_7241105670241_41930031530081,EXCLUDE_PAID
shopify_US_7241105670241_41930031562849,EXCLUDE_PAID
shopify_US_7241105670241_41930031661153,EXCLUDE_PAID
shopify_US_7241105670241_41930031693921,EXCLUDE_PAID
shopify_US_7241105670241_41930031792225,EXCLUDE_PAID
shopify_US_7241105670241_41930031824993,EXCLUDE_PAID
shopify_US_7241105670241_41930031923297,EXCLUDE_PAID
shopify_US_7241105670241_41930031956065,EXCLUDE_PAID
shopify_US_7241105670241_41930032054369,EXCLUDE_PAID
shopify_US_7241105670241_41930032087137,EXCLUDE_PAID
shopify_US_7241105670241_41930032185441,EXCLUDE_PAID
shopify_US_7241105670241_41930032218209,EXCLUDE_PAID
shopify_US_7241105670241_41930032349281,EXCLUDE_PAID
shopify_US_7241201942625_41930312122465,EXCLUDE_PAID
shopify_US_7241201942625_41930312188001,EXCLUDE_PAID
shopify_US_7241201942625_41930312253537,EXCLUDE_PAID
shopify_US_7241201942625_41930312319073,EXCLUDE_PAID
shopify_US_7241201942625_41930312384609,EXCLUDE_PAID
shopify_US_7241201942625_41930312450145,EXCLUDE_PAID
shopify_US_7241201942625_41930312515681,EXCLUDE_PAID
shopify_US_7241201942625_41930312581217,EXCLUDE_PAID
shopify_US_7241201942625_41930312646753,EXCLUDE_PAID
shopify_US_7241201942625_41930312712289,EXCLUDE_PAID
shopify_US_7241201942625_41930312777825,EXCLUDE_PAID
shopify_US_7241201942625_41930312843361,EXCLUDE_PAID
shopify_US_7241201942625_41930312908897,EXCLUDE_PAID
shopify_US_7241201942625_41930312974433,EXCLUDE_PAID
shopify_US_7241201942625_41930333028449,EXCLUDE_PAID
shopify_US_7241201942625_41930339024993,EXCLUDE_PAID
shopify_US_7241201942625_41930339057761,EXCLUDE_PAID
shopify_US_7241201942625_41930339090529,EXCLUDE_PAID
shopify_US_7241201942625_41930339123297,EXCLUDE_PAID
shopify_US_7497751986273_43677180592225,FIX_BEFORE_PAID
shopify_US_7497751986273_43677180624993,FIX_BEFORE_PAID
shopify_US_7497751986273_43677180657761,FIX_BEFORE_PAID
shopify_US_7497751986273_43677180690529,FIX_BEFORE_PAID
shopify_US_7497751986273_43677180723297,FIX_BEFORE_PAID
shopify_US_7497751986273_43677180756065,FIX_BEFORE_PAID
shopify_US_7497751986273_43677180788833,FIX_BEFORE_PAID
shopify_US_7497751986273_43677180821601,FIX_BEFORE_PAID
shopify_US_7502178222177_43729953751137,EXCLUDE_PAID
shopify_US_7502178222177_43729953980513,EXCLUDE_PAID
shopify_US_7502178222177_43729954209889,EXCLUDE_PAID
shopify_US_7502178222177_43729954439265,EXCLUDE_PAID
shopify_US_7502178222177_43729954668641,EXCLUDE_PAID
shopify_US_7502178222177_43729954898017,EXCLUDE_PAID
shopify_US_7502178222177_43729955127393,EXCLUDE_PAID
shopify_US_7502178222177_43729955356769,EXCLUDE_PAID
shopify_US_7502178222177_43729955586145,EXCLUDE_PAID
shopify_US_7502178222177_43729955815521,EXCLUDE_PAID
shopify_US_7502178222177_43729956044897,EXCLUDE_PAID
shopify_US_7502178222177_43729956274273,EXCLUDE_PAID
shopify_US_7502187888737_43729970036833,EXCLUDE_PAID
shopify_US_7502187888737_43729970069601,EXCLUDE_PAID
shopify_US_7502187888737_43729970102369,EXCLUDE_PAID
shopify_US_7502187888737_43729970135137,EXCLUDE_PAID
shopify_US_7502187888737_43729970167905,EXCLUDE_PAID
shopify_US_7502187888737_43729970200673,EXCLUDE_PAID
shopify_US_7502187888737_43729970233441,EXCLUDE_PAID
shopify_US_7502187888737_43729970266209,EXCLUDE_PAID
shopify_US_7502187888737_43729970298977,EXCLUDE_PAID
shopify_US_7502187888737_43729970331745,EXCLUDE_PAID
shopify_US_7502187888737_43729970364513,EXCLUDE_PAID
shopify_US_7502187888737_43729970397281,EXCLUDE_PAID
shopify_US_7502191788129_43729978851425,EXCLUDE_PAID
shopify_US_7502191788129_43729978884193,EXCLUDE_PAID
shopify_US_7502191788129_43729978916961,EXCLUDE_PAID
shopify_US_7502191788129_43729978949729,EXCLUDE_PAID
shopify_US_7502191788129_43729978982497,EXCLUDE_PAID
shopify_US_7502191788129_43729979015265,EXCLUDE_PAID
shopify_US_7502191788129_43729979048033,EXCLUDE_PAID
shopify_US_7502191788129_43729979080801,EXCLUDE_PAID
shopify_US_7502191788129_43729979113569,EXCLUDE_PAID
shopify_US_7502191788129_43729979146337,EXCLUDE_PAID
shopify_US_7502191788129_43729979179105,EXCLUDE_PAID
shopify_US_7502191788129_43729979211873,EXCLUDE_PAID
shopify_US_7502192214113_43729980653665,EXCLUDE_PAID
shopify_US_7502192214113_43729980686433,EXCLUDE_PAID
shopify_US_7502192214113_43729980719201,EXCLUDE_PAID
shopify_US_7502192214113_43729980751969,EXCLUDE_PAID
shopify_US_7502192214113_43729980784737,EXCLUDE_PAID
shopify_US_7502192214113_43729980817505,EXCLUDE_PAID
shopify_US_7502192214113_43729980850273,EXCLUDE_PAID
shopify_US_7502192214113_43729980883041,EXCLUDE_PAID
shopify_US_7502192214113_43729980915809,EXCLUDE_PAID
shopify_US_7502192214113_43729980948577,EXCLUDE_PAID
shopify_US_7502192214113_43729980981345,EXCLUDE_PAID
shopify_US_7502192214113_43729981014113,EXCLUDE_PAID
shopify_US_7502765097057_43731173343329,EXCLUDE_PAID
shopify_US_7502765097057_43731173376097,EXCLUDE_PAID
shopify_US_7502765097057_43731173408865,EXCLUDE_PAID
shopify_US_7502765097057_43731173441633,EXCLUDE_PAID
shopify_US_7502765097057_43731173474401,EXCLUDE_PAID
shopify_US_7502765097057_43731173507169,EXCLUDE_PAID
shopify_US_7502765097057_43731173539937,EXCLUDE_PAID
shopify_US_7502765097057_43731173572705,EXCLUDE_PAID
shopify_US_7502765097057_43731173605473,EXCLUDE_PAID
shopify_US_7502765097057_43731173638241,EXCLUDE_PAID
shopify_US_7502765097057_43731173671009,EXCLUDE_PAID
shopify_US_7502765097057_43731173703777,EXCLUDE_PAID
shopify_US_7502765719649_43731175768161,EXCLUDE_PAID
shopify_US_7502765719649_43731175800929,EXCLUDE_PAID
shopify_US_7502765719649_43731175833697,EXCLUDE_PAID
shopify_US_7502765719649_43731175866465,EXCLUDE_PAID
shopify_US_7502765719649_43731175899233,EXCLUDE_PAID
shopify_US_7502765719649_43731175932001,EXCLUDE_PAID
shopify_US_7502765719649_43731175964769,EXCLUDE_PAID
shopify_US_7502765719649_43731175997537,EXCLUDE_PAID
shopify_US_7502765719649_43731176030305,EXCLUDE_PAID
shopify_US_7502765719649_43731176063073,EXCLUDE_PAID
shopify_US_7502765719649_43731176095841,EXCLUDE_PAID
shopify_US_7502765719649_43731176128609,EXCLUDE_PAID
shopify_US_7502765949025_43731176587361,EXCLUDE_PAID
shopify_US_7502765949025_43731176620129,EXCLUDE_PAID
shopify_US_7502765949025_43731176652897,EXCLUDE_PAID
shopify_US_7502765949025_43731176685665,EXCLUDE_PAID
shopify_US_7502765949025_43731176718433,EXCLUDE_PAID
shopify_US_7502765949025_43731176751201,EXCLUDE_PAID
shopify_US_7502765949025_43731176783969,EXCLUDE_PAID
shopify_US_7502765949025_43731176816737,EXCLUDE_PAID
shopify_US_7502765949025_43731176849505,EXCLUDE_PAID
shopify_US_7502765949025_43731176882273,EXCLUDE_PAID
shopify_US_7502765949025_43731176915041,EXCLUDE_PAID
shopify_US_7502765949025_43731176947809,EXCLUDE_PAID
shopify_US_7502768210017_43731189039201,EXCLUDE_PAID
shopify_US_7502768210017_43731189071969,EXCLUDE_PAID
shopify_US_7502768210017_43731189104737,EXCLUDE_PAID
shopify_US_7502768210017_43731189137505,EXCLUDE_PAID
shopify_US_7502768210017_43731189170273,EXCLUDE_PAID
shopify_US_7502768210017_43731189203041,EXCLUDE_PAID
shopify_US_7502768210017_43731189235809,EXCLUDE_PAID
shopify_US_7502768210017_43731189268577,EXCLUDE_PAID
shopify_US_7502768210017_43731189301345,EXCLUDE_PAID
shopify_US_7502768210017_43731189334113,EXCLUDE_PAID
shopify_US_7502768210017_43731189366881,EXCLUDE_PAID
shopify_US_7502768210017_43731189399649,EXCLUDE_PAID
shopify_US_7502768439393_43731189792865,EXCLUDE_PAID
shopify_US_7502768439393_43731189825633,EXCLUDE_PAID
shopify_US_7502768439393_43731189858401,EXCLUDE_PAID
shopify_US_7502768439393_43731189891169,EXCLUDE_PAID
shopify_US_7502768439393_43731189923937,EXCLUDE_PAID
shopify_US_7502768439393_43731189956705,EXCLUDE_PAID
shopify_US_7502768439393_43731189989473,EXCLUDE_PAID
shopify_US_7502768439393_43731190022241,EXCLUDE_PAID
shopify_US_7502768439393_43731190055009,EXCLUDE_PAID
shopify_US_7502768439393_43731190087777,EXCLUDE_PAID
shopify_US_7502768439393_43731190120545,EXCLUDE_PAID
shopify_US_7502768439393_43731190153313,EXCLUDE_PAID
shopify_US_7502769193057_43731193790561,EXCLUDE_PAID
shopify_US_7502769193057_43731193823329,EXCLUDE_PAID
shopify_US_7502769193057_43731193856097,EXCLUDE_PAID
shopify_US_7502769193057_43731193888865,EXCLUDE_PAID
shopify_US_7502769193057_43731193921633,EXCLUDE_PAID
shopify_US_7502769193057_43731193954401,EXCLUDE_PAID
shopify_US_7502769193057_43731193987169,EXCLUDE_PAID
shopify_US_7502769193057_43731194019937,EXCLUDE_PAID
shopify_US_7502769193057_43731194052705,EXCLUDE_PAID
shopify_US_7502769193057_43731194085473,EXCLUDE_PAID
shopify_US_7502769193057_43731194118241,EXCLUDE_PAID
shopify_US_7502769193057_43731194151009,EXCLUDE_PAID
shopify_US_7502770045025_43731196969057,EXCLUDE_PAID
shopify_US_7502770045025_43731197001825,EXCLUDE_PAID
shopify_US_7502770045025_43731197034593,EXCLUDE_PAID
shopify_US_7502770045025_43731197067361,EXCLUDE_PAID
shopify_US_7502770045025_43731197100129,EXCLUDE_PAID
shopify_US_7502770045025_43731197132897,EXCLUDE_PAID
shopify_US_7502770045025_43731197165665,EXCLUDE_PAID
shopify_US_7502770045025_43731197198433,EXCLUDE_PAID
shopify_US_7502770045025_43731197231201,EXCLUDE_PAID
shopify_US_7502770045025_43731197263969,EXCLUDE_PAID
shopify_US_7502770045025_43731197296737,EXCLUDE_PAID
shopify_US_7502770045025_43731197329505,EXCLUDE_PAID
shopify_US_7502770602081_43731201523809,EXCLUDE_PAID
shopify_US_7502770602081_43731201556577,EXCLUDE_PAID
shopify_US_7502770602081_43731201589345,EXCLUDE_PAID
shopify_US_7502770602081_43731201622113,EXCLUDE_PAID
shopify_US_7502770602081_43731201654881,EXCLUDE_PAID
shopify_US_7502770602081_43731201687649,EXCLUDE_PAID
shopify_US_7502770602081_43731201720417,EXCLUDE_PAID
shopify_US_7502770602081_43731201753185,EXCLUDE_PAID
shopify_US_7502770602081_43731201785953,EXCLUDE_PAID
shopify_US_7502770602081_43731201818721,EXCLUDE_PAID
shopify_US_7502770602081_43731201851489,EXCLUDE_PAID
shopify_US_7502770602081_43731201884257,EXCLUDE_PAID
shopify_US_7502770896993_43731203194977,EXCLUDE_PAID
shopify_US_7502770896993_43731203227745,EXCLUDE_PAID
shopify_US_7502770896993_43731203260513,EXCLUDE_PAID
shopify_US_7502770896993_43731203293281,EXCLUDE_PAID
shopify_US_7502770896993_43731203326049,EXCLUDE_PAID
shopify_US_7502770896993_43731203358817,EXCLUDE_PAID
shopify_US_7502770896993_43731203391585,EXCLUDE_PAID
shopify_US_7502770896993_43731203424353,EXCLUDE_PAID
shopify_US_7502770896993_43731203457121,EXCLUDE_PAID
shopify_US_7502770896993_43731203489889,EXCLUDE_PAID
shopify_US_7502770896993_43731203522657,EXCLUDE_PAID
shopify_US_7502770896993_43731203555425,EXCLUDE_PAID
shopify_US_7502771519585_43731206996065,EXCLUDE_PAID
shopify_US_7502771519585_43731207028833,EXCLUDE_PAID
shopify_US_7502771519585_43731207061601,EXCLUDE_PAID
shopify_US_7502771519585_43731207094369,EXCLUDE_PAID
shopify_US_7502771519585_43731207127137,EXCLUDE_PAID
shopify_US_7502771519585_43731207159905,EXCLUDE_PAID
shopify_US_7502771519585_43731207192673,EXCLUDE_PAID
shopify_US_7502771519585_43731207225441,EXCLUDE_PAID
shopify_US_7502771519585_43731207258209,EXCLUDE_PAID
shopify_US_7502771519585_43731207290977,EXCLUDE_PAID
shopify_US_7502771519585_43731207323745,EXCLUDE_PAID
shopify_US_7502771519585_43731207356513,EXCLUDE_PAID
shopify_US_7502771781729_43731208700001,EXCLUDE_PAID
shopify_US_7502771781729_43731208732769,EXCLUDE_PAID
shopify_US_7502771781729_43731208765537,EXCLUDE_PAID
shopify_US_7502771781729_43731208798305,EXCLUDE_PAID
shopify_US_7502771781729_43731208831073,EXCLUDE_PAID
shopify_US_7502771781729_43731208863841,EXCLUDE_PAID
shopify_US_7502771781729_43731208896609,EXCLUDE_PAID
shopify_US_7502771781729_43731208929377,EXCLUDE_PAID
shopify_US_7502771781729_43731208962145,EXCLUDE_PAID
shopify_US_7502771781729_43731208994913,EXCLUDE_PAID
shopify_US_7502771781729_43731209027681,EXCLUDE_PAID
shopify_US_7502771781729_43731209060449,EXCLUDE_PAID
shopify_US_7502790656097_43731329187937,EXCLUDE_PAID
shopify_US_7502790656097_43731329220705,EXCLUDE_PAID
shopify_US_7502790656097_43731329253473,EXCLUDE_PAID
shopify_US_7502790656097_43731329286241,EXCLUDE_PAID
shopify_US_7502790656097_43731329319009,EXCLUDE_PAID
shopify_US_7502790656097_43731329351777,EXCLUDE_PAID
shopify_US_7502790656097_43731329384545,EXCLUDE_PAID
shopify_US_7502790656097_43731329417313,EXCLUDE_PAID
shopify_US_7502790656097_43731329450081,EXCLUDE_PAID
shopify_US_7502790656097_43731329482849,EXCLUDE_PAID
shopify_US_7502790656097_43731329515617,EXCLUDE_PAID
shopify_US_7502790656097_43731329548385,EXCLUDE_PAID
shopify_US_7502791082081_43731330695265,EXCLUDE_PAID
shopify_US_7502791082081_43731330728033,EXCLUDE_PAID
shopify_US_7502791082081_43731330760801,EXCLUDE_PAID
shopify_US_7502791082081_43731330793569,EXCLUDE_PAID
shopify_US_7502791082081_43731330826337,EXCLUDE_PAID
shopify_US_7502791082081_43731330859105,EXCLUDE_PAID
shopify_US_7502791082081_43731330891873,EXCLUDE_PAID
shopify_US_7502791082081_43731330924641,EXCLUDE_PAID
shopify_US_7502791082081_43731330957409,EXCLUDE_PAID
shopify_US_7502791082081_43731330990177,EXCLUDE_PAID
shopify_US_7502791082081_43731331022945,EXCLUDE_PAID
shopify_US_7502791082081_43731331055713,EXCLUDE_PAID
shopify_US_7502791671905_43731332890721,EXCLUDE_PAID
shopify_US_7502791671905_43731332923489,EXCLUDE_PAID
shopify_US_7502791671905_43731332956257,EXCLUDE_PAID
shopify_US_7502791671905_43731332989025,EXCLUDE_PAID
shopify_US_7502791671905_43731333021793,EXCLUDE_PAID
shopify_US_7502791671905_43731333054561,EXCLUDE_PAID
shopify_US_7502791671905_43731333087329,EXCLUDE_PAID
shopify_US_7502791671905_43731333120097,EXCLUDE_PAID
shopify_US_7502791671905_43731333152865,EXCLUDE_PAID
shopify_US_7502791671905_43731333185633,EXCLUDE_PAID
shopify_US_7502791671905_43731333218401,EXCLUDE_PAID
shopify_US_7502791671905_43731333251169,EXCLUDE_PAID
shopify_US_7502792622177_43731336953953,EXCLUDE_PAID
shopify_US_7502792622177_43731336986721,EXCLUDE_PAID
shopify_US_7502792622177_43731337019489,EXCLUDE_PAID
shopify_US_7502792622177_43731337052257,EXCLUDE_PAID
shopify_US_7502792622177_43731337085025,EXCLUDE_PAID
shopify_US_7502792622177_43731337117793,EXCLUDE_PAID
shopify_US_7502792622177_43731337150561,EXCLUDE_PAID
shopify_US_7502792622177_43731337183329,EXCLUDE_PAID
shopify_US_7502792622177_43731337216097,EXCLUDE_PAID
shopify_US_7502792622177_43731337248865,EXCLUDE_PAID
shopify_US_7502792622177_43731337281633,EXCLUDE_PAID
shopify_US_7502792622177_43731337314401,EXCLUDE_PAID
shopify_US_7502792949857_43731337969761,EXCLUDE_PAID
shopify_US_7502792949857_43731338002529,EXCLUDE_PAID
shopify_US_7502792949857_43731338035297,EXCLUDE_PAID
shopify_US_7502792949857_43731338068065,EXCLUDE_PAID
shopify_US_7502792949857_43731338100833,EXCLUDE_PAID
shopify_US_7502792949857_43731338133601,EXCLUDE_PAID
shopify_US_7502792949857_43731338166369,EXCLUDE_PAID
shopify_US_7502792949857_43731338199137,EXCLUDE_PAID
shopify_US_7502792949857_43731338231905,EXCLUDE_PAID
shopify_US_7502792949857_43731338264673,EXCLUDE_PAID
shopify_US_7502792949857_43731338297441,EXCLUDE_PAID
shopify_US_7502792949857_43731338330209,EXCLUDE_PAID
shopify_US_7502793179233_43731339346017,EXCLUDE_PAID
shopify_US_7502793179233_43731339378785,EXCLUDE_PAID
shopify_US_7502793179233_43731339411553,EXCLUDE_PAID
shopify_US_7502793179233_43731339444321,EXCLUDE_PAID
shopify_US_7502793179233_43731339477089,EXCLUDE_PAID
shopify_US_7502793179233_43731339509857,EXCLUDE_PAID
shopify_US_7502793179233_43731339542625,EXCLUDE_PAID
shopify_US_7502793179233_43731339575393,EXCLUDE_PAID
shopify_US_7502793179233_43731339608161,EXCLUDE_PAID
shopify_US_7502793179233_43731339640929,EXCLUDE_PAID
shopify_US_7502793179233_43731339673697,EXCLUDE_PAID
shopify_US_7502793179233_43731339706465,EXCLUDE_PAID
shopify_US_7502828601441_43731501416545,EXCLUDE_PAID
shopify_US_7502828601441_43731501449313,EXCLUDE_PAID
shopify_US_7502828601441_43731501482081,EXCLUDE_PAID
shopify_US_7502828601441_43731501514849,EXCLUDE_PAID
shopify_US_7502828601441_43731501547617,EXCLUDE_PAID
shopify_US_7502828601441_43731501580385,EXCLUDE_PAID
shopify_US_7502828601441_43731501613153,EXCLUDE_PAID
shopify_US_7502828601441_43731501645921,EXCLUDE_PAID
shopify_US_7502828601441_43731501678689,EXCLUDE_PAID
shopify_US_7502828601441_43731501711457,EXCLUDE_PAID
shopify_US_7502828601441_43731501744225,EXCLUDE_PAID
shopify_US_7502828601441_43731501776993,EXCLUDE_PAID
shopify_US_7502836007009_43731511607393,EXCLUDE_PAID
shopify_US_7502836007009_43731511640161,EXCLUDE_PAID
shopify_US_7502836007009_43731511672929,EXCLUDE_PAID
shopify_US_7502836007009_43731511705697,EXCLUDE_PAID
shopify_US_7502836007009_43731511738465,EXCLUDE_PAID
shopify_US_7502836007009_43731511771233,EXCLUDE_PAID
shopify_US_7502836007009_43731511804001,EXCLUDE_PAID
shopify_US_7502836007009_43731511836769,EXCLUDE_PAID
shopify_US_7502836007009_43731511869537,EXCLUDE_PAID
shopify_US_7502836007009_43731511902305,EXCLUDE_PAID
shopify_US_7502836007009_43731511935073,EXCLUDE_PAID
shopify_US_7502836007009_43731511967841,EXCLUDE_PAID
shopify_US_7505372282977_43740358377569,EXCLUDE_PAID
shopify_US_7505372282977_43740358410337,EXCLUDE_PAID
shopify_US_7505372282977_43740358443105,EXCLUDE_PAID
shopify_US_7505372282977_43740358475873,EXCLUDE_PAID
shopify_US_7505372282977_43740358508641,EXCLUDE_PAID
shopify_US_7505372282977_43740358541409,EXCLUDE_PAID
shopify_US_7505372282977_43740358574177,EXCLUDE_PAID
shopify_US_7505372282977_43740358606945,EXCLUDE_PAID
shopify_US_7505372282977_43740358639713,EXCLUDE_PAID
shopify_US_7505372282977_43740358672481,EXCLUDE_PAID
shopify_US_7505372282977_43740358705249,EXCLUDE_PAID
shopify_US_7505372282977_43740358738017,EXCLUDE_PAID
shopify_US_7505372282977_43740358770785,EXCLUDE_PAID
shopify_US_7505372282977_43740358803553,EXCLUDE_PAID
shopify_US_7505372282977_43740358836321,EXCLUDE_PAID
shopify_US_7505372282977_43740358869089,EXCLUDE_PAID
shopify_US_7505372282977_43740358901857,EXCLUDE_PAID
shopify_US_7505372282977_43740358934625,EXCLUDE_PAID
shopify_US_7505372282977_43740358967393,EXCLUDE_PAID
shopify_US_7505372282977_43740359000161,EXCLUDE_PAID
shopify_US_7505372282977_43740359032929,EXCLUDE_PAID
shopify_US_7505374838881_43740397731937,EXCLUDE_PAID
shopify_US_7505374838881_43740397764705,EXCLUDE_PAID
shopify_US_7505374838881_43740397797473,EXCLUDE_PAID
shopify_US_7505374838881_43740397830241,EXCLUDE_PAID
shopify_US_7505374838881_43740397863009,EXCLUDE_PAID
shopify_US_7505374838881_43740397895777,EXCLUDE_PAID
shopify_US_7505374838881_43740397928545,EXCLUDE_PAID
shopify_US_7505374838881_43740397961313,EXCLUDE_PAID
shopify_US_7505374838881_43740397994081,EXCLUDE_PAID
shopify_US_7505374838881_43740398026849,EXCLUDE_PAID
shopify_US_7505374838881_43740398059617,EXCLUDE_PAID
shopify_US_7505374838881_43740398092385,EXCLUDE_PAID
shopify_US_7505374838881_43740398125153,EXCLUDE_PAID
shopify_US_7505374838881_43740398157921,EXCLUDE_PAID
shopify_US_7505374838881_43740398190689,EXCLUDE_PAID
shopify_US_7505374838881_43740398223457,EXCLUDE_PAID
shopify_US_7505374838881_43740398256225,EXCLUDE_PAID
shopify_US_7505374838881_43740398288993,EXCLUDE_PAID
shopify_US_7505374838881_43740398321761,EXCLUDE_PAID
shopify_US_7505374838881_43740398354529,EXCLUDE_PAID
shopify_US_7505374838881_43740398387297,EXCLUDE_PAID
shopify_US_7505375232097_43740400746593,EXCLUDE_PAID
shopify_US_7505375232097_43740400779361,EXCLUDE_PAID
shopify_US_7505375232097_43740400812129,EXCLUDE_PAID
shopify_US_7505375232097_43740400844897,EXCLUDE_PAID
shopify_US_7505375232097_43740400877665,EXCLUDE_PAID
shopify_US_7505375232097_43740400910433,EXCLUDE_PAID
shopify_US_7505375232097_43740400943201,EXCLUDE_PAID
shopify_US_7505375232097_43740400975969,EXCLUDE_PAID
shopify_US_7505375232097_43740401008737,EXCLUDE_PAID
shopify_US_7505375232097_43740401041505,EXCLUDE_PAID
shopify_US_7505375232097_43740401074273,EXCLUDE_PAID
shopify_US_7505375232097_43740401107041,EXCLUDE_PAID
shopify_US_7505375232097_43740401139809,EXCLUDE_PAID
shopify_US_7505375232097_43740401172577,EXCLUDE_PAID
shopify_US_7505375232097_43740401205345,EXCLUDE_PAID
shopify_US_7505375232097_43740401238113,EXCLUDE_PAID
shopify_US_7505375232097_43740401270881,EXCLUDE_PAID
shopify_US_7505375232097_43740401303649,EXCLUDE_PAID
shopify_US_7505375232097_43740401336417,EXCLUDE_PAID
shopify_US_7505375232097_43740401369185,EXCLUDE_PAID
shopify_US_7505375232097_43740401401953,EXCLUDE_PAID
shopify_US_7510267494497_43765460664417,EXCLUDE_PAID
shopify_US_7510267494497_43765460697185,EXCLUDE_PAID
shopify_US_7510267494497_43765460729953,EXCLUDE_PAID
shopify_US_7510267494497_43765460762721,EXCLUDE_PAID
shopify_US_7510267494497_43765460795489,EXCLUDE_PAID
shopify_US_7510267494497_43765460828257,EXCLUDE_PAID
shopify_US_7510267494497_43765460861025,EXCLUDE_PAID
shopify_US_7510267494497_43765460893793,EXCLUDE_PAID
shopify_US_7510267494497_43765460926561,EXCLUDE_PAID
shopify_US_7510267494497_43765460959329,EXCLUDE_PAID
shopify_US_7510267494497_43765460992097,EXCLUDE_PAID
shopify_US_7510267494497_43765461024865,EXCLUDE_PAID
shopify_US_7510267494497_43765461057633,EXCLUDE_PAID
shopify_US_7510267494497_43765461090401,EXCLUDE_PAID
shopify_US_7510267494497_43765461123169,EXCLUDE_PAID
shopify_US_7510267494497_43765461155937,EXCLUDE_PAID
shopify_US_7510267494497_43765461188705,EXCLUDE_PAID
shopify_US_7510267494497_43765461221473,EXCLUDE_PAID
shopify_US_7510267494497_43765461254241,EXCLUDE_PAID
shopify_US_7510267494497_43765461287009,EXCLUDE_PAID
shopify_US_7510267494497_43765461319777,EXCLUDE_PAID
shopify_US_7510267494497_43765494120545,EXCLUDE_PAID
shopify_US_7510267494497_43765494153313,EXCLUDE_PAID
shopify_US_7510267494497_43765494186081,EXCLUDE_PAID
shopify_US_7510267494497_43765494218849,EXCLUDE_PAID
shopify_US_7510267494497_43765494251617,EXCLUDE_PAID
shopify_US_7510267494497_43765494284385,EXCLUDE_PAID
shopify_US_7510790733921_43768830984289,FIX_BEFORE_PAID
shopify_US_7510790733921_43768831148129,FIX_BEFORE_PAID
shopify_US_7510790733921_43768831311969,FIX_BEFORE_PAID
shopify_US_7510790733921_43768831475809,FIX_BEFORE_PAID
shopify_US_7510790733921_43768831639649,FIX_BEFORE_PAID
shopify_US_7510790733921_43768831803489,FIX_BEFORE_PAID
shopify_US_7510790733921_43768831967329,FIX_BEFORE_PAID
shopify_US_7510790733921_43768832131169,FIX_BEFORE_PAID
shopify_US_7510790733921_43768832295009,FIX_BEFORE_PAID
shopify_US_7510790996065_43768833867873,FIX_BEFORE_PAID
shopify_US_7510790996065_43768833998945,FIX_BEFORE_PAID
shopify_US_7510790996065_43768834130017,FIX_BEFORE_PAID
shopify_US_7510790996065_43768834261089,FIX_BEFORE_PAID
shopify_US_7510790996065_43768834392161,FIX_BEFORE_PAID
shopify_US_7510790996065_43768834523233,FIX_BEFORE_PAID
shopify_US_7510790996065_43768834654305,FIX_BEFORE_PAID
shopify_US_7510790996065_43768834785377,FIX_BEFORE_PAID
shopify_US_7510790996065_43768834916449,FIX_BEFORE_PAID
shopify_US_7510791159905_43768835375201,FIX_BEFORE_PAID
shopify_US_7510791159905_43768835473505,FIX_BEFORE_PAID
shopify_US_7510791159905_43768835571809,FIX_BEFORE_PAID
shopify_US_7510791159905_43768835670113,FIX_BEFORE_PAID
shopify_US_7510791159905_43768835768417,FIX_BEFORE_PAID
shopify_US_7510791159905_43768835866721,FIX_BEFORE_PAID
shopify_US_7510791159905_43768835965025,FIX_BEFORE_PAID
shopify_US_7510791159905_43768836063329,FIX_BEFORE_PAID
shopify_US_7510791159905_43768836161633,FIX_BEFORE_PAID
shopify_US_7510791258209_43768836358241,FIX_BEFORE_PAID
shopify_US_7510791258209_43768836423777,FIX_BEFORE_PAID
shopify_US_7510791258209_43768836489313,FIX_BEFORE_PAID
shopify_US_7510791258209_43768836554849,FIX_BEFORE_PAID
shopify_US_7510791258209_43768836620385,FIX_BEFORE_PAID
shopify_US_7510791258209_43768836685921,FIX_BEFORE_PAID
shopify_US_7510791258209_43768836751457,FIX_BEFORE_PAID
shopify_US_7510791258209_43768836816993,FIX_BEFORE_PAID
shopify_US_7510791258209_43768836882529,FIX_BEFORE_PAID
shopify_US_7516369715297_43821479493729,FIX_BEFORE_PAID
shopify_US_7516369715297_43821479526497,FIX_BEFORE_PAID
shopify_US_7516369715297_43821479559265,FIX_BEFORE_PAID
shopify_US_7516369715297_43821479592033,FIX_BEFORE_PAID
shopify_US_7516369715297_43821479624801,FIX_BEFORE_PAID
shopify_US_7516369715297_43821479657569,FIX_BEFORE_PAID
shopify_US_7516369715297_43821479690337,FIX_BEFORE_PAID
shopify_US_7516369715297_43821479723105,FIX_BEFORE_PAID
shopify_US_7516369715297_43821479854177,FIX_BEFORE_PAID
shopify_US_7516369715297_43821479886945,FIX_BEFORE_PAID
shopify_US_7516369715297_43821479919713,FIX_BEFORE_PAID
shopify_US_7516369715297_43821479952481,FIX_BEFORE_PAID
shopify_US_7516369715297_43821479985249,FIX_BEFORE_PAID
shopify_US_7516369715297_43821480018017,FIX_BEFORE_PAID
shopify_US_7516479848545_43831323000929,FIX_BEFORE_PAID
shopify_US_7516479848545_43831323033697,FIX_BEFORE_PAID
shopify_US_7516479848545_43831323066465,FIX_BEFORE_PAID
shopify_US_7516479848545_43831323099233,FIX_BEFORE_PAID
shopify_US_7516479848545_43831323132001,FIX_BEFORE_PAID
shopify_US_7516479848545_43831323164769,FIX_BEFORE_PAID
shopify_US_7516479848545_43831323197537,FIX_BEFORE_PAID
shopify_US_7516479848545_43831323230305,FIX_BEFORE_PAID
shopify_US_7516479848545_43831323263073,FIX_BEFORE_PAID
shopify_US_7533081133153_44044345802849,EXCLUDE_PAID
shopify_US_7533081133153_44044345835617,EXCLUDE_PAID
shopify_US_7533081133153_44044345868385,EXCLUDE_PAID
shopify_US_7533081133153_44044345901153,EXCLUDE_PAID
shopify_US_7533081133153_44044345933921,EXCLUDE_PAID
shopify_US_7533081133153_44044345966689,EXCLUDE_PAID
shopify_US_7533081133153_44044345999457,EXCLUDE_PAID
shopify_US_7533081133153_44044346032225,EXCLUDE_PAID
shopify_US_7533081133153_44044346064993,EXCLUDE_PAID
shopify_US_7533081133153_44044346097761,EXCLUDE_PAID
shopify_US_7533081133153_44044346130529,EXCLUDE_PAID
shopify_US_7533348618337_44046481621089,EXCLUDE_PAID
shopify_US_7533348618337_44046481653857,EXCLUDE_PAID
shopify_US_7533348618337_44046481686625,EXCLUDE_PAID
shopify_US_7533348618337_44046481719393,EXCLUDE_PAID
shopify_US_7533348618337_44046481752161,EXCLUDE_PAID
shopify_US_7533348618337_44046481784929,EXCLUDE_PAID
shopify_US_7533348618337_44046481817697,EXCLUDE_PAID
shopify_US_7533348618337_44046481850465,EXCLUDE_PAID
shopify_US_7533348618337_44046481883233,EXCLUDE_PAID
shopify_US_7533348618337_44046481916001,EXCLUDE_PAID
shopify_US_7533348618337_44046481948769,EXCLUDE_PAID
shopify_US_7533351272545_44046494171233,EXCLUDE_PAID
shopify_US_7533351272545_44046494204001,EXCLUDE_PAID
shopify_US_7533351272545_44046494236769,EXCLUDE_PAID
shopify_US_7533351272545_44046494269537,EXCLUDE_PAID
shopify_US_7533351272545_44046494302305,EXCLUDE_PAID
shopify_US_7533351272545_44046494335073,EXCLUDE_PAID
shopify_US_7533351272545_44046494367841,EXCLUDE_PAID
shopify_US_7533351272545_44046494400609,EXCLUDE_PAID
shopify_US_7533351272545_44046494433377,EXCLUDE_PAID
shopify_US_7533351272545_44046494466145,EXCLUDE_PAID
shopify_US_7533351272545_44046494498913,EXCLUDE_PAID
shopify_US_7533354975329_44046506492001,EXCLUDE_PAID
shopify_US_7533354975329_44046506524769,EXCLUDE_PAID
shopify_US_7533354975329_44046506557537,EXCLUDE_PAID
shopify_US_7533354975329_44046506590305,EXCLUDE_PAID
shopify_US_7533354975329_44046506623073,EXCLUDE_PAID
shopify_US_7533354975329_44046506655841,EXCLUDE_PAID
shopify_US_7533354975329_44046506688609,EXCLUDE_PAID
shopify_US_7533354975329_44046506721377,EXCLUDE_PAID
shopify_US_7533354975329_44046506754145,EXCLUDE_PAID
shopify_US_7533354975329_44046506786913,EXCLUDE_PAID
shopify_US_7533354975329_44046506819681,EXCLUDE_PAID
shopify_US_7533367296097_44046581891169,EXCLUDE_PAID
shopify_US_7533367296097_44046581923937,EXCLUDE_PAID
shopify_US_7533367296097_44046581956705,EXCLUDE_PAID
shopify_US_7533367296097_44046581989473,EXCLUDE_PAID
shopify_US_7533379059809_44046661386337,EXCLUDE_PAID
shopify_US_7533379059809_44046661419105,EXCLUDE_PAID
shopify_US_7533379059809_44046661451873,EXCLUDE_PAID
shopify_US_7533379059809_44046661484641,EXCLUDE_PAID
shopify_US_7533390856289_44046735704161,EXCLUDE_PAID
shopify_US_7533390856289_44046735736929,EXCLUDE_PAID
shopify_US_7533390856289_44046735769697,EXCLUDE_PAID
shopify_US_7533390856289_44046735802465,EXCLUDE_PAID
shopify_US_7533397835873_44046762672225,EXCLUDE_PAID
shopify_US_7533397835873_44046762704993,EXCLUDE_PAID
shopify_US_7533397835873_44046762737761,EXCLUDE_PAID
shopify_US_7533397835873_44046762770529,EXCLUDE_PAID
shopify_US_7533397835873_44046762803297,EXCLUDE_PAID
shopify_US_7533397835873_44046762836065,EXCLUDE_PAID
shopify_US_7533397835873_44046762868833,EXCLUDE_PAID
shopify_US_7533397835873_44046762901601,EXCLUDE_PAID
shopify_US_7533397835873_44046762934369,EXCLUDE_PAID
shopify_US_7533397835873_44046762967137,EXCLUDE_PAID
shopify_US_7533397835873_44046762999905,EXCLUDE_PAID
shopify_US_7533403799649_44046785347681,EXCLUDE_PAID
shopify_US_7533403799649_44046785380449,EXCLUDE_PAID
shopify_US_7533403799649_44046785413217,EXCLUDE_PAID
shopify_US_7533403799649_44046785445985,EXCLUDE_PAID
shopify_US_7533403799649_44046785478753,EXCLUDE_PAID
shopify_US_7533403799649_44046785511521,EXCLUDE_PAID
shopify_US_7533403799649_44046785544289,EXCLUDE_PAID
shopify_US_7533403799649_44046785577057,EXCLUDE_PAID
shopify_US_7533403799649_44046785609825,EXCLUDE_PAID
shopify_US_7533403799649_44046785642593,EXCLUDE_PAID
shopify_US_7533403799649_44046785675361,EXCLUDE_PAID
shopify_US_7533404192865_44046787543137,EXCLUDE_PAID
shopify_US_7533404192865_44046787575905,EXCLUDE_PAID
shopify_US_7533404192865_44046787608673,EXCLUDE_PAID
shopify_US_7533404192865_44046787641441,EXCLUDE_PAID
shopify_US_7533404192865_44046787674209,EXCLUDE_PAID
shopify_US_7533404192865_44046787706977,EXCLUDE_PAID
shopify_US_7533404192865_44046787739745,EXCLUDE_PAID
shopify_US_7533404192865_44046787772513,EXCLUDE_PAID
shopify_US_7533404192865_44046787805281,EXCLUDE_PAID
shopify_US_7533404192865_44046787838049,EXCLUDE_PAID
shopify_US_7533404192865_44046787870817,EXCLUDE_PAID
shopify_US_7533404291169_44046788132961,EXCLUDE_PAID
shopify_US_7533404291169_44046788165729,EXCLUDE_PAID
shopify_US_7533404291169_44046788198497,EXCLUDE_PAID
shopify_US_7533404291169_44046788231265,EXCLUDE_PAID
shopify_US_7533404291169_44046788264033,EXCLUDE_PAID
shopify_US_7533404291169_44046788296801,EXCLUDE_PAID
shopify_US_7533404291169_44046788329569,EXCLUDE_PAID
shopify_US_7533404291169_44046788362337,EXCLUDE_PAID
shopify_US_7533404291169_44046788395105,EXCLUDE_PAID
shopify_US_7533404291169_44046788427873,EXCLUDE_PAID
shopify_US_7533404291169_44046788460641,EXCLUDE_PAID
shopify_US_7533429358689_44046853210209,EXCLUDE_PAID
shopify_US_7533429358689_44046853242977,EXCLUDE_PAID
shopify_US_7533429358689_44046853275745,EXCLUDE_PAID
shopify_US_7533429358689_44046853308513,EXCLUDE_PAID
shopify_US_7533429358689_44046853341281,EXCLUDE_PAID
shopify_US_7533429358689_44046853374049,EXCLUDE_PAID
shopify_US_7533429358689_44046853406817,EXCLUDE_PAID
shopify_US_7533429358689_44046853439585,EXCLUDE_PAID
shopify_US_7533429358689_44046853472353,EXCLUDE_PAID
shopify_US_7533429358689_44046853505121,EXCLUDE_PAID
shopify_US_7533429358689_44046853537889,EXCLUDE_PAID
shopify_US_7533430440033_44046903115873,EXCLUDE_PAID
shopify_US_7533430440033_44046903148641,EXCLUDE_PAID
shopify_US_7533430440033_44046903181409,EXCLUDE_PAID
shopify_US_7533430440033_44046903214177,EXCLUDE_PAID
shopify_US_7533430440033_44046903246945,EXCLUDE_PAID
shopify_US_7533430440033_44046903279713,EXCLUDE_PAID
shopify_US_7533430440033_44046903312481,EXCLUDE_PAID
shopify_US_7533430440033_44046903345249,EXCLUDE_PAID
shopify_US_7533430440033_44046903378017,EXCLUDE_PAID
shopify_US_7533430440033_44046903410785,EXCLUDE_PAID
shopify_US_7533430440033_44046903443553,EXCLUDE_PAID
shopify_US_7533453934689_44047092383841,EXCLUDE_PAID
shopify_US_7533453934689_44047092416609,EXCLUDE_PAID
shopify_US_7533453934689_44047092449377,EXCLUDE_PAID
shopify_US_7533453934689_44047092482145,EXCLUDE_PAID
shopify_US_7533453934689_44047092514913,EXCLUDE_PAID
shopify_US_7533453934689_44047092547681,EXCLUDE_PAID
shopify_US_7533453934689_44047092580449,EXCLUDE_PAID
shopify_US_7533453934689_44047092613217,EXCLUDE_PAID
shopify_US_7533453934689_44047092645985,EXCLUDE_PAID
shopify_US_7533453934689_44047092678753,EXCLUDE_PAID
shopify_US_7533453934689_44047092711521,EXCLUDE_PAID
shopify_US_7533454098529_44047093137505,EXCLUDE_PAID
shopify_US_7533454098529_44047093170273,EXCLUDE_PAID
shopify_US_7533454098529_44047093203041,EXCLUDE_PAID
shopify_US_7533454098529_44047093235809,EXCLUDE_PAID
shopify_US_7533454098529_44047093268577,EXCLUDE_PAID
shopify_US_7533454098529_44047093301345,EXCLUDE_PAID
shopify_US_7533454098529_44047093334113,EXCLUDE_PAID
shopify_US_7533454098529_44047093366881,EXCLUDE_PAID
shopify_US_7533454098529_44047093399649,EXCLUDE_PAID
shopify_US_7533454098529_44047093432417,EXCLUDE_PAID
shopify_US_7533454098529_44047093465185,EXCLUDE_PAID
shopify_US_7533454393441_44047096119393,EXCLUDE_PAID
shopify_US_7533454393441_44047096152161,EXCLUDE_PAID
shopify_US_7533454393441_44047096184929,EXCLUDE_PAID
shopify_US_7533454393441_44047096217697,EXCLUDE_PAID
shopify_US_7533454393441_44047096250465,EXCLUDE_PAID
shopify_US_7533454393441_44047096283233,EXCLUDE_PAID
shopify_US_7533454393441_44047096316001,EXCLUDE_PAID
shopify_US_7533454393441_44047096348769,EXCLUDE_PAID
shopify_US_7533454393441_44047096381537,EXCLUDE_PAID
shopify_US_7533454393441_44047096414305,EXCLUDE_PAID
shopify_US_7533454393441_44047096447073,EXCLUDE_PAID
shopify_US_7533454426209_44047096545377,EXCLUDE_PAID
shopify_US_7533454426209_44047096578145,EXCLUDE_PAID
shopify_US_7533454426209_44047096610913,EXCLUDE_PAID
shopify_US_7533454426209_44047096643681,EXCLUDE_PAID
shopify_US_7533454426209_44047096676449,EXCLUDE_PAID
shopify_US_7533454426209_44047096709217,EXCLUDE_PAID
shopify_US_7533454426209_44047096741985,EXCLUDE_PAID
shopify_US_7533454426209_44047096774753,EXCLUDE_PAID
shopify_US_7533454426209_44047096807521,EXCLUDE_PAID
shopify_US_7533454426209_44047096840289,EXCLUDE_PAID
shopify_US_7533454426209_44047096873057,EXCLUDE_PAID
shopify_US_7533454655585_44047097790561,EXCLUDE_PAID
shopify_US_7533454655585_44047097823329,EXCLUDE_PAID
shopify_US_7533454655585_44047097856097,EXCLUDE_PAID
shopify_US_7533454655585_44047097888865,EXCLUDE_PAID
shopify_US_7533454655585_44047097921633,EXCLUDE_PAID
shopify_US_7533454655585_44047097954401,EXCLUDE_PAID
shopify_US_7533454655585_44047097987169,EXCLUDE_PAID
shopify_US_7533454655585_44047098019937,EXCLUDE_PAID
shopify_US_7533454655585_44047098052705,EXCLUDE_PAID
shopify_US_7533454655585_44047098085473,EXCLUDE_PAID
shopify_US_7533454655585_44047098118241,EXCLUDE_PAID
shopify_US_7533458194529_44047108997217,EXCLUDE_PAID
shopify_US_7533458194529_44047109029985,EXCLUDE_PAID
shopify_US_7533458194529_44047109062753,EXCLUDE_PAID
shopify_US_7533458194529_44047109095521,EXCLUDE_PAID
shopify_US_7533458194529_44047109128289,EXCLUDE_PAID
shopify_US_7533458194529_44047109161057,EXCLUDE_PAID
shopify_US_7533458194529_44047109193825,EXCLUDE_PAID
shopify_US_7533458194529_44047109226593,EXCLUDE_PAID
shopify_US_7533458194529_44047109259361,EXCLUDE_PAID
shopify_US_7533458194529_44047109292129,EXCLUDE_PAID
shopify_US_7533458194529_44047109324897,EXCLUDE_PAID
shopify_US_7534719860833_44054269722721,EXCLUDE_PAID
shopify_US_7534719860833_44054269755489,EXCLUDE_PAID
shopify_US_7534719860833_44054269788257,EXCLUDE_PAID
shopify_US_7534719860833_44054269821025,EXCLUDE_PAID
shopify_US_7534719860833_44054269853793,EXCLUDE_PAID
shopify_US_7534719860833_44054269886561,EXCLUDE_PAID
shopify_US_7534719860833_44054269919329,EXCLUDE_PAID
shopify_US_7534719860833_44054269952097,EXCLUDE_PAID
shopify_US_7534719860833_44054269984865,EXCLUDE_PAID
shopify_US_7534719860833_44054270017633,EXCLUDE_PAID
shopify_US_7534719860833_44054270050401,EXCLUDE_PAID
shopify_US_7534826520673_44054585999457,EXCLUDE_PAID
shopify_US_7534826520673_44054586032225,EXCLUDE_PAID
shopify_US_7534826520673_44054586064993,EXCLUDE_PAID
shopify_US_7534826520673_44054586097761,EXCLUDE_PAID
shopify_US_7534826520673_44054586130529,EXCLUDE_PAID
shopify_US_7534826520673_44054586228833,EXCLUDE_PAID
shopify_US_7534826520673_44054586261601,EXCLUDE_PAID
shopify_US_7534826520673_44054586294369,EXCLUDE_PAID
shopify_US_7534826520673_44054586327137,EXCLUDE_PAID
shopify_US_7535210594401_44056191762529,EXCLUDE_PAID
shopify_US_7535210594401_44056191795297,EXCLUDE_PAID
shopify_US_7535210594401_44056191828065,EXCLUDE_PAID
shopify_US_7535210594401_44056191860833,EXCLUDE_PAID
shopify_US_7535210594401_44056191893601,EXCLUDE_PAID
shopify_US_7535210594401_44056191926369,EXCLUDE_PAID
shopify_US_7535210594401_44056191959137,EXCLUDE_PAID
shopify_US_7535210594401_44056191991905,EXCLUDE_PAID
shopify_US_7535210594401_44056192024673,EXCLUDE_PAID
shopify_US_7535210594401_44056192057441,EXCLUDE_PAID
shopify_US_7535210594401_44056192090209,EXCLUDE_PAID
shopify_US_7535210594401_44056192122977,EXCLUDE_PAID
shopify_US_7535210594401_44056192155745,EXCLUDE_PAID
shopify_US_7535210594401_44056192188513,EXCLUDE_PAID
shopify_US_7535210594401_44056192221281,EXCLUDE_PAID
shopify_US_7535210594401_44056192254049,EXCLUDE_PAID
shopify_US_7535210594401_44056192286817,EXCLUDE_PAID
shopify_US_7535210594401_44056192319585,EXCLUDE_PAID
shopify_US_7535210594401_44056192352353,EXCLUDE_PAID
shopify_US_7535210594401_44056192385121,EXCLUDE_PAID
shopify_US_7535210594401_44056192417889,EXCLUDE_PAID
shopify_US_7535210594401_44056192450657,EXCLUDE_PAID
shopify_US_7535210594401_44056192483425,EXCLUDE_PAID
shopify_US_7535210594401_44056282071137,EXCLUDE_PAID
shopify_US_7535227666529_44056519868513,EXCLUDE_PAID
shopify_US_7535227666529_44056519901281,EXCLUDE_PAID
shopify_US_7535227666529_44056519934049,EXCLUDE_PAID
shopify_US_7535227666529_44056519966817,EXCLUDE_PAID
shopify_US_7535227666529_44056519999585,EXCLUDE_PAID
shopify_US_7535227666529_44056520032353,EXCLUDE_PAID
shopify_US_7535227666529_44056520065121,EXCLUDE_PAID
shopify_US_7535227666529_44056520097889,EXCLUDE_PAID
shopify_US_7535227666529_44056520130657,EXCLUDE_PAID
shopify_US_7535227666529_44056520163425,EXCLUDE_PAID
shopify_US_7535227666529_44056520196193,EXCLUDE_PAID
shopify_US_7535227666529_44056520228961,EXCLUDE_PAID
shopify_US_7535227666529_44056520261729,EXCLUDE_PAID
shopify_US_7535227666529_44056520294497,EXCLUDE_PAID
shopify_US_7535227666529_44056520327265,EXCLUDE_PAID
shopify_US_7535227666529_44056520360033,EXCLUDE_PAID
shopify_US_7535227666529_44056520392801,EXCLUDE_PAID
shopify_US_7535227666529_44056520425569,EXCLUDE_PAID
shopify_US_7535227666529_44056520458337,EXCLUDE_PAID
shopify_US_7535227666529_44056520491105,EXCLUDE_PAID
shopify_US_7535227666529_44056520523873,EXCLUDE_PAID
shopify_US_7535227666529_44056520556641,EXCLUDE_PAID
shopify_US_7535227666529_44056520589409,EXCLUDE_PAID
shopify_US_7535227666529_44056520622177,EXCLUDE_PAID
shopify_US_7535312896097_44057203376225,EXCLUDE_PAID
shopify_US_7535312896097_44057203408993,EXCLUDE_PAID
shopify_US_7535312896097_44057203441761,EXCLUDE_PAID
shopify_US_7535312896097_44057203474529,EXCLUDE_PAID
shopify_US_7535312896097_44057203507297,EXCLUDE_PAID
shopify_US_7535312896097_44057203540065,EXCLUDE_PAID
shopify_US_7535312896097_44057203572833,EXCLUDE_PAID
shopify_US_7535312896097_44057203605601,EXCLUDE_PAID
shopify_US_7535312896097_44057203638369,EXCLUDE_PAID
shopify_US_7535312896097_44057203671137,EXCLUDE_PAID
shopify_US_7535312896097_44057203703905,EXCLUDE_PAID
shopify_US_7535312896097_44057203736673,EXCLUDE_PAID
shopify_US_7535312896097_44057203769441,EXCLUDE_PAID
shopify_US_7535312896097_44057203802209,EXCLUDE_PAID
shopify_US_7535312896097_44057203834977,EXCLUDE_PAID
shopify_US_7535312896097_44057203867745,EXCLUDE_PAID
shopify_US_7535312896097_44057203900513,EXCLUDE_PAID
shopify_US_7535312896097_44057203933281,EXCLUDE_PAID
shopify_US_7535312896097_44057203966049,EXCLUDE_PAID
shopify_US_7535312896097_44057203998817,EXCLUDE_PAID
shopify_US_7535312896097_44057204031585,EXCLUDE_PAID
shopify_US_7535312896097_44057204064353,EXCLUDE_PAID
shopify_US_7535320465505_44057221267553,EXCLUDE_PAID
shopify_US_7535320465505_44057221300321,EXCLUDE_PAID
shopify_US_7535320465505_44057221333089,EXCLUDE_PAID
shopify_US_7535320465505_44057221365857,EXCLUDE_PAID
shopify_US_7535320465505_44057221398625,EXCLUDE_PAID
shopify_US_7535320465505_44057221431393,EXCLUDE_PAID
shopify_US_7535320465505_44057221464161,EXCLUDE_PAID
shopify_US_7535320465505_44057221496929,EXCLUDE_PAID
shopify_US_7535362015329_44057274679393,EXCLUDE_PAID
shopify_US_7535362015329_44057274712161,EXCLUDE_PAID
shopify_US_7535362015329_44057274744929,EXCLUDE_PAID
shopify_US_7535362015329_44057274777697,EXCLUDE_PAID
shopify_US_7535362015329_44057274810465,EXCLUDE_PAID
shopify_US_7535362015329_44057274843233,EXCLUDE_PAID
shopify_US_7535362015329_44057274876001,EXCLUDE_PAID
shopify_US_7535362015329_44057274908769,EXCLUDE_PAID
shopify_US_7535362015329_44057274941537,EXCLUDE_PAID
shopify_US_7535362015329_44057274974305,EXCLUDE_PAID
shopify_US_7535908946017_44076549865569,EXCLUDE_PAID
shopify_US_7535908946017_44076549898337,EXCLUDE_PAID
shopify_US_7535908946017_44076549931105,EXCLUDE_PAID
shopify_US_7535908946017_44076549963873,EXCLUDE_PAID
shopify_US_7535908946017_44076549996641,EXCLUDE_PAID
shopify_US_7535908946017_44076550029409,EXCLUDE_PAID
shopify_US_7535908946017_44076550062177,EXCLUDE_PAID
shopify_US_7535908946017_44076550094945,EXCLUDE_PAID
shopify_US_7535944368225_44076870664289,EXCLUDE_PAID
shopify_US_7535944368225_44076870697057,EXCLUDE_PAID
shopify_US_7535944368225_44076870729825,EXCLUDE_PAID
shopify_US_7535944368225_44076870762593,EXCLUDE_PAID
shopify_US_7535944368225_44076870795361,EXCLUDE_PAID
shopify_US_7535944368225_44076870828129,EXCLUDE_PAID
shopify_US_7535944368225_44076870860897,EXCLUDE_PAID
shopify_US_7535944368225_44076870893665,EXCLUDE_PAID
shopify_US_7536086089825_44077713752161,EXCLUDE_PAID
shopify_US_7536086089825_44077713784929,EXCLUDE_PAID
shopify_US_7536086089825_44077713817697,EXCLUDE_PAID
shopify_US_7536086089825_44077713850465,EXCLUDE_PAID
shopify_US_7536086089825_44077713883233,EXCLUDE_PAID
shopify_US_7536086089825_44077713916001,EXCLUDE_PAID
shopify_US_7536086089825_44077713948769,EXCLUDE_PAID
shopify_US_7536086089825_44077713981537,EXCLUDE_PAID
shopify_US_7536086089825_44077714014305,EXCLUDE_PAID
shopify_US_7536240984161_44080415244385,EXCLUDE_PAID
shopify_US_7536240984161_44080415277153,EXCLUDE_PAID
shopify_US_7536240984161_44080415309921,EXCLUDE_PAID
shopify_US_7536240984161_44080415342689,EXCLUDE_PAID
shopify_US_7536240984161_44080415375457,EXCLUDE_PAID
shopify_US_7536240984161_44080415408225,EXCLUDE_PAID
shopify_US_7536240984161_44080415440993,EXCLUDE_PAID
shopify_US_7536240984161_44080415473761,EXCLUDE_PAID
shopify_US_7536240984161_44080415506529,EXCLUDE_PAID
shopify_US_7536240984161_44080415539297,EXCLUDE_PAID
shopify_US_7536240984161_44080415572065,EXCLUDE_PAID
shopify_US_7536240984161_44080415604833,EXCLUDE_PAID
shopify_US_7536240984161_44080415637601,EXCLUDE_PAID
shopify_US_7536240984161_44080415670369,EXCLUDE_PAID
shopify_US_7536240984161_44080415703137,EXCLUDE_PAID
shopify_US_7536240984161_44080415735905,EXCLUDE_PAID
shopify_US_7536240984161_44080415768673,EXCLUDE_PAID
shopify_US_7536240984161_44080415801441,EXCLUDE_PAID
shopify_US_7536240984161_44080415834209,EXCLUDE_PAID
shopify_US_7536240984161_44080415866977,EXCLUDE_PAID
shopify_US_7536240984161_44080415899745,EXCLUDE_PAID
shopify_US_7536240984161_44080415932513,EXCLUDE_PAID
shopify_US_7536240984161_44080415965281,EXCLUDE_PAID
shopify_US_7536240984161_44080415998049,EXCLUDE_PAID
shopify_US_7536240984161_44080416030817,EXCLUDE_PAID
shopify_US_7536240984161_44080416063585,EXCLUDE_PAID
shopify_US_7536309141601_44080519741537,EXCLUDE_PAID
shopify_US_7536309141601_44080519774305,EXCLUDE_PAID
shopify_US_7536309141601_44080519807073,EXCLUDE_PAID
shopify_US_7536309141601_44080519839841,EXCLUDE_PAID
shopify_US_7536309141601_44080519872609,EXCLUDE_PAID
shopify_US_7536309141601_44080519905377,EXCLUDE_PAID
shopify_US_7536309141601_44080519938145,EXCLUDE_PAID
shopify_US_7536309141601_44080519970913,EXCLUDE_PAID
shopify_US_7536309141601_44080520003681,EXCLUDE_PAID
shopify_US_7536309141601_44080520036449,EXCLUDE_PAID
shopify_US_7536309141601_44080520069217,EXCLUDE_PAID
shopify_US_7536334274657_44080552575073,EXCLUDE_PAID
shopify_US_7536334274657_44080552607841,EXCLUDE_PAID
shopify_US_7536334274657_44080552640609,EXCLUDE_PAID
shopify_US_7536334274657_44080552673377,EXCLUDE_PAID
shopify_US_7536334274657_44080552706145,EXCLUDE_PAID
shopify_US_7536334274657_44080552738913,EXCLUDE_PAID
shopify_US_7536334274657_44080552771681,EXCLUDE_PAID
shopify_US_7536334274657_44080552804449,EXCLUDE_PAID
shopify_US_7536334274657_44080552837217,EXCLUDE_PAID
shopify_US_7536334274657_44080552869985,EXCLUDE_PAID
shopify_US_7536334274657_44080552902753,EXCLUDE_PAID
shopify_US_7536334274657_44080552935521,EXCLUDE_PAID
shopify_US_7536334274657_44080552968289,EXCLUDE_PAID
shopify_US_7536334274657_44080553001057,EXCLUDE_PAID
shopify_US_7536334274657_44080553033825,EXCLUDE_PAID
shopify_US_7536334274657_44080553066593,EXCLUDE_PAID
shopify_US_7536334274657_44080553099361,EXCLUDE_PAID
shopify_US_7536334274657_44080553132129,EXCLUDE_PAID
shopify_US_7536334274657_44080553164897,EXCLUDE_PAID
shopify_US_7536334274657_44080553197665,EXCLUDE_PAID
shopify_US_7536334274657_44080553230433,EXCLUDE_PAID
shopify_US_7536334274657_44080553263201,EXCLUDE_PAID
shopify_US_7536334274657_44080553295969,EXCLUDE_PAID
shopify_US_7536334274657_44080553328737,EXCLUDE_PAID
shopify_US_7536334274657_44080553361505,EXCLUDE_PAID
shopify_US_7536337125473_44080556343393,EXCLUDE_PAID
shopify_US_7536337125473_44080556376161,EXCLUDE_PAID
shopify_US_7536337125473_44080556408929,EXCLUDE_PAID
shopify_US_7536337125473_44080556441697,EXCLUDE_PAID
shopify_US_7536337125473_44080556474465,EXCLUDE_PAID
shopify_US_7536337125473_44080556507233,EXCLUDE_PAID
shopify_US_7536337125473_44080556540001,EXCLUDE_PAID
shopify_US_7536337125473_44080556572769,EXCLUDE_PAID
shopify_US_7536337125473_44080556605537,EXCLUDE_PAID
shopify_US_7536337125473_44080556638305,EXCLUDE_PAID
shopify_US_7536337125473_44080556671073,EXCLUDE_PAID
shopify_US_7536337125473_44080556703841,EXCLUDE_PAID
shopify_US_7536337125473_44080556736609,EXCLUDE_PAID
shopify_US_7536337125473_44080556769377,EXCLUDE_PAID
shopify_US_7536337125473_44080556802145,EXCLUDE_PAID
shopify_US_7536337125473_44080556834913,EXCLUDE_PAID
shopify_US_7536337125473_44080556867681,EXCLUDE_PAID
shopify_US_7536337125473_44080556900449,EXCLUDE_PAID
shopify_US_7536337125473_44080556933217,EXCLUDE_PAID
shopify_US_7536337125473_44080556965985,EXCLUDE_PAID
shopify_US_7536337125473_44080556998753,EXCLUDE_PAID
shopify_US_7536337125473_44080557031521,EXCLUDE_PAID
shopify_US_7536337125473_44080557064289,EXCLUDE_PAID
shopify_US_7536337125473_44080557097057,EXCLUDE_PAID
shopify_US_7536337125473_44080557129825,EXCLUDE_PAID
shopify_US_7536337125473_44080557162593,EXCLUDE_PAID
shopify_US_7536337125473_44080557195361,EXCLUDE_PAID
shopify_US_7536337125473_44080557228129,EXCLUDE_PAID
shopify_US_7536340729953_44080564469857,EXCLUDE_PAID
shopify_US_7536340729953_44080564502625,EXCLUDE_PAID
shopify_US_7536340729953_44080564535393,EXCLUDE_PAID
shopify_US_7536340729953_44080564568161,EXCLUDE_PAID
shopify_US_7536340729953_44080564600929,EXCLUDE_PAID
shopify_US_7536340729953_44080564633697,EXCLUDE_PAID
shopify_US_7536340729953_44080564666465,EXCLUDE_PAID
shopify_US_7536340729953_44080564699233,EXCLUDE_PAID
shopify_US_7536340729953_44080564732001,EXCLUDE_PAID
shopify_US_7536340729953_44080564764769,EXCLUDE_PAID
shopify_US_7536340729953_44080564797537,EXCLUDE_PAID
shopify_US_7536340729953_44080564830305,EXCLUDE_PAID
shopify_US_7536340729953_44080564863073,EXCLUDE_PAID
shopify_US_7536340729953_44080564895841,EXCLUDE_PAID
shopify_US_7536340729953_44080564928609,EXCLUDE_PAID
shopify_US_7536340729953_44080564961377,EXCLUDE_PAID
shopify_US_7536340729953_44080564994145,EXCLUDE_PAID
shopify_US_7536340729953_44080565026913,EXCLUDE_PAID
shopify_US_7536340729953_44080565059681,EXCLUDE_PAID
shopify_US_7536340729953_44080565092449,EXCLUDE_PAID
shopify_US_7536340729953_44080565125217,EXCLUDE_PAID
shopify_US_7536340729953_44080565157985,EXCLUDE_PAID
shopify_US_7536340729953_44080565190753,EXCLUDE_PAID
shopify_US_7536340729953_44080565223521,EXCLUDE_PAID
shopify_US_7536340729953_44080565256289,EXCLUDE_PAID
shopify_US_7536341024865_44080568664161,EXCLUDE_PAID
shopify_US_7536341024865_44080568696929,EXCLUDE_PAID
shopify_US_7536341024865_44080568729697,EXCLUDE_PAID
shopify_US_7536341024865_44080568762465,EXCLUDE_PAID
shopify_US_7536341024865_44080568795233,EXCLUDE_PAID
shopify_US_7536341024865_44080568828001,EXCLUDE_PAID
shopify_US_7536341024865_44080568860769,EXCLUDE_PAID
shopify_US_7536341024865_44080568893537,EXCLUDE_PAID
shopify_US_7536341024865_44080568926305,EXCLUDE_PAID
shopify_US_7536341024865_44080568959073,EXCLUDE_PAID
shopify_US_7536341024865_44080568991841,EXCLUDE_PAID
shopify_US_7536341024865_44080569024609,EXCLUDE_PAID
shopify_US_7536341024865_44080569057377,EXCLUDE_PAID
shopify_US_7536341024865_44080569090145,EXCLUDE_PAID
shopify_US_7536341024865_44080569122913,EXCLUDE_PAID
shopify_US_7536341024865_44080569155681,EXCLUDE_PAID
shopify_US_7536341024865_44080569188449,EXCLUDE_PAID
shopify_US_7536341024865_44080569221217,EXCLUDE_PAID
shopify_US_7536341024865_44080569253985,EXCLUDE_PAID
shopify_US_7536341024865_44080569286753,EXCLUDE_PAID
shopify_US_7536341024865_44080569319521,EXCLUDE_PAID
shopify_US_7536341024865_44080569352289,EXCLUDE_PAID
shopify_US_7536341024865_44080569385057,EXCLUDE_PAID
shopify_US_7536341024865_44080569417825,EXCLUDE_PAID
shopify_US_7536341024865_44080569450593,EXCLUDE_PAID
shopify_US_7536341024865_44080569483361,EXCLUDE_PAID
shopify_US_7536341024865_44080569516129,EXCLUDE_PAID
shopify_US_7536341024865_44080569548897,EXCLUDE_PAID
shopify_US_7536341024865_44080569581665,EXCLUDE_PAID
shopify_US_7536341024865_44080569614433,EXCLUDE_PAID
shopify_US_7536341024865_44080569647201,EXCLUDE_PAID
shopify_US_7536341024865_44080569679969,EXCLUDE_PAID
shopify_US_7536341024865_44080569712737,EXCLUDE_PAID
shopify_US_7536341024865_44080569745505,EXCLUDE_PAID
shopify_US_7536341024865_44080569778273,EXCLUDE_PAID
shopify_US_7536341024865_44080569811041,EXCLUDE_PAID
shopify_US_7536341024865_44080569843809,EXCLUDE_PAID
shopify_US_7536341024865_44080569876577,EXCLUDE_PAID
shopify_US_7536341024865_44080569909345,EXCLUDE_PAID
shopify_US_7536337125473_44080618405985,EXCLUDE_PAID
shopify_US_7536337125473_44080618438753,EXCLUDE_PAID
shopify_US_7536337125473_44080618471521,EXCLUDE_PAID
shopify_US_7536337125473_44080618504289,EXCLUDE_PAID
shopify_US_7536337125473_44080618537057,EXCLUDE_PAID
shopify_US_7536337125473_44080618569825,EXCLUDE_PAID
shopify_US_7536337125473_44080618602593,EXCLUDE_PAID
shopify_US_7536337125473_44080618635361,EXCLUDE_PAID
shopify_US_7536337125473_44080618668129,EXCLUDE_PAID
shopify_US_7536337125473_44080618700897,EXCLUDE_PAID
shopify_US_7536337125473_44080618733665,EXCLUDE_PAID
shopify_US_7536337125473_44080618766433,EXCLUDE_PAID
shopify_US_7536337125473_44080618799201,EXCLUDE_PAID
shopify_US_7536337125473_44080618831969,EXCLUDE_PAID
shopify_US_7536337125473_44080618864737,EXCLUDE_PAID
shopify_US_7536337125473_44080618897505,EXCLUDE_PAID
shopify_US_7536337125473_44080618930273,EXCLUDE_PAID
shopify_US_7536337125473_44080618963041,EXCLUDE_PAID
shopify_US_7536337125473_44080618995809,EXCLUDE_PAID
shopify_US_7536337125473_44080619028577,EXCLUDE_PAID
shopify_US_7536337125473_44080619061345,EXCLUDE_PAID
shopify_US_7536337125473_44080619094113,EXCLUDE_PAID
shopify_US_7536337125473_44080619126881,EXCLUDE_PAID
shopify_US_7536337125473_44080619159649,EXCLUDE_PAID
shopify_US_7536337125473_44080619192417,EXCLUDE_PAID
shopify_US_7536337125473_44080619225185,EXCLUDE_PAID
shopify_US_7536337125473_44080619257953,EXCLUDE_PAID
shopify_US_7536337125473_44080619290721,EXCLUDE_PAID
shopify_US_7536457941089_44080778018913,EXCLUDE_PAID
shopify_US_7536457941089_44080778051681,EXCLUDE_PAID
shopify_US_7536457941089_44080778084449,EXCLUDE_PAID
shopify_US_7536457941089_44080778117217,EXCLUDE_PAID
shopify_US_7536457941089_44080778149985,EXCLUDE_PAID
shopify_US_7536457941089_44080778182753,EXCLUDE_PAID
shopify_US_7536457941089_44080778215521,EXCLUDE_PAID
shopify_US_7536457941089_44080778248289,EXCLUDE_PAID
shopify_US_7536457941089_44080778281057,EXCLUDE_PAID
shopify_US_7536457941089_44080778313825,EXCLUDE_PAID
shopify_US_7536457941089_44080778346593,EXCLUDE_PAID
shopify_US_7536457941089_44080778379361,EXCLUDE_PAID
shopify_US_7536457941089_44080778412129,EXCLUDE_PAID
shopify_US_7536457941089_44080778444897,EXCLUDE_PAID
shopify_US_7536457941089_44080778477665,EXCLUDE_PAID
shopify_US_7536457941089_44080778510433,EXCLUDE_PAID
shopify_US_7536457941089_44080778543201,EXCLUDE_PAID
shopify_US_7536457941089_44080778575969,EXCLUDE_PAID
shopify_US_7536457941089_44080778608737,EXCLUDE_PAID
shopify_US_7536457941089_44080778641505,EXCLUDE_PAID
shopify_US_7536457941089_44080778674273,EXCLUDE_PAID
shopify_US_7536457941089_44080778707041,EXCLUDE_PAID
shopify_US_7536457941089_44080778739809,EXCLUDE_PAID
shopify_US_7536457941089_44080778772577,EXCLUDE_PAID
shopify_US_7536457941089_44080778805345,EXCLUDE_PAID
shopify_US_7536469639265_44080804298849,EXCLUDE_PAID
shopify_US_7536469639265_44080804331617,EXCLUDE_PAID
shopify_US_7536469639265_44080804364385,EXCLUDE_PAID
shopify_US_7536469639265_44080804397153,EXCLUDE_PAID
shopify_US_7536469639265_44080804429921,EXCLUDE_PAID
shopify_US_7536469639265_44080804462689,EXCLUDE_PAID
shopify_US_7536469639265_44080804495457,EXCLUDE_PAID
shopify_US_7536469639265_44080804528225,EXCLUDE_PAID
shopify_US_7536469639265_44080804560993,EXCLUDE_PAID
shopify_US_7536469639265_44080804593761,EXCLUDE_PAID
shopify_US_7536469639265_44080804626529,EXCLUDE_PAID
shopify_US_7536696295521_44082061049953,EXCLUDE_PAID
shopify_US_7536696295521_44082061082721,EXCLUDE_PAID
shopify_US_7536696295521_44082061115489,EXCLUDE_PAID
shopify_US_7536696295521_44082061148257,EXCLUDE_PAID
shopify_US_7536696295521_44082061181025,EXCLUDE_PAID
shopify_US_7536696295521_44082061213793,EXCLUDE_PAID
shopify_US_7536696295521_44082061246561,EXCLUDE_PAID
shopify_US_7536696295521_44082061279329,EXCLUDE_PAID
shopify_US_7536696295521_44082061312097,EXCLUDE_PAID
shopify_US_7536696295521_44082061344865,EXCLUDE_PAID
shopify_US_7536696328289_44082061377633,EXCLUDE_PAID
shopify_US_7536696328289_44082061410401,EXCLUDE_PAID
shopify_US_7536696328289_44082061443169,EXCLUDE_PAID
shopify_US_7536696328289_44082061475937,EXCLUDE_PAID
shopify_US_7536696328289_44082061508705,EXCLUDE_PAID
shopify_US_7536696328289_44082061541473,EXCLUDE_PAID
shopify_US_7536696328289_44082061574241,EXCLUDE_PAID
shopify_US_7536696328289_44082061607009,EXCLUDE_PAID
shopify_US_7536696328289_44082061639777,EXCLUDE_PAID
shopify_US_7536696328289_44082061672545,EXCLUDE_PAID
shopify_US_7536700391521_44082066620513,EXCLUDE_PAID
shopify_US_7536700391521_44082066653281,EXCLUDE_PAID
shopify_US_7536700391521_44082066686049,EXCLUDE_PAID
shopify_US_7536700391521_44082066718817,EXCLUDE_PAID
shopify_US_7536700391521_44082066751585,EXCLUDE_PAID
shopify_US_7536700391521_44082066784353,EXCLUDE_PAID
shopify_US_7536700391521_44082066817121,EXCLUDE_PAID
shopify_US_7536700391521_44082066849889,EXCLUDE_PAID
shopify_US_7536700391521_44082066882657,EXCLUDE_PAID
shopify_US_7536700391521_44082066915425,EXCLUDE_PAID
shopify_US_7536700391521_44082066948193,EXCLUDE_PAID
shopify_US_7536700391521_44082066980961,EXCLUDE_PAID
shopify_US_7536700391521_44082067013729,EXCLUDE_PAID
shopify_US_7536700391521_44082067046497,EXCLUDE_PAID
shopify_US_7536700391521_44082067079265,EXCLUDE_PAID
shopify_US_7536700391521_44082067112033,EXCLUDE_PAID
shopify_US_7536700391521_44082067144801,EXCLUDE_PAID
shopify_US_7536700391521_44082067177569,EXCLUDE_PAID
shopify_US_7536700391521_44082067210337,EXCLUDE_PAID
shopify_US_7536700391521_44082067243105,EXCLUDE_PAID
shopify_US_7536700391521_44082067275873,EXCLUDE_PAID
shopify_US_7536700391521_44082067308641,EXCLUDE_PAID
shopify_US_7536700391521_44082067341409,EXCLUDE_PAID
shopify_US_7536700391521_44082067374177,EXCLUDE_PAID
shopify_US_7536700391521_44082067406945,EXCLUDE_PAID
shopify_US_7536700391521_44082067439713,EXCLUDE_PAID
shopify_US_7536700391521_44082067472481,EXCLUDE_PAID
shopify_US_7536700391521_44082067505249,EXCLUDE_PAID
shopify_US_7536703012961_44082074419297,EXCLUDE_PAID
shopify_US_7536703012961_44082074452065,EXCLUDE_PAID
shopify_US_7536703012961_44082074484833,EXCLUDE_PAID
shopify_US_7536703012961_44082074517601,EXCLUDE_PAID
shopify_US_7536703012961_44082074550369,EXCLUDE_PAID
shopify_US_7536703012961_44082074583137,EXCLUDE_PAID
shopify_US_7536703012961_44082074615905,EXCLUDE_PAID
shopify_US_7536703012961_44082074648673,EXCLUDE_PAID
shopify_US_7536703012961_44082074681441,EXCLUDE_PAID
shopify_US_7536703012961_44082074714209,EXCLUDE_PAID
shopify_US_7536703012961_44082074746977,EXCLUDE_PAID
shopify_US_7536704520289_44082077696097,EXCLUDE_PAID
shopify_US_7536704520289_44082077728865,EXCLUDE_PAID
shopify_US_7536704520289_44082077761633,EXCLUDE_PAID
shopify_US_7536704520289_44082077794401,EXCLUDE_PAID
shopify_US_7536704520289_44082077827169,EXCLUDE_PAID
shopify_US_7536704520289_44082077859937,EXCLUDE_PAID
shopify_US_7536704520289_44082077892705,EXCLUDE_PAID
shopify_US_7536704520289_44082077925473,EXCLUDE_PAID
shopify_US_7536704520289_44082077958241,EXCLUDE_PAID
shopify_US_7536704520289_44082077991009,EXCLUDE_PAID
shopify_US_7536704520289_44082078023777,EXCLUDE_PAID
shopify_US_7536707305569_44082088345697,EXCLUDE_PAID
shopify_US_7536707305569_44082088378465,EXCLUDE_PAID
shopify_US_7536707305569_44082088411233,EXCLUDE_PAID
shopify_US_7536707305569_44082088444001,EXCLUDE_PAID
shopify_US_7536707305569_44082088476769,EXCLUDE_PAID
shopify_US_7536707305569_44082088509537,EXCLUDE_PAID
shopify_US_7536707305569_44082088542305,EXCLUDE_PAID
shopify_US_7536707305569_44082088575073,EXCLUDE_PAID
shopify_US_7536707305569_44082088607841,EXCLUDE_PAID
shopify_US_7536707305569_44082088640609,EXCLUDE_PAID
shopify_US_7536707305569_44082088673377,EXCLUDE_PAID
shopify_US_7536707305569_44082088706145,EXCLUDE_PAID
shopify_US_7536707305569_44082088738913,EXCLUDE_PAID
shopify_US_7536709009505_44082095325281,EXCLUDE_PAID
shopify_US_7536709009505_44082095358049,EXCLUDE_PAID
shopify_US_7536709009505_44082095390817,EXCLUDE_PAID
shopify_US_7536709009505_44082095423585,EXCLUDE_PAID
shopify_US_7536709009505_44082095456353,EXCLUDE_PAID
shopify_US_7536709009505_44082095489121,EXCLUDE_PAID
shopify_US_7536709009505_44082095521889,EXCLUDE_PAID
shopify_US_7536709009505_44082095554657,EXCLUDE_PAID
shopify_US_7536709009505_44082095587425,EXCLUDE_PAID
shopify_US_7536709009505_44082095620193,EXCLUDE_PAID
shopify_US_7536709009505_44082095652961,EXCLUDE_PAID
shopify_US_7536709009505_44082095685729,EXCLUDE_PAID
shopify_US_7536709009505_44082095718497,EXCLUDE_PAID
shopify_US_7536709009505_44082095751265,EXCLUDE_PAID
shopify_US_7536709009505_44082095784033,EXCLUDE_PAID
shopify_US_7536709009505_44082095816801,EXCLUDE_PAID
shopify_US_7536709009505_44082095849569,EXCLUDE_PAID
shopify_US_7536709009505_44082095882337,EXCLUDE_PAID
shopify_US_7536709009505_44082095915105,EXCLUDE_PAID
shopify_US_7536709009505_44082095947873,EXCLUDE_PAID
shopify_US_7536709009505_44082095980641,EXCLUDE_PAID
shopify_US_7536709009505_44082096013409,EXCLUDE_PAID
shopify_US_7536709009505_44082096046177,EXCLUDE_PAID
shopify_US_7536709009505_44082096078945,EXCLUDE_PAID
shopify_US_7536709009505_44082096111713,EXCLUDE_PAID
shopify_US_7536709501025_44082098208865,EXCLUDE_PAID
shopify_US_7536709501025_44082098241633,EXCLUDE_PAID
shopify_US_7536709501025_44082098274401,EXCLUDE_PAID
shopify_US_7536709501025_44082098307169,EXCLUDE_PAID
shopify_US_7536709501025_44082098339937,EXCLUDE_PAID
shopify_US_7536709501025_44082098372705,EXCLUDE_PAID
shopify_US_7536709501025_44082098405473,EXCLUDE_PAID
shopify_US_7536709501025_44082098438241,EXCLUDE_PAID
shopify_US_7536709501025_44082098471009,EXCLUDE_PAID
shopify_US_7536709501025_44082098503777,EXCLUDE_PAID
shopify_US_7536709501025_44082098536545,EXCLUDE_PAID
shopify_US_7536709501025_44082098569313,EXCLUDE_PAID
shopify_US_7536709501025_44082098602081,EXCLUDE_PAID
shopify_US_7536709501025_44082098634849,EXCLUDE_PAID
shopify_US_7536709501025_44082098667617,EXCLUDE_PAID
shopify_US_7536709501025_44082098700385,EXCLUDE_PAID
shopify_US_7536709501025_44082098733153,EXCLUDE_PAID
shopify_US_7536709501025_44082098765921,EXCLUDE_PAID
shopify_US_7536709501025_44082098798689,EXCLUDE_PAID
shopify_US_7536709501025_44082098831457,EXCLUDE_PAID
shopify_US_7536709501025_44082098864225,EXCLUDE_PAID
shopify_US_7536709501025_44082098896993,EXCLUDE_PAID
shopify_US_7536709501025_44082098929761,EXCLUDE_PAID
shopify_US_7536709501025_44082098962529,EXCLUDE_PAID
shopify_US_7536709501025_44082098995297,EXCLUDE_PAID
shopify_US_7536709501025_44082099028065,EXCLUDE_PAID
shopify_US_7536709501025_44082099060833,EXCLUDE_PAID
shopify_US_7536709501025_44082099093601,EXCLUDE_PAID
shopify_US_7536709664865_44082099454049,EXCLUDE_PAID
shopify_US_7536709664865_44082099486817,EXCLUDE_PAID
shopify_US_7536709664865_44082099519585,EXCLUDE_PAID
shopify_US_7536709664865_44082099552353,EXCLUDE_PAID
shopify_US_7536709664865_44082099585121,EXCLUDE_PAID
shopify_US_7536709664865_44082099617889,EXCLUDE_PAID
shopify_US_7536709664865_44082099650657,EXCLUDE_PAID
shopify_US_7536709664865_44082099683425,EXCLUDE_PAID
shopify_US_7536709664865_44082099716193,EXCLUDE_PAID
shopify_US_7536709664865_44082099748961,EXCLUDE_PAID
shopify_US_7536709664865_44082099781729,EXCLUDE_PAID
shopify_US_7536709664865_44082099814497,EXCLUDE_PAID
shopify_US_7536709664865_44082099847265,EXCLUDE_PAID
shopify_US_7536709664865_44082099880033,EXCLUDE_PAID
shopify_US_7536947003489_44083347914849,EXCLUDE_PAID
shopify_US_7536947003489_44083347947617,EXCLUDE_PAID
shopify_US_7536947003489_44083347980385,EXCLUDE_PAID
shopify_US_7536947003489_44083348013153,EXCLUDE_PAID
shopify_US_7536947003489_44083348045921,EXCLUDE_PAID
shopify_US_7536947003489_44083348078689,EXCLUDE_PAID
shopify_US_7536947003489_44083348111457,EXCLUDE_PAID
shopify_US_7536947003489_44083348144225,EXCLUDE_PAID
shopify_US_7536947003489_44083348176993,EXCLUDE_PAID
shopify_US_7536947003489_44083348209761,EXCLUDE_PAID
shopify_US_7536947003489_44083348242529,EXCLUDE_PAID
shopify_US_7536947003489_44083348275297,EXCLUDE_PAID
shopify_US_7536947003489_44083348308065,EXCLUDE_PAID
shopify_US_7536947003489_44083348340833,EXCLUDE_PAID
shopify_US_7536947003489_44083348373601,EXCLUDE_PAID
shopify_US_7536947003489_44083348406369,EXCLUDE_PAID
shopify_US_7536947003489_44083348439137,EXCLUDE_PAID
shopify_US_7536947003489_44083348471905,EXCLUDE_PAID
shopify_US_7536947003489_44083348504673,EXCLUDE_PAID
shopify_US_7536947003489_44083348537441,EXCLUDE_PAID
shopify_US_7536947003489_44083348570209,EXCLUDE_PAID
shopify_US_7536947003489_44083348602977,EXCLUDE_PAID
shopify_US_7536947003489_44083348635745,EXCLUDE_PAID
shopify_US_7536947003489_44083348668513,EXCLUDE_PAID
shopify_US_7536947003489_44083348701281,EXCLUDE_PAID
shopify_US_7536982163553_44083394674785,EXCLUDE_PAID
shopify_US_7536982163553_44083394707553,EXCLUDE_PAID
shopify_US_7536982163553_44083394740321,EXCLUDE_PAID
shopify_US_7536982163553_44083394773089,EXCLUDE_PAID
shopify_US_7536982163553_44083394805857,EXCLUDE_PAID
shopify_US_7536982163553_44083394838625,EXCLUDE_PAID
shopify_US_7536982163553_44083394871393,EXCLUDE_PAID
shopify_US_7536982163553_44083394904161,EXCLUDE_PAID
shopify_US_7536982163553_44083394936929,EXCLUDE_PAID
shopify_US_7536982163553_44083394969697,EXCLUDE_PAID
shopify_US_7536982163553_44083395002465,EXCLUDE_PAID
shopify_US_7536982163553_44083395035233,EXCLUDE_PAID
shopify_US_7536982163553_44083395068001,EXCLUDE_PAID
shopify_US_7536982163553_44083395100769,EXCLUDE_PAID
shopify_US_7536982163553_44083395133537,EXCLUDE_PAID
shopify_US_7536982294625_44083397820513,EXCLUDE_PAID
shopify_US_7536982294625_44083397853281,EXCLUDE_PAID
shopify_US_7536982294625_44083397886049,EXCLUDE_PAID
shopify_US_7536982294625_44083397918817,EXCLUDE_PAID
shopify_US_7536982294625_44083397951585,EXCLUDE_PAID
shopify_US_7536982294625_44083397984353,EXCLUDE_PAID
shopify_US_7536982294625_44083398017121,EXCLUDE_PAID
shopify_US_7536982294625_44083398049889,EXCLUDE_PAID
shopify_US_7536982294625_44083398082657,EXCLUDE_PAID
shopify_US_7536982294625_44083398115425,EXCLUDE_PAID
shopify_US_7536982294625_44083398148193,EXCLUDE_PAID
shopify_US_7536982294625_44083398180961,EXCLUDE_PAID
shopify_US_7536982294625_44083398213729,EXCLUDE_PAID
shopify_US_7536982294625_44083398246497,EXCLUDE_PAID
shopify_US_7536984359009_44083408207969,EXCLUDE_PAID
shopify_US_7536984359009_44083408240737,EXCLUDE_PAID
shopify_US_7536984359009_44083408273505,EXCLUDE_PAID
shopify_US_7536984359009_44083408306273,EXCLUDE_PAID
shopify_US_7536984359009_44083408339041,EXCLUDE_PAID
shopify_US_7536984359009_44083408371809,EXCLUDE_PAID
shopify_US_7536984359009_44083408404577,EXCLUDE_PAID
shopify_US_7536984359009_44083408437345,EXCLUDE_PAID
shopify_US_7536984359009_44083408470113,EXCLUDE_PAID
shopify_US_7536984359009_44083408502881,EXCLUDE_PAID
shopify_US_7536984359009_44083408535649,EXCLUDE_PAID
shopify_US_7536984359009_44083408568417,EXCLUDE_PAID
shopify_US_7536984359009_44083408601185,EXCLUDE_PAID
shopify_US_7536984359009_44083408633953,EXCLUDE_PAID
shopify_US_7536984359009_44083408666721,EXCLUDE_PAID
shopify_US_7536984359009_44083408699489,EXCLUDE_PAID
shopify_US_7536984359009_44083408732257,EXCLUDE_PAID
shopify_US_7536984359009_44083408765025,EXCLUDE_PAID
shopify_US_7536984359009_44083408797793,EXCLUDE_PAID
shopify_US_7536984359009_44083408830561,EXCLUDE_PAID
shopify_US_7536984359009_44083408863329,EXCLUDE_PAID
shopify_US_7536984359009_44083408896097,EXCLUDE_PAID
shopify_US_7536984359009_44083408928865,EXCLUDE_PAID
shopify_US_7536984359009_44083408961633,EXCLUDE_PAID
shopify_US_7536984359009_44083408994401,EXCLUDE_PAID
shopify_US_7536984359009_44083409027169,EXCLUDE_PAID
shopify_US_7536984359009_44083409059937,EXCLUDE_PAID
shopify_US_7536984359009_44083409092705,EXCLUDE_PAID
shopify_US_7536984359009_44083409125473,EXCLUDE_PAID
shopify_US_7536984359009_44083409158241,EXCLUDE_PAID
shopify_US_7536988520545_44083433865313,EXCLUDE_PAID
shopify_US_7536988520545_44083433898081,EXCLUDE_PAID
shopify_US_7536988520545_44083433930849,EXCLUDE_PAID
shopify_US_7536988520545_44083433963617,EXCLUDE_PAID
shopify_US_7536988520545_44083433996385,EXCLUDE_PAID
shopify_US_7536988520545_44083434029153,EXCLUDE_PAID
shopify_US_7536988520545_44083434061921,EXCLUDE_PAID
shopify_US_7536988520545_44083434094689,EXCLUDE_PAID
shopify_US_7536988520545_44083434127457,EXCLUDE_PAID
shopify_US_7536988520545_44083434160225,EXCLUDE_PAID
shopify_US_7536988520545_44083434192993,EXCLUDE_PAID
shopify_US_7536988520545_44083434225761,EXCLUDE_PAID
shopify_US_7536988520545_44083434258529,EXCLUDE_PAID
shopify_US_7536988520545_44083434291297,EXCLUDE_PAID
shopify_US_7536988520545_44083434324065,EXCLUDE_PAID
shopify_US_7536988520545_44083434356833,EXCLUDE_PAID
shopify_US_7536988520545_44083434389601,EXCLUDE_PAID
shopify_US_7536988520545_44083434422369,EXCLUDE_PAID
shopify_US_7536988520545_44083434455137,EXCLUDE_PAID
shopify_US_7536988520545_44083434487905,EXCLUDE_PAID
shopify_US_7536988618849_44083434717281,EXCLUDE_PAID
shopify_US_7536988618849_44083434750049,EXCLUDE_PAID
shopify_US_7536988618849_44083434782817,EXCLUDE_PAID
shopify_US_7536988618849_44083434815585,EXCLUDE_PAID
shopify_US_7536988618849_44083434848353,EXCLUDE_PAID
shopify_US_7536988618849_44083434881121,EXCLUDE_PAID
shopify_US_7536988618849_44083434913889,EXCLUDE_PAID
shopify_US_7536988618849_44083434946657,EXCLUDE_PAID
shopify_US_7536988618849_44083434979425,EXCLUDE_PAID
shopify_US_7536988618849_44083435012193,EXCLUDE_PAID
shopify_US_7536990355553_44083461455969,EXCLUDE_PAID
shopify_US_7536990355553_44083461488737,EXCLUDE_PAID
shopify_US_7536990355553_44083461521505,EXCLUDE_PAID
shopify_US_7536990355553_44083461554273,EXCLUDE_PAID
shopify_US_7536990355553_44083461587041,EXCLUDE_PAID
shopify_US_7536990355553_44083461619809,EXCLUDE_PAID
shopify_US_7536990355553_44083461652577,EXCLUDE_PAID
shopify_US_7536990355553_44083461685345,EXCLUDE_PAID
shopify_US_7536990355553_44083461718113,EXCLUDE_PAID
shopify_US_7536990355553_44083461750881,EXCLUDE_PAID
shopify_US_7536990355553_44083461783649,EXCLUDE_PAID
shopify_US_7536990355553_44083461816417,EXCLUDE_PAID
shopify_US_7536990355553_44083461849185,EXCLUDE_PAID
shopify_US_7536990355553_44083461881953,EXCLUDE_PAID
shopify_US_7536990355553_44083461914721,EXCLUDE_PAID
shopify_US_7536990355553_44083461947489,EXCLUDE_PAID
shopify_US_7536990355553_44083461980257,EXCLUDE_PAID
shopify_US_7536990355553_44083462013025,EXCLUDE_PAID
shopify_US_7536990355553_44083462045793,EXCLUDE_PAID
shopify_US_7536990355553_44083462078561,EXCLUDE_PAID
shopify_US_7536990355553_44083462111329,EXCLUDE_PAID
shopify_US_7536990355553_44083462144097,EXCLUDE_PAID
shopify_US_7536990355553_44083462176865,EXCLUDE_PAID
shopify_US_7536990355553_44083462209633,EXCLUDE_PAID
shopify_US_7536990355553_44083462242401,EXCLUDE_PAID
shopify_US_7536990355553_44083462275169,EXCLUDE_PAID
shopify_US_7536990355553_44083462307937,EXCLUDE_PAID
shopify_US_7536990355553_44083462340705,EXCLUDE_PAID
shopify_US_7536990355553_44083462373473,EXCLUDE_PAID
shopify_US_7536990355553_44083462406241,EXCLUDE_PAID
shopify_US_7536992976993_44083478069345,EXCLUDE_PAID
shopify_US_7536992976993_44083478102113,EXCLUDE_PAID
shopify_US_7536992976993_44083478134881,EXCLUDE_PAID
shopify_US_7536992976993_44083478167649,EXCLUDE_PAID
shopify_US_7536992976993_44083478200417,EXCLUDE_PAID
shopify_US_7536992976993_44083478233185,EXCLUDE_PAID
shopify_US_7536992976993_44083478265953,EXCLUDE_PAID
shopify_US_7536992976993_44083478298721,EXCLUDE_PAID
shopify_US_7536992976993_44083478331489,EXCLUDE_PAID
shopify_US_7536992976993_44083478364257,EXCLUDE_PAID
shopify_US_7536992976993_44083478397025,EXCLUDE_PAID
shopify_US_7536992976993_44083478429793,EXCLUDE_PAID
shopify_US_7536992976993_44083478462561,EXCLUDE_PAID
shopify_US_7536992976993_44083478495329,EXCLUDE_PAID
shopify_US_7536992976993_44083478528097,EXCLUDE_PAID
shopify_US_7536992976993_44083478560865,EXCLUDE_PAID
shopify_US_7536992976993_44083478593633,EXCLUDE_PAID
shopify_US_7536992976993_44083478626401,EXCLUDE_PAID
shopify_US_7536992976993_44083478659169,EXCLUDE_PAID
shopify_US_7536992976993_44083478691937,EXCLUDE_PAID
shopify_US_7536992976993_44083478724705,EXCLUDE_PAID
shopify_US_7536992976993_44083478757473,EXCLUDE_PAID
shopify_US_7536992976993_44083478790241,EXCLUDE_PAID
shopify_US_7536992976993_44083478823009,EXCLUDE_PAID
shopify_US_7536992976993_44083478855777,EXCLUDE_PAID
shopify_US_7536992976993_44083478888545,EXCLUDE_PAID
shopify_US_7536992976993_44083478921313,EXCLUDE_PAID
shopify_US_7536992976993_44083478954081,EXCLUDE_PAID
shopify_US_7536992976993_44083478986849,EXCLUDE_PAID
shopify_US_7536992976993_44083479019617,EXCLUDE_PAID
shopify_US_7536992976993_44083479052385,EXCLUDE_PAID
shopify_US_7536992976993_44083479085153,EXCLUDE_PAID
shopify_US_7536992976993_44083479117921,EXCLUDE_PAID
shopify_US_7536992976993_44083479150689,EXCLUDE_PAID
shopify_US_7536992976993_44083479183457,EXCLUDE_PAID
shopify_US_7536992976993_44083479216225,EXCLUDE_PAID
shopify_US_7536992976993_44083479248993,EXCLUDE_PAID
shopify_US_7536992976993_44083479281761,EXCLUDE_PAID
shopify_US_7536992976993_44083479314529,EXCLUDE_PAID
shopify_US_7536992976993_44083479347297,EXCLUDE_PAID
shopify_US_7536992976993_44083479380065,EXCLUDE_PAID
shopify_US_7536992976993_44083479412833,EXCLUDE_PAID
shopify_US_7536992976993_44083479445601,EXCLUDE_PAID
shopify_US_7536992976993_44083479478369,EXCLUDE_PAID
shopify_US_7536992976993_44083479511137,EXCLUDE_PAID
shopify_US_7536992976993_44083479543905,EXCLUDE_PAID
shopify_US_7536992976993_44083479576673,EXCLUDE_PAID
shopify_US_7536992976993_44083479609441,EXCLUDE_PAID
shopify_US_7536992976993_44083479642209,EXCLUDE_PAID
shopify_US_7536992976993_44083479674977,EXCLUDE_PAID
shopify_US_7536992976993_44083479707745,EXCLUDE_PAID
shopify_US_7536992976993_44083479740513,EXCLUDE_PAID
shopify_US_7536992976993_44083479773281,EXCLUDE_PAID
shopify_US_7536992976993_44083479806049,EXCLUDE_PAID
shopify_US_7536999563361_44083516735585,EXCLUDE_PAID
shopify_US_7536999563361_44083516768353,EXCLUDE_PAID
shopify_US_7536999563361_44083516801121,EXCLUDE_PAID
shopify_US_7536999563361_44083516833889,EXCLUDE_PAID
shopify_US_7536999563361_44083516866657,EXCLUDE_PAID
shopify_US_7536999563361_44083516899425,EXCLUDE_PAID
shopify_US_7536999563361_44083516932193,EXCLUDE_PAID
shopify_US_7536999563361_44083516964961,EXCLUDE_PAID
shopify_US_7536999563361_44083516997729,EXCLUDE_PAID
shopify_US_7536999563361_44083517030497,EXCLUDE_PAID
shopify_US_7536999563361_44083517063265,EXCLUDE_PAID
shopify_US_7536999563361_44083517096033,EXCLUDE_PAID
shopify_US_7536999563361_44083517128801,EXCLUDE_PAID
shopify_US_7536999563361_44083517161569,EXCLUDE_PAID
shopify_US_7536999563361_44083517194337,EXCLUDE_PAID
shopify_US_7536999563361_44083517227105,EXCLUDE_PAID
shopify_US_7536999563361_44083517259873,EXCLUDE_PAID
shopify_US_7536999563361_44083517292641,EXCLUDE_PAID
shopify_US_7536999563361_44083517325409,EXCLUDE_PAID
shopify_US_7536999563361_44083517358177,EXCLUDE_PAID
shopify_US_7536999563361_44083517390945,EXCLUDE_PAID
shopify_US_7536999563361_44083517423713,EXCLUDE_PAID
shopify_US_7536999563361_44083517456481,EXCLUDE_PAID
shopify_US_7536999563361_44083517489249,EXCLUDE_PAID
shopify_US_7536999563361_44083517522017,EXCLUDE_PAID
shopify_US_7536999563361_44083517554785,EXCLUDE_PAID
shopify_US_7536999563361_44083517587553,EXCLUDE_PAID
shopify_US_7536999563361_44083517620321,EXCLUDE_PAID
shopify_US_7537001431137_44083524206689,EXCLUDE_PAID
shopify_US_7537001431137_44083524239457,EXCLUDE_PAID
shopify_US_7537001431137_44083524272225,EXCLUDE_PAID
shopify_US_7537001431137_44083524304993,EXCLUDE_PAID
shopify_US_7537001431137_44083524337761,EXCLUDE_PAID
shopify_US_7537001431137_44083524370529,EXCLUDE_PAID
shopify_US_7537001431137_44083524403297,EXCLUDE_PAID
shopify_US_7537001431137_44083524436065,EXCLUDE_PAID
shopify_US_7537001431137_44083524468833,EXCLUDE_PAID
shopify_US_7537001431137_44083524501601,EXCLUDE_PAID
shopify_US_7537001431137_44083524534369,EXCLUDE_PAID
shopify_US_7537001431137_44083524567137,EXCLUDE_PAID
shopify_US_7537001431137_44083524599905,EXCLUDE_PAID
shopify_US_7537001431137_44083524632673,EXCLUDE_PAID
shopify_US_7537001431137_44083524665441,EXCLUDE_PAID
shopify_US_7537001431137_44083524698209,EXCLUDE_PAID
shopify_US_7537001431137_44083524730977,EXCLUDE_PAID
shopify_US_7537001431137_44083524763745,EXCLUDE_PAID
shopify_US_7537001431137_44083524796513,EXCLUDE_PAID
shopify_US_7537001431137_44083524829281,EXCLUDE_PAID
shopify_US_7537001431137_44083524862049,EXCLUDE_PAID
shopify_US_7537001431137_44083524894817,EXCLUDE_PAID
shopify_US_7537001431137_44083524927585,EXCLUDE_PAID
shopify_US_7537001431137_44083524960353,EXCLUDE_PAID
shopify_US_7537001431137_44083524993121,EXCLUDE_PAID
shopify_US_7537001431137_44083525025889,EXCLUDE_PAID
shopify_US_7537001431137_44083525058657,EXCLUDE_PAID
shopify_US_7537001431137_44083525091425,EXCLUDE_PAID
shopify_US_7537001431137_44083525124193,EXCLUDE_PAID
shopify_US_7537001431137_44083525156961,EXCLUDE_PAID
shopify_US_7537001431137_44083525189729,EXCLUDE_PAID
shopify_US_7537001431137_44083525222497,EXCLUDE_PAID
shopify_US_7537001431137_44083525255265,EXCLUDE_PAID
shopify_US_7537001431137_44083525288033,EXCLUDE_PAID
shopify_US_7537001431137_44083525320801,EXCLUDE_PAID
shopify_US_7537001431137_44083525353569,EXCLUDE_PAID
shopify_US_7537001431137_44083525386337,EXCLUDE_PAID
shopify_US_7537001431137_44083525419105,EXCLUDE_PAID
shopify_US_7537001431137_44083525451873,EXCLUDE_PAID
shopify_US_7537001431137_44083525484641,EXCLUDE_PAID
shopify_US_7537001431137_44083525517409,EXCLUDE_PAID
shopify_US_7537002971233_44083529810017,EXCLUDE_PAID
shopify_US_7537002971233_44083529842785,EXCLUDE_PAID
shopify_US_7537002971233_44083529875553,EXCLUDE_PAID
shopify_US_7537002971233_44083529908321,EXCLUDE_PAID
shopify_US_7537002971233_44083529941089,EXCLUDE_PAID
shopify_US_7537002971233_44083529973857,EXCLUDE_PAID
shopify_US_7537002971233_44083530006625,EXCLUDE_PAID
shopify_US_7537002971233_44083530039393,EXCLUDE_PAID
shopify_US_7537002971233_44083530072161,EXCLUDE_PAID
shopify_US_7537002971233_44083530104929,EXCLUDE_PAID
shopify_US_7537002971233_44083530137697,EXCLUDE_PAID
shopify_US_7537002971233_44083530170465,EXCLUDE_PAID
shopify_US_7537002971233_44083530203233,EXCLUDE_PAID
shopify_US_7537002971233_44083530236001,EXCLUDE_PAID
shopify_US_7537002971233_44083530268769,EXCLUDE_PAID
shopify_US_7537002971233_44083530301537,EXCLUDE_PAID
shopify_US_7537002971233_44083530334305,EXCLUDE_PAID
shopify_US_7537002971233_44083530367073,EXCLUDE_PAID
shopify_US_7537002971233_44083530399841,EXCLUDE_PAID
shopify_US_7537002971233_44083530432609,EXCLUDE_PAID
shopify_US_7537002971233_44083530465377,EXCLUDE_PAID
shopify_US_7537002971233_44083530498145,EXCLUDE_PAID
shopify_US_7537002971233_44083530530913,EXCLUDE_PAID
shopify_US_7537002971233_44083530563681,EXCLUDE_PAID
shopify_US_7537002971233_44083530596449,EXCLUDE_PAID
shopify_US_7537002971233_44083530629217,EXCLUDE_PAID
shopify_US_7537002971233_44083530661985,EXCLUDE_PAID
shopify_US_7537002971233_44083530694753,EXCLUDE_PAID
shopify_US_7537003266145_44083531153505,EXCLUDE_PAID
shopify_US_7537003266145_44083531219041,EXCLUDE_PAID
shopify_US_7537003266145_44083531284577,EXCLUDE_PAID
shopify_US_7537003266145_44083531350113,EXCLUDE_PAID
shopify_US_7537003266145_44083531415649,EXCLUDE_PAID
shopify_US_7537003266145_44083531481185,EXCLUDE_PAID
shopify_US_7537003266145_44083531546721,EXCLUDE_PAID
shopify_US_7537003266145_44083531612257,EXCLUDE_PAID
shopify_US_7537003266145_44083531645025,EXCLUDE_PAID
shopify_US_7537003266145_44083531677793,EXCLUDE_PAID
shopify_US_7537003266145_44083531710561,EXCLUDE_PAID
shopify_US_7537003266145_44083531743329,EXCLUDE_PAID
shopify_US_7537003266145_44083531776097,EXCLUDE_PAID
shopify_US_7537003266145_44083531808865,EXCLUDE_PAID
shopify_US_7537003266145_44083531841633,EXCLUDE_PAID
shopify_US_7537003266145_44083531874401,EXCLUDE_PAID
shopify_US_7537003266145_44083531907169,EXCLUDE_PAID
shopify_US_7537003266145_44083531939937,EXCLUDE_PAID
shopify_US_7537003266145_44083531972705,EXCLUDE_PAID
shopify_US_7537003266145_44083532005473,EXCLUDE_PAID
shopify_US_7537003266145_44083532038241,EXCLUDE_PAID
shopify_US_7537003266145_44083532103777,EXCLUDE_PAID
shopify_US_7537003266145_44083532169313,EXCLUDE_PAID
shopify_US_7537003266145_44083532234849,EXCLUDE_PAID
shopify_US_7537003266145_44083532300385,EXCLUDE_PAID
shopify_US_7537003266145_44083532365921,EXCLUDE_PAID
shopify_US_7537003266145_44083532431457,EXCLUDE_PAID
shopify_US_7537007198305_44083543801953,EXCLUDE_PAID
shopify_US_7537007198305_44083543834721,EXCLUDE_PAID
shopify_US_7537007198305_44083543867489,EXCLUDE_PAID
shopify_US_7537007198305_44083543900257,EXCLUDE_PAID
shopify_US_7537007198305_44083543933025,EXCLUDE_PAID
shopify_US_7537007198305_44083543965793,EXCLUDE_PAID
shopify_US_7537007198305_44083543998561,EXCLUDE_PAID
shopify_US_7537007198305_44083544031329,EXCLUDE_PAID
shopify_US_7537007198305_44083544064097,EXCLUDE_PAID
shopify_US_7537007198305_44083544096865,EXCLUDE_PAID
shopify_US_7537007198305_44083544129633,EXCLUDE_PAID
shopify_US_7537007198305_44083544162401,EXCLUDE_PAID
shopify_US_7537007198305_44083544195169,EXCLUDE_PAID
shopify_US_7537007198305_44083544227937,EXCLUDE_PAID
shopify_US_7537007198305_44083544260705,EXCLUDE_PAID
shopify_US_7537009033313_44083548356705,EXCLUDE_PAID
shopify_US_7537009033313_44083548389473,EXCLUDE_PAID
shopify_US_7537009033313_44083548422241,EXCLUDE_PAID
shopify_US_7537009033313_44083548455009,EXCLUDE_PAID
shopify_US_7537009033313_44083548487777,EXCLUDE_PAID
shopify_US_7537009033313_44083548520545,EXCLUDE_PAID
shopify_US_7537009033313_44083548553313,EXCLUDE_PAID
shopify_US_7537009033313_44083548586081,EXCLUDE_PAID
shopify_US_7537009033313_44083548618849,EXCLUDE_PAID
shopify_US_7537009033313_44083548651617,EXCLUDE_PAID
shopify_US_7537009033313_44083548684385,EXCLUDE_PAID
shopify_US_7537009033313_44083548717153,EXCLUDE_PAID
shopify_US_7537009033313_44083548749921,EXCLUDE_PAID
shopify_US_7537009033313_44083548782689,EXCLUDE_PAID
shopify_US_7537009033313_44083548815457,EXCLUDE_PAID
shopify_US_7537009033313_44083548848225,EXCLUDE_PAID
shopify_US_7537009033313_44083548880993,EXCLUDE_PAID
shopify_US_7537009033313_44083548913761,EXCLUDE_PAID
shopify_US_7537009033313_44083548946529,EXCLUDE_PAID
shopify_US_7537009033313_44083548979297,EXCLUDE_PAID
shopify_US_7537009033313_44083549012065,EXCLUDE_PAID
shopify_US_7537009033313_44083549044833,EXCLUDE_PAID
shopify_US_7537009033313_44083549077601,EXCLUDE_PAID
shopify_US_7537009033313_44083549110369,EXCLUDE_PAID
shopify_US_7537009033313_44083549143137,EXCLUDE_PAID
shopify_US_7537009033313_44083549175905,EXCLUDE_PAID
shopify_US_7537009033313_44083549208673,EXCLUDE_PAID
shopify_US_7537009033313_44083549241441,EXCLUDE_PAID
shopify_US_7537009033313_44083549274209,EXCLUDE_PAID
shopify_US_7537025613921_44083599933537,EXCLUDE_PAID
shopify_US_7537025613921_44083599966305,EXCLUDE_PAID
shopify_US_7537025613921_44083599999073,EXCLUDE_PAID
shopify_US_7537025613921_44083600031841,EXCLUDE_PAID
shopify_US_7537025613921_44083600064609,EXCLUDE_PAID
shopify_US_7537025613921_44083600097377,EXCLUDE_PAID
shopify_US_7537025613921_44083600130145,EXCLUDE_PAID
shopify_US_7537025613921_44083600162913,EXCLUDE_PAID
shopify_US_7537025613921_44083600195681,EXCLUDE_PAID
shopify_US_7537025613921_44083600228449,EXCLUDE_PAID
shopify_US_7537025613921_44083600261217,EXCLUDE_PAID
shopify_US_7537030234209_44083621068897,EXCLUDE_PAID
shopify_US_7537030234209_44083621101665,EXCLUDE_PAID
shopify_US_7537030234209_44083621134433,EXCLUDE_PAID
shopify_US_7537030234209_44083621167201,EXCLUDE_PAID
shopify_US_7537030234209_44083621199969,EXCLUDE_PAID
shopify_US_7537030234209_44083621232737,EXCLUDE_PAID
shopify_US_7537030234209_44083621265505,EXCLUDE_PAID
shopify_US_7537030234209_44083621298273,EXCLUDE_PAID
shopify_US_7537030234209_44083621331041,EXCLUDE_PAID
shopify_US_7537030234209_44083621363809,EXCLUDE_PAID
shopify_US_7537030234209_44083621396577,EXCLUDE_PAID
shopify_US_7537030234209_44083621429345,EXCLUDE_PAID
shopify_US_7537030234209_44083621462113,EXCLUDE_PAID
shopify_US_7537030234209_44083621494881,EXCLUDE_PAID
shopify_US_7537030234209_44083621527649,EXCLUDE_PAID
shopify_US_7537030234209_44083621560417,EXCLUDE_PAID
shopify_US_7537030234209_44083621593185,EXCLUDE_PAID
shopify_US_7537030234209_44083621625953,EXCLUDE_PAID
shopify_US_7537030234209_44083621658721,EXCLUDE_PAID
shopify_US_7537030234209_44083621691489,EXCLUDE_PAID
shopify_US_7537030234209_44083621724257,EXCLUDE_PAID
shopify_US_7537030234209_44083621757025,EXCLUDE_PAID
shopify_US_7537030234209_44083621789793,EXCLUDE_PAID
shopify_US_7537030234209_44083621822561,EXCLUDE_PAID
shopify_US_7537030234209_44083621855329,EXCLUDE_PAID
shopify_US_7537038917729_44083660849249,EXCLUDE_PAID
shopify_US_7537038917729_44083660882017,EXCLUDE_PAID
shopify_US_7537038917729_44083660914785,EXCLUDE_PAID
shopify_US_7537038917729_44083660947553,EXCLUDE_PAID
shopify_US_7537038917729_44083660980321,EXCLUDE_PAID
shopify_US_7537038917729_44083661013089,EXCLUDE_PAID
shopify_US_7537038917729_44083661045857,EXCLUDE_PAID
shopify_US_7537038917729_44083661078625,EXCLUDE_PAID
shopify_US_7537038917729_44083661111393,EXCLUDE_PAID
shopify_US_7537038917729_44083661144161,EXCLUDE_PAID
shopify_US_7537038917729_44083661176929,EXCLUDE_PAID
shopify_US_7537038917729_44083661209697,EXCLUDE_PAID
shopify_US_7537038917729_44083661242465,EXCLUDE_PAID
shopify_US_7537038917729_44083661275233,EXCLUDE_PAID
shopify_US_7537038917729_44083661308001,EXCLUDE_PAID
shopify_US_7537038917729_44083661340769,EXCLUDE_PAID
shopify_US_7537038917729_44083661373537,EXCLUDE_PAID
shopify_US_7537038917729_44083661406305,EXCLUDE_PAID
shopify_US_7537038917729_44083661439073,EXCLUDE_PAID
shopify_US_7537038917729_44083661471841,EXCLUDE_PAID
shopify_US_7537038917729_44083661504609,EXCLUDE_PAID
shopify_US_7537038917729_44083661537377,EXCLUDE_PAID
shopify_US_7537038917729_44083661570145,EXCLUDE_PAID
shopify_US_7537038917729_44083661602913,EXCLUDE_PAID
shopify_US_7537038917729_44083661635681,EXCLUDE_PAID
shopify_US_7537041342561_44083683000417,EXCLUDE_PAID
shopify_US_7537041342561_44083683033185,EXCLUDE_PAID
shopify_US_7537041342561_44083683065953,EXCLUDE_PAID
shopify_US_7537041342561_44083683098721,EXCLUDE_PAID
shopify_US_7537041342561_44083683131489,EXCLUDE_PAID
shopify_US_7537041342561_44083683164257,EXCLUDE_PAID
shopify_US_7537041342561_44083683197025,EXCLUDE_PAID
shopify_US_7537041342561_44083683229793,EXCLUDE_PAID
shopify_US_7537041342561_44083683262561,EXCLUDE_PAID
shopify_US_7537041342561_44083683295329,EXCLUDE_PAID
shopify_US_7537041342561_44083683328097,EXCLUDE_PAID
shopify_US_7537041342561_44083683360865,EXCLUDE_PAID
shopify_US_7537041342561_44083683393633,EXCLUDE_PAID
shopify_US_7537041342561_44083683426401,EXCLUDE_PAID
shopify_US_7537041342561_44083683459169,EXCLUDE_PAID
shopify_US_7537041342561_44083683491937,EXCLUDE_PAID
shopify_US_7537041342561_44083683524705,EXCLUDE_PAID
shopify_US_7537041342561_44083683557473,EXCLUDE_PAID
shopify_US_7537041342561_44083683590241,EXCLUDE_PAID
shopify_US_7537041342561_44083683623009,EXCLUDE_PAID
shopify_US_7537041342561_44083683655777,EXCLUDE_PAID
shopify_US_7537041342561_44083683688545,EXCLUDE_PAID
shopify_US_7537041342561_44083683721313,EXCLUDE_PAID
shopify_US_7537041342561_44083683754081,EXCLUDE_PAID
shopify_US_7537041342561_44083683786849,EXCLUDE_PAID
shopify_US_7537069752417_44083793395809,EXCLUDE_PAID
shopify_US_7537069752417_44083793428577,EXCLUDE_PAID
shopify_US_7537069752417_44083793461345,EXCLUDE_PAID
shopify_US_7537069752417_44083793494113,EXCLUDE_PAID
shopify_US_7537069752417_44083793526881,EXCLUDE_PAID
shopify_US_7537069752417_44083793559649,EXCLUDE_PAID
shopify_US_7537069752417_44083793592417,EXCLUDE_PAID
shopify_US_7537069752417_44083793625185,EXCLUDE_PAID
shopify_US_7537069752417_44083793657953,EXCLUDE_PAID
shopify_US_7537069752417_44083793690721,EXCLUDE_PAID
shopify_US_7537069752417_44083793723489,EXCLUDE_PAID
shopify_US_7537069752417_44083793756257,EXCLUDE_PAID
shopify_US_7537069752417_44083793789025,EXCLUDE_PAID
shopify_US_7537069752417_44083793821793,EXCLUDE_PAID
shopify_US_7537069752417_44083793854561,EXCLUDE_PAID
shopify_US_7537069752417_44083793887329,EXCLUDE_PAID
shopify_US_7537069752417_44083793920097,EXCLUDE_PAID
shopify_US_7537069752417_44083793952865,EXCLUDE_PAID
shopify_US_7537069752417_44083793985633,EXCLUDE_PAID
shopify_US_7537069752417_44083794018401,EXCLUDE_PAID
shopify_US_7537069752417_44083794051169,EXCLUDE_PAID
shopify_US_7537069752417_44083794083937,EXCLUDE_PAID
shopify_US_7537069752417_44083794116705,EXCLUDE_PAID
shopify_US_7537069752417_44083794149473,EXCLUDE_PAID
shopify_US_7537069752417_44083794182241,EXCLUDE_PAID
shopify_US_7537069752417_44083794215009,EXCLUDE_PAID
shopify_US_7537069752417_44083794247777,EXCLUDE_PAID
shopify_US_7537069752417_44083794280545,EXCLUDE_PAID
shopify_US_7537105961057_44083932397665,EXCLUDE_PAID
shopify_US_7537105961057_44083932430433,EXCLUDE_PAID
shopify_US_7537105961057_44083932463201,EXCLUDE_PAID
shopify_US_7537105961057_44083932495969,EXCLUDE_PAID
shopify_US_7537105961057_44083932528737,EXCLUDE_PAID
shopify_US_7537105961057_44083932561505,EXCLUDE_PAID
shopify_US_7537105961057_44083932594273,EXCLUDE_PAID
shopify_US_7537105961057_44083932627041,EXCLUDE_PAID
shopify_US_7537105961057_44083932659809,EXCLUDE_PAID
shopify_US_7537105961057_44083932692577,EXCLUDE_PAID
shopify_US_7537105961057_44083932725345,EXCLUDE_PAID
shopify_US_7537105961057_44083932758113,EXCLUDE_PAID
shopify_US_7537105961057_44083932790881,EXCLUDE_PAID
shopify_US_7537105961057_44083932823649,EXCLUDE_PAID
shopify_US_7537105961057_44083932856417,EXCLUDE_PAID
shopify_US_7537105961057_44083932889185,EXCLUDE_PAID
shopify_US_7537105961057_44083932921953,EXCLUDE_PAID
shopify_US_7537105961057_44083932954721,EXCLUDE_PAID
shopify_US_7537105961057_44083932987489,EXCLUDE_PAID
shopify_US_7537105961057_44083933020257,EXCLUDE_PAID
shopify_US_7537105961057_44083933053025,EXCLUDE_PAID
shopify_US_7537105961057_44083933085793,EXCLUDE_PAID
shopify_US_7537105961057_44083933118561,EXCLUDE_PAID
shopify_US_7537105961057_44083933151329,EXCLUDE_PAID
shopify_US_7537109991521_44083954876513,EXCLUDE_PAID
shopify_US_7537109991521_44083954909281,EXCLUDE_PAID
shopify_US_7537109991521_44083954942049,EXCLUDE_PAID
shopify_US_7537109991521_44083954974817,EXCLUDE_PAID
shopify_US_7537109991521_44083955007585,EXCLUDE_PAID
shopify_US_7537109991521_44083955040353,EXCLUDE_PAID
shopify_US_7537109991521_44083955073121,EXCLUDE_PAID
shopify_US_7537109991521_44083955105889,EXCLUDE_PAID
shopify_US_7537109991521_44083955138657,EXCLUDE_PAID
shopify_US_7537109991521_44083955171425,EXCLUDE_PAID
shopify_US_7537109991521_44083955204193,EXCLUDE_PAID
shopify_US_7537109991521_44083955236961,EXCLUDE_PAID
shopify_US_7537109991521_44083955269729,EXCLUDE_PAID
shopify_US_7537109991521_44083955302497,EXCLUDE_PAID
shopify_US_7537109991521_44083955335265,EXCLUDE_PAID
shopify_US_7537109991521_44083955368033,EXCLUDE_PAID
shopify_US_7537109991521_44083955400801,EXCLUDE_PAID
shopify_US_7537109991521_44083955433569,EXCLUDE_PAID
shopify_US_7537113563233_44083974078561,EXCLUDE_PAID
shopify_US_7537113563233_44083974111329,EXCLUDE_PAID
shopify_US_7537113563233_44083974144097,EXCLUDE_PAID
shopify_US_7537113563233_44083974176865,EXCLUDE_PAID
shopify_US_7537113563233_44083974209633,EXCLUDE_PAID
shopify_US_7537113563233_44083974242401,EXCLUDE_PAID
shopify_US_7537113563233_44083974275169,EXCLUDE_PAID
shopify_US_7537113563233_44083974307937,EXCLUDE_PAID
shopify_US_7537113563233_44083974340705,EXCLUDE_PAID
shopify_US_7537113563233_44083974373473,EXCLUDE_PAID
shopify_US_7537113563233_44083974406241,EXCLUDE_PAID
shopify_US_7537113563233_44083974439009,EXCLUDE_PAID
shopify_US_7537113563233_44083974471777,EXCLUDE_PAID
shopify_US_7537113563233_44083974504545,EXCLUDE_PAID
shopify_US_7537113563233_44083974537313,EXCLUDE_PAID
shopify_US_7537113563233_44083974570081,EXCLUDE_PAID
shopify_US_7537113563233_44083974602849,EXCLUDE_PAID
shopify_US_7537113563233_44083974635617,EXCLUDE_PAID
shopify_US_7537113563233_44083974668385,EXCLUDE_PAID
shopify_US_7537113563233_44083974701153,EXCLUDE_PAID
shopify_US_7537113563233_44083974733921,EXCLUDE_PAID
shopify_US_7537113563233_44083974766689,EXCLUDE_PAID
shopify_US_7537113563233_44083974799457,EXCLUDE_PAID
shopify_US_7537120870497_44084011073633,EXCLUDE_PAID
shopify_US_7537120870497_44084011106401,EXCLUDE_PAID
shopify_US_7537120870497_44084011139169,EXCLUDE_PAID
shopify_US_7537120870497_44084011171937,EXCLUDE_PAID
shopify_US_7537120870497_44084011204705,EXCLUDE_PAID
shopify_US_7537120870497_44084011237473,EXCLUDE_PAID
shopify_US_7537120870497_44084011270241,EXCLUDE_PAID
shopify_US_7537120870497_44084011303009,EXCLUDE_PAID
shopify_US_7537120870497_44084011335777,EXCLUDE_PAID
shopify_US_7537120870497_44084011368545,EXCLUDE_PAID
shopify_US_7537120870497_44084011401313,EXCLUDE_PAID
shopify_US_7537120870497_44084011434081,EXCLUDE_PAID
shopify_US_7537120870497_44084011466849,EXCLUDE_PAID
shopify_US_7537120870497_44084011499617,EXCLUDE_PAID
shopify_US_7537120870497_44084011532385,EXCLUDE_PAID
shopify_US_7537120870497_44084011565153,EXCLUDE_PAID
shopify_US_7537120870497_44084011597921,EXCLUDE_PAID
shopify_US_7537120870497_44084011630689,EXCLUDE_PAID
shopify_US_7537120870497_44084011663457,EXCLUDE_PAID
shopify_US_7537120870497_44084011696225,EXCLUDE_PAID
shopify_US_7537120870497_44084011728993,EXCLUDE_PAID
shopify_US_7537120870497_44084011761761,EXCLUDE_PAID
shopify_US_7537120870497_44084011794529,EXCLUDE_PAID
shopify_US_7537120870497_44084011827297,EXCLUDE_PAID
shopify_US_7537120870497_44084011860065,EXCLUDE_PAID
shopify_US_7536982163553_44084114980961,EXCLUDE_PAID
shopify_US_7536982163553_44084117143649,EXCLUDE_PAID
shopify_US_7536982163553_44084119502945,EXCLUDE_PAID
shopify_US_7537227890785_44084490174561,EXCLUDE_PAID
shopify_US_7537227890785_44084490207329,EXCLUDE_PAID
shopify_US_7537227890785_44084490240097,EXCLUDE_PAID
shopify_US_7537227890785_44084490272865,EXCLUDE_PAID
shopify_US_7537227890785_44084490305633,EXCLUDE_PAID
shopify_US_7537227890785_44084490338401,EXCLUDE_PAID
shopify_US_7537227890785_44084490371169,EXCLUDE_PAID
shopify_US_7537227890785_44084490403937,EXCLUDE_PAID
shopify_US_7537227890785_44084490436705,EXCLUDE_PAID
shopify_US_7537227890785_44084490469473,EXCLUDE_PAID
shopify_US_7537227890785_44084490502241,EXCLUDE_PAID
shopify_US_7537227890785_44084490535009,EXCLUDE_PAID
shopify_US_7537227890785_44084490567777,EXCLUDE_PAID
shopify_US_7537227890785_44084490600545,EXCLUDE_PAID
shopify_US_7537227890785_44084490633313,EXCLUDE_PAID
shopify_US_7537227890785_44084490666081,EXCLUDE_PAID
shopify_US_7537227890785_44084490698849,EXCLUDE_PAID
shopify_US_7537227890785_44084490731617,EXCLUDE_PAID
shopify_US_7537227890785_44084490764385,EXCLUDE_PAID
shopify_US_7537227890785_44084490797153,EXCLUDE_PAID
shopify_US_7537227890785_44084490829921,EXCLUDE_PAID
shopify_US_7537227890785_44084490862689,EXCLUDE_PAID
shopify_US_7537227890785_44084490895457,EXCLUDE_PAID
shopify_US_7537227890785_44084490928225,EXCLUDE_PAID
shopify_US_7537227890785_44084490960993,EXCLUDE_PAID
shopify_US_7537227890785_44084490993761,EXCLUDE_PAID
shopify_US_7537227890785_44084491026529,EXCLUDE_PAID
shopify_US_7537227890785_44084491059297,EXCLUDE_PAID
shopify_US_7537227890785_44084491092065,EXCLUDE_PAID
shopify_US_7537227890785_44084491124833,EXCLUDE_PAID
shopify_US_7537227890785_44084491157601,EXCLUDE_PAID
shopify_US_7537227890785_44084491190369,EXCLUDE_PAID
shopify_US_7537227890785_44084491223137,EXCLUDE_PAID
shopify_US_7537227890785_44084491255905,EXCLUDE_PAID
shopify_US_7537227890785_44084491288673,EXCLUDE_PAID
shopify_US_7537227890785_44084491321441,EXCLUDE_PAID
shopify_US_7537227890785_44084491354209,EXCLUDE_PAID
shopify_US_7537227890785_44084491386977,EXCLUDE_PAID
shopify_US_7537227890785_44084491419745,EXCLUDE_PAID
shopify_US_7537227890785_44084491452513,EXCLUDE_PAID
shopify_US_7537227890785_44084491485281,EXCLUDE_PAID
shopify_US_7537227890785_44084491518049,EXCLUDE_PAID
shopify_US_7537227890785_44084491550817,EXCLUDE_PAID
shopify_US_7537227890785_44084491583585,EXCLUDE_PAID
shopify_US_7537227890785_44084491616353,EXCLUDE_PAID
shopify_US_7537227890785_44084491649121,EXCLUDE_PAID
shopify_US_7537227890785_44084491681889,EXCLUDE_PAID
shopify_US_7537227890785_44084491714657,EXCLUDE_PAID
shopify_US_7537227890785_44084491747425,EXCLUDE_PAID
shopify_US_7537227890785_44084491780193,EXCLUDE_PAID
shopify_US_7537227890785_44084491812961,EXCLUDE_PAID
shopify_US_7537227890785_44084491845729,EXCLUDE_PAID
shopify_US_7537227890785_44084491878497,EXCLUDE_PAID
shopify_US_7537227890785_44084491911265,EXCLUDE_PAID
shopify_US_7537366597729_44085185052769,EXCLUDE_PAID
shopify_US_7537366597729_44085185085537,EXCLUDE_PAID
shopify_US_7537366597729_44085185118305,EXCLUDE_PAID
shopify_US_7537366597729_44085185151073,EXCLUDE_PAID
shopify_US_7537366597729_44085185183841,EXCLUDE_PAID
shopify_US_7537366597729_44085185216609,EXCLUDE_PAID
shopify_US_7537366597729_44085185249377,EXCLUDE_PAID
shopify_US_7537367023713_44085186166881,EXCLUDE_PAID
shopify_US_7537367023713_44085186199649,EXCLUDE_PAID
shopify_US_7537367023713_44085186232417,EXCLUDE_PAID
shopify_US_7537367023713_44085186265185,EXCLUDE_PAID
shopify_US_7537367023713_44085186297953,EXCLUDE_PAID
shopify_US_7537367023713_44085186330721,EXCLUDE_PAID
shopify_US_7537367023713_44085186363489,EXCLUDE_PAID
shopify_US_7537367023713_44085186396257,EXCLUDE_PAID
shopify_US_7537367023713_44085186429025,EXCLUDE_PAID
shopify_US_7537367023713_44085186461793,EXCLUDE_PAID
shopify_US_7537367023713_44085186494561,EXCLUDE_PAID
shopify_US_7537367023713_44085186527329,EXCLUDE_PAID
shopify_US_7537367023713_44085186560097,EXCLUDE_PAID
shopify_US_7537367023713_44085186592865,EXCLUDE_PAID
shopify_US_7537367023713_44085186625633,EXCLUDE_PAID
shopify_US_7537367023713_44085186658401,EXCLUDE_PAID
shopify_US_7537367023713_44085186691169,EXCLUDE_PAID
shopify_US_7537367023713_44085186723937,EXCLUDE_PAID
shopify_US_7537367023713_44085186756705,EXCLUDE_PAID
shopify_US_7537367023713_44085186789473,EXCLUDE_PAID
shopify_US_7537367023713_44085186822241,EXCLUDE_PAID
shopify_US_7537367023713_44085186855009,EXCLUDE_PAID
shopify_US_7537367023713_44085186887777,EXCLUDE_PAID
shopify_US_7537367023713_44085186920545,EXCLUDE_PAID
shopify_US_7537367023713_44085186953313,EXCLUDE_PAID
shopify_US_7537367023713_44085186986081,EXCLUDE_PAID
shopify_US_7537367023713_44085187018849,EXCLUDE_PAID
shopify_US_7537367023713_44085187051617,EXCLUDE_PAID
shopify_US_7537367023713_44085187084385,EXCLUDE_PAID
shopify_US_7537367023713_44085187117153,EXCLUDE_PAID
shopify_US_7537367023713_44085187149921,EXCLUDE_PAID
shopify_US_7537367056481_44085187280993,EXCLUDE_PAID
shopify_US_7537367056481_44085187313761,EXCLUDE_PAID
shopify_US_7537367056481_44085187346529,EXCLUDE_PAID
shopify_US_7537367056481_44085187379297,EXCLUDE_PAID
shopify_US_7537367056481_44085187412065,EXCLUDE_PAID
shopify_US_7537367056481_44085187444833,EXCLUDE_PAID
shopify_US_7537367056481_44085187477601,EXCLUDE_PAID
shopify_US_7537367056481_44085187510369,EXCLUDE_PAID
shopify_US_7537367056481_44085187543137,EXCLUDE_PAID
shopify_US_7537367056481_44085187575905,EXCLUDE_PAID
shopify_US_7537367056481_44085187608673,EXCLUDE_PAID
shopify_US_7537367056481_44085187641441,EXCLUDE_PAID
shopify_US_7537367056481_44085187674209,EXCLUDE_PAID
shopify_US_7537367056481_44085187706977,EXCLUDE_PAID
shopify_US_7537367056481_44085187739745,EXCLUDE_PAID
shopify_US_7537367056481_44085187772513,EXCLUDE_PAID
shopify_US_7537367056481_44085187805281,EXCLUDE_PAID
shopify_US_7537367056481_44085187838049,EXCLUDE_PAID
shopify_US_7537367056481_44085187870817,EXCLUDE_PAID
shopify_US_7537367056481_44085187903585,EXCLUDE_PAID
shopify_US_7537367056481_44085187936353,EXCLUDE_PAID
shopify_US_7537367056481_44085187969121,EXCLUDE_PAID
shopify_US_7537367056481_44085188001889,EXCLUDE_PAID
shopify_US_7537367056481_44085188034657,EXCLUDE_PAID
shopify_US_7537367056481_44085188067425,EXCLUDE_PAID
shopify_US_7537367056481_44085188100193,EXCLUDE_PAID
shopify_US_7537367056481_44085188132961,EXCLUDE_PAID
shopify_US_7537367056481_44085188165729,EXCLUDE_PAID
shopify_US_7537367384161_44085188755553,EXCLUDE_PAID
shopify_US_7537367384161_44085188788321,EXCLUDE_PAID
shopify_US_7537367384161_44085188821089,EXCLUDE_PAID
shopify_US_7537367384161_44085188853857,EXCLUDE_PAID
shopify_US_7537367384161_44085188886625,EXCLUDE_PAID
shopify_US_7537367384161_44085188919393,EXCLUDE_PAID
shopify_US_7537367384161_44085188952161,EXCLUDE_PAID
shopify_US_7537367384161_44085188984929,EXCLUDE_PAID
shopify_US_7537367384161_44085189017697,EXCLUDE_PAID
shopify_US_7537367384161_44085189050465,EXCLUDE_PAID
shopify_US_7537367384161_44085189083233,EXCLUDE_PAID
shopify_US_7537367384161_44085189116001,EXCLUDE_PAID
shopify_US_7537367384161_44085189148769,EXCLUDE_PAID
shopify_US_7537367384161_44085189181537,EXCLUDE_PAID
shopify_US_7537367384161_44085189214305,EXCLUDE_PAID
shopify_US_7537367384161_44085189247073,EXCLUDE_PAID
shopify_US_7537367384161_44085189279841,EXCLUDE_PAID
shopify_US_7537367384161_44085189312609,EXCLUDE_PAID
shopify_US_7537367384161_44085189345377,EXCLUDE_PAID
shopify_US_7537367384161_44085189378145,EXCLUDE_PAID
shopify_US_7537367384161_44085189410913,EXCLUDE_PAID
shopify_US_7537367384161_44085189443681,EXCLUDE_PAID
shopify_US_7537367384161_44085189476449,EXCLUDE_PAID
shopify_US_7537367384161_44085189509217,EXCLUDE_PAID
shopify_US_7537367384161_44085189541985,EXCLUDE_PAID
shopify_US_7537367384161_44085189574753,EXCLUDE_PAID
shopify_US_7537367384161_44085189607521,EXCLUDE_PAID
shopify_US_7537367384161_44085189640289,EXCLUDE_PAID
shopify_US_7537367679073_44085190656097,EXCLUDE_PAID
shopify_US_7537367679073_44085190688865,EXCLUDE_PAID
shopify_US_7537367679073_44085190721633,EXCLUDE_PAID
shopify_US_7537367679073_44085190754401,EXCLUDE_PAID
shopify_US_7537367679073_44085190787169,EXCLUDE_PAID
shopify_US_7537367679073_44085190819937,EXCLUDE_PAID
shopify_US_7537367679073_44085190852705,EXCLUDE_PAID
shopify_US_7537367679073_44085190885473,EXCLUDE_PAID
shopify_US_7537367679073_44085190918241,EXCLUDE_PAID
shopify_US_7537367679073_44085190951009,EXCLUDE_PAID
shopify_US_7537367679073_44085190983777,EXCLUDE_PAID
shopify_US_7537367679073_44085191016545,EXCLUDE_PAID
shopify_US_7537367679073_44085191049313,EXCLUDE_PAID
shopify_US_7537367679073_44085191082081,EXCLUDE_PAID
shopify_US_7537367679073_44085191114849,EXCLUDE_PAID
shopify_US_7537367679073_44085191147617,EXCLUDE_PAID
shopify_US_7537367679073_44085191180385,EXCLUDE_PAID
shopify_US_7537367679073_44085191213153,EXCLUDE_PAID
shopify_US_7537367679073_44085191245921,EXCLUDE_PAID
shopify_US_7537367679073_44085191278689,EXCLUDE_PAID
shopify_US_7537367679073_44085191311457,EXCLUDE_PAID
shopify_US_7537367679073_44085191344225,EXCLUDE_PAID
shopify_US_7537367679073_44085191376993,EXCLUDE_PAID
shopify_US_7537367679073_44085191409761,EXCLUDE_PAID
shopify_US_7537367679073_44085191442529,EXCLUDE_PAID
shopify_US_7537367679073_44085191475297,EXCLUDE_PAID
shopify_US_7537367679073_44085191508065,EXCLUDE_PAID
shopify_US_7537367679073_44085191540833,EXCLUDE_PAID
shopify_US_7537367744609_44085191671905,EXCLUDE_PAID
shopify_US_7537367744609_44085191704673,EXCLUDE_PAID
shopify_US_7537367744609_44085191737441,EXCLUDE_PAID
shopify_US_7537367744609_44085191770209,EXCLUDE_PAID
shopify_US_7537367744609_44085191802977,EXCLUDE_PAID
shopify_US_7537367744609_44085191835745,EXCLUDE_PAID
shopify_US_7537367744609_44085191868513,EXCLUDE_PAID
shopify_US_7537367744609_44085191901281,EXCLUDE_PAID
shopify_US_7537367744609_44085191934049,EXCLUDE_PAID
shopify_US_7537367744609_44085191966817,EXCLUDE_PAID
shopify_US_7537367744609_44085191999585,EXCLUDE_PAID
shopify_US_7537367744609_44085192032353,EXCLUDE_PAID
shopify_US_7537367744609_44085192065121,EXCLUDE_PAID
shopify_US_7537367744609_44085192097889,EXCLUDE_PAID
shopify_US_7537369088097_44085194326113,EXCLUDE_PAID
shopify_US_7537369088097_44085194358881,EXCLUDE_PAID
shopify_US_7537369088097_44085194391649,EXCLUDE_PAID
shopify_US_7537369088097_44085194424417,EXCLUDE_PAID
shopify_US_7537369088097_44085194457185,EXCLUDE_PAID
shopify_US_7537369088097_44085194489953,EXCLUDE_PAID
shopify_US_7537369088097_44085194522721,EXCLUDE_PAID
shopify_US_7537369088097_44085194555489,EXCLUDE_PAID
shopify_US_7537369088097_44085194588257,EXCLUDE_PAID
shopify_US_7537369088097_44085194621025,EXCLUDE_PAID
shopify_US_7537369088097_44085194653793,EXCLUDE_PAID
shopify_US_7537369088097_44085194686561,EXCLUDE_PAID
shopify_US_7537369088097_44085194719329,EXCLUDE_PAID
shopify_US_7537369088097_44085194752097,EXCLUDE_PAID
shopify_US_7537369088097_44085195243617,EXCLUDE_PAID
shopify_US_7537369088097_44085195276385,EXCLUDE_PAID
shopify_US_7537369088097_44085195309153,EXCLUDE_PAID
shopify_US_7537369088097_44085195341921,EXCLUDE_PAID
shopify_US_7537369088097_44085195374689,EXCLUDE_PAID
shopify_US_7537369088097_44085195407457,EXCLUDE_PAID
shopify_US_7537369088097_44085195440225,EXCLUDE_PAID
shopify_US_7537369088097_44085195472993,EXCLUDE_PAID
shopify_US_7537369088097_44085195505761,EXCLUDE_PAID
shopify_US_7537369088097_44085195538529,EXCLUDE_PAID
shopify_US_7537369088097_44085195571297,EXCLUDE_PAID
shopify_US_7537369088097_44085195604065,EXCLUDE_PAID
shopify_US_7537369088097_44085195636833,EXCLUDE_PAID
shopify_US_7537369088097_44085195669601,EXCLUDE_PAID
shopify_US_7537369120865_44085195735137,EXCLUDE_PAID
shopify_US_7537369120865_44085195767905,EXCLUDE_PAID
shopify_US_7537369120865_44085195800673,EXCLUDE_PAID
shopify_US_7537369120865_44085195833441,EXCLUDE_PAID
shopify_US_7537369120865_44085195866209,EXCLUDE_PAID
shopify_US_7537369120865_44085195898977,EXCLUDE_PAID
shopify_US_7537369120865_44085195931745,EXCLUDE_PAID
shopify_US_7537369120865_44085195964513,EXCLUDE_PAID
shopify_US_7537369120865_44085195997281,EXCLUDE_PAID
shopify_US_7537369120865_44085196030049,EXCLUDE_PAID
shopify_US_7537369120865_44085196062817,EXCLUDE_PAID
shopify_US_7537370628193_44085198356577,EXCLUDE_PAID
shopify_US_7537370628193_44085198389345,EXCLUDE_PAID
shopify_US_7537370628193_44085198422113,EXCLUDE_PAID
shopify_US_7537370628193_44085198454881,EXCLUDE_PAID
shopify_US_7537370628193_44085198487649,EXCLUDE_PAID
shopify_US_7537370628193_44085198520417,EXCLUDE_PAID
shopify_US_7537370628193_44085198553185,EXCLUDE_PAID
shopify_US_7537370628193_44085198585953,EXCLUDE_PAID
shopify_US_7537370628193_44085198618721,EXCLUDE_PAID
shopify_US_7537370628193_44085198651489,EXCLUDE_PAID
shopify_US_7537370628193_44085198684257,EXCLUDE_PAID
shopify_US_7537370628193_44085198717025,EXCLUDE_PAID
shopify_US_7537370628193_44085198749793,EXCLUDE_PAID
shopify_US_7537370628193_44085198782561,EXCLUDE_PAID
shopify_US_7537370628193_44085198815329,EXCLUDE_PAID
shopify_US_7537370628193_44085198848097,EXCLUDE_PAID
shopify_US_7537370628193_44085198880865,EXCLUDE_PAID
shopify_US_7537370628193_44085198913633,EXCLUDE_PAID
shopify_US_7537370628193_44085198946401,EXCLUDE_PAID
shopify_US_7537370628193_44085198979169,EXCLUDE_PAID
shopify_US_7537370628193_44085199011937,EXCLUDE_PAID
shopify_US_7537370628193_44085199044705,EXCLUDE_PAID
shopify_US_7537370628193_44085199077473,EXCLUDE_PAID
shopify_US_7537370628193_44085199110241,EXCLUDE_PAID
shopify_US_7537370628193_44085199143009,EXCLUDE_PAID
shopify_US_7537370628193_44085199175777,EXCLUDE_PAID
shopify_US_7537370628193_44085199208545,EXCLUDE_PAID
shopify_US_7537370628193_44085199241313,EXCLUDE_PAID
shopify_US_7537370628193_44085199274081,EXCLUDE_PAID
shopify_US_7537370628193_44085199306849,EXCLUDE_PAID
shopify_US_7537370628193_44085199339617,EXCLUDE_PAID
shopify_US_7537370628193_44085199372385,EXCLUDE_PAID
shopify_US_7537370628193_44085199405153,EXCLUDE_PAID
shopify_US_7537370628193_44085199437921,EXCLUDE_PAID
shopify_US_7537370628193_44085199470689,EXCLUDE_PAID
shopify_US_7537370628193_44085199503457,EXCLUDE_PAID
shopify_US_7537370628193_44085199536225,EXCLUDE_PAID
shopify_US_7537370628193_44085199568993,EXCLUDE_PAID
shopify_US_7537370628193_44085199601761,EXCLUDE_PAID
shopify_US_7537370857569_44085200748641,EXCLUDE_PAID
shopify_US_7537370857569_44085200781409,EXCLUDE_PAID
shopify_US_7537370857569_44085200814177,EXCLUDE_PAID
shopify_US_7537370857569_44085200846945,EXCLUDE_PAID
shopify_US_7537370857569_44085200879713,EXCLUDE_PAID
shopify_US_7537370857569_44085200912481,EXCLUDE_PAID
shopify_US_7537370857569_44085200945249,EXCLUDE_PAID
shopify_US_7537370857569_44085200978017,EXCLUDE_PAID
shopify_US_7537370857569_44085201010785,EXCLUDE_PAID
shopify_US_7537370857569_44085201043553,EXCLUDE_PAID
shopify_US_7537370857569_44085201076321,EXCLUDE_PAID
shopify_US_7537370857569_44085201109089,EXCLUDE_PAID
shopify_US_7537370857569_44085201141857,EXCLUDE_PAID
shopify_US_7537370857569_44085201174625,EXCLUDE_PAID
shopify_US_7537372463201_44085204418657,EXCLUDE_PAID
shopify_US_7537372463201_44085204451425,EXCLUDE_PAID
shopify_US_7537372463201_44085204484193,EXCLUDE_PAID
shopify_US_7537372463201_44085204516961,EXCLUDE_PAID
shopify_US_7537372463201_44085204549729,EXCLUDE_PAID
shopify_US_7537372463201_44085204582497,EXCLUDE_PAID
shopify_US_7537372463201_44085204615265,EXCLUDE_PAID
shopify_US_7537372463201_44085204648033,EXCLUDE_PAID
shopify_US_7537372463201_44085204680801,EXCLUDE_PAID
shopify_US_7537372463201_44085204713569,EXCLUDE_PAID
shopify_US_7537366597729_44085209628769,EXCLUDE_PAID
shopify_US_7537366597729_44085209661537,EXCLUDE_PAID
shopify_US_7537366597729_44085209694305,EXCLUDE_PAID
shopify_US_7537366597729_44085209727073,EXCLUDE_PAID
shopify_US_7537366597729_44085209759841,EXCLUDE_PAID
shopify_US_7537366597729_44085209792609,EXCLUDE_PAID
shopify_US_7537366597729_44085209825377,EXCLUDE_PAID
shopify_US_7537920999521_44087753605217,EXCLUDE_PAID
shopify_US_7537920999521_44087753637985,EXCLUDE_PAID
shopify_US_7537920999521_44087753670753,EXCLUDE_PAID
shopify_US_7537920999521_44087753703521,EXCLUDE_PAID
shopify_US_7537920999521_44087753736289,EXCLUDE_PAID
shopify_US_7537920999521_44087753769057,EXCLUDE_PAID
shopify_US_7537920999521_44087753801825,EXCLUDE_PAID
shopify_US_7537920999521_44087753834593,EXCLUDE_PAID
shopify_US_7537920999521_44087753867361,EXCLUDE_PAID
shopify_US_7537920999521_44087753900129,EXCLUDE_PAID
shopify_US_7537920999521_44087753932897,EXCLUDE_PAID
shopify_US_7537920999521_44087753965665,EXCLUDE_PAID
shopify_US_7537920999521_44087753998433,EXCLUDE_PAID
shopify_US_7537920999521_44087754031201,EXCLUDE_PAID
shopify_US_7537920999521_44087754063969,EXCLUDE_PAID
shopify_US_7537920999521_44087754096737,EXCLUDE_PAID
shopify_US_7537920999521_44087754129505,EXCLUDE_PAID
shopify_US_7537920999521_44087754162273,EXCLUDE_PAID
shopify_US_7537920999521_44087754195041,EXCLUDE_PAID
shopify_US_7537920999521_44087754227809,EXCLUDE_PAID
shopify_US_7537920999521_44087754260577,EXCLUDE_PAID
shopify_US_7537920999521_44087754293345,EXCLUDE_PAID
shopify_US_7537920999521_44087754326113,EXCLUDE_PAID
shopify_US_7537920999521_44087754358881,EXCLUDE_PAID
shopify_US_7537920999521_44087754391649,EXCLUDE_PAID
shopify_US_7537920999521_44087754424417,EXCLUDE_PAID
shopify_US_7537920999521_44087754457185,EXCLUDE_PAID
shopify_US_7537920999521_44087754489953,EXCLUDE_PAID
shopify_US_7537920999521_44087754522721,EXCLUDE_PAID
shopify_US_7537920999521_44087754555489,EXCLUDE_PAID
shopify_US_7537920999521_44087754588257,EXCLUDE_PAID
shopify_US_7537920999521_44087754621025,EXCLUDE_PAID
shopify_US_7537920999521_44087754653793,EXCLUDE_PAID
shopify_US_7537920999521_44087754686561,EXCLUDE_PAID
shopify_US_7537920999521_44087754719329,EXCLUDE_PAID
shopify_US_7537920999521_44087754752097,EXCLUDE_PAID
shopify_US_7537920999521_44087754784865,EXCLUDE_PAID
shopify_US_7537920999521_44087754817633,EXCLUDE_PAID
shopify_US_7537920999521_44087754850401,EXCLUDE_PAID
shopify_US_7537978572897_44087869079649,EXCLUDE_PAID
shopify_US_7537978572897_44087869112417,EXCLUDE_PAID
shopify_US_7537978572897_44087869145185,EXCLUDE_PAID
shopify_US_7537978572897_44087869177953,EXCLUDE_PAID
shopify_US_7537978572897_44087869210721,EXCLUDE_PAID
shopify_US_7537978572897_44087869243489,EXCLUDE_PAID
shopify_US_7537978572897_44087869276257,EXCLUDE_PAID
shopify_US_7537978572897_44087869309025,EXCLUDE_PAID
shopify_US_7537978572897_44087869341793,EXCLUDE_PAID
shopify_US_7537978572897_44087869374561,EXCLUDE_PAID
shopify_US_7537978572897_44087869407329,EXCLUDE_PAID
shopify_US_7537978572897_44087869440097,EXCLUDE_PAID
shopify_US_7537978572897_44087869472865,EXCLUDE_PAID
shopify_US_7537978572897_44087869505633,EXCLUDE_PAID
shopify_US_7537978572897_44087869538401,EXCLUDE_PAID
shopify_US_7537978572897_44087869571169,EXCLUDE_PAID
shopify_US_7537978572897_44087869603937,EXCLUDE_PAID
shopify_US_7537978572897_44087869636705,EXCLUDE_PAID
shopify_US_7537978572897_44087869669473,EXCLUDE_PAID
shopify_US_7537978572897_44087869702241,EXCLUDE_PAID
shopify_US_7537978572897_44087869735009,EXCLUDE_PAID
shopify_US_7537978572897_44087869767777,EXCLUDE_PAID
shopify_US_7537978572897_44087869800545,EXCLUDE_PAID
shopify_US_7537978572897_44087869833313,EXCLUDE_PAID
shopify_US_7537978572897_44087869866081,EXCLUDE_PAID
shopify_US_7537978933345_44087872258145,EXCLUDE_PAID
shopify_US_7537978933345_44087872290913,EXCLUDE_PAID
shopify_US_7537978933345_44087872323681,EXCLUDE_PAID
shopify_US_7537978933345_44087872356449,EXCLUDE_PAID
shopify_US_7537978933345_44087872389217,EXCLUDE_PAID
shopify_US_7537978933345_44087872421985,EXCLUDE_PAID
shopify_US_7537978933345_44087872454753,EXCLUDE_PAID
shopify_US_7537978933345_44087872487521,EXCLUDE_PAID
shopify_US_7537978933345_44087872520289,EXCLUDE_PAID
shopify_US_7537978933345_44087872553057,EXCLUDE_PAID
shopify_US_7537978933345_44087872585825,EXCLUDE_PAID
shopify_US_7537978933345_44087872618593,EXCLUDE_PAID
shopify_US_7537978933345_44087872651361,EXCLUDE_PAID
shopify_US_7537979359329_44087876649057,EXCLUDE_PAID
shopify_US_7537979359329_44087876681825,EXCLUDE_PAID
shopify_US_7537979359329_44087876714593,EXCLUDE_PAID
shopify_US_7537979359329_44087876747361,EXCLUDE_PAID
shopify_US_7537979359329_44087876780129,EXCLUDE_PAID
shopify_US_7537979359329_44087876812897,EXCLUDE_PAID
shopify_US_7537979359329_44087876845665,EXCLUDE_PAID
shopify_US_7537979359329_44087876878433,EXCLUDE_PAID
shopify_US_7537979359329_44087876911201,EXCLUDE_PAID
shopify_US_7537979359329_44087876943969,EXCLUDE_PAID
shopify_US_7537979359329_44087876976737,EXCLUDE_PAID
shopify_US_7537979359329_44087877009505,EXCLUDE_PAID
shopify_US_7537979359329_44087877042273,EXCLUDE_PAID
shopify_US_7537979359329_44087877075041,EXCLUDE_PAID
shopify_US_7537979359329_44087877107809,EXCLUDE_PAID
shopify_US_7537979359329_44087877140577,EXCLUDE_PAID
shopify_US_7537979359329_44087877173345,EXCLUDE_PAID
shopify_US_7537979359329_44087877206113,EXCLUDE_PAID
shopify_US_7537979359329_44087877238881,EXCLUDE_PAID
shopify_US_7537979359329_44087877271649,EXCLUDE_PAID
shopify_US_7537979359329_44087877304417,EXCLUDE_PAID
shopify_US_7537979359329_44087877337185,EXCLUDE_PAID
shopify_US_7537979359329_44087877369953,EXCLUDE_PAID
shopify_US_7537979359329_44087877402721,EXCLUDE_PAID
shopify_US_7537979359329_44087877435489,EXCLUDE_PAID
shopify_US_7537979359329_44087877468257,EXCLUDE_PAID
shopify_US_7537979359329_44087877501025,EXCLUDE_PAID
shopify_US_7537979359329_44087877533793,EXCLUDE_PAID
shopify_US_7537372463201_44087947198561,EXCLUDE_PAID
shopify_US_7537372463201_44087947231329,EXCLUDE_PAID
shopify_US_7537372463201_44087947264097,EXCLUDE_PAID
shopify_US_7538067898465_44088052973665,EXCLUDE_PAID
shopify_US_7538067898465_44088053006433,EXCLUDE_PAID
shopify_US_7538067898465_44088053039201,EXCLUDE_PAID
shopify_US_7538067898465_44088053071969,EXCLUDE_PAID
shopify_US_7538067898465_44088053104737,EXCLUDE_PAID
shopify_US_7538067898465_44088053137505,EXCLUDE_PAID
shopify_US_7538067898465_44088053170273,EXCLUDE_PAID
shopify_US_7538067898465_44088053203041,EXCLUDE_PAID
shopify_US_7538067898465_44088053235809,EXCLUDE_PAID
shopify_US_7538067898465_44088053268577,EXCLUDE_PAID
shopify_US_7538067898465_44088053301345,EXCLUDE_PAID
shopify_US_7538067898465_44088053334113,EXCLUDE_PAID
shopify_US_7538067898465_44088053366881,EXCLUDE_PAID
shopify_US_7538067898465_44088053432417,EXCLUDE_PAID
shopify_US_7538067898465_44088053465185,EXCLUDE_PAID
shopify_US_7538067898465_44088053497953,EXCLUDE_PAID
shopify_US_7538067898465_44088053530721,EXCLUDE_PAID
shopify_US_7538067898465_44088053563489,EXCLUDE_PAID
shopify_US_7538067898465_44088053596257,EXCLUDE_PAID
shopify_US_7538067898465_44088113594465,EXCLUDE_PAID
shopify_US_7538067898465_44088113627233,EXCLUDE_PAID
shopify_US_7538067898465_44088113660001,EXCLUDE_PAID
shopify_US_7538067898465_44088113692769,EXCLUDE_PAID
shopify_US_7538067898465_44088113725537,EXCLUDE_PAID
shopify_US_7538067898465_44088113758305,EXCLUDE_PAID
shopify_US_7538067898465_44088113791073,EXCLUDE_PAID
shopify_US_7538067898465_44088113823841,EXCLUDE_PAID
shopify_US_7538067898465_44088113856609,EXCLUDE_PAID
shopify_US_7538067898465_44088113889377,EXCLUDE_PAID
shopify_US_7538067898465_44088113922145,EXCLUDE_PAID
shopify_US_7538067898465_44088113954913,EXCLUDE_PAID
