Feed name,Feed Id,Customer Id,Upload time
"PRODUCTS SOURCE 3","408458421","513542500","Sep 11, 2026, 11:13 am EDT"

Item Id,Line number,Message,Type,Values,Item title
"shopify_US_7241063825505_41929912746081","2,439","Item uploaded through multiple feeds",Warning,,
"shopify_US_6719792873569_39762136957025","82","Item uploaded through multiple feeds",Warning,,
"shopify_US_7230194942049_41882771685473","1,637","Item uploaded through multiple feeds",Warning,,
"shopify_US_7227374534753_41871500247137","781","Item uploaded through multiple feeds",Warning,,
"shopify_US_7109481431137_41497930793057","450","Item uploaded through multiple feeds",Warning,,
"shopify_US_7230418944097_41883458895969","2,159","Item uploaded through multiple feeds",Warning,,
"shopify_US_7230338039905_41883244363873","1,866","Item uploaded through multiple feeds",Warning,,
"shopify_US_7108988764257_41496634687585","150","Item uploaded through multiple feeds",Warning,,
"shopify_US_7230339711073_41883256520801","1,971","Item uploaded through multiple feeds",Warning,,
"shopify_US_7109472288865_41497918537825","441","Item uploaded through multiple feeds",Warning,,
"shopify_US_7228788867169_41877296152673","1,053","Item uploaded through multiple feeds",Warning,,
"shopify_US_7109267947617_41497324322913","276","Item uploaded through multiple feeds",Warning,,
"shopify_US_7227356282977_41871478849633","764","Item uploaded through multiple feeds",Warning,,
"shopify_US_7230156701793_41882622165089","1,429","Item uploaded through multiple feeds",Warning,,
"shopify_US_7230338039905_41883245641825","1,905","Item uploaded through multiple feeds",Warning,,
"shopify_US_7230327128161_41883188166753","1,692","Item uploaded through multiple feeds",Warning,,
"shopify_US_6718948147297_39756765298785","49","Item uploaded through multiple feeds",Warning,,
"shopify_US_7227378892897_41871520628833","828","Item uploaded through multiple feeds",Warning,,
"shopify_US_7109292130401_41497360728161","297","Item uploaded through multiple feeds",Warning,,
"shopify_US_7227378925665_41871520989281","838","Item uploaded through multiple feeds",Warning,,
"shopify_US_7229128441953_41878470393953","1,128","Item uploaded through multiple feeds",Warning,,
"shopify_US_7227270791265_41871164735585","747","Item uploaded through multiple feeds",Warning,,
"shopify_US_7109517770849_41498027393121","565","Item uploaded through multiple feeds",Warning,,
"shopify_US_7227418738785_41871678210145","885","Item uploaded through multiple feeds",Warning,,
"shopify_US_7227270791265_41871165194337","728","Item uploaded through multiple feeds",Warning,,
"shopify_US_7230418944097_41883460141153","2,197","Item uploaded through multiple feeds",Warning,,
"shopify_US_7227270299745_41871161852001","686","Item uploaded through multiple feeds",Warning,,
"shopify_US_7230645239905_41884148400225","2,383","Item uploaded through multiple feeds",Warning,,
"shopify_US_7502768210017_43731189170273","2,644","Item uploaded through multiple feeds",Warning,,
"shopify_US_7230423236705_41883482062945","2,265","Item uploaded through multiple feeds",Warning,,
"shopify_US_7227270791265_41871166275681","710","Item uploaded through multiple feeds",Warning,,
"shopify_US_7229128441953_41878470983777","1,141","Item uploaded through multiple feeds",Warning,,
"shopify_US_7241063825505_41929913729121","2,496","Item uploaded through multiple feeds",Warning,,
"shopify_US_7227375714401_41871506767969","792","Item uploaded through multiple feeds",Warning,,
"shopify_US_7230180884577_41882725515361","1,552","Item uploaded through multiple feeds",Warning,,
"shopify_US_7227379023969_41871521972321","860","Item uploaded through multiple feeds",Warning,,
"shopify_US_7108984799329_41496617549921","128","Item uploaded through multiple feeds",Warning,,
"shopify_US_7230323261537_41883177353313","1,682","Item uploaded through multiple feeds",Warning,,
"shopify_US_7229128441953_41878470951009","1,115","Item uploaded through multiple feeds",Warning,,
"shopify_US_7227379023969_41871521939553","859","Item uploaded through multiple feeds",Warning,,
"shopify_US_7230191665249_41882763165793","1,612","Item uploaded through multiple feeds",Warning,,
"shopify_US_7109514395745_41498011467873","526","Item uploaded through multiple feeds",Warning,,
"shopify_US_7230423236705_41883484127329","2,253","Item uploaded through multiple feeds",Warning,,
"shopify_US_7109443256417_41497809158241","370","Item uploaded through multiple feeds",Warning,,
"shopify_US_7230424645729_41883489304673","2,325","Item uploaded through multiple feeds",Warning,,
"shopify_US_7227270791265_41871165653089","702","Item uploaded through multiple feeds",Warning,,
"shopify_US_7109454135393_41497849430113","408","Item uploaded through multiple feeds",Warning,,
"shopify_US_7230157226081_41882625343585","1,469","Item uploaded through multiple feeds",Warning,,
"shopify_US_7230159028321_41882634256481","1,488","Item uploaded through multiple feeds",Warning,,
"shopify_US_7227355988065_41871478128737","760","Item uploaded through multiple feeds",Warning,,
"shopify_US_7109117280353_41497062080609","218","Item uploaded through multiple feeds",Warning,,
"shopify_US_7230424645729_41883489960033","2,345","Item uploaded through multiple feeds",Warning,,
"shopify_US_7230342004833_41883273363553","2,071","Item uploaded through multiple feeds",Warning,,
"shopify_US_7230327128161_41883192229985","1,714","Item uploaded through multiple feeds",Warning,,
"shopify_US_7109481431137_41497931743329","476","Item uploaded through multiple feeds",Warning,,
"shopify_US_7227375714401_41871507325025","807","Item uploaded through multiple feeds",Warning,,
"shopify_US_7109472288865_41497917915233","424","Item uploaded through multiple feeds",Warning,,
"shopify_US_6719774720097_39761985142881","77","Item uploaded through multiple feeds",Warning,,
"shopify_US_7109481431137_41497931972705","482","Item uploaded through multiple feeds",Warning,,
"shopify_US_6718948147297_39756765200481","42","Item uploaded through multiple feeds",Warning,,
"shopify_US_7230418944097_41883459223649","2,169","Item uploaded through multiple feeds",Warning,,
"shopify_US_7229835542625_41881197019233","1,356","Item uploaded through multiple feeds",Warning,,
"shopify_US_7230150213729_41882607812705","1,378","Item uploaded through multiple feeds",Warning,,
"shopify_US_7230342004833_41883273789537","2,084","Item uploaded through multiple feeds",Warning,,
"shopify_US_7229026304097_41878208249953","1,078","Item uploaded through multiple feeds",Warning,,
"shopify_US_7109123670113_41497082724449","244","Item uploaded through multiple feeds",Warning,,
"shopify_US_7230332895329_41883219492961","1,742","Item uploaded through multiple feeds",Warning,,
"shopify_US_7109298487393_41497381339233","327","Item uploaded through multiple feeds",Warning,,
"shopify_US_7109514395745_41498010943585","512","Item uploaded through multiple feeds",Warning,,
"shopify_US_7229130801249_41878480093281","1,176","Item uploaded through multiple feeds",Warning,,
"shopify_US_7230418944097_41883460042849","2,194","Item uploaded through multiple feeds",Warning,,
"shopify_US_7227620982881_41872696574049","969","Item uploaded through multiple feeds",Warning,,
"shopify_US_7109502566497_41497976275041","489","Item uploaded through multiple feeds",Warning,,
"shopify_US_7229128441953_41878471049313","1,145","Item uploaded through multiple feeds",Warning,,
"shopify_US_7229828202593_41881176768609","1,321","Item uploaded through multiple feeds",Warning,,
"shopify_US_7229259874401_41878821535841","1,246","Item uploaded through multiple feeds",Warning,,
"shopify_US_7230191665249_41882763427937","1,622","Item uploaded through multiple feeds",Warning,,
"shopify_US_7228773466209_41877252079713","1,022","Item uploaded through multiple feeds",Warning,,
"shopify_US_7230424645729_41883490287713","2,355","Item uploaded through multiple feeds",Warning,,
"shopify_US_7229132472417_41878486843489","1,183","Item uploaded through multiple feeds",Warning,,
"shopify_US_7109517770849_41498026836065","550","Item uploaded through multiple feeds",Warning,,
"shopify_US_7230339711073_41883255472225","1,939","Item uploaded through multiple feeds",Warning,,
"shopify_US_7110361874529_41500560392289","601","Item uploaded through multiple feeds",Warning,,
"shopify_US_7230336729185_41883236532321","1,816","Item uploaded through multiple feeds",Warning,,
"shopify_US_7230191665249_41882763395169","1,621","Item uploaded through multiple feeds",Warning,,
"shopify_US_7230157226081_41882624983137","1,458","Item uploaded through multiple feeds",Warning,,
"shopify_US_7108996530273_41496660213857","166","Item uploaded through multiple feeds",Warning,,
"shopify_US_7230336729185_41883236040801","1,799","Item uploaded through multiple feeds",Warning,,
"shopify_US_7229259874401_41878819700833","1,223","Item uploaded through multiple feeds",Warning,,
"shopify_US_7110356631649_41500537978977","588","Item uploaded through multiple feeds",Warning,,
"shopify_US_7230332895329_41883216281697","1,765","Item uploaded through multiple feeds",Warning,,
"shopify_US_7230415863905_41883443265633","2,128","Item uploaded through multiple feeds",Warning,,
"shopify_US_7227379023969_41871522365537","872","Item uploaded through multiple feeds",Warning,,
"shopify_US_7230338039905_41883245805665","1,910","Item uploaded through multiple feeds",Warning,,
"shopify_US_7109125537889_41497087115361","253","Item uploaded through multiple feeds",Warning,,
"shopify_US_7585867628641_45098825646177","4,583","Item uploaded through multiple feeds",Warning,,
"shopify_US_7510267494497_43765460893793","2,903","Item uploaded through multiple feeds",Warning,,
"shopify_US_7502792949857_43731338264673","2,793","Item uploaded through multiple feeds",Warning,,
"shopify_US_7536982163553_44083394707553","3,701","Item uploaded through multiple feeds",Warning,,
"shopify_US_7536696295521_44082061246561","3,531","Item uploaded through multiple feeds",Warning,,
"shopify_US_7535210594401_44056192090209","3,196","Item uploaded through multiple feeds",Warning,,
"shopify_US_7533354975329_44046506492001","3,011","Item uploaded through multiple feeds",Warning,,
"shopify_US_7537105961057_44083932856417","4,068","Item uploaded through multiple feeds",Warning,,
"shopify_US_7672336646241_46512190029921","4,916","Item uploaded through multiple feeds",Warning,,
"shopify_US_7545373130849_44116578500705","4,476","Item uploaded through multiple feeds",Warning,,
"shopify_US_7585867628641_45098826170465","4,599","Item uploaded through multiple feeds",Warning,,
"shopify_US_7536337125473_44080618897505","3,412","Item uploaded through multiple feeds",Warning,,
"shopify_US_7537038917729_44083661275233","4,016","Item uploaded through multiple feeds",Warning,,
"shopify_US_7536992976993_44083479773281","3,830","Item uploaded through multiple feeds",Warning,,
"shopify_US_7502770045025_43731197067361","2,679","Item uploaded through multiple feeds",Warning,,
"shopify_US_7537369088097_44085195407457","4,265","Item uploaded through multiple feeds",Warning,,
"shopify_US_7536341024865_44080568729697","3,452","Item uploaded through multiple feeds",Warning,,
"shopify_US_7536340729953_44080565059681","3,443","Item uploaded through multiple feeds",Warning,,
"shopify_US_7241063825505_41929913106529","2,483","Item uploaded through multiple feeds",Warning,,
"shopify_US_7502178222177_43729954668641","2,560","Item uploaded through multiple feeds",Warning,,
"shopify_US_7230339711073_41883256422497","1,968","Item uploaded through multiple feeds",Warning,,
"shopify_US_7230332895329_41883216347233","1,769","Item uploaded through multiple feeds",Warning,,
"shopify_US_7502765097057_43731173408865","2,606","Item uploaded through multiple feeds",Warning,,
"shopify_US_7537038917729_44083661242465","4,015","Item uploaded through multiple feeds",Warning,,
"shopify_US_7536709501025_44082098995297","3,657","Item uploaded through multiple feeds",Warning,,
"shopify_US_7670674391137_46501275336801","4,732","Item uploaded through multiple feeds",Warning,,
"shopify_US_7535210594401_44056191926369","3,191","Item uploaded through multiple feeds",Warning,,
"shopify_US_7230424645729_41883490025569","2,347","Item uploaded through multiple feeds",Warning,,
"shopify_US_7537367023713_44085186691169","4,192","Item uploaded through multiple feeds",Warning,,
"shopify_US_7672336646241_46512189079649","4,887","Item uploaded through multiple feeds",Warning,,
"shopify_US_7537367023713_44085186330721","4,181","Item uploaded through multiple feeds",Warning,,
"shopify_US_7672336646241_46512189112417","4,888","Item uploaded through multiple feeds",Warning,,
"shopify_US_7537370628193_44085199437921","4,315","Item uploaded through multiple feeds",Warning,,
"shopify_US_7534826520673_44054585999457","3,177","Item uploaded through multiple feeds",Warning,,
"shopify_US_7535312896097_44057204031585","3,254","Item uploaded through multiple feeds",Warning,,
"shopify_US_7537978933345_44087872389217","4,375","Item uploaded through multiple feeds",Warning,,
"shopify_US_7537367384161_44085188886625","4,206","Item uploaded through multiple feeds",Warning,,
"shopify_US_7502770045025_43731197100129","2,680","Item uploaded through multiple feeds",Warning,,
"shopify_US_7230424645729_41883489075297","2,318","Item uploaded through multiple feeds",Warning,,
"shopify_US_7545279840353_44116032979041","4,473","Item uploaded through multiple feeds",Warning,,
"shopify_US_7505374838881_43740398387297","2,873","Item uploaded through multiple feeds",Warning,,
"shopify_US_7533454393441_44047096381537","3,130","Item uploaded through multiple feeds",Warning,,
"shopify_US_7537009033313_44083548356705","3,938","Item uploaded through multiple feeds",Warning,,
"shopify_US_7537030234209_44083621855329","4,002","Item uploaded through multiple feeds",Warning,,
"shopify_US_7607762845793_45707929190497","4,680","Item uploaded through multiple feeds",Warning,,
"shopify_US_7502192214113_43729980653665","2,592","Item uploaded through multiple feeds",Warning,,
"shopify_US_7536340729953_44080564830305","3,436","Item uploaded through multiple feeds",Warning,,
"shopify_US_7536341024865_44080569286753","3,469","Item uploaded through multiple feeds",Warning,,
"shopify_US_7562834215009_44803376414817","4,530","Item uploaded through multiple feeds",Warning,,
"shopify_US_7670742777953_46501351751777","4,780","Item uploaded through multiple feeds",Warning,,
"shopify_US_7670609346657_46501139742817","4,712","Item uploaded through multiple feeds",Warning,,
"shopify_US_7516479848545_43831323197537","2,975","Item uploaded through multiple feeds",Warning,,
"shopify_US_7536334274657_44080553361505","3,368","Item uploaded through multiple feeds",Warning,,
"shopify_US_7537002971233_44083530399841","3,889","Item uploaded through multiple feeds",Warning,,
"shopify_US_7537009033313_44083549143137","3,962","Item uploaded through multiple feeds",Warning,,
"shopify_US_7229259874401_41878819569761","1,199","Item uploaded through multiple feeds",Warning,,
"shopify_US_7230194942049_41882772439137","1,651","Item uploaded through multiple feeds",Warning,,
"shopify_US_7230415863905_41883443495009","2,134","Item uploaded through multiple feeds",Warning,,
"shopify_US_7536334274657_44080553295969","3,366","Item uploaded through multiple feeds",Warning,,
"shopify_US_7227252670561_41871110242401","656","Item uploaded through multiple feeds",Warning,,
"shopify_US_7533404291169_44046788198497","3,069","Item uploaded through multiple feeds",Warning,,
"shopify_US_7230424645729_41883490156641","2,351","Item uploaded through multiple feeds",Warning,,
"shopify_US_7109502566497_41497976897633","506","Item uploaded through multiple feeds",Warning,,
"shopify_US_7533454393441_44047096414305","3,131","Item uploaded through multiple feeds",Warning,,
"shopify_US_7536700391521_44082067144801","3,561","Item uploaded through multiple feeds",Warning,,
"shopify_US_7537030234209_44083621167201","3,981","Item uploaded through multiple feeds",Warning,,
"shopify_US_7533454098529_44047093399649","3,119","Item uploaded through multiple feeds",Warning,,
"shopify_US_7230191665249_41882763198561","1,613","Item uploaded through multiple feeds",Warning,,
"shopify_US_7230332895329_41883220541537","1,784","Item uploaded through multiple feeds",Warning,,
"shopify_US_7230423236705_41883480916065","2,230","Item uploaded through multiple feeds",Warning,,
"shopify_US_7227436367969_41871769927777","927","Item uploaded through multiple feeds",Warning,,
"shopify_US_7585867432033_45098824794209","4,580","Item uploaded through multiple feeds",Warning,,
"shopify_US_7108953604193_41496508432481","92","Item uploaded through multiple feeds",Warning,,
"shopify_US_7110363775073_41500564848737","623","Item uploaded through multiple feeds",Warning,,
"shopify_US_6719774720097_39761985011809","73","Item uploaded through multiple feeds",Warning,,
"shopify_US_7537009033313_44083548684385","3,948","Item uploaded through multiple feeds",Warning,,
"shopify_US_7537002971233_44083530661985","3,897","Item uploaded through multiple feeds",Warning,,
"shopify_US_7533429358689_44046853308513","3,081","Item uploaded through multiple feeds",Warning,,
"shopify_US_7536341024865_44080569581665","3,478","Item uploaded through multiple feeds",Warning,,
"shopify_US_7502793179233_43731339444321","2,799","Item uploaded through multiple feeds",Warning,,
"shopify_US_7227270299745_41871161720929","678","Item uploaded through multiple feeds",Warning,,
"shopify_US_7537105961057_44083932561505","4,059","Item uploaded through multiple feeds",Warning,,
"shopify_US_7537227890785_44084491714657","4,156","Item uploaded through multiple feeds",Warning,,
"shopify_US_7537367679073_44085191245921","4,239","Item uploaded through multiple feeds",Warning,,
"shopify_US_7533453934689_44047092449377","3,102","Item uploaded through multiple feeds",Warning,,
"shopify_US_7545279217761_44116028522593","4,436","Item uploaded through multiple feeds",Warning,,
"shopify_US_7228788867169_41877295824993","1,056","Item uploaded through multiple feeds",Warning,,
"shopify_US_7536704520289_44082077991009","3,593","Item uploaded through multiple feeds",Warning,,
"shopify_US_7562834215009_44803375824993","4,512","Item uploaded through multiple feeds",Warning,,
"shopify_US_7229132472417_41878486777953","1,181","Item uploaded through multiple feeds",Warning,,
"shopify_US_7537227890785_44084491649121","4,155","Item uploaded through multiple feeds",Warning,,
"shopify_US_7229828202593_41881177161825","1,333","Item uploaded through multiple feeds",Warning,,
"shopify_US_7536240984161_44080416030817","3,331","Item uploaded through multiple feeds",Warning,,
"shopify_US_7537366597729_44085209694305","4,171","Item uploaded through multiple feeds",Warning,,
"shopify_US_7537113563233_44083974668385","4,114","Item uploaded through multiple feeds",Warning,,
"shopify_US_7536984359009_44083408535649","3,741","Item uploaded through multiple feeds",Warning,,
"shopify_US_7534826520673_44054586097761","3,180","Item uploaded through multiple feeds",Warning,,
"shopify_US_7502793179233_43731339509857","2,801","Item uploaded through multiple feeds",Warning,,
"shopify_US_7533454655585_44047097856097","3,146","Item uploaded through multiple feeds",Warning,,
"shopify_US_7230424645729_41883490648161","2,366","Item uploaded through multiple feeds",Warning,,
"shopify_US_7536982163553_44083394904161","3,707","Item uploaded through multiple feeds",Warning,,
"shopify_US_7230327128161_41883188985953","1,721","Item uploaded through multiple feeds",Warning,,
"shopify_US_7230332895329_41883219591265","1,746","Item uploaded through multiple feeds",Warning,,
"shopify_US_7230151524449_41882614005857","1,406","Item uploaded through multiple feeds",Warning,,
"shopify_US_7535908946017_44076549963873","3,277","Item uploaded through multiple feeds",Warning,,
"shopify_US_7537367023713_44085186887777","4,198","Item uploaded through multiple feeds",Warning,,
"shopify_US_7230159618145_41882637434977","1,519","Item uploaded through multiple feeds",Warning,,
"shopify_US_6718948147297_39756765528161","58","Item uploaded through multiple feeds",Warning,,
"shopify_US_7533081133153_44044345868385","2,980","Item uploaded through multiple feeds",Warning,,
"shopify_US_7502770602081_43731201589345","2,690","Item uploaded through multiple feeds",Warning,,
"shopify_US_7533081133153_44044345835617","2,979","Item uploaded through multiple feeds",Warning,,
"shopify_US_7536700391521_44082066784353","3,550","Item uploaded through multiple feeds",Warning,,
"shopify_US_7230156701793_41882622951521","1,428","Item uploaded through multiple feeds",Warning,,
"shopify_US_7230338039905_41883245772897","1,909","Item uploaded through multiple feeds",Warning,,
"shopify_US_7536707305569_44082088411233","3,597","Item uploaded through multiple feeds",Warning,,
"shopify_US_7672336646241_46512188653665","4,876","Item uploaded through multiple feeds",Warning,,
"shopify_US_7109517770849_41498026573921","543","Item uploaded through multiple feeds",Warning,,
"shopify_US_7230339711073_41883257012321","1,986","Item uploaded through multiple feeds",Warning,,
"shopify_US_7109472288865_41497918472289","439","Item uploaded through multiple feeds",Warning,,
"shopify_US_7537009033313_44083548520545","3,943","Item uploaded through multiple feeds",Warning,,
"shopify_US_7533403799649_44046785609825","3,053","Item uploaded through multiple feeds",Warning,,
"shopify_US_7109986844769_41499305148513","570","Item uploaded through multiple feeds",Warning,,
"shopify_US_7230327128161_41883188625505","1,708","Item uploaded through multiple feeds",Warning,,
"shopify_US_7502791082081_43731330695265","2,748","Item uploaded through multiple feeds",Warning,,
"shopify_US_7533404192865_44046787772513","3,063","Item uploaded through multiple feeds",Warning,,
"shopify_US_7510791159905_43768836161633","2,945","Item uploaded through multiple feeds",Warning,,
"shopify_US_7230159618145_41882637238369","1,516","Item uploaded through multiple feeds",Warning,,
"shopify_US_7502828601441_43731501547617","2,812","Item uploaded through multiple feeds",Warning,,
"shopify_US_7537370628193_44085199568993","4,319","Item uploaded through multiple feeds",Warning,,
"shopify_US_7109986844769_41499305050209","567","Item uploaded through multiple feeds",Warning,,
"shopify_US_7533081133153_44044345802849","2,978","Item uploaded through multiple feeds",Warning,,
"shopify_US_7537372463201_44085204549729","4,337","Item uploaded through multiple feeds",Warning,,
"shopify_US_7670609346657_46501139873889","4,716","Item uploaded through multiple feeds",Warning,,
"shopify_US_7535210594401_44056192024673","3,194","Item uploaded through multiple feeds",Warning,,
"shopify_US_7230332895329_41883216543841","1,781","Item uploaded through multiple feeds",Warning,,
"shopify_US_7537367384161_44085188984929","4,209","Item uploaded through multiple feeds",Warning,,
"shopify_US_7109123670113_41497082757217","245","Item uploaded through multiple feeds",Warning,,
"shopify_US_7108992860257_41496646975585","156","Item uploaded through multiple feeds",Warning,,
"shopify_US_7537369088097_44085194457185","4,250","Item uploaded through multiple feeds",Warning,,
"shopify_US_7672336646241_46512187310177","4,835","Item uploaded through multiple feeds",Warning,,
"shopify_US_7533404192865_44046787706977","3,061","Item uploaded through multiple feeds",Warning,,
"shopify_US_7533390856289_44046735802465","3,033","Item uploaded through multiple feeds",Warning,,
"shopify_US_7502790656097_43731329319009","2,740","Item uploaded through multiple feeds",Warning,,
"shopify_US_7536341024865_44080569221217","3,467","Item uploaded through multiple feeds",Warning,,
"shopify_US_7109481431137_41497930891361","453","Item uploaded through multiple feeds",Warning,,
"shopify_US_7510267494497_43765460729953","2,897","Item uploaded through multiple feeds",Warning,,
"shopify_US_7109443256417_41497809059937","358","Item uploaded through multiple feeds",Warning,,
"shopify_US_7585992048737_45099304943713","4,635","Item uploaded through multiple feeds",Warning,,
"shopify_US_7585992048737_45099304878177","4,633","Item uploaded through multiple feeds",Warning,,
"shopify_US_7536982294625_44083398180961","3,728","Item uploaded through multiple feeds",Warning,,
"shopify_US_7109514395745_41498011566177","529","Item uploaded through multiple feeds",Warning,,
"shopify_US_7670695526497_46501299257441","4,751","Item uploaded through multiple feeds",Warning,,
"shopify_US_7607760257121_45707469848673","4,664","Item uploaded through multiple feeds",Warning,,
"shopify_US_7537978572897_44087869079649","4,346","Item uploaded through multiple feeds",Warning,,
"shopify_US_7230645239905_41884149383265","2,407","Item uploaded through multiple feeds",Warning,,
"shopify_US_7241105670241_41930032185441","2,527","Item uploaded through multiple feeds",Warning,,
"shopify_US_7536992976993_44083479707745","3,829","Item uploaded through multiple feeds",Warning,,
"shopify_US_7546613530721_44173814399073","4,497","Item uploaded through multiple feeds",Warning,,
"shopify_US_7502765097057_43731173539937","2,610","Item uploaded through multiple feeds",Warning,,
"shopify_US_7505375232097_43740401041505","2,883","Item uploaded through multiple feeds",Warning,,
"shopify_US_7537001431137_44083525222497","3,866","Item uploaded through multiple feeds",Warning,,
"shopify_US_7670609346657_46501139775585","4,713","Item uploaded through multiple feeds",Warning,,
"shopify_US_7533453934689_44047092711521","3,110","Item uploaded through multiple feeds",Warning,,
"shopify_US_7230424645729_41883488780385","2,309","Item uploaded through multiple feeds",Warning,,
"shopify_US_7537227890785_44084491190369","4,145","Item uploaded through multiple feeds",Warning,,
"shopify_US_7670609346657_46501139480673","4,704","Item uploaded through multiple feeds",Warning,,
"shopify_US_7536086089825_44077713883233","3,302","Item uploaded through multiple feeds",Warning,,
"shopify_US_7537369088097_44085194588257","4,254","Item uploaded through multiple feeds",Warning,,
"shopify_US_7585867432033_45098823909473","4,553","Item uploaded through multiple feeds",Warning,,
"shopify_US_7537369120865_44085195898977","4,279","Item uploaded through multiple feeds",Warning,,
"shopify_US_7536709009505_44082095521889","3,614","Item uploaded through multiple feeds",Warning,,
"shopify_US_7536984359009_44083408699489","3,746","Item uploaded through multiple feeds",Warning,,
"shopify_US_7536469639265_44080804626529","3,524","Item uploaded through multiple feeds",Warning,,
"shopify_US_7536947003489_44083348570209","3,695","Item uploaded through multiple feeds",Warning,,
"shopify_US_7585980055649_45099271553121","4,607","Item uploaded through multiple feeds",Warning,,
"shopify_US_7533081133153_44044345933921","2,982","Item uploaded through multiple feeds",Warning,,
"shopify_US_7109292130401_41497361285217","312","Item uploaded through multiple feeds",Warning,,
"shopify_US_7230339711073_41883256062049","1,957","Item uploaded through multiple feeds",Warning,,
"shopify_US_7537367023713_44085186166881","4,176","Item uploaded through multiple feeds",Warning,,
"shopify_US_7536992976993_44083478790241","3,802","Item uploaded through multiple feeds",Warning,,
"shopify_US_7607758422113_45707248959585","4,653","Item uploaded through multiple feeds",Warning,,
"shopify_US_7536992976993_44083478954081","3,831","Item uploaded through multiple feeds",Warning,,
"shopify_US_7230156701793_41882622492769","1,449","Item uploaded through multiple feeds",Warning,,
"shopify_US_7230342004833_41883273855073","2,086","Item uploaded through multiple feeds",Warning,,
"shopify_US_7230424645729_41883490713697","2,368","Item uploaded through multiple feeds",Warning,,
"shopify_US_7230159618145_41882636779617","1,509","Item uploaded through multiple feeds",Warning,,
"shopify_US_7502836007009_43731511869537","2,828","Item uploaded through multiple feeds",Warning,,
"shopify_US_6718948147297_39756770345057","35","Item uploaded through multiple feeds",Warning,,
"shopify_US_7229825581153_41881163300961","1,299","Item uploaded through multiple feeds",Warning,,
"shopify_US_7109267947617_41497323700321","259","Item uploaded through multiple feeds",Warning,,
"shopify_US_7537367023713_44085186297953","4,180","Item uploaded through multiple feeds",Warning,,
"shopify_US_7109514395745_41498011205729","519","Item uploaded through multiple feeds",Warning,,
"shopify_US_7109481431137_41497931677793","474","Item uploaded through multiple feeds",Warning,,
"shopify_US_7230336729185_41883236761697","1,825","Item uploaded through multiple feeds",Warning,,
"shopify_US_7229130342497_41878478323809","1,155","Item uploaded through multiple feeds",Warning,,
"shopify_US_7109443256417_41497809584225","383","Item uploaded through multiple feeds",Warning,,
"shopify_US_7536700391521_44082067210337","3,563","Item uploaded through multiple feeds",Warning,,
"shopify_US_7230338039905_41883245477985","1,900","Item uploaded through multiple feeds",Warning,,
"shopify_US_7672336646241_46512187506785","4,841","Item uploaded through multiple feeds",Warning,,
"shopify_US_7227378892897_41871520039009","812","Item uploaded through multiple feeds",Warning,,
"shopify_US_7230157226081_41882625507425","1,474","Item uploaded through multiple feeds",Warning,,
"shopify_US_7109083267169_41496956305505","199","Item uploaded through multiple feeds",Warning,,
"shopify_US_7497751986273_43677180657761","2,550","Item uploaded through multiple feeds",Warning,,
"shopify_US_7230423236705_41883482587233","2,281","Item uploaded through multiple feeds",Warning,,
"shopify_US_6719764463713_39761880645729","62","Item uploaded through multiple feeds",Warning,,
"shopify_US_7241105670241_41930030612577","2,503","Item uploaded through multiple feeds",Warning,,
"shopify_US_7227435450465_41871766356065","917","Item uploaded through multiple feeds",Warning,,
"shopify_US_7229128441953_41878470230113","1,118","Item uploaded through multiple feeds",Warning,,
"shopify_US_7227270791265_41871165751393","723","Item uploaded through multiple feeds",Warning,,
"shopify_US_7227630649441_41872775413857","998","Item uploaded through multiple feeds",Warning,,
"shopify_US_7229259874401_41878822027361","1,259","Item uploaded through multiple feeds",Warning,,
"shopify_US_7229259874401_41878821929057","1,240","Item uploaded through multiple feeds",Warning,,
"shopify_US_7535944368225_44861276848225","3,296","Item uploaded through multiple feeds",Warning,,
"shopify_US_7502770602081_43731201556577","2,689","Item uploaded through multiple feeds",Warning,,
"shopify_US_7537367679073_44085191016545","4,232","Item uploaded through multiple feeds",Warning,,
"shopify_US_7541022818401_44096526319713","4,434","Item uploaded through multiple feeds",Warning,,
"shopify_US_7109481431137_41497931808865","478","Item uploaded through multiple feeds",Warning,,
"shopify_US_7109298487393_41497382256737","352","Item uploaded through multiple feeds",Warning,,
"shopify_US_7537105961057_44083932594273","4,060","Item uploaded through multiple feeds",Warning,,
"shopify_US_7537978572897_44087869767777","4,367","Item uploaded through multiple feeds",Warning,,
"shopify_US_7536334274657_44080552968289","3,356","Item uploaded through multiple feeds",Warning,,
"shopify_US_7109986844769_41499305607265","582","Item uploaded through multiple feeds",Warning,,
"shopify_US_7227270791265_41871165325409","749","Item uploaded through multiple feeds",Warning,,
"shopify_US_7109267947617_41497324421217","279","Item uploaded through multiple feeds",Warning,,
"shopify_US_6718945034337_39756755992673","6","Item uploaded through multiple feeds",Warning,,
"shopify_US_7536982294625_44083398115425","3,726","Item uploaded through multiple feeds",Warning,,
"shopify_US_7502792949857_43731338002529","2,785","Item uploaded through multiple feeds",Warning,,
"shopify_US_7227375714401_41871507095649","801","Item uploaded through multiple feeds",Warning,,
"shopify_US_7670695526497_46501299159137","4,748","Item uploaded through multiple feeds",Warning,,
"shopify_US_7230336729185_41883237351521","1,849","Item uploaded through multiple feeds",Warning,,
"shopify_US_7537002971233_44083530268769","3,885","Item uploaded through multiple feeds",Warning,,
"shopify_US_7585867628641_45098825777249","4,587","Item uploaded through multiple feeds",Warning,,
"shopify_US_7230339711073_41883257208929","1,992","Item uploaded through multiple feeds",Warning,,
"shopify_US_7537002971233_44083530137697","3,881","Item uploaded through multiple feeds",Warning,,
"shopify_US_7109084807265_41496962596961","204","Item uploaded through multiple feeds",Warning,,
"shopify_US_7108984799329_41496617680993","132","Item uploaded through multiple feeds",Warning,,
"shopify_US_6718945034337_39756756353121","17","Item uploaded through multiple feeds",Warning,,
"shopify_US_7230332895329_41883216019553","1,753","Item uploaded through multiple feeds",Warning,,
"shopify_US_7536240984161_44080415801441","3,324","Item uploaded through multiple feeds",Warning,,
"shopify_US_7110362136673_41500561014881","607","Item uploaded through multiple feeds",Warning,,
"shopify_US_7230418944097_41883460993121","2,223","Item uploaded through multiple feeds",Warning,,
"shopify_US_7109292130401_41497360498785","290","Item uploaded through multiple feeds",Warning,,
"shopify_US_7510790996065_43768833998945","2,929","Item uploaded through multiple feeds",Warning,,
"shopify_US_7230168727649_41882673086561","1,524","Item uploaded through multiple feeds",Warning,,
"shopify_US_7607760388193_45707470471265","4,677","Item uploaded through multiple feeds",Warning,,
"shopify_US_7230194942049_41882778140769","1,659","Item uploaded through multiple feeds",Warning,,
"shopify_US_7670695526497_46501299126369","4,747","Item uploaded through multiple feeds",Warning,,
"shopify_US_7536992976993_44083479740513","3,843","Item uploaded through multiple feeds",Warning,,
"shopify_US_7230336729185_41883238367329","1,838","Item uploaded through multiple feeds",Warning,,
"shopify_US_7585992048737_45099305140321","4,641","Item uploaded through multiple feeds",Warning,,
"shopify_US_7230336729185_41883236270177","1,806","Item uploaded through multiple feeds",Warning,,
"shopify_US_7229835542625_41881196822625","1,344","Item uploaded through multiple feeds",Warning,,
"shopify_US_7109117280353_41497061818465","211","Item uploaded through multiple feeds",Warning,,
"shopify_US_7230342004833_41883271528545","2,015","Item uploaded through multiple feeds",Warning,,
"shopify_US_7534826520673_44054586261601","3,183","Item uploaded through multiple feeds",Warning,,
"shopify_US_7536709664865_44082099617889","3,666","Item uploaded through multiple feeds",Warning,,
"shopify_US_7230423236705_41883481145441","2,237","Item uploaded through multiple feeds",Warning,,
"shopify_US_7230342004833_41883272347745","2,040","Item uploaded through multiple feeds",Warning,,
"shopify_US_7241063825505_41929913335905","2,448","Item uploaded through multiple feeds",Warning,,
"shopify_US_7502791082081_43731330924641","2,755","Item uploaded through multiple feeds",Warning,,
"shopify_US_7230191665249_41882762510433","1,594","Item uploaded through multiple feeds",Warning,,
"shopify_US_7230150213729_41882607845473","1,380","Item uploaded through multiple feeds",Warning,,
"shopify_US_6718948147297_39756765331553","50","Item uploaded through multiple feeds",Warning,,
"shopify_US_7230336729185_41883238039649","1,813","Item uploaded through multiple feeds",Warning,,
"shopify_US_7535312896097_44057203867745","3,249","Item uploaded through multiple feeds",Warning,,
"shopify_US_7607762845793_45715228360801","4,689","Item uploaded through multiple feeds",Warning,,
"shopify_US_7672336646241_46512187736161","4,848","Item uploaded through multiple feeds",Warning,,
"shopify_US_7505375232097_43740401107041","2,885","Item uploaded through multiple feeds",Warning,,
"shopify_US_7230336729185_41883237941345","1,807","Item uploaded through multiple feeds",Warning,,
"shopify_US_7502771781729_43731209060449","2,735","Item uploaded through multiple feeds",Warning,,
"shopify_US_7562834215009_44803376218209","4,524","Item uploaded through multiple feeds",Warning,,
"shopify_US_7536700391521_44082066620513","3,545","Item uploaded through multiple feeds",Warning,,
"shopify_US_7537979359329_44087877304417","4,404","Item uploaded through multiple feeds",Warning,,
"shopify_US_7109292130401_41497361121377","307","Item uploaded through multiple feeds",Warning,,
"shopify_US_7510790733921_43768831311969","2,921","Item uploaded through multiple feeds",Warning,,
"shopify_US_7536337125473_44080618831969","3,410","Item uploaded through multiple feeds",Warning,,
"shopify_US_7502828601441_43731501416545","2,808","Item uploaded through multiple feeds",Warning,,
"shopify_US_7537041342561_44083683754081","4,048","Item uploaded through multiple feeds",Warning,,
"shopify_US_7230339711073_41883256455265","1,969","Item uploaded through multiple feeds",Warning,,
"shopify_US_7536984359009_44083408306273","3,734","Item uploaded through multiple feeds",Warning,,
"shopify_US_7536947003489_44083348242529","3,685","Item uploaded through multiple feeds",Warning,,
"shopify_US_7227270299745_41871161622625","695","Item uploaded through multiple feeds",Warning,,
"shopify_US_7536337125473_44080556638305","3,378","Item uploaded through multiple feeds",Warning,,
"shopify_US_7533351272545_44046494171233","3,000","Item uploaded through multiple feeds",Warning,,
"shopify_US_7230415863905_41883441660001","2,089","Item uploaded through multiple feeds",Warning,,
"shopify_US_7109123670113_41497082789985","246","Item uploaded through multiple feeds",Warning,,
"shopify_US_7241063825505_41929912975457","2,467","Item uploaded through multiple feeds",Warning,,
"shopify_US_7109443256417_41497809420385","363","Item uploaded through multiple feeds",Warning,,
"shopify_US_7230424645729_41883489468513","2,330","Item uploaded through multiple feeds",Warning,,
"shopify_US_7227378892897_41871520497761","824","Item uploaded through multiple feeds",Warning,,
"shopify_US_7230645239905_41884148990049","2,398","Item uploaded through multiple feeds",Warning,,
"shopify_US_7230339711073_41883255537761","1,941","Item uploaded through multiple feeds",Warning,,
"shopify_US_7230156701793_41882622885985","1,424","Item uploaded through multiple feeds",Warning,,
"shopify_US_7533430440033_44046903181409","3,091","Item uploaded through multiple feeds",Warning,,
"shopify_US_7537372463201_44085204451425","4,334","Item uploaded through multiple feeds",Warning,,
"shopify_US_6718948147297_39756764774497","28","Item uploaded through multiple feeds",Warning,,
"shopify_US_7230327128161_41883188953185","1,720","Item uploaded through multiple feeds",Warning,,
"shopify_US_7227374534753_41871499690081","779","Item uploaded through multiple feeds",Warning,,
"shopify_US_7502771519585_43731207258209","2,720","Item uploaded through multiple feeds",Warning,,
"shopify_US_7537370628193_44085198979169","4,301","Item uploaded through multiple feeds",Warning,,
"shopify_US_7533458194529_44047109292129","3,164","Item uploaded through multiple feeds",Warning,,
"shopify_US_7537041342561_44083683688545","4,046","Item uploaded through multiple feeds",Warning,,
"shopify_US_7230323261537_41883177287777","1,678","Item uploaded through multiple feeds",Warning,,
"shopify_US_7536704520289_44082077794401","3,587","Item uploaded through multiple feeds",Warning,,
"shopify_US_7536984359009_44083409027169","3,756","Item uploaded through multiple feeds",Warning,,
"shopify_US_7536992976993_44083479085153","3,833","Item uploaded through multiple feeds",Warning,,
"shopify_US_7536700391521_44082066653281","3,546","Item uploaded through multiple feeds",Warning,,
"shopify_US_7230418944097_41883460534369","2,209","Item uploaded through multiple feeds",Warning,,
"shopify_US_7230338039905_41883246002273","1,916","Item uploaded through multiple feeds",Warning,,
"shopify_US_7241063825505_41929913237601","2,436","Item uploaded through multiple feeds",Warning,,
"shopify_US_7230418944097_41883459420257","2,175","Item uploaded through multiple feeds",Warning,,
"shopify_US_7230159028321_41882634813537","1,505","Item uploaded through multiple feeds",Warning,,
"shopify_US_7241063825505_41929913827425","2,445","Item uploaded through multiple feeds",Warning,,
"shopify_US_7230423236705_41883481768033","2,256","Item uploaded through multiple feeds",Warning,,
"shopify_US_7229825581153_41882664796257","1,314","Item uploaded through multiple feeds",Warning,,
"shopify_US_7535227666529_44056520228961","3,221","Item uploaded through multiple feeds",Warning,,
"shopify_US_7535312896097_44057203998817","3,253","Item uploaded through multiple feeds",Warning,,
"shopify_US_7230338039905_41883244822625","1,880","Item uploaded through multiple feeds",Warning,,
"shopify_US_7229259874401_41878822486113","1,254","Item uploaded through multiple feeds",Warning,,
"shopify_US_7536334274657_44080553132129","3,361","Item uploaded through multiple feeds",Warning,,
"shopify_US_7536982163553_44083394969697","3,709","Item uploaded through multiple feeds",Warning,,
"shopify_US_7230342004833_41883272446049","2,043","Item uploaded through multiple feeds",Warning,,
"shopify_US_7502768439393_43731190153313","2,663","Item uploaded through multiple feeds",Warning,,
"shopify_US_7536340729953_44080564863073","3,437","Item uploaded through multiple feeds",Warning,,
"shopify_US_7228788867169_41877295431777","1,055","Item uploaded through multiple feeds",Warning,,
"shopify_US_7227379023969_41871521906785","858","Item uploaded through multiple feeds",Warning,,
"shopify_US_7672336646241_46512188489825","4,871","Item uploaded through multiple feeds",Warning,,
"shopify_US_7229259874401_41878822453345","1,248","Item uploaded through multiple feeds",Warning,,
"shopify_US_7536703012961_44082074517601","3,576","Item uploaded through multiple feeds",Warning,,
"shopify_US_7537007198305_44083544129633","3,934","Item uploaded through multiple feeds",Warning,,
"shopify_US_7228788867169_41877294874721","1,030","Item uploaded through multiple feeds",Warning,,
"shopify_US_7227270791265_41871166046305","718","Item uploaded through multiple feeds",Warning,,
"shopify_US_7502765949025_43731176718433","2,632","Item uploaded through multiple feeds",Warning,,
"shopify_US_7227378925665_41871521022049","839","Item uploaded through multiple feeds",Warning,,
"shopify_US_7510791159905_43768835866721","2,942","Item uploaded through multiple feeds",Warning,,
"shopify_US_7502791671905_43731333185633","2,769","Item uploaded through multiple feeds",Warning,,
"shopify_US_7109454135393_41497849364577","406","Item uploaded through multiple feeds",Warning,,
"shopify_US_7229259874401_41878819995745","1,282","Item uploaded through multiple feeds",Warning,,
"shopify_US_7109502566497_41497976373345","491","Item uploaded through multiple feeds",Warning,,
"shopify_US_7670743498849_46501353619553","4,794","Item uploaded through multiple feeds",Warning,,
"shopify_US_7230342004833_41883273101409","2,063","Item uploaded through multiple feeds",Warning,,
"shopify_US_7537367679073_44085190885473","4,229","Item uploaded through multiple feeds",Warning,,
"shopify_US_7230332895329_41883215888481","1,741","Item uploaded through multiple feeds",Warning,,
"shopify_US_7230418944097_41883459715169","2,184","Item uploaded through multiple feeds",Warning,,
"shopify_US_7536947003489_44083348373601","3,689","Item uploaded through multiple feeds",Warning,,
"shopify_US_7536340729953_44080565125217","3,445","Item uploaded through multiple feeds",Warning,,
"shopify_US_7109472288865_41497918439521","438","Item uploaded through multiple feeds",Warning,,
"shopify_US_7108996530273_41496660148321","164","Item uploaded through multiple feeds",Warning,,
"shopify_US_7533454426209_44047096676449","3,137","Item uploaded through multiple feeds",Warning,,
"shopify_US_7228788867169_41877295399009","1,051","Item uploaded through multiple feeds",Warning,,
"shopify_US_7230339711073_41883257405537","1,998","Item uploaded through multiple feeds",Warning,,
"shopify_US_7536696328289_44082061410401","3,536","Item uploaded through multiple feeds",Warning,,
"shopify_US_7230418944097_41883459977313","2,192","Item uploaded through multiple feeds",Warning,,
"shopify_US_7537366597729_44085209661537","4,170","Item uploaded through multiple feeds",Warning,,
"shopify_US_7533430440033_44046903214177","3,092","Item uploaded through multiple feeds",Warning,,
"shopify_US_7537030234209_44083621724257","3,998","Item uploaded through multiple feeds",Warning,,
"shopify_US_7537979359329_44087877468257","4,409","Item uploaded through multiple feeds",Warning,,
"shopify_US_7537009033313_44083549175905","3,963","Item uploaded through multiple feeds",Warning,,
"shopify_US_7230415863905_41883443462241","2,133","Item uploaded through multiple feeds",Warning,,
"shopify_US_7607758422113_45707249188961","4,660","Item uploaded through multiple feeds",Warning,,
"shopify_US_7577248596065_45068115050593","4,541","Item uploaded through multiple feeds",Warning,,
"shopify_US_7502192214113_43729980784737","2,596","Item uploaded through multiple feeds",Warning,,
"shopify_US_7537041342561_44083683655777","4,045","Item uploaded through multiple feeds",Warning,,
"shopify_US_7533081133153_44044345966689","2,983","Item uploaded through multiple feeds",Warning,,
"shopify_US_7230424645729_41883489894497","2,343","Item uploaded through multiple feeds",Warning,,
"shopify_US_7536700391521_44082067013729","3,557","Item uploaded through multiple feeds",Warning,,
"shopify_US_7537105961057_44083932889185","4,069","Item uploaded through multiple feeds",Warning,,
"shopify_US_7241105670241_41930030514273","2,500","Item uploaded through multiple feeds",Warning,,
"shopify_US_7516479848545_43831323230305","2,976","Item uploaded through multiple feeds",Warning,,
"shopify_US_7229130342497_41878478585953","1,162","Item uploaded through multiple feeds",Warning,,
"shopify_US_7535210594401_44056192221281","3,201","Item uploaded through multiple feeds",Warning,,
"shopify_US_7227270791265_41871166341217","724","Item uploaded through multiple feeds",Warning,,
"shopify_US_7537009033313_44083548782689","3,951","Item uploaded through multiple feeds",Warning,,
"shopify_US_7536992976993_44083479806049","3,844","Item uploaded through multiple feeds",Warning,,
"shopify_US_7537002971233_44083530301537","3,886","Item uploaded through multiple feeds",Warning,,
"shopify_US_7227375714401_41871506964577","797","Item uploaded through multiple feeds",Warning,,
"shopify_US_6719792873569_39762137219169","90","Item uploaded through multiple feeds",Warning,,
"shopify_US_7227270791265_41871166177377","739","Item uploaded through multiple feeds",Warning,,
"shopify_US_7230423236705_41883484422241","2,298","Item uploaded through multiple feeds",Warning,,
"shopify_US_7229259874401_41878822158433","1,287","Item uploaded through multiple feeds",Warning,,
"shopify_US_7230191665249_41882763231329","1,614","Item uploaded through multiple feeds",Warning,,
"shopify_US_7533458194529_44047109259361","3,163","Item uploaded through multiple feeds",Warning,,
"shopify_US_7585980055649_45099271684193","4,611","Item uploaded through multiple feeds",Warning,,
"shopify_US_7536700391521_44082066948193","3,555","Item uploaded through multiple feeds",Warning,,
"shopify_US_7537979359329_44087877238881","4,402","Item uploaded through multiple feeds",Warning,,
"shopify_US_7533081133153_44044346064993","2,986","Item uploaded through multiple feeds",Warning,,
"shopify_US_7109517770849_41498026672225","545","Item uploaded through multiple feeds",Warning,,
"shopify_US_7227624554593_41872739926113","972","Item uploaded through multiple feeds",Warning,,
"shopify_US_7109481431137_41497931579489","472","Item uploaded through multiple feeds",Warning,,
"shopify_US_7536984359009_44083408961633","3,754","Item uploaded through multiple feeds",Warning,,
"shopify_US_7562834215009_44803375890529","4,514","Item uploaded through multiple feeds",Warning,,
"shopify_US_7230180884577_41882725482593","1,551","Item uploaded through multiple feeds",Warning,,
"shopify_US_7227378892897_41871520399457","822","Item uploaded through multiple feeds",Warning,,
"shopify_US_7227438530657_41871777562721","940","Item uploaded through multiple feeds",Warning,,
"shopify_US_7537105961057_44083932463201","4,056","Item uploaded through multiple feeds",Warning,,
"shopify_US_7533397835873_44046762999905","3,044","Item uploaded through multiple feeds",Warning,,
"shopify_US_7670743498849_46501353554017","4,792","Item uploaded through multiple feeds",Warning,,
"shopify_US_7533354975329_44046506721377","3,018","Item uploaded through multiple feeds",Warning,,
"shopify_US_7110364856417_41500566978657","634","Item uploaded through multiple feeds",Warning,,
"shopify_US_7505374838881_43740398354529","2,872","Item uploaded through multiple feeds",Warning,,
"shopify_US_7230418944097_41883459584097","2,180","Item uploaded through multiple feeds",Warning,,
"shopify_US_7230342004833_41883273035873","2,061","Item uploaded through multiple feeds",Warning,,
"shopify_US_7502178222177_43729953980513","2,557","Item uploaded through multiple feeds",Warning,,
"shopify_US_7536240984161_44080415932513","3,328","Item uploaded through multiple feeds",Warning,,
"shopify_US_7230332895329_41883219886177","1,758","Item uploaded through multiple feeds",Warning,,
"shopify_US_7536337125473_44080557195361","3,395","Item uploaded through multiple feeds",Warning,,
"shopify_US_7109481431137_41497931087969","458","Item uploaded through multiple feeds",Warning,,
"shopify_US_7670683762785_46501285167201","4,740","Item uploaded through multiple feeds",Warning,,
"shopify_US_7230418944097_41883459453025","2,176","Item uploaded through multiple feeds",Warning,,
"shopify_US_7562834215009_44802985099361","4,505","Item uploaded through multiple feeds",Warning,,
"shopify_US_7230342004833_41883273166945","2,065","Item uploaded through multiple feeds",Warning,,
"shopify_US_7230423236705_41883484094561","2,248","Item uploaded through multiple feeds",Warning,,
"shopify_US_7536703012961_44082074615905","3,579","Item uploaded through multiple feeds",Warning,,
"shopify_US_7229128441953_41878470656097","1,144","Item uploaded through multiple feeds",Warning,,
"shopify_US_7670742777953_46501351850081","4,783","Item uploaded through multiple feeds",Warning,,
"shopify_US_7230338039905_41883245346913","1,896","Item uploaded through multiple feeds",Warning,,
"shopify_US_7109986844769_41499305541729","580","Item uploaded through multiple feeds",Warning,,
"shopify_US_7227434958945_41871763701857","899","Item uploaded through multiple feeds",Warning,,
"shopify_US_7109117280353_41497061884001","213","Item uploaded through multiple feeds",Warning,,
"shopify_US_7230159028321_41882634158177","1,485","Item uploaded through multiple feeds",Warning,,
"shopify_US_7537041342561_44104714584161","4,052","Item uploaded through multiple feeds",Warning,,
"shopify_US_7230339711073_41883256651873","1,975","Item uploaded through multiple feeds",Warning,,
"shopify_US_6719764463713_39761880744033","65","Item uploaded through multiple feeds",Warning,,
"shopify_US_7109502566497_41497976799329","503","Item uploaded through multiple feeds",Warning,,
"shopify_US_7502790656097_43731329187937","2,736","Item uploaded through multiple feeds",Warning,,
"shopify_US_7109443256417_41497809256545","382","Item uploaded through multiple feeds",Warning,,
"shopify_US_7227270791265_41871165882465","744","Item uploaded through multiple feeds",Warning,,
"shopify_US_7502836007009_43731511804001","2,826","Item uploaded through multiple feeds",Warning,,
"shopify_US_7109454135393_41497849757793","417","Item uploaded through multiple feeds",Warning,,
"shopify_US_7109298487393_41497381961825","344","Item uploaded through multiple feeds",Warning,,
"shopify_US_7230180884577_41882725187681","1,537","Item uploaded through multiple feeds",Warning,,
"shopify_US_7230323261537_41883177320545","1,680","Item uploaded through multiple feeds",Warning,,
"shopify_US_7230342004833_41883273429089","2,073","Item uploaded through multiple feeds",Warning,,
"shopify_US_7108969037921_41496561647713","126","Item uploaded through multiple feeds",Warning,,
"shopify_US_7229023846497_41878199173217","1,077","Item uploaded through multiple feeds",Warning,,
"shopify_US_7533429358689_44046853210209","3,078","Item uploaded through multiple feeds",Warning,,
"shopify_US_7230423236705_41883480981601","2,232","Item uploaded through multiple feeds",Warning,,
"shopify_US_7227270299745_41871161360481","679","Item uploaded through multiple feeds",Warning,,
"shopify_US_7502191788129_43729979080801","2,587","Item uploaded through multiple feeds",Warning,,
"shopify_US_7227630649441_41872775544929","1,010","Item uploaded through multiple feeds",Warning,,
"shopify_US_7109481431137_41497930858593","452","Item uploaded through multiple feeds",Warning,,
"shopify_US_7230424645729_41883489009761","2,316","Item uploaded through multiple feeds",Warning,,
"shopify_US_7230342004833_41883272609889","2,048","Item uploaded through multiple feeds",Warning,,
"shopify_US_7536982163553_44084114980961","3,710","Item uploaded through multiple feeds",Warning,,
"shopify_US_7670724329569_46501331107937","4,761","Item uploaded through multiple feeds",Warning,,
"shopify_US_7229259874401_41878820126817","1,212","Item uploaded through multiple feeds",Warning,,
"shopify_US_7510791258209_43768836358241","2,946","Item uploaded through multiple feeds",Warning,,
"shopify_US_7230418944097_41883460108385","2,196","Item uploaded through multiple feeds",Warning,,
"shopify_US_7502768439393_43731189825633","2,653","Item uploaded through multiple feeds",Warning,,
"shopify_US_7536337125473_44080618700897","3,406","Item uploaded through multiple feeds",Warning,,
"shopify_US_7516369715297_43821479690337","2,961","Item uploaded through multiple feeds",Warning,,
"shopify_US_7536337125473_44080556703841","3,380","Item uploaded through multiple feeds",Warning,,
"shopify_US_7537227890785_44084491092065","4,142","Item uploaded through multiple feeds",Warning,,
"shopify_US_7536334274657_44080552902753","3,354","Item uploaded through multiple feeds",Warning,,
"shopify_US_7537369120865_44085196030049","4,283","Item uploaded through multiple feeds",Warning,,
"shopify_US_7533453934689_44047092645985","3,108","Item uploaded through multiple feeds",Warning,,
"shopify_US_7537041342561_44083683491937","4,041","Item uploaded through multiple feeds",Warning,,
"shopify_US_7535312896097_44057203671137","3,243","Item uploaded through multiple feeds",Warning,,
"shopify_US_7230423236705_41883484029025","2,238","Item uploaded through multiple feeds",Warning,,
"shopify_US_7536984359009_44083409059937","3,757","Item uploaded through multiple feeds",Warning,,
"shopify_US_7537367679073_44085190787169","4,226","Item uploaded through multiple feeds",Warning,,
"shopify_US_7229825581153_41882664829025","1,316","Item uploaded through multiple feeds",Warning,,
"shopify_US_7229825581153_41881163366497","1,303","Item uploaded through multiple feeds",Warning,,
"shopify_US_7230342004833_41883273724001","2,082","Item uploaded through multiple feeds",Warning,,
"shopify_US_7230150213729_41882612039777","1,367","Item uploaded through multiple feeds",Warning,,
"shopify_US_7227252670561_41871110504545","664","Item uploaded through multiple feeds",Warning,,
"shopify_US_7229259874401_41878820487265","1,283","Item uploaded through multiple feeds",Warning,,
"shopify_US_7537369088097_44085194653793","4,256","Item uploaded through multiple feeds",Warning,,
"shopify_US_7110361874529_41500560162913","595","Item uploaded through multiple feeds",Warning,,
"shopify_US_7536337125473_44080556572769","3,376","Item uploaded through multiple feeds",Warning,,
"shopify_US_7502187888737_43729970200673","2,573","Item uploaded through multiple feeds",Warning,,
"shopify_US_7585867628641_45098826072161","4,596","Item uploaded through multiple feeds",Warning,,
"shopify_US_7536984359009_44083408240737","3,732","Item uploaded through multiple feeds",Warning,,
"shopify_US_7230180884577_41882725908577","1,569","Item uploaded through multiple feeds",Warning,,
"shopify_US_7227270299745_41871161655393","674","Item uploaded through multiple feeds",Warning,,
"shopify_US_7230336729185_41883236171873","1,804","Item uploaded through multiple feeds",Warning,,
"shopify_US_7230155882593_41882618626145","1,412","Item uploaded through multiple feeds",Warning,,
"shopify_US_7228788867169_41877295595617","1,028","Item uploaded through multiple feeds",Warning,,
"shopify_US_7241063825505_41929913794657","2,441","Item uploaded through multiple feeds",Warning,,
"shopify_US_7109481431137_41497931448417","468","Item uploaded through multiple feeds",Warning,,
"shopify_US_7536334274657_44080553328737","3,367","Item uploaded through multiple feeds",Warning,,
"shopify_US_7230155882593_41882618855521","1,419","Item uploaded through multiple feeds",Warning,,
"shopify_US_7241201942625_41930312581217","2,540","Item uploaded through multiple feeds",Warning,,
"shopify_US_7109517770849_41498026508385","541","Item uploaded through multiple feeds",Warning,,
"shopify_US_7227620982881_41872696377441","963","Item uploaded through multiple feeds",Warning,,
"shopify_US_7241063825505_41929913270369","2,440","Item uploaded through multiple feeds",Warning,,
"shopify_US_7230338039905_41883246461025","1,930","Item uploaded through multiple feeds",Warning,,
"shopify_US_7227379023969_41871522201697","867","Item uploaded through multiple feeds",Warning,,
"shopify_US_7109292130401_41497360302177","285","Item uploaded through multiple feeds",Warning,,
"shopify_US_7502770045025_43731197165665","2,682","Item uploaded through multiple feeds",Warning,,
"shopify_US_7537041342561_44083683721313","4,047","Item uploaded through multiple feeds",Warning,,
"shopify_US_7672336646241_46512188129377","4,860","Item uploaded through multiple feeds",Warning,,
"shopify_US_7241201942625_41930312908897","2,545","Item uploaded through multiple feeds",Warning,,
"shopify_US_7537227890785_44084490600545","4,132","Item uploaded through multiple feeds",Warning,,
"shopify_US_7230332895329_41883220082785","1,766","Item uploaded through multiple feeds",Warning,,
"shopify_US_7537227890785_44084491583585","4,154","Item uploaded through multiple feeds",Warning,,
"shopify_US_7230338039905_41883246690401","1,937","Item uploaded through multiple feeds",Warning,,
"shopify_US_7230342004833_41883272020065","2,030","Item uploaded through multiple feeds",Warning,,
"shopify_US_7546613530721_44197959434337","4,490","Item uploaded through multiple feeds",Warning,,
"shopify_US_7227438530657_41871777661025","943","Item uploaded through multiple feeds",Warning,,
"shopify_US_7502770896993_43731203489889","2,709","Item uploaded through multiple feeds",Warning,,
"shopify_US_7230180884577_41882719256673","1,559","Item uploaded through multiple feeds",Warning,,
"shopify_US_7502768439393_43731189956705","2,657","Item uploaded through multiple feeds",Warning,,
"shopify_US_7536240984161_44080415866977","3,326","Item uploaded through multiple feeds",Warning,,
"shopify_US_7230338039905_41883245445217","1,899","Item uploaded through multiple feeds",Warning,,
"shopify_US_7535908946017_44076550094945","3,281","Item uploaded through multiple feeds",Warning,,
"shopify_US_7670609346657_46501139710049","4,711","Item uploaded through multiple feeds",Warning,,
"shopify_US_7230424645729_41883490418785","2,359","Item uploaded through multiple feeds",Warning,,
"shopify_US_7537041342561_44083683098721","4,030","Item uploaded through multiple feeds",Warning,,
"shopify_US_7502765097057_43731173507169","2,609","Item uploaded through multiple feeds",Warning,,
"shopify_US_7230194942049_41882771554401","1,633","Item uploaded through multiple feeds",Warning,,
"shopify_US_7516369715297_43821479886945","2,964","Item uploaded through multiple feeds",Warning,,
"shopify_US_7229825581153_41881163595873","1,317","Item uploaded through multiple feeds",Warning,,
"shopify_US_7537369120865_44085195931745","4,280","Item uploaded through multiple feeds",Warning,,
"shopify_US_7505374838881_43740397994081","2,861","Item uploaded through multiple feeds",Warning,,
"shopify_US_7537113563233_44083974701153","4,115","Item uploaded through multiple feeds",Warning,,
"shopify_US_7230336729185_41883237974113","1,808","Item uploaded through multiple feeds",Warning,,
"shopify_US_7502792622177_43731337052257","2,775","Item uploaded through multiple feeds",Warning,,
"shopify_US_7670743498849_46501353914465","4,802","Item uploaded through multiple feeds",Warning,,
"shopify_US_7241063825505_41929913401441","2,456","Item uploaded through multiple feeds",Warning,,
"shopify_US_7502792622177_43731337117793","2,777","Item uploaded through multiple feeds",Warning,,
"shopify_US_7230418944097_41883460567137","2,210","Item uploaded through multiple feeds",Warning,,
"shopify_US_7230336729185_41883237711969","1,861","Item uploaded through multiple feeds",Warning,,
"shopify_US_7533348618337_44046481653857","2,990","Item uploaded through multiple feeds",Warning,,
"shopify_US_7537025613921_44083600097377","3,972","Item uploaded through multiple feeds",Warning,,
"shopify_US_7510267494497_43765461254241","2,916","Item uploaded through multiple feeds",Warning,,
"shopify_US_7230156701793_41882622132321","1,427","Item uploaded through multiple feeds",Warning,,
"shopify_US_7670744842337_46501356830817","4,813","Item uploaded through multiple feeds",Warning,,
"shopify_US_7536992976993_44083478724705","3,801","Item uploaded through multiple feeds",Warning,,
"shopify_US_7536988520545_44083434324065","3,775","Item uploaded through multiple feeds",Warning,,
"shopify_US_7546613530721_44197959303265","4,486","Item uploaded through multiple feeds",Warning,,
"shopify_US_7230415863905_41883443101793","2,124","Item uploaded through multiple feeds",Warning,,
"shopify_US_7536240984161_44080415440993","3,313","Item uploaded through multiple feeds",Warning,,
"shopify_US_7670738223201_46501345689697","4,770","Item uploaded through multiple feeds",Warning,,
"shopify_US_7537978933345_44087872487521","4,378","Item uploaded through multiple feeds",Warning,,
"shopify_US_7536988618849_44083434979425","3,789","Item uploaded through multiple feeds",Warning,,
"shopify_US_7230332895329_41883219656801","1,748","Item uploaded through multiple feeds",Warning,,
"shopify_US_7537367384161_44085189476449","4,221","Item uploaded through multiple feeds",Warning,,
"shopify_US_7230180884577_41882726137953","1,579","Item uploaded through multiple feeds",Warning,,
"shopify_US_7230327128161_41883188658273","1,709","Item uploaded through multiple feeds",Warning,,
"shopify_US_7535362015329_44057274941537","3,272","Item uploaded through multiple feeds",Warning,,
"shopify_US_7537105961057_44083932790881","4,066","Item uploaded through multiple feeds",Warning,,
"shopify_US_7546613530721_44173814497377","4,500","Item uploaded through multiple feeds",Warning,,
"shopify_US_7535320465505_44057221365857","3,259","Item uploaded through multiple feeds",Warning,,
"shopify_US_7537038917729_44083661471841","4,022","Item uploaded through multiple feeds",Warning,,
"shopify_US_7537369088097_44085195276385","4,261","Item uploaded through multiple feeds",Warning,,
"shopify_US_7230159028321_41882634846305","1,506","Item uploaded through multiple feeds",Warning,,
"shopify_US_7533397835873_44046762737761","3,036","Item uploaded through multiple feeds",Warning,,
"shopify_US_7536457941089_44080778018913","3,489","Item uploaded through multiple feeds",Warning,,
"shopify_US_7505374838881_43740397731937","2,853","Item uploaded through multiple feeds",Warning,,
"shopify_US_7536709009505_44082095784033","3,622","Item uploaded through multiple feeds",Warning,,
"shopify_US_7536984359009_44083409092705","3,758","Item uploaded through multiple feeds",Warning,,
"shopify_US_7535210594401_44056192319585","3,204","Item uploaded through multiple feeds",Warning,,
"shopify_US_7536334274657_44080552706145","3,348","Item uploaded through multiple feeds",Warning,,
"shopify_US_7109123670113_41497082560609","240","Item uploaded through multiple feeds",Warning,,
"shopify_US_7502192214113_43729980817505","2,597","Item uploaded through multiple feeds",Warning,,
"shopify_US_7230191665249_41882762313825","1,590","Item uploaded through multiple feeds",Warning,,
"shopify_US_7533351272545_44046494302305","3,004","Item uploaded through multiple feeds",Warning,,
"shopify_US_7533430440033_44046903148641","3,090","Item uploaded through multiple feeds",Warning,,
"shopify_US_7585992048737_45099304910945","4,634","Item uploaded through multiple feeds",Warning,,
"shopify_US_7109472288865_41497918505057","440","Item uploaded through multiple feeds",Warning,,
"shopify_US_7230327128161_41883188428897","1,700","Item uploaded through multiple feeds",Warning,,
"shopify_US_7536700391521_44082067275873","3,565","Item uploaded through multiple feeds",Warning,,
"shopify_US_7230336729185_41883236368481","1,810","Item uploaded through multiple feeds",Warning,,
"shopify_US_7672336646241_46512189243489","4,892","Item uploaded through multiple feeds",Warning,,
"shopify_US_7537370628193_44085198946401","4,300","Item uploaded through multiple feeds",Warning,,
"shopify_US_7537002971233_44083530203233","3,883","Item uploaded through multiple feeds",Warning,,
"shopify_US_7536457941089_44080778117217","3,492","Item uploaded through multiple feeds",Warning,,
"shopify_US_7109986844769_41499305377889","576","Item uploaded through multiple feeds",Warning,,
"shopify_US_7672336646241_46512189571169","4,902","Item uploaded through multiple feeds",Warning,,
"shopify_US_7229259874401_41878820847713","1,257","Item uploaded through multiple feeds",Warning,,
"shopify_US_7537007198305_44083543998561","3,930","Item uploaded through multiple feeds",Warning,,
"shopify_US_7537367023713_44085186560097","4,188","Item uploaded through multiple feeds",Warning,,
"shopify_US_7230342004833_41883272544353","2,046","Item uploaded through multiple feeds",Warning,,
"shopify_US_7535320465505_44057221431393","3,261","Item uploaded through multiple feeds",Warning,,
"shopify_US_7536984359009_44083408568417","3,742","Item uploaded through multiple feeds",Warning,,
"shopify_US_7502793179233_43731339542625","2,802","Item uploaded through multiple feeds",Warning,,
"shopify_US_7537978933345_44087872585825","4,381","Item uploaded through multiple feeds",Warning,,
"shopify_US_7537978572897_44087869833313","4,369","Item uploaded through multiple feeds",Warning,,
"shopify_US_7533354975329_44046506524769","3,012","Item uploaded through multiple feeds",Warning,,
"shopify_US_7536700391521_44082066980961","3,556","Item uploaded through multiple feeds",Warning,,
"shopify_US_7109481431137_41497931710561","475","Item uploaded through multiple feeds",Warning,,
"shopify_US_7241201942625_41930312122465","2,533","Item uploaded through multiple feeds",Warning,,
"shopify_US_6719764463713_39761880711265","64","Item uploaded through multiple feeds",Warning,,
"shopify_US_7537001431137_44083525091425","3,864","Item uploaded through multiple feeds",Warning,,
"shopify_US_7502770045025_43731197034593","2,678","Item uploaded through multiple feeds",Warning,,
"shopify_US_7537105961057_44083933151329","4,077","Item uploaded through multiple feeds",Warning,,
"shopify_US_7536709501025_44082098798689","3,651","Item uploaded through multiple feeds",Warning,,
"shopify_US_7537113563233_44083974340705","4,104","Item uploaded through multiple feeds",Warning,,
"shopify_US_7109472288865_41497918570593","442","Item uploaded through multiple feeds",Warning,,
"shopify_US_7502770602081_43731201654881","2,692","Item uploaded through multiple feeds",Warning,,
"shopify_US_7230323261537_41883173781601","1,667","Item uploaded through multiple feeds",Warning,,
"shopify_US_7230415863905_41883443888225","2,143","Item uploaded through multiple feeds",Warning,,
"shopify_US_7227270299745_41871161491553","687","Item uploaded through multiple feeds",Warning,,
"shopify_US_7110368919649_41500577497185","644","Item uploaded through multiple feeds",Warning,,
"shopify_US_7536947003489_44083348439137","3,691","Item uploaded through multiple feeds",Warning,,
"shopify_US_7229128441953_41878471245921","1,123","Item uploaded through multiple feeds",Warning,,
"shopify_US_7535210594401_44056192155745","3,199","Item uploaded through multiple feeds",Warning,,
"shopify_US_7505372282977_43740358770785","2,844","Item uploaded through multiple feeds",Warning,,
"shopify_US_7227378892897_41871520366689","821","Item uploaded through multiple feeds",Warning,,
"shopify_US_7585980055649_45099271520353","4,606","Item uploaded through multiple feeds",Warning,,
"shopify_US_7670724329569_46501331271777","4,764","Item uploaded through multiple feeds",Warning,,
"shopify_US_7536992976993_44083479543905","3,840","Item uploaded through multiple feeds",Warning,,
"shopify_US_7536334274657_44080553197665","3,363","Item uploaded through multiple feeds",Warning,,
"shopify_US_7228773466209_41877252014177","1,020","Item uploaded through multiple feeds",Warning,,
"shopify_US_7510791159905_43768835571809","2,939","Item uploaded through multiple feeds",Warning,,
"shopify_US_7535210594401_44056192122977","3,198","Item uploaded through multiple feeds",Warning,,
"shopify_US_7227438530657_41871777726561","945","Item uploaded through multiple feeds",Warning,,
"shopify_US_7109267947617_41497324191841","272","Item uploaded through multiple feeds",Warning,,
"shopify_US_7510267494497_43765460664417","2,895","Item uploaded through multiple feeds",Warning,,
"shopify_US_7229128441953_41878470590561","1,140","Item uploaded through multiple feeds",Warning,,
"shopify_US_7537109991521_44083954909281","4,079","Item uploaded through multiple feeds",Warning,,
"shopify_US_7229259874401_41878820782177","1,244","Item uploaded through multiple feeds",Warning,,
"shopify_US_7670746775649_46501359681633","4,825","Item uploaded through multiple feeds",Warning,,
"shopify_US_7230339711073_41883257077857","1,988","Item uploaded through multiple feeds",Warning,,
"shopify_US_7502792949857_43731337969761","2,784","Item uploaded through multiple feeds",Warning,,
"shopify_US_7670724329569_46501331075169","4,760","Item uploaded through multiple feeds",Warning,,
"shopify_US_7230415863905_41883442643041","2,109","Item uploaded through multiple feeds",Warning,,
"shopify_US_7537370857569_44085200748641","4,324","Item uploaded through multiple feeds",Warning,,
"shopify_US_7545373130849_44116578631777","4,480","Item uploaded through multiple feeds",Warning,,
"shopify_US_7241063825505_41929912844385","2,451","Item uploaded through multiple feeds",Warning,,
"shopify_US_7536704520289_44082077925473","3,591","Item uploaded through multiple feeds",Warning,,
"shopify_US_7227378892897_41871520071777","813","Item uploaded through multiple feeds",Warning,,
"shopify_US_7230424645729_41883488911457","2,313","Item uploaded through multiple feeds",Warning,,
"shopify_US_7230338039905_41883244494945","1,870","Item uploaded through multiple feeds",Warning,,
"shopify_US_7536984359009_44083408863329","3,751","Item uploaded through multiple feeds",Warning,,
"shopify_US_7585980055649_45099271880801","4,617","Item uploaded through multiple feeds",Warning,,
"shopify_US_7227435450465_41871766454369","920","Item uploaded through multiple feeds",Warning,,
"shopify_US_7585867628641_45098825842785","4,589","Item uploaded through multiple feeds",Warning,,
"shopify_US_7502828601441_43731501514849","2,811","Item uploaded through multiple feeds",Warning,,
"shopify_US_7241063825505_41929913761889","2,437","Item uploaded through multiple feeds",Warning,,
"shopify_US_7230342004833_41883272118369","2,033","Item uploaded through multiple feeds",Warning,,
"shopify_US_7537002971233_44083530334305","3,887","Item uploaded through multiple feeds",Warning,,
"shopify_US_7230191665249_41882762412129","1,592","Item uploaded through multiple feeds",Warning,,
"shopify_US_7536696328289_44082061508705","3,539","Item uploaded through multiple feeds",Warning,,
"shopify_US_7670743498849_46501353586785","4,793","Item uploaded through multiple feeds",Warning,,
"shopify_US_7607758422113_45707249123425","4,658","Item uploaded through multiple feeds",Warning,,
"shopify_US_7227270299745_41871161262177","673","Item uploaded through multiple feeds",Warning,,
"shopify_US_7230645239905_41884148596833","2,388","Item uploaded through multiple feeds",Warning,,
"shopify_US_7502768210017_43731189104737","2,642","Item uploaded through multiple feeds",Warning,,
"shopify_US_7241105670241_41930031038561","2,508","Item uploaded through multiple feeds",Warning,,
"shopify_US_7535227666529_44056520163425","3,219","Item uploaded through multiple feeds",Warning,,
"shopify_US_7230332895329_41883220181089","1,770","Item uploaded through multiple feeds",Warning,,
"shopify_US_7536696328289_44082061672545","3,544","Item uploaded through multiple feeds",Warning,,
"shopify_US_7537978572897_44087869866081","4,370","Item uploaded through multiple feeds",Warning,,
"shopify_US_7241105670241_41930030350433","2,499","Item uploaded through multiple feeds",Warning,,
"shopify_US_7229828202593_41881177030753","1,329","Item uploaded through multiple feeds",Warning,,
"shopify_US_7505372282977_43740358541409","2,837","Item uploaded through multiple feeds",Warning,,
"shopify_US_7536240984161_44080415408225","3,312","Item uploaded through multiple feeds",Warning,,
"shopify_US_7537009033313_44083548979297","3,957","Item uploaded through multiple feeds",Warning,,
"shopify_US_7672336646241_46512190259297","4,923","Item uploaded through multiple feeds",Warning,,
"shopify_US_7670674391137_46501275304033","4,731","Item uploaded through multiple feeds",Warning,,
"shopify_US_7230191665249_41882755792993","1,619","Item uploaded through multiple feeds",Warning,,
"shopify_US_7502791671905_43731333021793","2,764","Item uploaded through multiple feeds",Warning,,
"shopify_US_7510267494497_43765460697185","2,896","Item uploaded through multiple feeds",Warning,,
"shopify_US_7672336646241_46512187474017","4,840","Item uploaded through multiple feeds",Warning,,
"shopify_US_7670724329569_46501330976865","4,757","Item uploaded through multiple feeds",Warning,,
"shopify_US_7537370628193_44085199503457","4,317","Item uploaded through multiple feeds",Warning,,
"shopify_US_7537025613921_44083600162913","3,974","Item uploaded through multiple feeds",Warning,,
"shopify_US_6718945034337_39756755959905","5","Item uploaded through multiple feeds",Warning,,
"shopify_US_7536469639265_44080804364385","3,516","Item uploaded through multiple feeds",Warning,,
"shopify_US_7536947003489_44083348504673","3,693","Item uploaded through multiple feeds",Warning,,
"shopify_US_7537979359329_44087877501025","4,410","Item uploaded through multiple feeds",Warning,,
"shopify_US_7537001431137_44083524927585","3,860","Item uploaded through multiple feeds",Warning,,
"shopify_US_7537030234209_44083621298273","3,985","Item uploaded through multiple feeds",Warning,,
"shopify_US_7585867628641_45098825810017","4,588","Item uploaded through multiple feeds",Warning,,
"shopify_US_7536707305569_44082088542305","3,601","Item uploaded through multiple feeds",Warning,,
"shopify_US_7672336646241_46512189472865","4,899","Item uploaded through multiple feeds",Warning,,
"shopify_US_7537038917729_44083660882017","4,004","Item uploaded through multiple feeds",Warning,,
"shopify_US_7536309141601_44080520069217","3,343","Item uploaded through multiple feeds",Warning,,
"shopify_US_7502765097057_43731173703777","2,615","Item uploaded through multiple feeds",Warning,,
"shopify_US_7230339711073_41883256258657","1,963","Item uploaded through multiple feeds",Warning,,
"shopify_US_7230180884577_41882725449825","1,549","Item uploaded through multiple feeds",Warning,,
"shopify_US_7230423236705_41883482718305","2,285","Item uploaded through multiple feeds",Warning,,
"shopify_US_7502769193057_43731193954401","2,669","Item uploaded through multiple feeds",Warning,,
"shopify_US_7505374838881_43740398256225","2,869","Item uploaded through multiple feeds",Warning,,
"shopify_US_7536086089825_44077713981537","3,305","Item uploaded through multiple feeds",Warning,,
"shopify_US_7672336646241_46512187867233","4,852","Item uploaded through multiple feeds",Warning,,
"shopify_US_7109267947617_41497323733089","260","Item uploaded through multiple feeds",Warning,,
"shopify_US_7536240984161_44080415637601","3,319","Item uploaded through multiple feeds",Warning,,
"shopify_US_7545279512673_44116031635553","4,452","Item uploaded through multiple feeds",Warning,,
"shopify_US_7505375232097_43740401008737","2,882","Item uploaded through multiple feeds",Warning,,
"shopify_US_7533379059809_44046661419105","3,027","Item uploaded through multiple feeds",Warning,,
"shopify_US_7241201942625_41930339024993","2,529","Item uploaded through multiple feeds",Warning,,
"shopify_US_7670746775649_46501359583329","4,822","Item uploaded through multiple feeds",Warning,,
"shopify_US_7516369715297_43821479919713","2,965","Item uploaded through multiple feeds",Warning,,
"shopify_US_7585992048737_45099305271393","4,645","Item uploaded through multiple feeds",Warning,,
"shopify_US_7230191665249_41882762477665","1,593","Item uploaded through multiple feeds",Warning,,
"shopify_US_7230327128161_41883188133985","1,691","Item uploaded through multiple feeds",Warning,,
"shopify_US_7229828202593_41881177129057","1,332","Item uploaded through multiple feeds",Warning,,
"shopify_US_7502828601441_43731501580385","2,813","Item uploaded through multiple feeds",Warning,,
"shopify_US_7228788867169_41877295366241","1,047","Item uploaded through multiple feeds",Warning,,
"shopify_US_7585867432033_45098824466529","4,570","Item uploaded through multiple feeds",Warning,,
"shopify_US_7109292130401_41497360695393","296","Item uploaded through multiple feeds",Warning,,
"shopify_US_7535944368225_44076870729825","3,284","Item uploaded through multiple feeds",Warning,,
"shopify_US_7535210594401_44056192450657","3,208","Item uploaded through multiple feeds",Warning,,
"shopify_US_7109517770849_41498026541153","542","Item uploaded through multiple feeds",Warning,,
"shopify_US_7228788867169_41877295792225","1,052","Item uploaded through multiple feeds",Warning,,
"shopify_US_7229828202593_41881176735841","1,320","Item uploaded through multiple feeds",Warning,,
"shopify_US_7230342004833_41883272642657","2,049","Item uploaded through multiple feeds",Warning,,
"shopify_US_7230157226081_41882625572961","1,476","Item uploaded through multiple feeds",Warning,,
"shopify_US_7536341024865_44080568762465","3,453","Item uploaded through multiple feeds",Warning,,
"shopify_US_7230159028321_41882633961569","1,479","Item uploaded through multiple feeds",Warning,,
"shopify_US_7562834215009_44803376545889","4,534","Item uploaded through multiple feeds",Warning,,
"shopify_US_7670724329569_46501331009633","4,758","Item uploaded through multiple feeds",Warning,,
"shopify_US_7537009033313_44083548586081","3,945","Item uploaded through multiple feeds",Warning,,
"shopify_US_7230159618145_41882637500513","1,520","Item uploaded through multiple feeds",Warning,,
"shopify_US_7502191788129_43729979211873","2,591","Item uploaded through multiple feeds",Warning,,
"shopify_US_7230159028321_41882634190945","1,486","Item uploaded through multiple feeds",Warning,,
"shopify_US_7537367023713_44085186658401","4,191","Item uploaded through multiple feeds",Warning,,
"shopify_US_7502769193057_43731194085473","2,673","Item uploaded through multiple feeds",Warning,,
"shopify_US_7536340729953_44080565190753","3,447","Item uploaded through multiple feeds",Warning,,
"shopify_US_7505374838881_43740397961313","2,860","Item uploaded through multiple feeds",Warning,,
"shopify_US_7537002971233_44083530432609","3,890","Item uploaded through multiple feeds",Warning,,
"shopify_US_7536337125473_44080618963041","3,414","Item uploaded through multiple feeds",Warning,,
"shopify_US_7227630649441_41872775610465","987","Item uploaded through multiple feeds",Warning,,
"shopify_US_7229128441953_41878471311457","1,127","Item uploaded through multiple feeds",Warning,,
"shopify_US_7536341024865_44080569811041","3,485","Item uploaded through multiple feeds",Warning,,
"shopify_US_6718948147297_39756765266017","48","Item uploaded through multiple feeds",Warning,,
"shopify_US_7230336729185_41883235909729","1,794","Item uploaded through multiple feeds",Warning,,
"shopify_US_7537105961057_44083932987489","4,072","Item uploaded through multiple feeds",Warning,,
"shopify_US_7230418944097_41883458568289","2,149","Item uploaded through multiple feeds",Warning,,
"shopify_US_7230327128161_41883192131681","1,703","Item uploaded through multiple feeds",Warning,,
"shopify_US_7230336729185_41883236892769","1,830","Item uploaded through multiple feeds",Warning,,
"shopify_US_7230332895329_41883219918945","1,759","Item uploaded through multiple feeds",Warning,,
"shopify_US_7536240984161_44080415309921","3,309","Item uploaded through multiple feeds",Warning,,
"shopify_US_7537030234209_44083621199969","3,982","Item uploaded through multiple feeds",Warning,,
"shopify_US_7533354975329_44046506786913","3,020","Item uploaded through multiple feeds",Warning,,
"shopify_US_7536992976993_44083479117921","3,820","Item uploaded through multiple feeds",Warning,,
"shopify_US_7537370628193_44085199306849","4,311","Item uploaded through multiple feeds",Warning,,
"shopify_US_7535210594401_44056192385121","3,206","Item uploaded through multiple feeds",Warning,,
"shopify_US_7537003266145_44083531153505","3,899","Item uploaded through multiple feeds",Warning,,
"shopify_US_7670609346657_46501139972193","4,719","Item uploaded through multiple feeds",Warning,,
"shopify_US_7536984359009_44083408339041","3,735","Item uploaded through multiple feeds",Warning,,
"shopify_US_7535944368225_44861276782689","3,294","Item uploaded through multiple feeds",Warning,,
"shopify_US_7241105670241_41930031005793","2,509","Item uploaded through multiple feeds",Warning,,
"shopify_US_7537227890785_44084491845729","4,159","Item uploaded through multiple feeds",Warning,,
"shopify_US_7535320465505_44057221333089","3,258","Item uploaded through multiple feeds",Warning,,
"shopify_US_7109292130401_41497361219681","310","Item uploaded through multiple feeds",Warning,,
"shopify_US_7230423236705_41883481210977","2,239","Item uploaded through multiple feeds",Warning,,
"shopify_US_7536709009505_44082095816801","3,623","Item uploaded through multiple feeds",Warning,,
"shopify_US_7241063825505_41929913958497","2,461","Item uploaded through multiple feeds",Warning,,
"shopify_US_7505372282977_43740358803553","2,845","Item uploaded through multiple feeds",Warning,,
"shopify_US_7229130342497_41878478422113","1,158","Item uploaded through multiple feeds",Warning,,
"shopify_US_7230418944097_41883459387489","2,174","Item uploaded through multiple feeds",Warning,,
"shopify_US_7537038917729_44083661373537","4,019","Item uploaded through multiple feeds",Warning,,
"shopify_US_7562834215009_44803376578657","4,535","Item uploaded through multiple feeds",Warning,,
"shopify_US_7533351272545_44046494367841","3,006","Item uploaded through multiple feeds",Warning,,
"shopify_US_7537227890785_44084490240097","4,121","Item uploaded through multiple feeds",Warning,,
"shopify_US_7230151524449_41882613416033","1,397","Item uploaded through multiple feeds",Warning,,
"shopify_US_7536696295521_44082061181025","3,529","Item uploaded through multiple feeds",Warning,,
"shopify_US_7585980055649_45099271913569","4,618","Item uploaded through multiple feeds",Warning,,
"shopify_US_7230415863905_41883443396705","2,131","Item uploaded through multiple feeds",Warning,,
"shopify_US_7672336646241_46512188162145","4,861","Item uploaded through multiple feeds",Warning,,
"shopify_US_7227630649441_41872775118945","1,000","Item uploaded through multiple feeds",Warning,,
"shopify_US_7229259874401_41878822551649","1,267","Item uploaded through multiple feeds",Warning,,
"shopify_US_7535312896097_44057203769441","3,246","Item uploaded through multiple feeds",Warning,,
"shopify_US_7536337125473_44080557228129","3,396","Item uploaded through multiple feeds",Warning,,
"shopify_US_7109454135393_41497849888865","420","Item uploaded through multiple feeds",Warning,,
"shopify_US_7110368919649_41500578807905","645","Item uploaded through multiple feeds",Warning,,
"shopify_US_7672336646241_46512188588129","4,874","Item uploaded through multiple feeds",Warning,,
"shopify_US_7227374534753_41871500214369","778","Item uploaded through multiple feeds",Warning,,
"shopify_US_7533453934689_44047092678753","3,109","Item uploaded through multiple feeds",Warning,,
"shopify_US_7533404291169_44046788231265","3,070","Item uploaded through multiple feeds",Warning,,
"shopify_US_7536988520545_44083434061921","3,767","Item uploaded through multiple feeds",Warning,,
"shopify_US_7230424645729_41883490746465","2,369","Item uploaded through multiple feeds",Warning,,
"shopify_US_7537367384161_44085189083233","4,212","Item uploaded through multiple feeds",Warning,,
"shopify_US_7227438530657_41871777497185","938","Item uploaded through multiple feeds",Warning,,
"shopify_US_7607760388193_45707470340193","4,673","Item uploaded through multiple feeds",Warning,,
"shopify_US_7502771781729_43731209027681","2,734","Item uploaded through multiple feeds",Warning,,
"shopify_US_7109298487393_41497381634145","335","Item uploaded through multiple feeds",Warning,,
"shopify_US_7497751986273_43677180821601","2,555","Item uploaded through multiple feeds",Warning,,
"shopify_US_7109298487393_41497381175393","323","Item uploaded through multiple feeds",Warning,,
"shopify_US_7227270791265_41871165063265","700","Item uploaded through multiple feeds",Warning,,
"shopify_US_7109292130401_41497360564321","292","Item uploaded through multiple feeds",Warning,,
"shopify_US_7230191665249_41882762772577","1,599","Item uploaded through multiple feeds",Warning,,
"shopify_US_7230424645729_41883489534049","2,332","Item uploaded through multiple feeds",Warning,,
"shopify_US_7510790733921_43768831967329","2,925","Item uploaded through multiple feeds",Warning,,
"shopify_US_7536700391521_44082067472481","3,571","Item uploaded through multiple feeds",Warning,,
"shopify_US_7533454426209_44047096774753","3,140","Item uploaded through multiple feeds",Warning,,
"shopify_US_7537003266145_44083532169313","3,920","Item uploaded through multiple feeds",Warning,,
"shopify_US_7230336729185_41883238203489","1,827","Item uploaded through multiple feeds",Warning,,
"shopify_US_7536988520545_44083434356833","3,776","Item uploaded through multiple feeds",Warning,,
"shopify_US_7230338039905_41883245576289","1,903","Item uploaded through multiple feeds",Warning,,
"shopify_US_7230339711073_41883256946785","1,984","Item uploaded through multiple feeds",Warning,,
"shopify_US_7109123670113_41497082658913","243","Item uploaded through multiple feeds",Warning,,
"shopify_US_7230180884577_41882725974113","1,572","Item uploaded through multiple feeds",Warning,,
"shopify_US_7230418944097_41883459321953","2,172","Item uploaded through multiple feeds",Warning,,
"shopify_US_7585867432033_45098823876705","4,552","Item uploaded through multiple feeds",Warning,,
"shopify_US_7502790656097_43731329286241","2,739","Item uploaded through multiple feeds",Warning,,
"shopify_US_7536240984161_44080415899745","3,327","Item uploaded through multiple feeds",Warning,,
"shopify_US_7229259874401_41878821273697","1,245","Item uploaded through multiple feeds",Warning,,
"shopify_US_7230424645729_41883490091105","2,349","Item uploaded through multiple feeds",Warning,,
"shopify_US_7536696328289_44082061475937","3,538","Item uploaded through multiple feeds",Warning,,
"shopify_US_7230156701793_41882623115361","1,438","Item uploaded through multiple feeds",Warning,,
"shopify_US_7537979359329_44087877402721","4,407","Item uploaded through multiple feeds",Warning,,
"shopify_US_7533429358689_44046853472353","3,086","Item uploaded through multiple feeds",Warning,,
"shopify_US_7109267947617_41497323831393","262","Item uploaded through multiple feeds",Warning,,
"shopify_US_7533403799649_44046785413217","3,047","Item uploaded through multiple feeds",Warning,,
"shopify_US_7536337125473_44080618405985","3,397","Item uploaded through multiple feeds",Warning,,
"shopify_US_7536341024865_44080568893537","3,457","Item uploaded through multiple feeds",Warning,,
"shopify_US_7229259874401_41878820978785","1,284","Item uploaded through multiple feeds",Warning,,
"shopify_US_7230180884577_41882725548129","1,554","Item uploaded through multiple feeds",Warning,,
"shopify_US_7230338039905_41883244298337","1,864","Item uploaded through multiple feeds",Warning,,
"shopify_US_7227270299745_41871161294945","675","Item uploaded through multiple feeds",Warning,,
"shopify_US_7230342004833_41883272216673","2,036","Item uploaded through multiple feeds",Warning,,
"shopify_US_7230342004833_41883272839265","2,055","Item uploaded through multiple feeds",Warning,,
"shopify_US_7229259874401_41878821601377","1,272","Item uploaded through multiple feeds",Warning,,
"shopify_US_7229128441953_41878471278689","1,125","Item uploaded through multiple feeds",Warning,,
"shopify_US_7227270299745_41871161426017","683","Item uploaded through multiple feeds",Warning,,
"shopify_US_7230424645729_41883490451553","2,360","Item uploaded through multiple feeds",Warning,,
"shopify_US_7537001431137_44083525353569","3,868","Item uploaded through multiple feeds",Warning,,
"shopify_US_7536707305569_44082088673377","3,605","Item uploaded through multiple feeds",Warning,,
"shopify_US_7670746775649_46501359550561","4,821","Item uploaded through multiple feeds",Warning,,
"shopify_US_7230332895329_41883220344929","1,776","Item uploaded through multiple feeds",Warning,,
"shopify_US_7537030234209_44083621822561","4,001","Item uploaded through multiple feeds",Warning,,
"shopify_US_7230191665249_41882755891297","1,623","Item uploaded through multiple feeds",Warning,,
"shopify_US_7227374534753_41871499919457","780","Item uploaded through multiple feeds",Warning,,
"shopify_US_7109084807265_41496962531425","202","Item uploaded through multiple feeds",Warning,,
"shopify_US_7536709009505_44082096078945","3,631","Item uploaded through multiple feeds",Warning,,
"shopify_US_7533403799649_44046785511521","3,050","Item uploaded through multiple feeds",Warning,,
"shopify_US_7533454098529_44047093235809","3,114","Item uploaded through multiple feeds",Warning,,
"shopify_US_7505375232097_43740401238113","2,889","Item uploaded through multiple feeds",Warning,,
"shopify_US_7533390856289_44046735704161","3,030","Item uploaded through multiple feeds",Warning,,
"shopify_US_7534719860833_44054269755489","3,167","Item uploaded through multiple feeds",Warning,,
"shopify_US_7502768210017_43731189399649","2,651","Item uploaded through multiple feeds",Warning,,
"shopify_US_7502178222177_43729955815521","2,565","Item uploaded through multiple feeds",Warning,,
"shopify_US_7230338039905_41883244527713","1,871","Item uploaded through multiple feeds",Warning,,
"shopify_US_7230336729185_41883237449825","1,851","Item uploaded through multiple feeds",Warning,,
"shopify_US_7533404192865_44046787543137","3,056","Item uploaded through multiple feeds",Warning,,
"shopify_US_7229825581153_41882664599649","1,302","Item uploaded through multiple feeds",Warning,,
"shopify_US_7227270791265_41871164604513","726","Item uploaded through multiple feeds",Warning,,
"shopify_US_7536709664865_44082099683425","3,668","Item uploaded through multiple feeds",Warning,,
"shopify_US_7230423236705_41883484160097","2,258","Item uploaded through multiple feeds",Warning,,
"shopify_US_7230151524449_41882613743713","1,402","Item uploaded through multiple feeds",Warning,,
"shopify_US_7537370857569_44085200912481","4,328","Item uploaded through multiple feeds",Warning,,
"shopify_US_7230339711073_41883257471073","2,000","Item uploaded through multiple feeds",Warning,,
"shopify_US_7227435450465_41871766487137","921","Item uploaded through multiple feeds",Warning,,
"shopify_US_7230150213729_41882608042081","1,392","Item uploaded through multiple feeds",Warning,,
"shopify_US_7502768439393_43731190055009","2,660","Item uploaded through multiple feeds",Warning,,
"shopify_US_7533430440033_44046903378017","3,097","Item uploaded through multiple feeds",Warning,,
"shopify_US_6718948147297_39756765036641","37","Item uploaded through multiple feeds",Warning,,
"shopify_US_7109454135393_41497849299041","404","Item uploaded through multiple feeds",Warning,,
"shopify_US_7227254276193_41871113322593","670","Item uploaded through multiple feeds",Warning,,
"shopify_US_7502768210017_43731189137505","2,643","Item uploaded through multiple feeds",Warning,,
"shopify_US_7227630649441_41872775774305","1,002","Item uploaded through multiple feeds",Warning,,
"shopify_US_7230323261537_41883177451617","1,688","Item uploaded through multiple feeds",Warning,,
"shopify_US_7230194942049_41882772340833","1,650","Item uploaded through multiple feeds",Warning,,
"shopify_US_7230156701793_41882622918753","1,426","Item uploaded through multiple feeds",Warning,,
"shopify_US_7536337125473_44080618504289","3,400","Item uploaded through multiple feeds",Warning,,
"shopify_US_7229130342497_41878478749793","1,167","Item uploaded through multiple feeds",Warning,,
"shopify_US_7230424645729_41883490353249","2,357","Item uploaded through multiple feeds",Warning,,
"shopify_US_7230415863905_41883442741345","2,111","Item uploaded through multiple feeds",Warning,,
"shopify_US_7534826520673_44054586130529","3,181","Item uploaded through multiple feeds",Warning,,
"shopify_US_7537007198305_44083543933025","3,928","Item uploaded through multiple feeds",Warning,,
"shopify_US_7227620982881_41872696311905","961","Item uploaded through multiple feeds",Warning,,
"shopify_US_7230645239905_41884150104161","2,425","Item uploaded through multiple feeds",Warning,,
"shopify_US_7537366597729_44085185216609","4,167","Item uploaded through multiple feeds",Warning,,
"shopify_US_7505374838881_43740398157921","2,866","Item uploaded through multiple feeds",Warning,,
"shopify_US_7536982294625_44083398017121","3,723","Item uploaded through multiple feeds",Warning,,
"shopify_US_7230338039905_41883245510753","1,901","Item uploaded through multiple feeds",Warning,,
"shopify_US_7537369088097_44085195440225","4,266","Item uploaded through multiple feeds",Warning,,
"shopify_US_7230339711073_41883256586337","1,973","Item uploaded through multiple feeds",Warning,,
"shopify_US_7536707305569_44082088444001","3,598","Item uploaded through multiple feeds",Warning,,
"shopify_US_7230327128161_41883192426593","1,728","Item uploaded through multiple feeds",Warning,,
"shopify_US_7230327128161_41883188363361","1,698","Item uploaded through multiple feeds",Warning,,
"shopify_US_7227375714401_41871507292257","806","Item uploaded through multiple feeds",Warning,,
"shopify_US_7241105670241_41930031300705","2,512","Item uploaded through multiple feeds",Warning,,
"shopify_US_7230157226081_41882624884833","1,455","Item uploaded through multiple feeds",Warning,,
"shopify_US_7537372463201_44085204713569","4,342","Item uploaded through multiple feeds",Warning,,
"shopify_US_7230194942049_41882772308065","1,649","Item uploaded through multiple feeds",Warning,,
"shopify_US_7227378925665_41871520956513","837","Item uploaded through multiple feeds",Warning,,
"shopify_US_7510791258209_43768836620385","2,950","Item uploaded through multiple feeds",Warning,,
"shopify_US_7672336646241_46512189931617","4,913","Item uploaded through multiple feeds",Warning,,
"shopify_US_7227438530657_41871777464417","937","Item uploaded through multiple feeds",Warning,,
"shopify_US_7537030234209_44083621593185","3,994","Item uploaded through multiple feeds",Warning,,
"shopify_US_7227439546465_41871781036129","951","Item uploaded through multiple feeds",Warning,,
"shopify_US_7229835542625_41882665549921","1,353","Item uploaded through multiple feeds",Warning,,
"shopify_US_7230342004833_41883271725153","2,021","Item uploaded through multiple feeds",Warning,,
"shopify_US_7230415863905_41883443789921","2,141","Item uploaded through multiple feeds",Warning,,
"shopify_US_7516479848545_43831323000929","2,969","Item uploaded through multiple feeds",Warning,,
"shopify_US_7230342004833_41883272085601","2,032","Item uploaded through multiple feeds",Warning,,
"shopify_US_7536992976993_44083478265953","3,794","Item uploaded through multiple feeds",Warning,,
"shopify_US_7585867432033_45098823975009","4,555","Item uploaded through multiple feeds",Warning,,
"shopify_US_7229259874401_41878822387809","1,234","Item uploaded through multiple feeds",Warning,,
"shopify_US_7230168727649_41882673283169","1,530","Item uploaded through multiple feeds",Warning,,
"shopify_US_7227270791265_41871166242913","703","Item uploaded through multiple feeds",Warning,,
"shopify_US_7502187888737_43729970233441","2,574","Item uploaded through multiple feeds",Warning,,
"shopify_US_7536457941089_44080778772577","3,512","Item uploaded through multiple feeds",Warning,,
"shopify_US_7241063825505_41929912221793","2,438","Item uploaded through multiple feeds",Warning,,
"shopify_US_7109502566497_41497976438881","493","Item uploaded through multiple feeds",Warning,,
"shopify_US_7607760257121_45707469815905","4,663","Item uploaded through multiple feeds",Warning,,
"shopify_US_7536988520545_44083434127457","3,769","Item uploaded through multiple feeds",Warning,,
"shopify_US_7230423236705_41883482620001","2,282","Item uploaded through multiple feeds",Warning,,
"shopify_US_7536992976993_44083478593633","3,799","Item uploaded through multiple feeds",Warning,,
"shopify_US_7230338039905_41883246559329","1,933","Item uploaded through multiple feeds",Warning,,
"shopify_US_7109298487393_41497381601377","334","Item uploaded through multiple feeds",Warning,,
"shopify_US_7229259874401_41878821077089","1,208","Item uploaded through multiple feeds",Warning,,
"shopify_US_7227418738785_41871678472289","893","Item uploaded through multiple feeds",Warning,,
"shopify_US_7672336646241_46512187768929","4,849","Item uploaded through multiple feeds",Warning,,
"shopify_US_7537009033313_44083548717153","3,949","Item uploaded through multiple feeds",Warning,,
"shopify_US_7227270791265_41871164702817","740","Item uploaded through multiple feeds",Warning,,
"shopify_US_7537009033313_44083548880993","3,954","Item uploaded through multiple feeds",Warning,,
"shopify_US_7230339711073_41883257765985","2,009","Item uploaded through multiple feeds",Warning,,
"shopify_US_7109267947617_41497324224609","273","Item uploaded through multiple feeds",Warning,,
"shopify_US_7230157226081_41882625376353","1,470","Item uploaded through multiple feeds",Warning,,
"shopify_US_7227270791265_41871165128801","714","Item uploaded through multiple feeds",Warning,,
"shopify_US_7109986844769_41499305410657","577","Item uploaded through multiple feeds",Warning,,
"shopify_US_7230342004833_41883271594081","2,017","Item uploaded through multiple feeds",Warning,,
"shopify_US_6718948147297_39756770279521","27","Item uploaded through multiple feeds",Warning,,
"shopify_US_7230415863905_41883442774113","2,112","Item uploaded through multiple feeds",Warning,,
"shopify_US_7110363119713_41500562915425","614","Item uploaded through multiple feeds",Warning,,
"shopify_US_7537002971233_44083530596449","3,895","Item uploaded through multiple feeds",Warning,,
"shopify_US_7109502566497_41497976602721","498","Item uploaded through multiple feeds",Warning,,
"shopify_US_7230332895329_41883217920097","1,737","Item uploaded through multiple feeds",Warning,,
"shopify_US_7672336646241_46512190062689","4,917","Item uploaded through multiple feeds",Warning,,
"shopify_US_7230415863905_41883444084833","2,148","Item uploaded through multiple feeds",Warning,,
"shopify_US_7108962254945_41496538546273","115","Item uploaded through multiple feeds",Warning,,
"shopify_US_7585867432033_45098824564833","4,573","Item uploaded through multiple feeds",Warning,,
"shopify_US_7227252670561_41871110307937","658","Item uploaded through multiple feeds",Warning,,
"shopify_US_7230339711073_41883257110625","1,989","Item uploaded through multiple feeds",Warning,,
"shopify_US_7533351272545_44046494466145","3,009","Item uploaded through multiple feeds",Warning,,
"shopify_US_7109454135393_41497849659489","414","Item uploaded through multiple feeds",Warning,,
"shopify_US_7537113563233_44083974078561","4,096","Item uploaded through multiple feeds",Warning,,
"shopify_US_7537367679073_44085191442529","4,245","Item uploaded through multiple feeds",Warning,,
"shopify_US_7230180884577_41882725941345","1,570","Item uploaded through multiple feeds",Warning,,
"shopify_US_7510791159905_43768835375201","2,937","Item uploaded through multiple feeds",Warning,,
"shopify_US_7230336729185_41883238662241","1,862","Item uploaded through multiple feeds",Warning,,
"shopify_US_7109514395745_41498011304033","522","Item uploaded through multiple feeds",Warning,,
"shopify_US_7230424645729_41883488976993","2,315","Item uploaded through multiple feeds",Warning,,
"shopify_US_7229259874401_41878821109857","1,214","Item uploaded through multiple feeds",Warning,,
"shopify_US_7241063825505_41929914024033","2,469","Item uploaded through multiple feeds",Warning,,
"shopify_US_7536709501025_44082098307169","3,636","Item uploaded through multiple feeds",Warning,,
"shopify_US_7537227890785_44084490207329","4,120","Item uploaded through multiple feeds",Warning,,
"shopify_US_7537030234209_44083621462113","3,990","Item uploaded through multiple feeds",Warning,,
"shopify_US_7230338039905_41883246067809","1,918","Item uploaded through multiple feeds",Warning,,
"shopify_US_7536984359009_44083409158241","3,760","Item uploaded through multiple feeds",Warning,,
"shopify_US_7109298487393_41497381372001","328","Item uploaded through multiple feeds",Warning,,
"shopify_US_7230151524449_41882613481569","1,398","Item uploaded through multiple feeds",Warning,,
"shopify_US_7510267494497_43765460992097","2,906","Item uploaded through multiple feeds",Warning,,
"shopify_US_7230180884577_41882719060065","1,550","Item uploaded through multiple feeds",Warning,,
"shopify_US_7227355988065_41871478095969","759","Item uploaded through multiple feeds",Warning,,
"shopify_US_7537370628193_44085198651489","4,294","Item uploaded through multiple feeds",Warning,,
"shopify_US_7230342004833_41883272806497","2,054","Item uploaded through multiple feeds",Warning,,
"shopify_US_7109298487393_41497381306465","326","Item uploaded through multiple feeds",Warning,,
"shopify_US_7109517770849_41498027196513","560","Item uploaded through multiple feeds",Warning,,
"shopify_US_7230339711073_41883257569377","2,003","Item uploaded through multiple feeds",Warning,,
"shopify_US_7230645239905_41884148465761","2,385","Item uploaded through multiple feeds",Warning,,
"shopify_US_7537109991521_44083954974817","4,081","Item uploaded through multiple feeds",Warning,,
"shopify_US_7502791082081_43731330826337","2,752","Item uploaded through multiple feeds",Warning,,
"shopify_US_7533458194529_44047109062753","3,157","Item uploaded through multiple feeds",Warning,,
"shopify_US_7108958519393_41496524619873","105","Item uploaded through multiple feeds",Warning,,
"shopify_US_7536709501025_44082098274401","3,635","Item uploaded through multiple feeds",Warning,,
"shopify_US_7505372282977_43740358574177","2,838","Item uploaded through multiple feeds",Warning,,
"shopify_US_7537978572897_44087869603937","4,362","Item uploaded through multiple feeds",Warning,,
"shopify_US_7230180884577_41882725777505","1,564","Item uploaded through multiple feeds",Warning,,
"shopify_US_7229835542625_41882665287777","1,337","Item uploaded through multiple feeds",Warning,,
"shopify_US_7536337125473_44080557129825","3,393","Item uploaded through multiple feeds",Warning,,
"shopify_US_7229259874401_41878819635297","1,211","Item uploaded through multiple feeds",Warning,,
"shopify_US_7230336729185_41883237089377","1,839","Item uploaded through multiple feeds",Warning,,
"shopify_US_7535908946017_44076550062177","3,280","Item uploaded through multiple feeds",Warning,,
"shopify_US_7230423236705_41883484356705","2,288","Item uploaded through multiple feeds",Warning,,
"shopify_US_7230423236705_41883480752225","2,225","Item uploaded through multiple feeds",Warning,,
"shopify_US_7502790656097_43731329220705","2,737","Item uploaded through multiple feeds",Warning,,
"shopify_US_7230423236705_41883480719457","2,224","Item uploaded through multiple feeds",Warning,,
"shopify_US_7227378892897_41871520104545","814","Item uploaded through multiple feeds",Warning,,
"shopify_US_7670742777953_46501351981153","4,787","Item uploaded through multiple feeds",Warning,,
"shopify_US_7535227666529_44056519966817","3,213","Item uploaded through multiple feeds",Warning,,
"shopify_US_7502191788129_43729979048033","2,586","Item uploaded through multiple feeds",Warning,,
"shopify_US_7229132472417_41878486745185","1,180","Item uploaded through multiple feeds",Warning,,
"shopify_US_7230191665249_41882755596385","1,611","Item uploaded through multiple feeds",Warning,,
"shopify_US_7241063825505_41929913499745","2,468","Item uploaded through multiple feeds",Warning,,
"shopify_US_7536334274657_44080553001057","3,357","Item uploaded through multiple feeds",Warning,,
"shopify_US_7670683762785_46501285298273","4,744","Item uploaded through multiple feeds",Warning,,
"shopify_US_7230191665249_41882762969185","1,604","Item uploaded through multiple feeds",Warning,,
"shopify_US_7536947003489_44083348635745","3,697","Item uploaded through multiple feeds",Warning,,
"shopify_US_7672336646241_46512187670625","4,846","Item uploaded through multiple feeds",Warning,,
"shopify_US_7229259874401_41878820552801","1,201","Item uploaded through multiple feeds",Warning,,
"shopify_US_7109298487393_41497381535841","333","Item uploaded through multiple feeds",Warning,,
"shopify_US_7536340729953_44080564633697","3,430","Item uploaded through multiple feeds",Warning,,
"shopify_US_7505374838881_43740398059617","2,863","Item uploaded through multiple feeds",Warning,,
"shopify_US_7536982294625_44083398082657","3,725","Item uploaded through multiple feeds",Warning,,
"shopify_US_7536988520545_44083434192993","3,771","Item uploaded through multiple feeds",Warning,,
"shopify_US_7545279512673_44116031504481","4,448","Item uploaded through multiple feeds",Warning,,
"shopify_US_7502765949025_43731176652897","2,630","Item uploaded through multiple feeds",Warning,,
"shopify_US_7229835542625_41881196888161","1,348","Item uploaded through multiple feeds",Warning,,
"shopify_US_7505375232097_43740400746593","2,874","Item uploaded through multiple feeds",Warning,,
"shopify_US_7502828601441_43731501711457","2,817","Item uploaded through multiple feeds",Warning,,
"shopify_US_7536982294625_44083398148193","3,727","Item uploaded through multiple feeds",Warning,,
"shopify_US_7537041342561_44083683033185","4,028","Item uploaded through multiple feeds",Warning,,
"shopify_US_7230418944097_41883460698209","2,214","Item uploaded through multiple feeds",Warning,,
"shopify_US_7536337125473_44080556867681","3,385","Item uploaded through multiple feeds",Warning,,
"shopify_US_7537369120865_44085195964513","4,281","Item uploaded through multiple feeds",Warning,,
"shopify_US_7533454098529_44047093137505","3,111","Item uploaded through multiple feeds",Warning,,
"shopify_US_7230180884577_41882725220449","1,539","Item uploaded through multiple feeds",Warning,,
"shopify_US_7502791671905_43731332923489","2,761","Item uploaded through multiple feeds",Warning,,
"shopify_US_7541022818401_44096526286945","4,433","Item uploaded through multiple feeds",Warning,,
"shopify_US_7109443256417_41497808470113","364","Item uploaded through multiple feeds",Warning,,
"shopify_US_7230150213729_41882607878241","1,382","Item uploaded through multiple feeds",Warning,,
"shopify_US_7536337125473_44080618995809","3,415","Item uploaded through multiple feeds",Warning,,
"shopify_US_7230191665249_41882763296865","1,617","Item uploaded through multiple feeds",Warning,,
"shopify_US_7230645239905_41884149907553","2,420","Item uploaded through multiple feeds",Warning,,
"shopify_US_7230423236705_41883481374817","2,244","Item uploaded through multiple feeds",Warning,,
"shopify_US_7227254276193_41871113388129","672","Item uploaded through multiple feeds",Warning,,
"shopify_US_7229825581153_41882664566881","1,300","Item uploaded through multiple feeds",Warning,,
"shopify_US_7230156701793_41882622099553","1,425","Item uploaded through multiple feeds",Warning,,
"shopify_US_7108984799329_41496617746529","133","Item uploaded through multiple feeds",Warning,,
"shopify_US_7502770896993_43731203457121","2,708","Item uploaded through multiple feeds",Warning,,
"shopify_US_7562834215009_44803376644193","4,537","Item uploaded through multiple feeds",Warning,,
"shopify_US_7537978933345_44087872651361","4,383","Item uploaded through multiple feeds",Warning,,
"shopify_US_7510791258209_43768836423777","2,947","Item uploaded through multiple feeds",Warning,,
"shopify_US_7230342004833_41883273756769","2,083","Item uploaded through multiple feeds",Warning,,
"shopify_US_7536334274657_44080552935521","3,355","Item uploaded through multiple feeds",Warning,,
"shopify_US_7230424645729_41883489796193","2,340","Item uploaded through multiple feeds",Warning,,
"shopify_US_7227624554593_41872740253793","982","Item uploaded through multiple feeds",Warning,,
"shopify_US_6718948147297_39756770443361","47","Item uploaded through multiple feeds",Warning,,
"shopify_US_7536341024865_44080569253985","3,468","Item uploaded through multiple feeds",Warning,,
"shopify_US_7537041342561_44083683197025","4,033","Item uploaded through multiple feeds",Warning,,
"shopify_US_7230418944097_41883459289185","2,171","Item uploaded through multiple feeds",Warning,,
"shopify_US_7229259874401_41878819799137","1,242","Item uploaded through multiple feeds",Warning,,
"shopify_US_7228788867169_41877295661153","1,036","Item uploaded through multiple feeds",Warning,,
"shopify_US_7230418944097_41883459485793","2,177","Item uploaded through multiple feeds",Warning,,
"shopify_US_7230327128161_41883188461665","1,701","Item uploaded through multiple feeds",Warning,,
"shopify_US_7510267494497_43765460828257","2,901","Item uploaded through multiple feeds",Warning,,
"shopify_US_7585992048737_45099305402465","4,649","Item uploaded through multiple feeds",Warning,,
"shopify_US_7230338039905_41883244593249","1,873","Item uploaded through multiple feeds",Warning,,
"shopify_US_7533454426209_44047096873057","3,143","Item uploaded through multiple feeds",Warning,,
"shopify_US_7562834215009_44803376185441","4,523","Item uploaded through multiple feeds",Warning,,
"shopify_US_7672336646241_46512189210721","4,891","Item uploaded through multiple feeds",Warning,,
"shopify_US_7535312896097_44057203802209","3,247","Item uploaded through multiple feeds",Warning,,
"shopify_US_7670738223201_46501345919073","4,777","Item uploaded through multiple feeds",Warning,,
"shopify_US_7230342004833_41883272872033","2,056","Item uploaded through multiple feeds",Warning,,
"shopify_US_7502192214113_43729980686433","2,593","Item uploaded through multiple feeds",Warning,,
"shopify_US_7109292130401_41497360629857","294","Item uploaded through multiple feeds",Warning,,
"shopify_US_7545279840353_44116032618593","4,462","Item uploaded through multiple feeds",Warning,,
"shopify_US_7109292130401_41497360662625","295","Item uploaded through multiple feeds",Warning,,
"shopify_US_7109292130401_41497361252449","311","Item uploaded through multiple feeds",Warning,,
"shopify_US_7535227666529_44056520523873","3,230","Item uploaded through multiple feeds",Warning,,
"shopify_US_7537038917729_44083661176929","4,013","Item uploaded through multiple feeds",Warning,,
"shopify_US_7502771519585_43731207192673","2,718","Item uploaded through multiple feeds",Warning,,
"shopify_US_7227374534753_41871500017761","789","Item uploaded through multiple feeds",Warning,,
"shopify_US_7109481431137_41497931251809","463","Item uploaded through multiple feeds",Warning,,
"shopify_US_7230342004833_41883271823457","2,024","Item uploaded through multiple feeds",Warning,,
"shopify_US_7537978933345_44087872356449","4,374","Item uploaded through multiple feeds",Warning,,
"shopify_US_7227379023969_41871522332769","871","Item uploaded through multiple feeds",Warning,,
"shopify_US_7536992976993_44083478921313","3,817","Item uploaded through multiple feeds",Warning,,
"shopify_US_7241201942625_41930312515681","2,539","Item uploaded through multiple feeds",Warning,,
"shopify_US_7497751986273_43677180788833","2,554","Item uploaded through multiple feeds",Warning,,
"shopify_US_7230336729185_41883238334561","1,837","Item uploaded through multiple feeds",Warning,,
"shopify_US_7230342004833_41883271659617","2,019","Item uploaded through multiple feeds",Warning,,
"shopify_US_7585867628641_45098826268769","4,602","Item uploaded through multiple feeds",Warning,,
"shopify_US_7535227666529_44056520392801","3,226","Item uploaded through multiple feeds",Warning,,
"shopify_US_7536988520545_44083434291297","3,774","Item uploaded through multiple feeds",Warning,,
"shopify_US_7536984359009_44083408437345","3,738","Item uploaded through multiple feeds",Warning,,
"shopify_US_7230180884577_41882725580897","1,555","Item uploaded through multiple feeds",Warning,,
"shopify_US_7670738223201_46501345951841","4,778","Item uploaded through multiple feeds",Warning,,
"shopify_US_7108984799329_41496617812065","135","Item uploaded through multiple feeds",Warning,,
"shopify_US_7536988618849_44083435012193","3,790","Item uploaded through multiple feeds",Warning,,
"shopify_US_7537369088097_44085195341921","4,263","Item uploaded through multiple feeds",Warning,,
"shopify_US_7229259874401_41878820028513","1,194","Item uploaded through multiple feeds",Warning,,
"shopify_US_7537041342561_44104714551393","4,051","Item uploaded through multiple feeds",Warning,,
"shopify_US_7230423236705_41883482947681","2,292","Item uploaded through multiple feeds",Warning,,
"shopify_US_7536982294625_44083398049889","3,724","Item uploaded through multiple feeds",Warning,,
"shopify_US_7229026304097_41878208544865","1,086","Item uploaded through multiple feeds",Warning,,
"shopify_US_7230338039905_41883245117537","1,889","Item uploaded through multiple feeds",Warning,,
"shopify_US_7533458194529_44047108997217","3,155","Item uploaded through multiple feeds",Warning,,
"shopify_US_7537009033313_44083548422241","3,940","Item uploaded through multiple feeds",Warning,,
"shopify_US_7545279840353_44116032946273","4,472","Item uploaded through multiple feeds",Warning,,
"shopify_US_7670742777953_46501352013921","4,788","Item uploaded through multiple feeds",Warning,,
"shopify_US_7537372463201_44085204484193","4,335","Item uploaded through multiple feeds",Warning,,
"shopify_US_7109443256417_41497808502881","368","Item uploaded through multiple feeds",Warning,,
"shopify_US_7672336646241_46512189374561","4,896","Item uploaded through multiple feeds",Warning,,
"shopify_US_7537367023713_44085186920545","4,199","Item uploaded through multiple feeds",Warning,,
"shopify_US_7537979359329_44087877009505","4,395","Item uploaded through multiple feeds",Warning,,
"shopify_US_7533430440033_44046903312481","3,095","Item uploaded through multiple feeds",Warning,,
"shopify_US_7577248596065_45068115017825","4,540","Item uploaded through multiple feeds",Warning,,
"shopify_US_7502828601441_43731501645921","2,815","Item uploaded through multiple feeds",Warning,,
"shopify_US_7109986844769_41499305476193","579","Item uploaded through multiple feeds",Warning,,
"shopify_US_7109122097249_41497077219425","232","Item uploaded through multiple feeds",Warning,,
"shopify_US_7230423236705_41883482751073","2,286","Item uploaded through multiple feeds",Warning,,
"shopify_US_7537227890785_44084490567777","4,131","Item uploaded through multiple feeds",Warning,,
"shopify_US_7672336646241_46512189636705","4,904","Item uploaded through multiple feeds",Warning,,
"shopify_US_7230424645729_41883489239137","2,323","Item uploaded through multiple feeds",Warning,,
"shopify_US_7227355988065_41871478030433","757","Item uploaded through multiple feeds",Warning,,
"shopify_US_7502187888737_43729970266209","2,575","Item uploaded through multiple feeds",Warning,,
"shopify_US_7241105670241_41930030743649","2,505","Item uploaded through multiple feeds",Warning,,
"shopify_US_7227374534753_41871499657313","776","Item uploaded through multiple feeds",Warning,,
"shopify_US_7510790996065_43768834392161","2,932","Item uploaded through multiple feeds",Warning,,
"shopify_US_7607762845793_45715228393569","4,690","Item uploaded through multiple feeds",Warning,,
"shopify_US_6718948147297_39756764807265","29","Item uploaded through multiple feeds",Warning,,
"shopify_US_7229259874401_41878821994593","1,253","Item uploaded through multiple feeds",Warning,,
"shopify_US_7229128441953_41878470361185","1,126","Item uploaded through multiple feeds",Warning,,
"shopify_US_7510790733921_43768831148129","2,920","Item uploaded through multiple feeds",Warning,,
"shopify_US_7537109991521_44083954876513","4,078","Item uploaded through multiple feeds",Warning,,
"shopify_US_7545279840353_44116032487521","4,458","Item uploaded through multiple feeds",Warning,,
"shopify_US_7108986404961_41496623775841","140","Item uploaded through multiple feeds",Warning,,
"shopify_US_7537370628193_44085199011937","4,302","Item uploaded through multiple feeds",Warning,,
"shopify_US_7227375714401_41871506833505","794","Item uploaded through multiple feeds",Warning,,
"shopify_US_7241063825505_41929913532513","2,472","Item uploaded through multiple feeds",Warning,,
"shopify_US_7109517770849_41498027163745","559","Item uploaded through multiple feeds",Warning,,
"shopify_US_7537367384161_44085189345377","4,219","Item uploaded through multiple feeds",Warning,,
"shopify_US_7536340729953_44080564764769","3,434","Item uploaded through multiple feeds",Warning,,
"shopify_US_7230424645729_41883489435745","2,329","Item uploaded through multiple feeds",Warning,,
"shopify_US_7545279512673_44116031537249","4,449","Item uploaded through multiple feeds",Warning,,
"shopify_US_7230423236705_41883482030177","2,264","Item uploaded through multiple feeds",Warning,,
"shopify_US_7536992976993_44083478102113","3,804","Item uploaded through multiple feeds",Warning,,
"shopify_US_7109267947617_41497323864161","263","Item uploaded through multiple feeds",Warning,,
"shopify_US_7241105670241_41930031792225","2,521","Item uploaded through multiple feeds",Warning,,
"shopify_US_7672336646241_46512189177953","4,890","Item uploaded through multiple feeds",Warning,,
"shopify_US_7230150213729_41882607681633","1,370","Item uploaded through multiple feeds",Warning,,
"shopify_US_7670695526497_46501299224673","4,750","Item uploaded through multiple feeds",Warning,,
"shopify_US_7535227666529_44056519999585","3,214","Item uploaded through multiple feeds",Warning,,
"shopify_US_7537113563233_44083974799457","4,118","Item uploaded through multiple feeds",Warning,,
"shopify_US_7536992976993_44083479478369","3,839","Item uploaded through multiple feeds",Warning,,
"shopify_US_7536704520289_44082077892705","3,590","Item uploaded through multiple feeds",Warning,,
"shopify_US_7510267494497_43765461090401","2,909","Item uploaded through multiple feeds",Warning,,
"shopify_US_7230194942049_41882772734049","1,658","Item uploaded through multiple feeds",Warning,,
"shopify_US_7109514395745_41498011140193","517","Item uploaded through multiple feeds",Warning,,
"shopify_US_7230194942049_41882771619937","1,635","Item uploaded through multiple feeds",Warning,,
"shopify_US_7537978572897_44087869636705","4,363","Item uploaded through multiple feeds",Warning,,
"shopify_US_7230424645729_41883489763425","2,339","Item uploaded through multiple feeds",Warning,,
"shopify_US_7536709501025_44082098471009","3,641","Item uploaded through multiple feeds",Warning,,
"shopify_US_7536469639265_44080804429921","3,518","Item uploaded through multiple feeds",Warning,,
"shopify_US_7537041342561_44104714518625","4,050","Item uploaded through multiple feeds",Warning,,
"shopify_US_7229259874401_41878820061281","1,200","Item uploaded through multiple feeds",Warning,,
"shopify_US_7230168727649_41882673315937","1,531","Item uploaded through multiple feeds",Warning,,
"shopify_US_7229027876961_41878213787745","1,094","Item uploaded through multiple feeds",Warning,,
"shopify_US_7670609346657_46501139513441","4,705","Item uploaded through multiple feeds",Warning,,
"shopify_US_7672336646241_46512189505633","4,900","Item uploaded through multiple feeds",Warning,,
"shopify_US_7607758422113_45707249025121","4,655","Item uploaded through multiple feeds",Warning,,
"shopify_US_7533351272545_44046494236769","3,002","Item uploaded through multiple feeds",Warning,,
"shopify_US_7536240984161_44080415572065","3,317","Item uploaded through multiple feeds",Warning,,
"shopify_US_7533397835873_44046762967137","3,043","Item uploaded through multiple feeds",Warning,,
"shopify_US_7230418944097_41883459879009","2,189","Item uploaded through multiple feeds",Warning,,
"shopify_US_7229023846497_41878199074913","1,074","Item uploaded through multiple feeds",Warning,,
"shopify_US_7537041342561_44083683786849","4,049","Item uploaded through multiple feeds",Warning,,
"shopify_US_7230155882593_41882618757217","1,416","Item uploaded through multiple feeds",Warning,,
"shopify_US_7229130342497_41878478520417","1,161","Item uploaded through multiple feeds",Warning,,
"shopify_US_7536341024865_44080569647201","3,480","Item uploaded through multiple feeds",Warning,,
"shopify_US_7108962254945_41496538611809","117","Item uploaded through multiple feeds",Warning,,
"shopify_US_7502792622177_43731337314401","2,783","Item uploaded through multiple feeds",Warning,,
"shopify_US_7230339711073_41883255832673","1,950","Item uploaded through multiple feeds",Warning,,
"shopify_US_7585992048737_45099305074785","4,639","Item uploaded through multiple feeds",Warning,,
"shopify_US_7228788867169_41877295857761","1,060","Item uploaded through multiple feeds",Warning,,
"shopify_US_7533429358689_44046853505121","3,087","Item uploaded through multiple feeds",Warning,,
"shopify_US_7546613530721_44197959336033","4,487","Item uploaded through multiple feeds",Warning,,
"shopify_US_7230424645729_41883488452705","2,299","Item uploaded through multiple feeds",Warning,,
"shopify_US_6719774720097_39761985273953","81","Item uploaded through multiple feeds",Warning,,
"shopify_US_7109072257121_41496915771489","190","Item uploaded through multiple feeds",Warning,,
"shopify_US_7230424645729_41883489599585","2,334","Item uploaded through multiple feeds",Warning,,
"shopify_US_7228773466209_41877251948641","1,018","Item uploaded through multiple feeds",Warning,,
"shopify_US_7502765719649_43731176128609","2,627","Item uploaded through multiple feeds",Warning,,
"shopify_US_7230418944097_41883459518561","2,178","Item uploaded through multiple feeds",Warning,,
"shopify_US_7535908946017_44076549996641","3,278","Item uploaded through multiple feeds",Warning,,
"shopify_US_7230424645729_41883489927265","2,344","Item uploaded through multiple feeds",Warning,,
"shopify_US_7229259874401_41878819864673","1,255","Item uploaded through multiple feeds",Warning,,
"shopify_US_7537003266145_44083531645025","3,907","Item uploaded through multiple feeds",Warning,,
"shopify_US_7108958519393_41496524587105","104","Item uploaded through multiple feeds",Warning,,
"shopify_US_7537370628193_44085198520417","4,290","Item uploaded through multiple feeds",Warning,,
"shopify_US_7505375232097_43740401270881","2,890","Item uploaded through multiple feeds",Warning,,
"shopify_US_7109443256417_41497808961633","385","Item uploaded through multiple feeds",Warning,,
"shopify_US_7109454135393_41497849593953","412","Item uploaded through multiple feeds",Warning,,
"shopify_US_7108962254945_41496538579041","116","Item uploaded through multiple feeds",Warning,,
"shopify_US_7533354975329_44046506557537","3,013","Item uploaded through multiple feeds",Warning,,
"shopify_US_7227252670561_41871110471777","663","Item uploaded through multiple feeds",Warning,,
"shopify_US_7227355988065_41871477964897","755","Item uploaded through multiple feeds",Warning,,
"shopify_US_7109298487393_41497381863521","342","Item uploaded through multiple feeds",Warning,,
"shopify_US_7229128441953_41878471442529","1,135","Item uploaded through multiple feeds",Warning,,
"shopify_US_7533403799649_44046785445985","3,048","Item uploaded through multiple feeds",Warning,,
"shopify_US_7546613530721_44197959270497","4,485","Item uploaded through multiple feeds",Warning,,
"shopify_US_7502191788129_43729978916961","2,582","Item uploaded through multiple feeds",Warning,,
"shopify_US_7502791082081_43731331022945","2,758","Item uploaded through multiple feeds",Warning,,
"shopify_US_7229835542625_41881196724321","1,338","Item uploaded through multiple feeds",Warning,,
"shopify_US_7229825581153_41881163169889","1,291","Item uploaded through multiple feeds",Warning,,
"shopify_US_7537038917729_44083661045857","4,009","Item uploaded through multiple feeds",Warning,,
"shopify_US_7108953604193_41496508661857","97","Item uploaded through multiple feeds",Warning,,
"shopify_US_7241063825505_41929913434209","2,460","Item uploaded through multiple feeds",Warning,,
"shopify_US_7533397835873_44046762704993","3,035","Item uploaded through multiple feeds",Warning,,
"shopify_US_7109517770849_41498026967137","553","Item uploaded through multiple feeds",Warning,,
"shopify_US_7109472288865_41497918767201","447","Item uploaded through multiple feeds",Warning,,
"shopify_US_7227356282977_41871478816865","763","Item uploaded through multiple feeds",Warning,,
"shopify_US_7227270791265_41871165096033","707","Item uploaded through multiple feeds",Warning,,
"shopify_US_7536700391521_44082067406945","3,569","Item uploaded through multiple feeds",Warning,,
"shopify_US_7228788867169_41877295923297","1,068","Item uploaded through multiple feeds",Warning,,
"shopify_US_7537001431137_44083524599905","3,851","Item uploaded through multiple feeds",Warning,,
"shopify_US_6718948147297_39756764971105","38","Item uploaded through multiple feeds",Warning,,
"shopify_US_7228788867169_41877294841953","1,026","Item uploaded through multiple feeds",Warning,,
"shopify_US_7577248596065_45068115181665","4,545","Item uploaded through multiple feeds",Warning,,
"shopify_US_7108998987873_41496666767457","176","Item uploaded through multiple feeds",Warning,,
"shopify_US_7230336729185_41883237875809","1,802","Item uploaded through multiple feeds",Warning,,
"shopify_US_7536709009505_44082095915105","3,626","Item uploaded through multiple feeds",Warning,,
"shopify_US_7230415863905_41883441758305","2,091","Item uploaded through multiple feeds",Warning,,
"shopify_US_7505372282977_43740358639713","2,840","Item uploaded through multiple feeds",Warning,,
"shopify_US_7230156701793_41882622394465","1,443","Item uploaded through multiple feeds",Warning,,
"shopify_US_7227630649441_41872775872609","1,011","Item uploaded through multiple feeds",Warning,,
"shopify_US_7230180884577_41882726039649","1,575","Item uploaded through multiple feeds",Warning,,
"shopify_US_7230150213729_41882612334689","1,385","Item uploaded through multiple feeds",Warning,,
"shopify_US_7229825581153_41881163432033","1,307","Item uploaded through multiple feeds",Warning,,
"shopify_US_7670742777953_46501351948385","4,786","Item uploaded through multiple feeds",Warning,,
"shopify_US_7230191665249_41882762215521","1,588","Item uploaded through multiple feeds",Warning,,
"shopify_US_7227434958945_41871763898465","905","Item uploaded through multiple feeds",Warning,,
"shopify_US_7536309141601_44080519741537","3,333","Item uploaded through multiple feeds",Warning,,
"shopify_US_7230191665249_41882762117217","1,586","Item uploaded through multiple feeds",Warning,,
"shopify_US_7537038917729_44083661570145","4,025","Item uploaded through multiple feeds",Warning,,
"shopify_US_7230327128161_41883188527201","1,705","Item uploaded through multiple feeds",Warning,,
"shopify_US_7537372463201_44085204418657","4,333","Item uploaded through multiple feeds",Warning,,
"shopify_US_7230191665249_41882762870881","1,601","Item uploaded through multiple feeds",Warning,,
"shopify_US_7109298487393_41497381273697","325","Item uploaded through multiple feeds",Warning,,
"shopify_US_7510790996065_43768834523233","2,933","Item uploaded through multiple feeds",Warning,,
"shopify_US_7230156701793_41882622230625","1,433","Item uploaded through multiple feeds",Warning,,
"shopify_US_7230155882593_41882618921057","1,421","Item uploaded through multiple feeds",Warning,,
"shopify_US_7230342004833_41883273330785","2,070","Item uploaded through multiple feeds",Warning,,
"shopify_US_7109267947617_41497323929697","265","Item uploaded through multiple feeds",Warning,,
"shopify_US_7227434958945_41871763996769","908","Item uploaded through multiple feeds",Warning,,
"shopify_US_7230418944097_41883460665441","2,213","Item uploaded through multiple feeds",Warning,,
"shopify_US_7585867628641_45098826104929","4,597","Item uploaded through multiple feeds",Warning,,
"shopify_US_7672336646241_46512187834465","4,851","Item uploaded through multiple feeds",Warning,,
"shopify_US_7537227890785_44084491747425","4,157","Item uploaded through multiple feeds",Warning,,
"shopify_US_7109517770849_41498026770529","548","Item uploaded through multiple feeds",Warning,,
"shopify_US_7536947003489_44083348176993","3,683","Item uploaded through multiple feeds",Warning,,
"shopify_US_7109267947617_41497324519521","281","Item uploaded through multiple feeds",Warning,,
"shopify_US_7241063825505_41929913204833","2,495","Item uploaded through multiple feeds",Warning,,
"shopify_US_7510267494497_43765461123169","2,910","Item uploaded through multiple feeds",Warning,,
"shopify_US_7227418738785_41871678505057","894","Item uploaded through multiple feeds",Warning,,
"shopify_US_7535312896097_44057203900513","3,250","Item uploaded through multiple feeds",Warning,,
"shopify_US_7230194942049_41882771849313","1,642","Item uploaded through multiple feeds",Warning,,
"shopify_US_7536337125473_44080556376161","3,370","Item uploaded through multiple feeds",Warning,,
"shopify_US_7108986404961_41496623743073","139","Item uploaded through multiple feeds",Warning,,
"shopify_US_6718945034337_39756756418657","19","Item uploaded through multiple feeds",Warning,,
"shopify_US_7108996530273_41496660377697","170","Item uploaded through multiple feeds",Warning,,
"shopify_US_7229259874401_41878821142625","1,220","Item uploaded through multiple feeds",Warning,,
"shopify_US_7533453934689_44047092416609","3,101","Item uploaded through multiple feeds",Warning,,
"shopify_US_7230339711073_41883256914017","1,983","Item uploaded through multiple feeds",Warning,,
"shopify_US_7516479848545_43831323066465","2,971","Item uploaded through multiple feeds",Warning,,
"shopify_US_7502836007009_43731511738465","2,824","Item uploaded through multiple feeds",Warning,,
"shopify_US_7230342004833_41883271987297","2,029","Item uploaded through multiple feeds",Warning,,
"shopify_US_7228788867169_41877295464545","1,059","Item uploaded through multiple feeds",Warning,,
"shopify_US_7109083267169_41496956141665","195","Item uploaded through multiple feeds",Warning,,
"shopify_US_7109454135393_41497849004129","396","Item uploaded through multiple feeds",Warning,,
"shopify_US_7227379023969_41871522037857","862","Item uploaded through multiple feeds",Warning,,
"shopify_US_7230424645729_41883490582625","2,364","Item uploaded through multiple feeds",Warning,,
"shopify_US_7535227666529_44056520130657","3,218","Item uploaded through multiple feeds",Warning,,
"shopify_US_7227270791265_41871164637281","733","Item uploaded through multiple feeds",Warning,,
"shopify_US_7229825581153_41881163464801","1,309","Item uploaded through multiple feeds",Warning,,
"shopify_US_7502768439393_43731190120545","2,662","Item uploaded through multiple feeds",Warning,,
"shopify_US_7536982294625_44083397820513","3,717","Item uploaded through multiple feeds",Warning,,
"shopify_US_7534719860833_44054269853793","3,170","Item uploaded through multiple feeds",Warning,,
"shopify_US_7108969037921_41496561614945","125","Item uploaded through multiple feeds",Warning,,
"shopify_US_7536340729953_44080564732001","3,433","Item uploaded through multiple feeds",Warning,,
"shopify_US_7537367679073_44085191114849","4,235","Item uploaded through multiple feeds",Warning,,
"shopify_US_7537370628193_44085199274081","4,310","Item uploaded through multiple feeds",Warning,,
"shopify_US_7536984359009_44083408797793","3,749","Item uploaded through multiple feeds",Warning,,
"shopify_US_7230336729185_41883236630625","1,820","Item uploaded through multiple feeds",Warning,,
"shopify_US_7109454135393_41497849397345","407","Item uploaded through multiple feeds",Warning,,
"shopify_US_7109472288865_41497918242913","433","Item uploaded through multiple feeds",Warning,,
"shopify_US_7536709501025_44082098831457","3,652","Item uploaded through multiple feeds",Warning,,
"shopify_US_7227374534753_41871499952225","783","Item uploaded through multiple feeds",Warning,,
"shopify_US_7533454426209_44047096643681","3,136","Item uploaded through multiple feeds",Warning,,
"shopify_US_7230415863905_41883442348129","2,102","Item uploaded through multiple feeds",Warning,,
"shopify_US_7502191788129_43729979015265","2,585","Item uploaded through multiple feeds",Warning,,
"shopify_US_7536337125473_44080556933217","3,387","Item uploaded through multiple feeds",Warning,,
"shopify_US_7109084807265_41496962629729","205","Item uploaded through multiple feeds",Warning,,
"shopify_US_7585867432033_45098824532065","4,572","Item uploaded through multiple feeds",Warning,,
"shopify_US_7230332895329_41883219624033","1,747","Item uploaded through multiple feeds",Warning,,
"shopify_US_7230415863905_41883443069025","2,123","Item uploaded through multiple feeds",Warning,,
"shopify_US_7230194942049_41882771587169","1,634","Item uploaded through multiple feeds",Warning,,
"shopify_US_7227270791265_41871166373985","731","Item uploaded through multiple feeds",Warning,,
"shopify_US_7230194942049_41882772471905","1,652","Item uploaded through multiple feeds",Warning,,
"shopify_US_7230323261537_41883174043745","1,673","Item uploaded through multiple feeds",Warning,,
"shopify_US_7108998987873_41496666964065","182","Item uploaded through multiple feeds",Warning,,
"shopify_US_7585992048737_45099305042017","4,638","Item uploaded through multiple feeds",Warning,,
"shopify_US_7109119705185_41497069518945","228","Item uploaded through multiple feeds",Warning,,
"shopify_US_7533348618337_44046481883233","2,997","Item uploaded through multiple feeds",Warning,,
"shopify_US_7230423236705_41883482226785","2,270","Item uploaded through multiple feeds",Warning,,
"shopify_US_7537009033313_44083549110369","3,961","Item uploaded through multiple feeds",Warning,,
"shopify_US_7230168727649_41882672988257","1,521","Item uploaded through multiple feeds",Warning,,
"shopify_US_7109986844769_41499305443425","578","Item uploaded through multiple feeds",Warning,,
"shopify_US_7537105961057_44083932495969","4,057","Item uploaded through multiple feeds",Warning,,
"shopify_US_7241063825505_41929913466977","2,464","Item uploaded through multiple feeds",Warning,,
"shopify_US_7230342004833_41883272413281","2,042","Item uploaded through multiple feeds",Warning,,
"shopify_US_7502770896993_43731203227745","2,701","Item uploaded through multiple feeds",Warning,,
"shopify_US_7109443256417_41497809322081","390","Item uploaded through multiple feeds",Warning,,
"shopify_US_7230339711073_41883255701601","1,946","Item uploaded through multiple feeds",Warning,,
"shopify_US_7230423236705_41883480817761","2,227","Item uploaded through multiple feeds",Warning,,
"shopify_US_7230336729185_41883237777505","1,793","Item uploaded through multiple feeds",Warning,,
"shopify_US_7109517770849_41498027294817","562","Item uploaded through multiple feeds",Warning,,
"shopify_US_7230645239905_41884149317729","2,406","Item uploaded through multiple feeds",Warning,,
"shopify_US_7536469639265_44080804560993","3,522","Item uploaded through multiple feeds",Warning,,
"shopify_US_7536696328289_44082061574241","3,541","Item uploaded through multiple feeds",Warning,,
"shopify_US_7536707305569_44082088509537","3,600","Item uploaded through multiple feeds",Warning,,
"shopify_US_7230332895329_41883216478305","1,777","Item uploaded through multiple feeds",Warning,,
"shopify_US_7109472288865_41497918341217","436","Item uploaded through multiple feeds",Warning,,
"shopify_US_7230180884577_41882719322209","1,562","Item uploaded through multiple feeds",Warning,,
"shopify_US_7505372282977_43740358508641","2,836","Item uploaded through multiple feeds",Warning,,
"shopify_US_7230423236705_41883481276513","2,241","Item uploaded through multiple feeds",Warning,,
"shopify_US_7230418944097_41883460173921","2,198","Item uploaded through multiple feeds",Warning,,
"shopify_US_7502770045025_43731197263969","2,685","Item uploaded through multiple feeds",Warning,,
"shopify_US_7533379059809_44046661386337","3,026","Item uploaded through multiple feeds",Warning,,
"shopify_US_7607760257121_45707470045281","4,670","Item uploaded through multiple feeds",Warning,,
"shopify_US_7109123670113_41497082593377","241","Item uploaded through multiple feeds",Warning,,
"shopify_US_7537009033313_44083548455009","3,941","Item uploaded through multiple feeds",Warning,,
"shopify_US_7537369120865_44085195833441","4,277","Item uploaded through multiple feeds",Warning,,
"shopify_US_7534826520673_44054586327137","3,185","Item uploaded through multiple feeds",Warning,,
"shopify_US_7230323261537_41883177058401","1,668","Item uploaded through multiple feeds",Warning,,
"shopify_US_7229259874401_41878820749409","1,237","Item uploaded through multiple feeds",Warning,,
"shopify_US_7229130342497_41878478454881","1,159","Item uploaded through multiple feeds",Warning,,
"shopify_US_7227270299745_41871161884769","688","Item uploaded through multiple feeds",Warning,,
"shopify_US_7109502566497_41497976995937","508","Item uploaded through multiple feeds",Warning,,
"shopify_US_7536341024865_44080569122913","3,464","Item uploaded through multiple feeds",Warning,,
"shopify_US_7230424645729_41883489992801","2,346","Item uploaded through multiple feeds",Warning,,
"shopify_US_7502768439393_43731189792865","2,652","Item uploaded through multiple feeds",Warning,,
"shopify_US_7607764287585_45708175343713","4,697","Item uploaded through multiple feeds",Warning,,
"shopify_US_7230418944097_41883460632673","2,212","Item uploaded through multiple feeds",Warning,,
"shopify_US_7109298487393_41497382092897","348","Item uploaded through multiple feeds",Warning,,
"shopify_US_6719774720097_39761985241185","80","Item uploaded through multiple feeds",Warning,,
"shopify_US_7229259874401_41878822584417","1,274","Item uploaded through multiple feeds",Warning,,
"shopify_US_7109292130401_41497361186913","309","Item uploaded through multiple feeds",Warning,,
"shopify_US_7546613530721_44197959532641","4,493","Item uploaded through multiple feeds",Warning,,
"shopify_US_7502771781729_43731208831073","2,728","Item uploaded through multiple feeds",Warning,,
"shopify_US_7109514395745_41498011074657","516","Item uploaded through multiple feeds",Warning,,
"shopify_US_7502790656097_43731329482849","2,745","Item uploaded through multiple feeds",Warning,,
"shopify_US_7109122097249_41497077121121","229","Item uploaded through multiple feeds",Warning,,
"shopify_US_7230338039905_41883245183073","1,891","Item uploaded through multiple feeds",Warning,,
"shopify_US_7241201942625_41930312843361","2,544","Item uploaded through multiple feeds",Warning,,
"shopify_US_7109443256417_41497809125473","366","Item uploaded through multiple feeds",Warning,,
"shopify_US_7230156701793_41882622427233","1,445","Item uploaded through multiple feeds",Warning,,
"shopify_US_7229128441953_41878470033505","1,106","Item uploaded through multiple feeds",Warning,,
"shopify_US_7230339711073_41883256848481","1,981","Item uploaded through multiple feeds",Warning,,
"shopify_US_7230157226081_41882625146977","1,463","Item uploaded through multiple feeds",Warning,,
"shopify_US_7537367023713_44085186461793","4,185","Item uploaded through multiple feeds",Warning,,
"shopify_US_7533404291169_44046788165729","3,068","Item uploaded through multiple feeds",Warning,,
"shopify_US_7229259874401_41878821568609","1,265","Item uploaded through multiple feeds",Warning,,
"shopify_US_7228788867169_41877295300705","1,039","Item uploaded through multiple feeds",Warning,,
"shopify_US_7230645239905_41884148793441","2,393","Item uploaded through multiple feeds",Warning,,
"shopify_US_7230423236705_41883484291169","2,278","Item uploaded through multiple feeds",Warning,,
"shopify_US_7109481431137_41497931939937","481","Item uploaded through multiple feeds",Warning,,
"shopify_US_7241063825505_41929914220641","2,493","Item uploaded through multiple feeds",Warning,,
"shopify_US_6718945034337_39756756156513","11","Item uploaded through multiple feeds",Warning,,
"shopify_US_7109292130401_41497361449057","316","Item uploaded through multiple feeds",Warning,,
"shopify_US_7585867432033_45098824663137","4,576","Item uploaded through multiple feeds",Warning,,
"shopify_US_7230423236705_41883483996257","2,233","Item uploaded through multiple feeds",Warning,,
"shopify_US_7230191665249_41882762903649","1,602","Item uploaded through multiple feeds",Warning,,
"shopify_US_7230418944097_41883459354721","2,173","Item uploaded through multiple feeds",Warning,,
"shopify_US_7229259874401_41878822191201","1,198","Item uploaded through multiple feeds",Warning,,
"shopify_US_6719792873569_39762137251937","91","Item uploaded through multiple feeds",Warning,,
"shopify_US_7241063825505_41929913860193","2,449","Item uploaded through multiple feeds",Warning,,
"shopify_US_7109119705185_41497069486177","227","Item uploaded through multiple feeds",Warning,,
"shopify_US_7536992976993_44083478397025","3,796","Item uploaded through multiple feeds",Warning,,
"shopify_US_7230159028321_41882634289249","1,489","Item uploaded through multiple feeds",Warning,,
"shopify_US_7108953604193_41496508465249","93","Item uploaded through multiple feeds",Warning,,
"shopify_US_7505375232097_43740400910433","2,879","Item uploaded through multiple feeds",Warning,,
"shopify_US_7227434958945_41871764095073","911","Item uploaded through multiple feeds",Warning,,
"shopify_US_7537370628193_44085198585953","4,292","Item uploaded through multiple feeds",Warning,,
"shopify_US_7502791671905_43731332989025","2,763","Item uploaded through multiple feeds",Warning,,
"shopify_US_7227439546465_41871780872289","946","Item uploaded through multiple feeds",Warning,,
"shopify_US_7537978572897_44087869800545","4,368","Item uploaded through multiple feeds",Warning,,
"shopify_US_7109267947617_41497323765857","261","Item uploaded through multiple feeds",Warning,,
"shopify_US_6719774720097_39761984979041","72","Item uploaded through multiple feeds",Warning,,
"shopify_US_7227378925665_41871521120353","842","Item uploaded through multiple feeds",Warning,,
"shopify_US_7537979359329_44087877042273","4,396","Item uploaded through multiple feeds",Warning,,
"shopify_US_7108988764257_41496634785889","152","Item uploaded through multiple feeds",Warning,,
"shopify_US_7536457941089_44080778510433","3,504","Item uploaded through multiple feeds",Warning,,
"shopify_US_7109502566497_41497976406113","492","Item uploaded through multiple feeds",Warning,,
"shopify_US_7229128441953_41878470688865","1,146","Item uploaded through multiple feeds",Warning,,
"shopify_US_7109292130401_41497361317985","313","Item uploaded through multiple feeds",Warning,,
"shopify_US_7108953604193_41496508498017","94","Item uploaded through multiple feeds",Warning,,
"shopify_US_7230645239905_41884149416033","2,408","Item uploaded through multiple feeds",Warning,,
"shopify_US_7227270299745_41871161917537","690","Item uploaded through multiple feeds",Warning,,
"shopify_US_7230336729185_41883237220449","1,844","Item uploaded through multiple feeds",Warning,,
"shopify_US_7230180884577_41882725810273","1,565","Item uploaded through multiple feeds",Warning,,
"shopify_US_7109298487393_41497382191201","351","Item uploaded through multiple feeds",Warning,,
"shopify_US_7110361874529_41500560195681","596","Item uploaded through multiple feeds",Warning,,
"shopify_US_7110356631649_41500538044513","589","Item uploaded through multiple feeds",Warning,,
"shopify_US_7109481431137_41497931219041","462","Item uploaded through multiple feeds",Warning,,
"shopify_US_7230332895329_41883220312161","1,775","Item uploaded through multiple feeds",Warning,,
"shopify_US_7230156701793_41882622984289","1,430","Item uploaded through multiple feeds",Warning,,
"shopify_US_7229259874401_41878820159585","1,218","Item uploaded through multiple feeds",Warning,,
"shopify_US_7230339711073_41883255636065","1,944","Item uploaded through multiple feeds",Warning,,
"shopify_US_7230180884577_41882725253217","1,540","Item uploaded through multiple feeds",Warning,,
"shopify_US_7109472288865_41497918734433","446","Item uploaded through multiple feeds",Warning,,
"shopify_US_7228788867169_41877295038561","1,050","Item uploaded through multiple feeds",Warning,,
"shopify_US_7110368919649_41500578775137","643","Item uploaded through multiple feeds",Warning,,
"shopify_US_7230338039905_41883246526561","1,932","Item uploaded through multiple feeds",Warning,,
"shopify_US_7230194942049_41882778304609","1,662","Item uploaded through multiple feeds",Warning,,
"shopify_US_7230332895329_41883219755105","1,752","Item uploaded through multiple feeds",Warning,,
"shopify_US_7230191665249_41882763067489","1,608","Item uploaded through multiple feeds",Warning,,
"shopify_US_7109443256417_41497808797793","365","Item uploaded through multiple feeds",Warning,,
"shopify_US_7228788867169_41877295071329","1,054","Item uploaded through multiple feeds",Warning,,
"shopify_US_7110363119713_41500562849889","612","Item uploaded through multiple feeds",Warning,,
"shopify_US_7230156701793_41882622296161","1,437","Item uploaded through multiple feeds",Warning,,
"shopify_US_7230342004833_41883273822305","2,085","Item uploaded through multiple feeds",Warning,,
"shopify_US_7230157226081_41882625638497","1,478","Item uploaded through multiple feeds",Warning,,
"shopify_US_7230339711073_41883256553569","1,972","Item uploaded through multiple feeds",Warning,,
"shopify_US_7510267494497_43765461221473","2,915","Item uploaded through multiple feeds",Warning,,
"shopify_US_7230338039905_41883245314145","1,895","Item uploaded through multiple feeds",Warning,,
"shopify_US_7502770896993_43731203391585","2,706","Item uploaded through multiple feeds",Warning,,
"shopify_US_7108998987873_41496666865761","179","Item uploaded through multiple feeds",Warning,,
"shopify_US_7230332895329_41883219427425","1,739","Item uploaded through multiple feeds",Warning,,
"shopify_US_7109443256417_41497808601185","380","Item uploaded through multiple feeds",Warning,,
"shopify_US_7230327128161_41883189018721","1,722","Item uploaded through multiple feeds",Warning,,
"shopify_US_7109502566497_41497976930401","507","Item uploaded through multiple feeds",Warning,,
"shopify_US_7230645239905_41884149809249","2,418","Item uploaded through multiple feeds",Warning,,
"shopify_US_7230191665249_41882762707041","1,598","Item uploaded through multiple feeds",Warning,,
"shopify_US_7229130342497_41878478356577","1,156","Item uploaded through multiple feeds",Warning,,
"shopify_US_7109123670113_41497082527841","239","Item uploaded through multiple feeds",Warning,,
"shopify_US_7229835542625_41882665615457","1,357","Item uploaded through multiple feeds",Warning,,
"shopify_US_7229259874401_41878820421729","1,269","Item uploaded through multiple feeds",Warning,,
"shopify_US_7227270299745_41871161688161","676","Item uploaded through multiple feeds",Warning,,
"shopify_US_7109122097249_41497077186657","231","Item uploaded through multiple feeds",Warning,,
"shopify_US_7227270791265_41871166308449","717","Item uploaded through multiple feeds",Warning,,
"shopify_US_6718948147297_39756770476129","51","Item uploaded through multiple feeds",Warning,,
"shopify_US_7230336729185_41883235844193","1,790","Item uploaded through multiple feeds",Warning,,
"shopify_US_7229259874401_41878822289505","1,216","Item uploaded through multiple feeds",Warning,,
"shopify_US_7109502566497_41497976471649","494","Item uploaded through multiple feeds",Warning,,
"shopify_US_7228788867169_41877296250977","1,065","Item uploaded through multiple feeds",Warning,,
"shopify_US_7109454135393_41497849036897","397","Item uploaded through multiple feeds",Warning,,
"shopify_US_6718945034337_39756756222049","12","Item uploaded through multiple feeds",Warning,,
"shopify_US_7227630649441_41872775282785","986","Item uploaded through multiple feeds",Warning,,
"shopify_US_7109454135393_41497849692257","415","Item uploaded through multiple feeds",Warning,,
"shopify_US_7230424645729_41883490386017","2,358","Item uploaded through multiple feeds",Warning,,
"shopify_US_7227270791265_41871165784161","730","Item uploaded through multiple feeds",Warning,,
"shopify_US_7230336729185_41883235778657","1,789","Item uploaded through multiple feeds",Warning,,
"shopify_US_7230423236705_41883482194017","2,269","Item uploaded through multiple feeds",Warning,,
"shopify_US_7109298487393_41497382060129","347","Item uploaded through multiple feeds",Warning,,
"shopify_US_7230191665249_41882762379361","1,591","Item uploaded through multiple feeds",Warning,,
"shopify_US_7229128441953_41878470721633","1,148","Item uploaded through multiple feeds",Warning,,
"shopify_US_7229259874401_41878820094049","1,206","Item uploaded through multiple feeds",Warning,,
"shopify_US_7109514395745_41498010976353","513","Item uploaded through multiple feeds",Warning,,
"shopify_US_7109083267169_41496956338273","200","Item uploaded through multiple feeds",Warning,,
"shopify_US_7109443256417_41497808633953","384","Item uploaded through multiple feeds",Warning,,
"shopify_US_7109986844769_41499305574497","581","Item uploaded through multiple feeds",Warning,,
"shopify_US_7230157226081_41882625081441","1,461","Item uploaded through multiple feeds",Warning,,
"shopify_US_7230159028321_41882634649697","1,500","Item uploaded through multiple feeds",Warning,,
"shopify_US_7229835542625_41881196920929","1,350","Item uploaded through multiple feeds",Warning,,
"shopify_US_7230415863905_41883443429473","2,132","Item uploaded through multiple feeds",Warning,,
"shopify_US_7227270299745_41871161983073","694","Item uploaded through multiple feeds",Warning,,
"shopify_US_7227439546465_41871780970593","949","Item uploaded through multiple feeds",Warning,,
"shopify_US_7230168727649_41882673184865","1,527","Item uploaded through multiple feeds",Warning,,
"shopify_US_7536334274657_44080552607841","3,345","Item uploaded through multiple feeds",Warning,,
"shopify_US_7109481431137_41497931153505","460","Item uploaded through multiple feeds",Warning,,
"shopify_US_7230323261537_41883173912673","1,669","Item uploaded through multiple feeds",Warning,,
"shopify_US_7533454098529_44047093203041","3,113","Item uploaded through multiple feeds",Warning,,
"shopify_US_7109514395745_41498011500641","527","Item uploaded through multiple feeds",Warning,,
"shopify_US_7109481431137_41497931776097","477","Item uploaded through multiple feeds",Warning,,
"shopify_US_7241063825505_41929912647777","2,490","Item uploaded through multiple feeds",Warning,,
"shopify_US_7227378925665_41871521054817","840","Item uploaded through multiple feeds",Warning,,
"shopify_US_7230342004833_41883273494625","2,075","Item uploaded through multiple feeds",Warning,,
"shopify_US_7227378925665_41871521284193","847","Item uploaded through multiple feeds",Warning,,
"shopify_US_6719764463713_39761880776801","66","Item uploaded through multiple feeds",Warning,,
"shopify_US_7230156701793_41882623213665","1,444","Item uploaded through multiple feeds",Warning,,
"shopify_US_7227270299745_41871161557089","691","Item uploaded through multiple feeds",Warning,,
"shopify_US_7230327128161_41883188199521","1,693","Item uploaded through multiple feeds",Warning,,
"shopify_US_7109267947617_41497324355681","277","Item uploaded through multiple feeds",Warning,,
"shopify_US_7230339711073_41883256029281","1,956","Item uploaded through multiple feeds",Warning,,
"shopify_US_7230155882593_41882618691681","1,414","Item uploaded through multiple feeds",Warning,,
"shopify_US_7230342004833_41883273003105","2,060","Item uploaded through multiple feeds",Warning,,
"shopify_US_7502771519585_43731207290977","2,721","Item uploaded through multiple feeds",Warning,,
"shopify_US_7227418738785_41871678570593","896","Item uploaded through multiple feeds",Warning,,
"shopify_US_7241063825505_41929912483937","2,470","Item uploaded through multiple feeds",Warning,,
"shopify_US_7537366597729_44085209628769","4,169","Item uploaded through multiple feeds",Warning,,
"shopify_US_7230342004833_41883273232481","2,067","Item uploaded through multiple feeds",Warning,,
"shopify_US_7229825581153_41882664763489","1,312","Item uploaded through multiple feeds",Warning,,
"shopify_US_7241105670241_41930030776417","2,504","Item uploaded through multiple feeds",Warning,,
"shopify_US_7109454135393_41497849135201","400","Item uploaded through multiple feeds",Warning,,
"shopify_US_7109443256417_41497808699489","392","Item uploaded through multiple feeds",Warning,,
"shopify_US_7230415863905_41883445559393","2,113","Item uploaded through multiple feeds",Warning,,
"shopify_US_7230159618145_41882637369441","1,518","Item uploaded through multiple feeds",Warning,,
"shopify_US_7229023846497_41878199042145","1,073","Item uploaded through multiple feeds",Warning,,
"shopify_US_7230338039905_41883244396641","1,867","Item uploaded through multiple feeds",Warning,,
"shopify_US_7230338039905_41883245084769","1,888","Item uploaded through multiple feeds",Warning,,
"shopify_US_6718948147297_39756770246753","23","Item uploaded through multiple feeds",Warning,,
"shopify_US_7229132472417_41878486941793","1,186","Item uploaded through multiple feeds",Warning,,
"shopify_US_7227270791265_41871165948001","697","Item uploaded through multiple feeds",Warning,,
"shopify_US_7230194942049_41882772602977","1,654","Item uploaded through multiple feeds",Warning,,
"shopify_US_7110368919649_41500578906209","649","Item uploaded through multiple feeds",Warning,,
"shopify_US_7230191665249_41882762018913","1,584","Item uploaded through multiple feeds",Warning,,
"shopify_US_7230180884577_41882726006881","1,573","Item uploaded through multiple feeds",Warning,,
"shopify_US_7536341024865_44080569548897","3,477","Item uploaded through multiple feeds",Warning,,
"shopify_US_7230418944097_41883458961505","2,161","Item uploaded through multiple feeds",Warning,,
"shopify_US_7230418944097_41883458666593","2,152","Item uploaded through multiple feeds",Warning,,
"shopify_US_7537227890785_44084490305633","4,123","Item uploaded through multiple feeds",Warning,,
"shopify_US_7227630649441_41872774987873","988","Item uploaded through multiple feeds",Warning,,
"shopify_US_7533458194529_44047109128289","3,159","Item uploaded through multiple feeds",Warning,,
"shopify_US_7230339711073_41883256684641","1,976","Item uploaded through multiple feeds",Warning,,
"shopify_US_7109472288865_41497917948001","425","Item uploaded through multiple feeds",Warning,,
"shopify_US_7230159028321_41882633994337","1,480","Item uploaded through multiple feeds",Warning,,
"shopify_US_7534719860833_44054269952097","3,173","Item uploaded through multiple feeds",Warning,,
"shopify_US_7230418944097_41883458994273","2,162","Item uploaded through multiple feeds",Warning,,
"shopify_US_7230423236705_41883482390625","2,275","Item uploaded through multiple feeds",Warning,,
"shopify_US_7230342004833_41883273560161","2,077","Item uploaded through multiple feeds",Warning,,
"shopify_US_7537978572897_44087869177953","4,349","Item uploaded through multiple feeds",Warning,,
"shopify_US_7536709009505_44082095390817","3,610","Item uploaded through multiple feeds",Warning,,
"shopify_US_7536337125473_44080618930273","3,413","Item uploaded through multiple feeds",Warning,,
"shopify_US_7585867432033_45098824368225","4,567","Item uploaded through multiple feeds",Warning,,
"shopify_US_7533367296097_44046581989473","3,025","Item uploaded through multiple feeds",Warning,,
"shopify_US_7241063825505_41929912582241","2,482","Item uploaded through multiple feeds",Warning,,
"shopify_US_7230332895329_41883215757409","1,729","Item uploaded through multiple feeds",Warning,,
"shopify_US_7230423236705_41883481079905","2,235","Item uploaded through multiple feeds",Warning,,
"shopify_US_7537001431137_44083524403297","3,848","Item uploaded through multiple feeds",Warning,,
"shopify_US_7533351272545_44046494204001","3,001","Item uploaded through multiple feeds",Warning,,
"shopify_US_7108998987873_41496666832993","178","Item uploaded through multiple feeds",Warning,,
"shopify_US_7227418738785_41871678013537","879","Item uploaded through multiple feeds",Warning,,
"shopify_US_7537369088097_44085194555489","4,253","Item uploaded through multiple feeds",Warning,,
"shopify_US_7537367679073_44085191213153","4,238","Item uploaded through multiple feeds",Warning,,
"shopify_US_7230645239905_41884150431841","2,433","Item uploaded through multiple feeds",Warning,,
"shopify_US_7230645239905_41884148924513","2,396","Item uploaded through multiple feeds",Warning,,
"shopify_US_7230645239905_41884148727905","2,391","Item uploaded through multiple feeds",Warning,,
"shopify_US_7502765949025_43731176751201","2,633","Item uploaded through multiple feeds",Warning,,
"shopify_US_7536309141601_44080519970913","3,340","Item uploaded through multiple feeds",Warning,,
"shopify_US_7535320465505_44057221464161","3,262","Item uploaded through multiple feeds",Warning,,
"shopify_US_7502769193057_43731193888865","2,667","Item uploaded through multiple feeds",Warning,,
"shopify_US_7502791671905_43731333054561","2,765","Item uploaded through multiple feeds",Warning,,
"shopify_US_7230342004833_41883272675425","2,050","Item uploaded through multiple feeds",Warning,,
"shopify_US_7536240984161_44080415375457","3,311","Item uploaded through multiple feeds",Warning,,
"shopify_US_7535362015329_44057274712161","3,265","Item uploaded through multiple feeds",Warning,,
"shopify_US_7670743498849_46501353685089","4,796","Item uploaded through multiple feeds",Warning,,
"shopify_US_7536337125473_44080556736609","3,381","Item uploaded through multiple feeds",Warning,,
"shopify_US_7502765097057_43731173441633","2,607","Item uploaded through multiple feeds",Warning,,
"shopify_US_7537367384161_44085189541985","4,222","Item uploaded through multiple feeds",Warning,,
"shopify_US_7230418944097_41883460239457","2,200","Item uploaded through multiple feeds",Warning,,
"shopify_US_7562834215009_44803376611425","4,536","Item uploaded through multiple feeds",Warning,,
"shopify_US_7536707305569_44082088640609","3,604","Item uploaded through multiple feeds",Warning,,
"shopify_US_7537002971233_44083530039393","3,878","Item uploaded through multiple feeds",Warning,,
"shopify_US_7505375232097_43740400943201","2,880","Item uploaded through multiple feeds",Warning,,
"shopify_US_7535227666529_44056520458337","3,228","Item uploaded through multiple feeds",Warning,,
"shopify_US_7670742777953_46501351784545","4,781","Item uploaded through multiple feeds",Warning,,
"shopify_US_7536709501025_44082098634849","3,646","Item uploaded through multiple feeds",Warning,,
"shopify_US_7672336646241_46512189276257","4,893","Item uploaded through multiple feeds",Warning,,
"shopify_US_7536457941089_44080778281057","3,497","Item uploaded through multiple feeds",Warning,,
"shopify_US_7577248596065_45068115312737","4,549","Item uploaded through multiple feeds",Warning,,
"shopify_US_7230327128161_41883192164449","1,704","Item uploaded through multiple feeds",Warning,,
"shopify_US_7230645239905_41884148007009","2,374","Item uploaded through multiple feeds",Warning,,
"shopify_US_7502178222177_43729955356769","2,563","Item uploaded through multiple feeds",Warning,,
"shopify_US_7536947003489_44083348340833","3,688","Item uploaded through multiple feeds",Warning,,
"shopify_US_7516369715297_43821479526497","2,956","Item uploaded through multiple feeds",Warning,,
"shopify_US_7536340729953_44080564961377","3,440","Item uploaded through multiple feeds",Warning,,
"shopify_US_7109443256417_41497809551457","379","Item uploaded through multiple feeds",Warning,,
"shopify_US_7537030234209_44083621527649","3,992","Item uploaded through multiple feeds",Warning,,
"shopify_US_7537009033313_44083548848225","3,953","Item uploaded through multiple feeds",Warning,,
"shopify_US_7502768439393_43731190087777","2,661","Item uploaded through multiple feeds",Warning,,
"shopify_US_7537041342561_44104714616929","4,053","Item uploaded through multiple feeds",Warning,,
"shopify_US_7537109991521_44083955400801","4,094","Item uploaded through multiple feeds",Warning,,
"shopify_US_7502790656097_43731329351777","2,741","Item uploaded through multiple feeds",Warning,,
"shopify_US_7536984359009_44083408601185","3,743","Item uploaded through multiple feeds",Warning,,
"shopify_US_7510790733921_43768830984289","2,919","Item uploaded through multiple feeds",Warning,,
"shopify_US_7230418944097_41883460403297","2,205","Item uploaded through multiple feeds",Warning,,
"shopify_US_7230418944097_41883460206689","2,199","Item uploaded through multiple feeds",Warning,,
"shopify_US_7537003266145_44083531808865","3,912","Item uploaded through multiple feeds",Warning,,
"shopify_US_7505372282977_43740358410337","2,833","Item uploaded through multiple feeds",Warning,,
"shopify_US_7230342004833_41883273625697","2,079","Item uploaded through multiple feeds",Warning,,
"shopify_US_7241063825505_41929913368673","2,452","Item uploaded through multiple feeds",Warning,,
"shopify_US_7505374838881_43740397895777","2,858","Item uploaded through multiple feeds",Warning,,
"shopify_US_7536334274657_44080552738913","3,349","Item uploaded through multiple feeds",Warning,,
"shopify_US_7230151524449_41882613219425","1,394","Item uploaded through multiple feeds",Warning,,
"shopify_US_7228788867169_41877295005793","1,046","Item uploaded through multiple feeds",Warning,,
"shopify_US_7537227890785_44084490403937","4,126","Item uploaded through multiple feeds",Warning,,
"shopify_US_7585980055649_45099271782497","4,614","Item uploaded through multiple feeds",Warning,,
"shopify_US_7537369088097_44085194621025","4,255","Item uploaded through multiple feeds",Warning,,
"shopify_US_7536992976993_44083479052385","3,819","Item uploaded through multiple feeds",Warning,,
"shopify_US_7536982163553_44083394838625","3,705","Item uploaded through multiple feeds",Warning,,
"shopify_US_7537367023713_44085186232417","4,178","Item uploaded through multiple feeds",Warning,,
"shopify_US_7670695526497_46501299486817","4,756","Item uploaded through multiple feeds",Warning,,
"shopify_US_7502768210017_43731189039201","2,640","Item uploaded through multiple feeds",Warning,,
"shopify_US_7537002971233_44083530629217","3,896","Item uploaded through multiple feeds",Warning,,
"shopify_US_7227374534753_41871500181601","775","Item uploaded through multiple feeds",Warning,,
"shopify_US_7227378925665_41871521153121","843","Item uploaded through multiple feeds",Warning,,
"shopify_US_7510791258209_43768836685921","2,951","Item uploaded through multiple feeds",Warning,,
"shopify_US_7537003266145_44083531939937","3,916","Item uploaded through multiple feeds",Warning,,
"shopify_US_6719774720097_39761985110113","76","Item uploaded through multiple feeds",Warning,,
"shopify_US_7537002971233_44083529941089","3,875","Item uploaded through multiple feeds",Warning,,
"shopify_US_7537003266145_44083532365921","3,923","Item uploaded through multiple feeds",Warning,,
"shopify_US_7535227666529_44056519868513","3,210","Item uploaded through multiple feeds",Warning,,
"shopify_US_7536992976993_44083479445601","3,825","Item uploaded through multiple feeds",Warning,,
"shopify_US_7537025613921_44083600195681","3,975","Item uploaded through multiple feeds",Warning,,
"shopify_US_7229835542625_41882665418849","1,345","Item uploaded through multiple feeds",Warning,,
"shopify_US_7536992976993_44083478986849","3,818","Item uploaded through multiple feeds",Warning,,
"shopify_US_7545279512673_44116031373409","4,444","Item uploaded through multiple feeds",Warning,,
"shopify_US_7585867628641_45098825613409","4,582","Item uploaded through multiple feeds",Warning,,
"shopify_US_7230180884577_41882725711969","1,561","Item uploaded through multiple feeds",Warning,,
"shopify_US_7537227890785_44084491386977","4,151","Item uploaded through multiple feeds",Warning,,
"shopify_US_7537109991521_44083955204193","4,088","Item uploaded through multiple feeds",Warning,,
"shopify_US_7541022818401_44096525697121","4,416","Item uploaded through multiple feeds",Warning,,
"shopify_US_7505374838881_43740397928545","2,859","Item uploaded through multiple feeds",Warning,,
"shopify_US_7672336646241_46512187998305","4,856","Item uploaded through multiple feeds",Warning,,
"shopify_US_7230342004833_41883271692385","2,020","Item uploaded through multiple feeds",Warning,,
"shopify_US_7670744842337_46501356601441","4,806","Item uploaded through multiple feeds",Warning,,
"shopify_US_7230180884577_41882718994529","1,547","Item uploaded through multiple feeds",Warning,,
"shopify_US_7536982294625_44083397886049","3,719","Item uploaded through multiple feeds",Warning,,
"shopify_US_7537009033313_44083548749921","3,950","Item uploaded through multiple feeds",Warning,,
"shopify_US_7607760388193_45707470504033","4,678","Item uploaded through multiple feeds",Warning,,
"shopify_US_7670674391137_46501275205729","4,729","Item uploaded through multiple feeds",Warning,,
"shopify_US_7672336646241_46512188784737","4,880","Item uploaded through multiple feeds",Warning,,
"shopify_US_7533397835873_44046762868833","3,040","Item uploaded through multiple feeds",Warning,,
"shopify_US_7672336646241_46512188260449","4,864","Item uploaded through multiple feeds",Warning,,
"shopify_US_7541022818401_44096525992033","4,425","Item uploaded through multiple feeds",Warning,,
"shopify_US_7536992976993_44083479609441","3,841","Item uploaded through multiple feeds",Warning,,
"shopify_US_7230418944097_41883460304993","2,202","Item uploaded through multiple feeds",Warning,,
"shopify_US_7230194942049_41882772176993","1,647","Item uploaded through multiple feeds",Warning,,
"shopify_US_7536341024865_44080569450593","3,474","Item uploaded through multiple feeds",Warning,,
"shopify_US_6718948147297_39756770541665","59","Item uploaded through multiple feeds",Warning,,
"shopify_US_7536988520545_44083434487905","3,780","Item uploaded through multiple feeds",Warning,,
"shopify_US_7229259874401_41878821732449","1,203","Item uploaded through multiple feeds",Warning,,
"shopify_US_7502828601441_43731501613153","2,814","Item uploaded through multiple feeds",Warning,,
"shopify_US_7108986404961_41496623939681","144","Item uploaded through multiple feeds",Warning,,
"shopify_US_7502791082081_43731331055713","2,759","Item uploaded through multiple feeds",Warning,,
"shopify_US_7545279217761_44116028686433","4,441","Item uploaded through multiple feeds",Warning,,
"shopify_US_7241063825505_41929912189025","2,434","Item uploaded through multiple feeds",Warning,,
"shopify_US_7536947003489_44083348602977","3,696","Item uploaded through multiple feeds",Warning,,
"shopify_US_7537978933345_44087872290913","4,372","Item uploaded through multiple feeds",Warning,,
"shopify_US_7545373130849_44116578664545","4,481","Item uploaded through multiple feeds",Warning,,
"shopify_US_7537370628193_44085199339617","4,312","Item uploaded through multiple feeds",Warning,,
"shopify_US_7536309141601_44080519774305","3,334","Item uploaded through multiple feeds",Warning,,
"shopify_US_7537370857569_44085200978017","4,330","Item uploaded through multiple feeds",Warning,,
"shopify_US_7535944368225_44076870697057","3,283","Item uploaded through multiple feeds",Warning,,
"shopify_US_7536700391521_44082066686049","3,547","Item uploaded through multiple feeds",Warning,,
"shopify_US_7585867432033_45098824761441","4,579","Item uploaded through multiple feeds",Warning,,
"shopify_US_7537369088097_44085194686561","4,257","Item uploaded through multiple feeds",Warning,,
"shopify_US_7585992048737_45099305009249","4,637","Item uploaded through multiple feeds",Warning,,
"shopify_US_7229259874401_41878821372001","1,264","Item uploaded through multiple feeds",Warning,,
"shopify_US_7537369088097_44085195538529","4,269","Item uploaded through multiple feeds",Warning,,
"shopify_US_7110363119713_41500563046497","617","Item uploaded through multiple feeds",Warning,,
"shopify_US_7533454655585_44047097888865","3,147","Item uploaded through multiple feeds",Warning,,
"shopify_US_7502792622177_43731337216097","2,780","Item uploaded through multiple feeds",Warning,,
"shopify_US_7670609346657_46501140103265","4,723","Item uploaded through multiple feeds",Warning,,
"shopify_US_7537038917729_44083660849249","4,003","Item uploaded through multiple feeds",Warning,,
"shopify_US_7546613530721_44197959368801","4,488","Item uploaded through multiple feeds",Warning,,
"shopify_US_7545373130849_44116578533473","4,477","Item uploaded through multiple feeds",Warning,,
"shopify_US_7537003266145_44083531710561","3,909","Item uploaded through multiple feeds",Warning,,
"shopify_US_7670683762785_46501285232737","4,742","Item uploaded through multiple feeds",Warning,,
"shopify_US_7229026304097_41878208643169","1,089","Item uploaded through multiple feeds",Warning,,
"shopify_US_7536982294625_44083397984353","3,722","Item uploaded through multiple feeds",Warning,,
"shopify_US_7230336729185_41883236696161","1,824","Item uploaded through multiple feeds",Warning,,
"shopify_US_7670746775649_46501359452257","4,818","Item uploaded through multiple feeds",Warning,,
"shopify_US_7228788867169_41877296021601","1,037","Item uploaded through multiple feeds",Warning,,
"shopify_US_7537370628193_44085198880865","4,298","Item uploaded through multiple feeds",Warning,,
"shopify_US_7670674391137_46501275402337","4,734","Item uploaded through multiple feeds",Warning,,
"shopify_US_7536992976993_44083478888545","3,816","Item uploaded through multiple feeds",Warning,,
"shopify_US_7536309141601_44080519872609","3,337","Item uploaded through multiple feeds",Warning,,
"shopify_US_7230423236705_41883482554465","2,280","Item uploaded through multiple feeds",Warning,,
"shopify_US_7502191788129_43729979179105","2,590","Item uploaded through multiple feeds",Warning,,
"shopify_US_7108984799329_41496617615457","130","Item uploaded through multiple feeds",Warning,,
"shopify_US_7672336646241_46512188391521","4,868","Item uploaded through multiple feeds",Warning,,
"shopify_US_7536992976993_44083479216225","3,835","Item uploaded through multiple feeds",Warning,,
"shopify_US_7536709009505_44082095423585","3,611","Item uploaded through multiple feeds",Warning,,
"shopify_US_7502187888737_43729970397281","2,579","Item uploaded through multiple feeds",Warning,,
"shopify_US_7230157226081_41882625278049","1,467","Item uploaded through multiple feeds",Warning,,
"shopify_US_7536992976993_44083478691937","3,813","Item uploaded through multiple feeds",Warning,,
"shopify_US_7502793179233_43731339346017","2,796","Item uploaded through multiple feeds",Warning,,
"shopify_US_7109443256417_41497809191009","374","Item uploaded through multiple feeds",Warning,,
"shopify_US_7230339711073_41883257045089","1,987","Item uploaded through multiple feeds",Warning,,
"shopify_US_7230424645729_41883490123873","2,350","Item uploaded through multiple feeds",Warning,,
"shopify_US_7670609346657_46501139677281","4,710","Item uploaded through multiple feeds",Warning,,
"shopify_US_7537367384161_44085189017697","4,210","Item uploaded through multiple feeds",Warning,,
"shopify_US_7537369088097_44085194752097","4,259","Item uploaded through multiple feeds",Warning,,
"shopify_US_7670742777953_46501351817313","4,782","Item uploaded through multiple feeds",Warning,,
"shopify_US_7227379023969_41871522234465","868","Item uploaded through multiple feeds",Warning,,
"shopify_US_7534719860833_44054269984865","3,174","Item uploaded through multiple feeds",Warning,,
"shopify_US_7230327128161_41883188396129","1,699","Item uploaded through multiple feeds",Warning,,
"shopify_US_7535312896097_44057203572833","3,240","Item uploaded through multiple feeds",Warning,,
"shopify_US_7230342004833_41883272511585","2,045","Item uploaded through multiple feeds",Warning,,
"shopify_US_6718948147297_39756765397089","53","Item uploaded through multiple feeds",Warning,,
"shopify_US_7230332895329_41883220607073","1,787","Item uploaded through multiple feeds",Warning,,
"shopify_US_7230159618145_41882636648545","1,507","Item uploaded through multiple feeds",Warning,,
"shopify_US_7536696295521_44082061082721","3,526","Item uploaded through multiple feeds",Warning,,
"shopify_US_7536086089825_44077714014305","3,306","Item uploaded through multiple feeds",Warning,,
"shopify_US_7562834215009_44802985263201","4,510","Item uploaded through multiple feeds",Warning,,
"shopify_US_7502770896993_43731203326049","2,704","Item uploaded through multiple feeds",Warning,,
"shopify_US_7502770896993_43731203293281","2,703","Item uploaded through multiple feeds",Warning,,
"shopify_US_7672336646241_46512189407329","4,897","Item uploaded through multiple feeds",Warning,,
"shopify_US_7537227890785_44084490371169","4,125","Item uploaded through multiple feeds",Warning,,
"shopify_US_7230645239905_41884149055585","2,399","Item uploaded through multiple feeds",Warning,,
"shopify_US_7533348618337_44046481948769","2,999","Item uploaded through multiple feeds",Warning,,
"shopify_US_7670609346657_46501139939425","4,718","Item uploaded through multiple feeds",Warning,,
"shopify_US_7230418944097_41883460730977","2,215","Item uploaded through multiple feeds",Warning,,
"shopify_US_7536982294625_44083397918817","3,720","Item uploaded through multiple feeds",Warning,,
"shopify_US_7537366597729_44085209727073","4,172","Item uploaded through multiple feeds",Warning,,
"shopify_US_7230342004833_41883273527393","2,076","Item uploaded through multiple feeds",Warning,,
"shopify_US_7607760388193_45707470274657","4,671","Item uploaded through multiple feeds",Warning,,
"shopify_US_7230155882593_41882618560609","1,410","Item uploaded through multiple feeds",Warning,,
"shopify_US_7510267494497_43765461188705","2,914","Item uploaded through multiple feeds",Warning,,
"shopify_US_7502771781729_43731208798305","2,727","Item uploaded through multiple feeds",Warning,,
"shopify_US_7230424645729_41883489501281","2,331","Item uploaded through multiple feeds",Warning,,
"shopify_US_7670742777953_46501352079457","4,790","Item uploaded through multiple feeds",Warning,,
"shopify_US_7230339711073_41883256193121","1,961","Item uploaded through multiple feeds",Warning,,
"shopify_US_7535227666529_44056520032353","3,215","Item uploaded through multiple feeds",Warning,,
"shopify_US_7110363775073_41500564750433","620","Item uploaded through multiple feeds",Warning,,
"shopify_US_7109481431137_41497931382881","466","Item uploaded through multiple feeds",Warning,,
"shopify_US_7229128441953_41878470885473","1,111","Item uploaded through multiple feeds",Warning,,
"shopify_US_7510790733921_43768831475809","2,922","Item uploaded through multiple feeds",Warning,,
"shopify_US_7536696328289_44082061443169","3,537","Item uploaded through multiple feeds",Warning,,
"shopify_US_7607762845793_45707929256033","4,682","Item uploaded through multiple feeds",Warning,,
"shopify_US_7230418944097_41883459649633","2,182","Item uploaded through multiple feeds",Warning,,
"shopify_US_7535362015329_44057274908769","3,271","Item uploaded through multiple feeds",Warning,,
"shopify_US_7227435450465_41871766421601","919","Item uploaded through multiple feeds",Warning,,
"shopify_US_7230180884577_41882726072417","1,576","Item uploaded through multiple feeds",Warning,,
"shopify_US_7109502566497_41497976143969","485","Item uploaded through multiple feeds",Warning,,
"shopify_US_7230336729185_41883238563937","1,853","Item uploaded through multiple feeds",Warning,,
"shopify_US_7227378925665_41871521448033","852","Item uploaded through multiple feeds",Warning,,
"shopify_US_7230415863905_41883442610273","2,108","Item uploaded through multiple feeds",Warning,,
"shopify_US_7229132472417_41878486909025","1,185","Item uploaded through multiple feeds",Warning,,
"shopify_US_7230159028321_41882634092641","1,483","Item uploaded through multiple feeds",Warning,,
"shopify_US_7227270791265_41871165718625","716","Item uploaded through multiple feeds",Warning,,
"shopify_US_6718945034337_39756756123745","9","Item uploaded through multiple feeds",Warning,,
"shopify_US_7230336729185_41883236401249","1,811","Item uploaded through multiple feeds",Warning,,
"shopify_US_7227620982881_41872696442977","965","Item uploaded through multiple feeds",Warning,,
"shopify_US_7534826520673_44054586294369","3,184","Item uploaded through multiple feeds",Warning,,
"shopify_US_7230339711073_41883257700449","2,007","Item uploaded through multiple feeds",Warning,,
"shopify_US_7230645239905_41884149121121","2,401","Item uploaded through multiple feeds",Warning,,
"shopify_US_7537367384161_44085188755553","4,202","Item uploaded through multiple feeds",Warning,,
"shopify_US_7108998987873_41496666898529","180","Item uploaded through multiple feeds",Warning,,
"shopify_US_7537979359329_44087877337185","4,405","Item uploaded through multiple feeds",Warning,,
"shopify_US_7537370857569_44085200814177","4,326","Item uploaded through multiple feeds",Warning,,
"shopify_US_7227378892897_41871520006241","811","Item uploaded through multiple feeds",Warning,,
"shopify_US_7502791671905_43731333152865","2,768","Item uploaded through multiple feeds",Warning,,
"shopify_US_7536700391521_44082067112033","3,560","Item uploaded through multiple feeds",Warning,,
"shopify_US_6718945034337_39756756254817","14","Item uploaded through multiple feeds",Warning,,
"shopify_US_7227630649441_41872775839841","1,008","Item uploaded through multiple feeds",Warning,,
"shopify_US_7535227666529_44056520589409","3,232","Item uploaded through multiple feeds",Warning,,
"shopify_US_7109298487393_41497381666913","336","Item uploaded through multiple feeds",Warning,,
"shopify_US_7536988520545_44083434029153","3,766","Item uploaded through multiple feeds",Warning,,
"shopify_US_7108958519393_41496524783713","109","Item uploaded through multiple feeds",Warning,,
"shopify_US_7230150213729_41882612007009","1,365","Item uploaded through multiple feeds",Warning,,
"shopify_US_7537370628193_44085199175777","4,307","Item uploaded through multiple feeds",Warning,,
"shopify_US_7110361874529_41500560228449","597","Item uploaded through multiple feeds",Warning,,
"shopify_US_7537367384161_44085189116001","4,213","Item uploaded through multiple feeds",Warning,,
"shopify_US_7230159028321_41882634780769","1,504","Item uploaded through multiple feeds",Warning,,
"shopify_US_7536992976993_44083478495329","3,810","Item uploaded through multiple feeds",Warning,,
"shopify_US_7533404291169_44046788296801","3,072","Item uploaded through multiple feeds",Warning,,
"shopify_US_7241105670241_41930031661153","2,519","Item uploaded through multiple feeds",Warning,,
"shopify_US_7230339711073_41883255570529","1,942","Item uploaded through multiple feeds",Warning,,
"shopify_US_7536709009505_44082095489121","3,613","Item uploaded through multiple feeds",Warning,,
"shopify_US_7533454393441_44047096217697","3,125","Item uploaded through multiple feeds",Warning,,
"shopify_US_7541022818401_44096525762657","4,418","Item uploaded through multiple feeds",Warning,,
"shopify_US_7536947003489_44083348045921","3,679","Item uploaded through multiple feeds",Warning,,
"shopify_US_7230338039905_41883245281377","1,894","Item uploaded through multiple feeds",Warning,,
"shopify_US_7537105961057_44083932528737","4,058","Item uploaded through multiple feeds",Warning,,
"shopify_US_7502792949857_43731338297441","2,794","Item uploaded through multiple feeds",Warning,,
"shopify_US_7230180884577_41882725154913","1,536","Item uploaded through multiple feeds",Warning,,
"shopify_US_7109514395745_41498011697249","533","Item uploaded through multiple feeds",Warning,,
"shopify_US_7536709009505_44082095718497","3,620","Item uploaded through multiple feeds",Warning,,
"shopify_US_7108992860257_41496647204961","161","Item uploaded through multiple feeds",Warning,,
"shopify_US_7227439546465_41871781068897","952","Item uploaded through multiple feeds",Warning,,
"shopify_US_7537227890785_44084490895457","4,138","Item uploaded through multiple feeds",Warning,,
"shopify_US_7230342004833_41883273396321","2,072","Item uploaded through multiple feeds",Warning,,
"shopify_US_7230327128161_41883188232289","1,694","Item uploaded through multiple feeds",Warning,,
"shopify_US_7537367384161_44085188952161","4,208","Item uploaded through multiple feeds",Warning,,
"shopify_US_7229259874401_41878820225121","1,230","Item uploaded through multiple feeds",Warning,,
"shopify_US_7230415863905_41883443724385","2,139","Item uploaded through multiple feeds",Warning,,
"shopify_US_7109122097249_41497077284961","234","Item uploaded through multiple feeds",Warning,,
"shopify_US_7536457941089_44080778739809","3,511","Item uploaded through multiple feeds",Warning,,
"shopify_US_7537105961057_44083932954721","4,071","Item uploaded through multiple feeds",Warning,,
"shopify_US_7230338039905_41883246231649","1,923","Item uploaded through multiple feeds",Warning,,
"shopify_US_7537025613921_44083599999073","3,969","Item uploaded through multiple feeds",Warning,,
"shopify_US_7230424645729_41883489140833","2,320","Item uploaded through multiple feeds",Warning,,
"shopify_US_7533429358689_44046853275745","3,080","Item uploaded through multiple feeds",Warning,,
"shopify_US_7229259874401_41878820257889","1,236","Item uploaded through multiple feeds",Warning,,
"shopify_US_7241201942625_41930312646753","2,541","Item uploaded through multiple feeds",Warning,,
"shopify_US_7536240984161_44080415768673","3,323","Item uploaded through multiple feeds",Warning,,
"shopify_US_7537002971233_44083530563681","3,894","Item uploaded through multiple feeds",Warning,,
"shopify_US_6718948147297_39756765069409","40","Item uploaded through multiple feeds",Warning,,
"shopify_US_7585992048737_45099304976481","4,636","Item uploaded through multiple feeds",Warning,,
"shopify_US_7227374534753_41871499624545","773","Item uploaded through multiple feeds",Warning,,
"shopify_US_7545279512673_44116031668321","4,453","Item uploaded through multiple feeds",Warning,,
"shopify_US_7502836007009_43731511902305","2,829","Item uploaded through multiple feeds",Warning,,
"shopify_US_7562834215009_44803376316513","4,527","Item uploaded through multiple feeds",Warning,,
"shopify_US_7585980055649_45099272044641","4,622","Item uploaded through multiple feeds",Warning,,
"shopify_US_7230338039905_41883245674593","1,906","Item uploaded through multiple feeds",Warning,,
"shopify_US_7505372282977_43740358934625","2,849","Item uploaded through multiple feeds",Warning,,
"shopify_US_7533454655585_44047097790561","3,144","Item uploaded through multiple feeds",Warning,,
"shopify_US_7230424645729_41883488747617","2,308","Item uploaded through multiple feeds",Warning,,
"shopify_US_7533379059809_44046661451873","3,028","Item uploaded through multiple feeds",Warning,,
"shopify_US_7230415863905_41883445592161","2,114","Item uploaded through multiple feeds",Warning,,
"shopify_US_7536457941089_44080778084449","3,491","Item uploaded through multiple feeds",Warning,,
"shopify_US_7230339711073_41883257634913","2,005","Item uploaded through multiple feeds",Warning,,
"shopify_US_7241063825505_41929912680545","2,494","Item uploaded through multiple feeds",Warning,,
"shopify_US_7670609346657_46501139349601","4,700","Item uploaded through multiple feeds",Warning,,
"shopify_US_7241063825505_41929913630817","2,484","Item uploaded through multiple feeds",Warning,,
"shopify_US_7536309141601_44080519839841","3,336","Item uploaded through multiple feeds",Warning,,
"shopify_US_7502793179233_43731339640929","2,805","Item uploaded through multiple feeds",Warning,,
"shopify_US_7537367679073_44085191311457","4,241","Item uploaded through multiple feeds",Warning,,
"shopify_US_7229027876961_41878213689441","1,091","Item uploaded through multiple feeds",Warning,,
"shopify_US_7533081133153_44044345901153","2,981","Item uploaded through multiple feeds",Warning,,
"shopify_US_7230424645729_41883490484321","2,361","Item uploaded through multiple feeds",Warning,,
"shopify_US_7230336729185_41883238006881","1,812","Item uploaded through multiple feeds",Warning,,
"shopify_US_6718945034337_39756756058209","8","Item uploaded through multiple feeds",Warning,,
"shopify_US_7230342004833_41883272282209","2,038","Item uploaded through multiple feeds",Warning,,
"shopify_US_7537367023713_44085186953313","4,200","Item uploaded through multiple feeds",Warning,,
"shopify_US_7502771781729_43731208732769","2,725","Item uploaded through multiple feeds",Warning,,
"shopify_US_7502790656097_43731329417313","2,743","Item uploaded through multiple feeds",Warning,,
"shopify_US_7536709501025_44082098700385","3,648","Item uploaded through multiple feeds",Warning,,
"shopify_US_7230194942049_41882772570209","1,653","Item uploaded through multiple feeds",Warning,,
"shopify_US_7229825581153_41881163530337","1,313","Item uploaded through multiple feeds",Warning,,
"shopify_US_7227356282977_41871478751329","761","Item uploaded through multiple feeds",Warning,,
"shopify_US_7230423236705_41883481243745","2,240","Item uploaded through multiple feeds",Warning,,
"shopify_US_7537372463201_44085204615265","4,339","Item uploaded through multiple feeds",Warning,,
"shopify_US_7230180884577_41882725613665","1,557","Item uploaded through multiple feeds",Warning,,
"shopify_US_7672336646241_46512188063841","4,858","Item uploaded through multiple feeds",Warning,,
"shopify_US_7497751986273_43677180624993","2,549","Item uploaded through multiple feeds",Warning,,
"shopify_US_7537369088097_44085194391649","4,248","Item uploaded through multiple feeds",Warning,,
"shopify_US_7227254276193_41871113257057","668","Item uploaded through multiple feeds",Warning,,
"shopify_US_7230338039905_41883246166113","1,921","Item uploaded through multiple feeds",Warning,,
"shopify_US_7562834215009_44802985132129","4,506","Item uploaded through multiple feeds",Warning,,
"shopify_US_7229130342497_41878478684257","1,165","Item uploaded through multiple feeds",Warning,,
"shopify_US_7537367023713_44085186822241","4,196","Item uploaded through multiple feeds",Warning,,
"shopify_US_7230418944097_41883460829281","2,218","Item uploaded through multiple feeds",Warning,,
"shopify_US_7537370857569_44085201043553","4,332","Item uploaded through multiple feeds",Warning,,
"shopify_US_7536696295521_44082061279329","3,532","Item uploaded through multiple feeds",Warning,,
"shopify_US_7227434958945_41871763832929","903","Item uploaded through multiple feeds",Warning,,
"shopify_US_7229259874401_41878820388961","1,262","Item uploaded through multiple feeds",Warning,,
"shopify_US_7502792949857_43731338330209","2,795","Item uploaded through multiple feeds",Warning,,
"shopify_US_7230336729185_41883236008033","1,796","Item uploaded through multiple feeds",Warning,,
"shopify_US_7545279512673_44116031799393","4,457","Item uploaded through multiple feeds",Warning,,
"shopify_US_7230339711073_41883255603297","1,943","Item uploaded through multiple feeds",Warning,,
"shopify_US_7230327128161_41883188494433","1,702","Item uploaded through multiple feeds",Warning,,
"shopify_US_7545279512673_44116031602785","4,451","Item uploaded through multiple feeds",Warning,,
"shopify_US_7536984359009_44083408470113","3,739","Item uploaded through multiple feeds",Warning,,
"shopify_US_7536337125473_44080557162593","3,394","Item uploaded through multiple feeds",Warning,,
"shopify_US_7230423236705_41883481866337","2,259","Item uploaded through multiple feeds",Warning,,
"shopify_US_7537041342561_44083683426401","4,039","Item uploaded through multiple feeds",Warning,,
"shopify_US_7537978572897_44087869571169","4,361","Item uploaded through multiple feeds",Warning,,
"shopify_US_7230336729185_41883236434017","1,814","Item uploaded through multiple feeds",Warning,,
"shopify_US_7502765097057_43731173572705","2,611","Item uploaded through multiple feeds",Warning,,
"shopify_US_7537003266145_44083531284577","3,901","Item uploaded through multiple feeds",Warning,,
"shopify_US_7502769193057_43731194118241","2,674","Item uploaded through multiple feeds",Warning,,
"shopify_US_7241063825505_41929912713313","2,435","Item uploaded through multiple feeds",Warning,,
"shopify_US_7230336729185_41883236958305","1,834","Item uploaded through multiple feeds",Warning,,
"shopify_US_7537009033313_44083549012065","3,958","Item uploaded through multiple feeds",Warning,,
"shopify_US_7533348618337_44046481719393","2,992","Item uploaded through multiple feeds",Warning,,
"shopify_US_7536992976993_44083478757473","3,814","Item uploaded through multiple feeds",Warning,,
"shopify_US_7230156701793_41882622197857","1,431","Item uploaded through multiple feeds",Warning,,
"shopify_US_7241105670241_41930031956065","2,522","Item uploaded through multiple feeds",Warning,,
"shopify_US_7533429358689_44046853341281","3,082","Item uploaded through multiple feeds",Warning,,
"shopify_US_7516479848545_43831323164769","2,974","Item uploaded through multiple feeds",Warning,,
"shopify_US_7502836007009_43731511967841","2,831","Item uploaded through multiple feeds",Warning,,
"shopify_US_7545279512673_44116031471713","4,447","Item uploaded through multiple feeds",Warning,,
"shopify_US_7537978933345_44087872618593","4,382","Item uploaded through multiple feeds",Warning,,
"shopify_US_7545279840353_44116033011809","4,474","Item uploaded through multiple feeds",Warning,,
"shopify_US_7670744842337_46501356896353","4,815","Item uploaded through multiple feeds",Warning,,
"shopify_US_7537001431137_44083524337761","3,847","Item uploaded through multiple feeds",Warning,,
"shopify_US_7227630649441_41872775512161","1,007","Item uploaded through multiple feeds",Warning,,
"shopify_US_7230423236705_41883482259553","2,271","Item uploaded through multiple feeds",Warning,,
"shopify_US_7536704520289_44082078023777","3,594","Item uploaded through multiple feeds",Warning,,
"shopify_US_7230418944097_41883458633825","2,151","Item uploaded through multiple feeds",Warning,,
"shopify_US_7535312896097_44057203540065","3,239","Item uploaded through multiple feeds",Warning,,
"shopify_US_7230424645729_41883489206369","2,322","Item uploaded through multiple feeds",Warning,,
"shopify_US_7537369088097_44085194522721","4,252","Item uploaded through multiple feeds",Warning,,
"shopify_US_7536709009505_44082095751265","3,621","Item uploaded through multiple feeds",Warning,,
"shopify_US_7545279840353_44116032520289","4,459","Item uploaded through multiple feeds",Warning,,
"shopify_US_7537007198305_44083544162401","3,935","Item uploaded through multiple feeds",Warning,,
"shopify_US_7230418944097_41883459682401","2,183","Item uploaded through multiple feeds",Warning,,
"shopify_US_7230415863905_41883441922145","2,095","Item uploaded through multiple feeds",Warning,,
"shopify_US_7533404192865_44046787739745","3,062","Item uploaded through multiple feeds",Warning,,
"shopify_US_7227378925665_41871521316961","848","Item uploaded through multiple feeds",Warning,,
"shopify_US_7536984359009_44083408666721","3,745","Item uploaded through multiple feeds",Warning,,
"shopify_US_7672336646241_46512187572321","4,843","Item uploaded through multiple feeds",Warning,,
"shopify_US_7537001431137_44083524272225","3,846","Item uploaded through multiple feeds",Warning,,
"shopify_US_7537003266145_44083532103777","3,919","Item uploaded through multiple feeds",Warning,,
"shopify_US_7110362136673_41500560949345","606","Item uploaded through multiple feeds",Warning,,
"shopify_US_7536703012961_44082074550369","3,577","Item uploaded through multiple feeds",Warning,,
"shopify_US_7241063825505_41929912287329","2,446","Item uploaded through multiple feeds",Warning,,
"shopify_US_7562834215009_44803376382049","4,529","Item uploaded through multiple feeds",Warning,,
"shopify_US_7536709664865_44082099552353","3,664","Item uploaded through multiple feeds",Warning,,
"shopify_US_7585867432033_45098824695905","4,577","Item uploaded through multiple feeds",Warning,,
"shopify_US_7533453934689_44047092580449","3,106","Item uploaded through multiple feeds",Warning,,
"shopify_US_7230423236705_41883483111521","2,297","Item uploaded through multiple feeds",Warning,,
"shopify_US_7502770045025_43731197132897","2,681","Item uploaded through multiple feeds",Warning,,
"shopify_US_7536707305569_44082088378465","3,596","Item uploaded through multiple feeds",Warning,,
"shopify_US_7537367679073_44085190819937","4,227","Item uploaded through multiple feeds",Warning,,
"shopify_US_7230339711073_41883256782945","1,979","Item uploaded through multiple feeds",Warning,,
"shopify_US_7537001431137_44083525484641","3,870","Item uploaded through multiple feeds",Warning,,
"shopify_US_7230423236705_41883484225633","2,268","Item uploaded through multiple feeds",Warning,,
"shopify_US_7537979359329_44087877369953","4,406","Item uploaded through multiple feeds",Warning,,
"shopify_US_7230336729185_41883237613665","1,859","Item uploaded through multiple feeds",Warning,,
"shopify_US_7536240984161_44080415834209","3,325","Item uploaded through multiple feeds",Warning,,
"shopify_US_7229026304097_41878208315489","1,080","Item uploaded through multiple feeds",Warning,,
"shopify_US_7536457941089_44080778575969","3,506","Item uploaded through multiple feeds",Warning,,
"shopify_US_7536341024865_44080569057377","3,462","Item uploaded through multiple feeds",Warning,,
"shopify_US_7546613530721_44173814530145","4,501","Item uploaded through multiple feeds",Warning,,
"shopify_US_7537370628193_44085199143009","4,306","Item uploaded through multiple feeds",Warning,,
"shopify_US_7230336729185_41883238596705","1,857","Item uploaded through multiple feeds",Warning,,
"shopify_US_7230423236705_41883481538657","2,249","Item uploaded through multiple feeds",Warning,,
"shopify_US_7230159028321_41882634715233","1,502","Item uploaded through multiple feeds",Warning,,
"shopify_US_7536341024865_44080568828001","3,455","Item uploaded through multiple feeds",Warning,,
"shopify_US_7536341024865_44080569352289","3,471","Item uploaded through multiple feeds",Warning,,
"shopify_US_7533403799649_44046785478753","3,049","Item uploaded through multiple feeds",Warning,,
"shopify_US_7516369715297_43821479985249","2,967","Item uploaded through multiple feeds",Warning,,
"shopify_US_7536984359009_44083408371809","3,736","Item uploaded through multiple feeds",Warning,,
"shopify_US_7502771519585_43731207061601","2,714","Item uploaded through multiple feeds",Warning,,
"shopify_US_7535944368225_44861276880993","3,297","Item uploaded through multiple feeds",Warning,,
"shopify_US_7505372282977_43740358606945","2,839","Item uploaded through multiple feeds",Warning,,
"shopify_US_7562834215009_44803376480353","4,532","Item uploaded through multiple feeds",Warning,,
"shopify_US_7227435450465_41871766323297","916","Item uploaded through multiple feeds",Warning,,
"shopify_US_7502836007009_43731511640161","2,821","Item uploaded through multiple feeds",Warning,,
"shopify_US_7537105961057_44083932692577","4,063","Item uploaded through multiple feeds",Warning,,
"shopify_US_7537367384161_44085189279841","4,218","Item uploaded through multiple feeds",Warning,,
"shopify_US_7109472288865_41497918079073","428","Item uploaded through multiple feeds",Warning,,
"shopify_US_7502793179233_43731339411553","2,798","Item uploaded through multiple feeds",Warning,,
"shopify_US_7109125537889_41497087213665","256","Item uploaded through multiple feeds",Warning,,
"shopify_US_7537979359329_44087876780129","4,388","Item uploaded through multiple feeds",Warning,,
"shopify_US_7536240984161_44080415735905","3,322","Item uploaded through multiple feeds",Warning,,
"shopify_US_7533453934689_44047092514913","3,104","Item uploaded through multiple feeds",Warning,,
"shopify_US_7536457941089_44080778215521","3,495","Item uploaded through multiple feeds",Warning,,
"shopify_US_7535908946017_44076549865569","3,274","Item uploaded through multiple feeds",Warning,,
"shopify_US_7537979359329_44087876976737","4,394","Item uploaded through multiple feeds",Warning,,
"shopify_US_7228773466209_41877251850337","1,015","Item uploaded through multiple feeds",Warning,,
"shopify_US_7536700391521_44082066817121","3,551","Item uploaded through multiple feeds",Warning,,
"shopify_US_7537009033313_44083548487777","3,942","Item uploaded through multiple feeds",Warning,,
"shopify_US_7230423236705_41883481735265","2,255","Item uploaded through multiple feeds",Warning,,
"shopify_US_7537367023713_44085186396257","4,183","Item uploaded through multiple feeds",Warning,,
"shopify_US_7607760257121_45707469881441","4,665","Item uploaded through multiple feeds",Warning,,
"shopify_US_7536337125473_44080556441697","3,372","Item uploaded through multiple feeds",Warning,,
"shopify_US_7536457941089_44080778608737","3,507","Item uploaded through multiple feeds",Warning,,
"shopify_US_7537025613921_44083600031841","3,970","Item uploaded through multiple feeds",Warning,,
"shopify_US_7537105961057_44083932921953","4,070","Item uploaded through multiple feeds",Warning,,
"shopify_US_7109517770849_41498027098209","557","Item uploaded through multiple feeds",Warning,,
"shopify_US_7577248596065_45068115345505","4,550","Item uploaded through multiple feeds",Warning,,
"shopify_US_7585980055649_45099271979105","4,620","Item uploaded through multiple feeds",Warning,,
"shopify_US_7230194942049_41882772701281","1,657","Item uploaded through multiple feeds",Warning,,
"shopify_US_6718948147297_39756765593697","61","Item uploaded through multiple feeds",Warning,,
"shopify_US_7585992048737_45099305369697","4,648","Item uploaded through multiple feeds",Warning,,
"shopify_US_7536709009505_44082096046177","3,630","Item uploaded through multiple feeds",Warning,,
"shopify_US_7537367679073_44085191049313","4,233","Item uploaded through multiple feeds",Warning,,
"shopify_US_7672336646241_46512190226529","4,922","Item uploaded through multiple feeds",Warning,,
"shopify_US_7672336646241_46512188850273","4,882","Item uploaded through multiple feeds",Warning,,
"shopify_US_7537369120865_44085195866209","4,278","Item uploaded through multiple feeds",Warning,,
"shopify_US_7670674391137_46501275140193","4,727","Item uploaded through multiple feeds",Warning,,
"shopify_US_7109292130401_41497361055841","306","Item uploaded through multiple feeds",Warning,,
"shopify_US_7227439546465_41871781232737","957","Item uploaded through multiple feeds",Warning,,
"shopify_US_7535944368225_44861276684385","3,291","Item uploaded through multiple feeds",Warning,,
"shopify_US_7229027876961_41878213984353","1,100","Item uploaded through multiple feeds",Warning,,
"shopify_US_6719792873569_39762137055329","85","Item uploaded through multiple feeds",Warning,,
"shopify_US_7227374534753_41871499886689","777","Item uploaded through multiple feeds",Warning,,
"shopify_US_7585867432033_45098824171617","4,561","Item uploaded through multiple feeds",Warning,,
"shopify_US_7537369088097_44085194358881","4,247","Item uploaded through multiple feeds",Warning,,
"shopify_US_7537030234209_44083621265505","3,984","Item uploaded through multiple feeds",Warning,,
"shopify_US_7537007198305_44083544064097","3,932","Item uploaded through multiple feeds",Warning,,
"shopify_US_7230339711073_41883255996513","1,955","Item uploaded through multiple feeds",Warning,,
"shopify_US_7230159028321_41882634551393","1,497","Item uploaded through multiple feeds",Warning,,
"shopify_US_7585992048737_45099304812641","4,631","Item uploaded through multiple feeds",Warning,,
"shopify_US_7672336646241_46512189735009","4,907","Item uploaded through multiple feeds",Warning,,
"shopify_US_7108988764257_41496634753121","151","Item uploaded through multiple feeds",Warning,,
"shopify_US_7109481431137_41497931546721","471","Item uploaded through multiple feeds",Warning,,
"shopify_US_7536340729953_44080564895841","3,438","Item uploaded through multiple feeds",Warning,,
"shopify_US_7227630649441_41872775676001","993","Item uploaded through multiple feeds",Warning,,
"shopify_US_7541022818401_44096525828193","4,420","Item uploaded through multiple feeds",Warning,,
"shopify_US_7230332895329_41883219263585","1,732","Item uploaded through multiple feeds",Warning,,
"shopify_US_7536337125473_44080618668129","3,405","Item uploaded through multiple feeds",Warning,,
"shopify_US_7502792949857_43731338068065","2,787","Item uploaded through multiple feeds",Warning,,
"shopify_US_7533458194529_44047109324897","3,165","Item uploaded through multiple feeds",Warning,,
"shopify_US_7537001431137_44083524960353","3,861","Item uploaded through multiple feeds",Warning,,
"shopify_US_7545279512673_44116031701089","4,454","Item uploaded through multiple feeds",Warning,,
"shopify_US_7536992976993_44083479576673","3,827","Item uploaded through multiple feeds",Warning,,
"shopify_US_7537030234209_44083621789793","4,000","Item uploaded through multiple feeds",Warning,,
"shopify_US_7536704520289_44082077761633","3,586","Item uploaded through multiple feeds",Warning,,
"shopify_US_7537367384161_44085188788321","4,203","Item uploaded through multiple feeds",Warning,,
"shopify_US_7505375232097_43740401205345","2,888","Item uploaded through multiple feeds",Warning,,
"shopify_US_7670609346657_46501139644513","4,709","Item uploaded through multiple feeds",Warning,,
"shopify_US_7537038917729_44083661439073","4,021","Item uploaded through multiple feeds",Warning,,
"shopify_US_7241105670241_41930031693921","2,518","Item uploaded through multiple feeds",Warning,,
"shopify_US_7535312896097_44057203605601","3,241","Item uploaded through multiple feeds",Warning,,
"shopify_US_7536982163553_44083394773089","3,703","Item uploaded through multiple feeds",Warning,,
"shopify_US_7537369120865_44085195767905","4,275","Item uploaded through multiple feeds",Warning,,
"shopify_US_7535210594401_44056191860833","3,189","Item uploaded through multiple feeds",Warning,,
"shopify_US_7536709009505_44082095685729","3,619","Item uploaded through multiple feeds",Warning,,
"shopify_US_7607760257121_45707470012513","4,669","Item uploaded through multiple feeds",Warning,,
"shopify_US_7110363775073_41500564815969","622","Item uploaded through multiple feeds",Warning,,
"shopify_US_7229835542625_41882665320545","1,339","Item uploaded through multiple feeds",Warning,,
"shopify_US_7536309141601_44080519938145","3,339","Item uploaded through multiple feeds",Warning,,
"shopify_US_7502765097057_43731173638241","2,613","Item uploaded through multiple feeds",Warning,,
"shopify_US_7230645239905_41884148957281","2,397","Item uploaded through multiple feeds",Warning,,
"shopify_US_7230342004833_41883272151137","2,034","Item uploaded through multiple feeds",Warning,,
"shopify_US_7537366597729_44085209759841","4,173","Item uploaded through multiple feeds",Warning,,
"shopify_US_7502765949025_43731176849505","2,636","Item uploaded through multiple feeds",Warning,,
"shopify_US_7230155882593_41882618888289","1,420","Item uploaded through multiple feeds",Warning,,
"shopify_US_7585980055649_45099271749729","4,613","Item uploaded through multiple feeds",Warning,,
"shopify_US_7109502566497_41497976733793","501","Item uploaded through multiple feeds",Warning,,
"shopify_US_7230424645729_41883488714849","2,307","Item uploaded through multiple feeds",Warning,,
"shopify_US_7537370628193_44085199470689","4,316","Item uploaded through multiple feeds",Warning,,
"shopify_US_7241063825505_41929912778849","2,443","Item uploaded through multiple feeds",Warning,,
"shopify_US_7536982163553_44083394674785","3,700","Item uploaded through multiple feeds",Warning,,
"shopify_US_7109292130401_41497360892001","301","Item uploaded through multiple feeds",Warning,,
"shopify_US_7537227890785_44084490928225","4,139","Item uploaded through multiple feeds",Warning,,
"shopify_US_7670683762785_46501285199969","4,741","Item uploaded through multiple feeds",Warning,,
"shopify_US_7536700391521_44082067439713","3,570","Item uploaded through multiple feeds",Warning,,
"shopify_US_7109454135393_41497849626721","413","Item uploaded through multiple feeds",Warning,,
"shopify_US_6718948147297_39756765495393","57","Item uploaded through multiple feeds",Warning,,
"shopify_US_7536457941089_44080778674273","3,509","Item uploaded through multiple feeds",Warning,,
"shopify_US_7516479848545_43831323033697","2,970","Item uploaded through multiple feeds",Warning,,
"shopify_US_7533403799649_44046785544289","3,051","Item uploaded through multiple feeds",Warning,,
"shopify_US_7230339711073_41883255930977","1,953","Item uploaded through multiple feeds",Warning,,
"shopify_US_7229825581153_41882664403041","1,290","Item uploaded through multiple feeds",Warning,,
"shopify_US_7536337125473_44080556540001","3,375","Item uploaded through multiple feeds",Warning,,
"shopify_US_7585867432033_45098824269921","4,564","Item uploaded through multiple feeds",Warning,,
"shopify_US_7230424645729_41883489173601","2,321","Item uploaded through multiple feeds",Warning,,
"shopify_US_7241105670241_41930031431777","2,514","Item uploaded through multiple feeds",Warning,,
"shopify_US_7230418944097_41883458830433","2,157","Item uploaded through multiple feeds",Warning,,
"shopify_US_7230342004833_41883272904801","2,057","Item uploaded through multiple feeds",Warning,,
"shopify_US_7230424645729_41883490222177","2,353","Item uploaded through multiple feeds",Warning,,
"shopify_US_7241063825505_41929914253409","2,497","Item uploaded through multiple feeds",Warning,,
"shopify_US_7230423236705_41883482882145","2,290","Item uploaded through multiple feeds",Warning,,
"shopify_US_7546613530721_44197959499873","4,492","Item uploaded through multiple feeds",Warning,,
"shopify_US_7230194942049_41882778009697","1,655","Item uploaded through multiple feeds",Warning,,
"shopify_US_7227270791265_41871164997729","741","Item uploaded through multiple feeds",Warning,,
"shopify_US_7227630649441_41872775217249","1,009","Item uploaded through multiple feeds",Warning,,
"shopify_US_7227438530657_41871777529953","939","Item uploaded through multiple feeds",Warning,,
"shopify_US_7230336729185_41883238137953","1,822","Item uploaded through multiple feeds",Warning,,
"shopify_US_7502771781729_43731208765537","2,726","Item uploaded through multiple feeds",Warning,,
"shopify_US_7230415863905_41883442413665","2,103","Item uploaded through multiple feeds",Warning,,
"shopify_US_7230423236705_41883482095713","2,266","Item uploaded through multiple feeds",Warning,,
"shopify_US_7502191788129_43729979146337","2,589","Item uploaded through multiple feeds",Warning,,
"shopify_US_7533454098529_44047093465185","3,121","Item uploaded through multiple feeds",Warning,,
"shopify_US_7536988520545_44083434094689","3,768","Item uploaded through multiple feeds",Warning,,
"shopify_US_7230159028321_41882634584161","1,498","Item uploaded through multiple feeds",Warning,,
"shopify_US_7229132472417_41878487040097","1,189","Item uploaded through multiple feeds",Warning,,
"shopify_US_7230194942049_41882778173537","1,660","Item uploaded through multiple feeds",Warning,,
"shopify_US_7536337125473_44080618799201","3,409","Item uploaded through multiple feeds",Warning,,
"shopify_US_7533454655585_44047097954401","3,149","Item uploaded through multiple feeds",Warning,,
"shopify_US_7230327128161_41883192295521","1,716","Item uploaded through multiple feeds",Warning,,
"shopify_US_7227270299745_41871161786465","682","Item uploaded through multiple feeds",Warning,,
"shopify_US_6718948147297_39756764676193","24","Item uploaded through multiple feeds",Warning,,
"shopify_US_7562834215009_44802985230433","4,509","Item uploaded through multiple feeds",Warning,,
"shopify_US_7230423236705_41883481899105","2,260","Item uploaded through multiple feeds",Warning,,
"shopify_US_7533390856289_44046735769697","3,032","Item uploaded through multiple feeds",Warning,,
"shopify_US_7670674391137_46501275172961","4,728","Item uploaded through multiple feeds",Warning,,
"shopify_US_7585980055649_45099271487585","4,605","Item uploaded through multiple feeds",Warning,,
"shopify_US_7670738223201_46501345788001","4,773","Item uploaded through multiple feeds",Warning,,
"shopify_US_7541022818401_44096525893729","4,422","Item uploaded through multiple feeds",Warning,,
"shopify_US_7502836007009_43731511836769","2,827","Item uploaded through multiple feeds",Warning,,
"shopify_US_7227379023969_41871522496609","876","Item uploaded through multiple feeds",Warning,,
"shopify_US_7230415863905_41883441791073","2,092","Item uploaded through multiple feeds",Warning,,
"shopify_US_7672336646241_46512187900001","4,853","Item uploaded through multiple feeds",Warning,,
"shopify_US_7533354975329_44046506623073","3,015","Item uploaded through multiple feeds",Warning,,
"shopify_US_6718945034337_39756756451425","20","Item uploaded through multiple feeds",Warning,,
"shopify_US_7535908946017_44076549898337","3,275","Item uploaded through multiple feeds",Warning,,
"shopify_US_7536988618849_44083434881121","3,786","Item uploaded through multiple feeds",Warning,,
"shopify_US_7537978933345_44087872520289","4,379","Item uploaded through multiple feeds",Warning,,
"shopify_US_7230342004833_41883271495777","2,014","Item uploaded through multiple feeds",Warning,,
"shopify_US_7502771519585_43731207225441","2,719","Item uploaded through multiple feeds",Warning,,
"shopify_US_7535227666529_44056520196193","3,220","Item uploaded through multiple feeds",Warning,,
"shopify_US_7502765719649_43731175800929","2,617","Item uploaded through multiple feeds",Warning,,
"shopify_US_7537105961057_44083932823649","4,067","Item uploaded through multiple feeds",Warning,,
"shopify_US_7536992976993_44083479412833","3,838","Item uploaded through multiple feeds",Warning,,
"shopify_US_7537372463201_44087947264097","4,343","Item uploaded through multiple feeds",Warning,,
"shopify_US_7230156701793_41882622361697","1,441","Item uploaded through multiple feeds",Warning,,
"shopify_US_7607764287585_45708175278177","4,695","Item uploaded through multiple feeds",Warning,,
"shopify_US_7109514395745_41498011041889","515","Item uploaded through multiple feeds",Warning,,
"shopify_US_7108969037921_41496561483873","122","Item uploaded through multiple feeds",Warning,,
"shopify_US_7536709501025_44082098733153","3,649","Item uploaded through multiple feeds",Warning,,
"shopify_US_7230424645729_41883488944225","2,314","Item uploaded through multiple feeds",Warning,,
"shopify_US_7536309141601_44080520036449","3,342","Item uploaded through multiple feeds",Warning,,
"shopify_US_7536337125473_44080619257953","3,423","Item uploaded through multiple feeds",Warning,,
"shopify_US_7228788867169_41877295104097","1,058","Item uploaded through multiple feeds",Warning,,
"shopify_US_7670609346657_46501139808353","4,714","Item uploaded through multiple feeds",Warning,,
"shopify_US_7230180884577_41882719584353","1,577","Item uploaded through multiple feeds",Warning,,
"shopify_US_7510267494497_43765461057633","2,908","Item uploaded through multiple feeds",Warning,,
"shopify_US_7537366597729_44085185249377","4,168","Item uploaded through multiple feeds",Warning,,
"shopify_US_7502836007009_43731511607393","2,820","Item uploaded through multiple feeds",Warning,,
"shopify_US_7585992048737_45099305107553","4,640","Item uploaded through multiple feeds",Warning,,
"shopify_US_7536700391521_44082067046497","3,558","Item uploaded through multiple feeds",Warning,,
"shopify_US_7536707305569_44082088575073","3,602","Item uploaded through multiple feeds",Warning,,
"shopify_US_7241063825505_41929913892961","2,453","Item uploaded through multiple feeds",Warning,,
"shopify_US_7607760257121_45707469946977","4,667","Item uploaded through multiple feeds",Warning,,
"shopify_US_6719792873569_39762137153633","88","Item uploaded through multiple feeds",Warning,,
"shopify_US_7229130801249_41878479831137","1,168","Item uploaded through multiple feeds",Warning,,
"shopify_US_7229128441953_41878470459489","1,132","Item uploaded through multiple feeds",Warning,,
"shopify_US_7227270791265_41871164571745","719","Item uploaded through multiple feeds",Warning,,
"shopify_US_7230415863905_41883441692769","2,090","Item uploaded through multiple feeds",Warning,,
"shopify_US_7229259874401_41878820356193","1,256","Item uploaded through multiple feeds",Warning,,
"shopify_US_7537369120865_44085195735137","4,274","Item uploaded through multiple feeds",Warning,,
"shopify_US_7227270791265_41871165620321","750","Item uploaded through multiple feeds",Warning,,
"shopify_US_7230336729185_41883238072417","1,817","Item uploaded through multiple feeds",Warning,,
"shopify_US_7230645239905_41884149743713","2,416","Item uploaded through multiple feeds",Warning,,
"shopify_US_7109084807265_41496962760801","208","Item uploaded through multiple feeds",Warning,,
"shopify_US_7533454426209_44047096741985","3,139","Item uploaded through multiple feeds",Warning,,
"shopify_US_7505372282977_43740358869089","2,847","Item uploaded through multiple feeds",Warning,,
"shopify_US_7230327128161_41883188559969","1,706","Item uploaded through multiple feeds",Warning,,
"shopify_US_7230423236705_41883481309281","2,242","Item uploaded through multiple feeds",Warning,,
"shopify_US_7537113563233_44083974373473","4,105","Item uploaded through multiple feeds",Warning,,
"shopify_US_7537002971233_44083530170465","3,882","Item uploaded through multiple feeds",Warning,,
"shopify_US_7230415863905_41883442970721","2,121","Item uploaded through multiple feeds",Warning,,
"shopify_US_7109472288865_41497918111841","429","Item uploaded through multiple feeds",Warning,,
"shopify_US_7535362015329_44057274777697","3,267","Item uploaded through multiple feeds",Warning,,
"shopify_US_7230332895329_41883220050017","1,764","Item uploaded through multiple feeds",Warning,,
"shopify_US_7502769193057_43731193856097","2,666","Item uploaded through multiple feeds",Warning,,
"shopify_US_7535312896097_44057203376225","3,234","Item uploaded through multiple feeds",Warning,,
"shopify_US_7502191788129_43729978982497","2,584","Item uploaded through multiple feeds",Warning,,
"shopify_US_7502768210017_43731189301345","2,648","Item uploaded through multiple feeds",Warning,,
"shopify_US_7670609346657_46501139611745","4,708","Item uploaded through multiple feeds",Warning,,
"shopify_US_6718945034337_39756755894369","3","Item uploaded through multiple feeds",Warning,,
"shopify_US_7230336729185_41883238531169","1,852","Item uploaded through multiple feeds",Warning,,
"shopify_US_7672336646241_46512189538401","4,901","Item uploaded through multiple feeds",Warning,,
"shopify_US_7536988520545_44083434258529","3,773","Item uploaded through multiple feeds",Warning,,
"shopify_US_7109517770849_41498026803297","549","Item uploaded through multiple feeds",Warning,,
"shopify_US_7230418944097_41883459747937","2,185","Item uploaded through multiple feeds",Warning,,
"shopify_US_7230150213729_41882607911009","1,384","Item uploaded through multiple feeds",Warning,,
"shopify_US_7562834215009_44803376119905","4,521","Item uploaded through multiple feeds",Warning,,
"shopify_US_7562834215009_44803376676961","4,538","Item uploaded through multiple feeds",Warning,,
"shopify_US_7230424645729_41883489697889","2,337","Item uploaded through multiple feeds",Warning,,
"shopify_US_7108992860257_41496647106657","159","Item uploaded through multiple feeds",Warning,,
"shopify_US_7672336646241_46512188293217","4,865","Item uploaded through multiple feeds",Warning,,
"shopify_US_7227434958945_41871763931233","906","Item uploaded through multiple feeds",Warning,,
"shopify_US_7536337125473_44080557031521","3,390","Item uploaded through multiple feeds",Warning,,
"shopify_US_7229259874401_41878822223969","1,204","Item uploaded through multiple feeds",Warning,,
"shopify_US_6719792873569_39762137088097","86","Item uploaded through multiple feeds",Warning,,
"shopify_US_7510791258209_43768836816993","2,953","Item uploaded through multiple feeds",Warning,,
"shopify_US_7533404192865_44046787870817","3,066","Item uploaded through multiple feeds",Warning,,
"shopify_US_7537109991521_44083955433569","4,095","Item uploaded through multiple feeds",Warning,,
"shopify_US_7227379023969_41871522070625","863","Item uploaded through multiple feeds",Warning,,
"shopify_US_7541022818401_44096525631585","4,414","Item uploaded through multiple feeds",Warning,,
"shopify_US_7536469639265_44080804462689","3,519","Item uploaded through multiple feeds",Warning,,
"shopify_US_7230338039905_41883245248609","1,893","Item uploaded through multiple feeds",Warning,,
"shopify_US_7229828202593_41881176932449","1,326","Item uploaded through multiple feeds",Warning,,
"shopify_US_7227374534753_41871499755617","785","Item uploaded through multiple feeds",Warning,,
"shopify_US_7230194942049_41882771882081","1,643","Item uploaded through multiple feeds",Warning,,
"shopify_US_7502765949025_43731176620129","2,629","Item uploaded through multiple feeds",Warning,,
"shopify_US_7537367023713_44085186527329","4,187","Item uploaded through multiple feeds",Warning,,
"shopify_US_7536341024865_44080569385057","3,472","Item uploaded through multiple feeds",Warning,,
"shopify_US_7230180884577_41882718797921","1,538","Item uploaded through multiple feeds",Warning,,
"shopify_US_7545279512673_44116031766625","4,456","Item uploaded through multiple feeds",Warning,,
"shopify_US_7541022818401_44096526352481","4,435","Item uploaded through multiple feeds",Warning,,
"shopify_US_7230332895329_41883220476001","1,782","Item uploaded through multiple feeds",Warning,,
"shopify_US_7230159028321_41882634223713","1,487","Item uploaded through multiple feeds",Warning,,
"shopify_US_7537367679073_44085190754401","4,225","Item uploaded through multiple feeds",Warning,,
"shopify_US_7585867628641_45098825711713","4,585","Item uploaded through multiple feeds",Warning,,
"shopify_US_7537370628193_44085198422113","4,287","Item uploaded through multiple feeds",Warning,,
"shopify_US_7227439546465_41871781003361","950","Item uploaded through multiple feeds",Warning,,
"shopify_US_7505375232097_43740400812129","2,876","Item uploaded through multiple feeds",Warning,,
"shopify_US_7537978933345_44087872454753","4,377","Item uploaded through multiple feeds",Warning,,
"shopify_US_7533430440033_44046903443553","3,099","Item uploaded through multiple feeds",Warning,,
"shopify_US_6718945034337_39756756090977","10","Item uploaded through multiple feeds",Warning,,
"shopify_US_7109443256417_41497809682529","395","Item uploaded through multiple feeds",Warning,,
"shopify_US_7537227890785_44084491157601","4,144","Item uploaded through multiple feeds",Warning,,
"shopify_US_7230151524449_41882613612641","1,400","Item uploaded through multiple feeds",Warning,,
"shopify_US_7228788867169_41877295693921","1,040","Item uploaded through multiple feeds",Warning,,
"shopify_US_7535227666529_44056520065121","3,216","Item uploaded through multiple feeds",Warning,,
"shopify_US_7502793179233_43731339673697","2,806","Item uploaded through multiple feeds",Warning,,
"shopify_US_7533351272545_44046494498913","3,010","Item uploaded through multiple feeds",Warning,,
"shopify_US_7536341024865_44080569417825","3,473","Item uploaded through multiple feeds",Warning,,
"shopify_US_7109292130401_41497361481825","317","Item uploaded through multiple feeds",Warning,,
"shopify_US_7230338039905_41883246428257","1,929","Item uploaded through multiple feeds",Warning,,
"shopify_US_7502771519585_43731207159905","2,717","Item uploaded through multiple feeds",Warning,,
"shopify_US_7229259874401_41878821961825","1,247","Item uploaded through multiple feeds",Warning,,
"shopify_US_7229130342497_41878478618721","1,163","Item uploaded through multiple feeds",Warning,,
"shopify_US_7230339711073_41883256225889","1,962","Item uploaded through multiple feeds",Warning,,
"shopify_US_7227356282977_41871478947937","767","Item uploaded through multiple feeds",Warning,,
"shopify_US_7502187888737_43729970069601","2,569","Item uploaded through multiple feeds",Warning,,
"shopify_US_7230151524449_41882613350497","1,396","Item uploaded through multiple feeds",Warning,,
"shopify_US_7230415863905_41883443658849","2,138","Item uploaded through multiple feeds",Warning,,
"shopify_US_7110368919649_41500577693793","654","Item uploaded through multiple feeds",Warning,,
"shopify_US_7109443256417_41497809453153","367","Item uploaded through multiple feeds",Warning,,
"shopify_US_7536309141601_44080519807073","3,335","Item uploaded through multiple feeds",Warning,,
"shopify_US_7537001431137_44083524862049","3,858","Item uploaded through multiple feeds",Warning,,
"shopify_US_7536988520545_44083433963617","3,764","Item uploaded through multiple feeds",Warning,,
"shopify_US_7502765949025_43731176816737","2,635","Item uploaded through multiple feeds",Warning,,
"shopify_US_7537367384161_44085189378145","4,220","Item uploaded through multiple feeds",Warning,,
"shopify_US_7536709009505_44082095652961","3,618","Item uploaded through multiple feeds",Warning,,
"shopify_US_7230155882593_41882618789985","1,417","Item uploaded through multiple feeds",Warning,,
"shopify_US_7230423236705_41883482423393","2,276","Item uploaded through multiple feeds",Warning,,
"shopify_US_7670683762785_46501285068897","4,737","Item uploaded through multiple feeds",Warning,,
"shopify_US_7536341024865_44080569090145","3,463","Item uploaded through multiple feeds",Warning,,
"shopify_US_7227624554593_41872740122721","978","Item uploaded through multiple feeds",Warning,,
"shopify_US_7536309141601_44080519905377","3,338","Item uploaded through multiple feeds",Warning,,
"shopify_US_6718948147297_39756770508897","55","Item uploaded through multiple feeds",Warning,,
"shopify_US_7109267947617_41497324159073","271","Item uploaded through multiple feeds",Warning,,
"shopify_US_7228773466209_41877251915873","1,017","Item uploaded through multiple feeds",Warning,,
"shopify_US_7562834215009_44803375988833","4,517","Item uploaded through multiple feeds",Warning,,
"shopify_US_7230157226081_41882624786529","1,452","Item uploaded through multiple feeds",Warning,,
"shopify_US_7227356282977_41871478784097","762","Item uploaded through multiple feeds",Warning,,
"shopify_US_7110361874529_41500560130145","594","Item uploaded through multiple feeds",Warning,,
"shopify_US_7672336646241_46512187801697","4,850","Item uploaded through multiple feeds",Warning,,
"shopify_US_7109454135393_41497849102433","399","Item uploaded through multiple feeds",Warning,,
"shopify_US_7109502566497_41497976537185","496","Item uploaded through multiple feeds",Warning,,
"shopify_US_7536704520289_44082077696097","3,584","Item uploaded through multiple feeds",Warning,,
"shopify_US_7109083267169_41496956272737","198","Item uploaded through multiple feeds",Warning,,
"shopify_US_7109292130401_41497361154145","308","Item uploaded through multiple feeds",Warning,,
"shopify_US_7230168727649_41882673250401","1,529","Item uploaded through multiple feeds",Warning,,
"shopify_US_7536240984161_44080415539297","3,316","Item uploaded through multiple feeds",Warning,,
"shopify_US_7545279840353_44116032880737","4,470","Item uploaded through multiple feeds",Warning,,
"shopify_US_6719774720097_39761985175649","78","Item uploaded through multiple feeds",Warning,,
"shopify_US_7227254276193_41871113224289","667","Item uploaded through multiple feeds",Warning,,
"shopify_US_7227378892897_41871520333921","820","Item uploaded through multiple feeds",Warning,,
"shopify_US_7227435450465_41871766257761","914","Item uploaded through multiple feeds",Warning,,
"shopify_US_7109472288865_41497918144609","430","Item uploaded through multiple feeds",Warning,,
"shopify_US_7230151524449_41882614136929","1,408","Item uploaded through multiple feeds",Warning,,
"shopify_US_7110363775073_41500564979809","626","Item uploaded through multiple feeds",Warning,,
"shopify_US_7536984359009_44083408732257","3,747","Item uploaded through multiple feeds",Warning,,
"shopify_US_7537002971233_44083530072161","3,879","Item uploaded through multiple feeds",Warning,,
"shopify_US_7537370628193_44085199077473","4,304","Item uploaded through multiple feeds",Warning,,
"shopify_US_7562834215009_44802985197665","4,508","Item uploaded through multiple feeds",Warning,,
"shopify_US_7537025613921_44083600228449","3,976","Item uploaded through multiple feeds",Warning,,
"shopify_US_7229259874401_41878820192353","1,224","Item uploaded through multiple feeds",Warning,,
"shopify_US_7536696328289_44082061541473","3,540","Item uploaded through multiple feeds",Warning,,
"shopify_US_7109443256417_41497808765025","361","Item uploaded through multiple feeds",Warning,,
"shopify_US_7108962254945_41496538382433","111","Item uploaded through multiple feeds",Warning,,
"shopify_US_7533454098529_44047093301345","3,116","Item uploaded through multiple feeds",Warning,,
"shopify_US_7607762845793_45707929321569","4,684","Item uploaded through multiple feeds",Warning,,
"shopify_US_7230332895329_41883219296353","1,734","Item uploaded through multiple feeds",Warning,,
"shopify_US_7536337125473_44080556802145","3,383","Item uploaded through multiple feeds",Warning,,
"shopify_US_7537001431137_44083524894817","3,859","Item uploaded through multiple feeds",Warning,,
"shopify_US_7109298487393_41497381994593","345","Item uploaded through multiple feeds",Warning,,
"shopify_US_7229259874401_41878820880481","1,263","Item uploaded through multiple feeds",Warning,,
"shopify_US_7537105961057_44083932758113","4,065","Item uploaded through multiple feeds",Warning,,
"shopify_US_7536337125473_44080556605537","3,377","Item uploaded through multiple feeds",Warning,,
"shopify_US_7227375714401_41871506997345","798","Item uploaded through multiple feeds",Warning,,
"shopify_US_7536704520289_44082077827169","3,588","Item uploaded through multiple feeds",Warning,,
"shopify_US_7109472288865_41497918832737","449","Item uploaded through multiple feeds",Warning,,
"shopify_US_7109986844769_41499305312353","574","Item uploaded through multiple feeds",Warning,,
"shopify_US_7108988764257_41496634589281","147","Item uploaded through multiple feeds",Warning,,
"shopify_US_6719774720097_39761985077345","75","Item uploaded through multiple feeds",Warning,,
"shopify_US_7230339711073_41883255767137","1,948","Item uploaded through multiple feeds",Warning,,
"shopify_US_7537002971233_44083530006625","3,877","Item uploaded through multiple feeds",Warning,,
"shopify_US_7607760257121_45707469979745","4,668","Item uploaded through multiple feeds",Warning,,
"shopify_US_7670742777953_46501351882849","4,784","Item uploaded through multiple feeds",Warning,,
"shopify_US_7670738223201_46501345722465","4,771","Item uploaded through multiple feeds",Warning,,
"shopify_US_7670674391137_46501275074657","4,725","Item uploaded through multiple feeds",Warning,,
"shopify_US_7230342004833_41883272577121","2,047","Item uploaded through multiple feeds",Warning,,
"shopify_US_6718948147297_39756765462625","56","Item uploaded through multiple feeds",Warning,,
"shopify_US_7537038917729_44083661504609","4,023","Item uploaded through multiple feeds",Warning,,
"shopify_US_7110361874529_41500560326753","599","Item uploaded through multiple feeds",Warning,,
"shopify_US_7533354975329_44046506688609","3,017","Item uploaded through multiple feeds",Warning,,
"shopify_US_7109514395745_41498011533409","528","Item uploaded through multiple feeds",Warning,,
"shopify_US_7228773466209_41877252112481","1,023","Item uploaded through multiple feeds",Warning,,
"shopify_US_7230180884577_41882725875809","1,567","Item uploaded through multiple feeds",Warning,,
"shopify_US_7230339711073_41883256488033","1,970","Item uploaded through multiple feeds",Warning,,
"shopify_US_7108988764257_41496634818657","153","Item uploaded through multiple feeds",Warning,,
"shopify_US_7227630649441_41872775479393","1,004","Item uploaded through multiple feeds",Warning,,
"shopify_US_7229835542625_41882665255009","1,335","Item uploaded through multiple feeds",Warning,,
"shopify_US_7109072257121_41496915738721","189","Item uploaded through multiple feeds",Warning,,
"shopify_US_7227378892897_41871520268385","818","Item uploaded through multiple feeds",Warning,,
"shopify_US_7229128441953_41878470164577","1,114","Item uploaded through multiple feeds",Warning,,
"shopify_US_7670746775649_46501359747169","4,827","Item uploaded through multiple feeds",Warning,,
"shopify_US_7585992048737_45099305435233","4,650","Item uploaded through multiple feeds",Warning,,
"shopify_US_7230194942049_41882771357793","1,627","Item uploaded through multiple feeds",Warning,,
"shopify_US_7230157226081_41882624753761","1,451","Item uploaded through multiple feeds",Warning,,
"shopify_US_7502765097057_43731173376097","2,605","Item uploaded through multiple feeds",Warning,,
"shopify_US_7110364856417_41500566782049","629","Item uploaded through multiple feeds",Warning,,
"shopify_US_7533397835873_44046762901601","3,041","Item uploaded through multiple feeds",Warning,,
"shopify_US_7541022818401_44096526221409","4,431","Item uploaded through multiple feeds",Warning,,
"shopify_US_7110368919649_41500579004513","655","Item uploaded through multiple feeds",Warning,,
"shopify_US_7230339711073_41883256619105","1,974","Item uploaded through multiple feeds",Warning,,
"shopify_US_7228788867169_41877295235169","1,031","Item uploaded through multiple feeds",Warning,,
"shopify_US_7537367384161_44085188821089","4,204","Item uploaded through multiple feeds",Warning,,
"shopify_US_7227379023969_41871522463841","875","Item uploaded through multiple feeds",Warning,,
"shopify_US_7109514395745_41498011893857","538","Item uploaded through multiple feeds",Warning,,
"shopify_US_7227378925665_41871521415265","851","Item uploaded through multiple feeds",Warning,,
"shopify_US_6719764463713_39761880940641","71","Item uploaded through multiple feeds",Warning,,
"shopify_US_7230157226081_41882624852065","1,454","Item uploaded through multiple feeds",Warning,,
"shopify_US_7229128441953_41878470787169","1,105","Item uploaded through multiple feeds",Warning,,
"shopify_US_7109298487393_41497382158433","350","Item uploaded through multiple feeds",Warning,,
"shopify_US_7230150213729_41882607714401","1,372","Item uploaded through multiple feeds",Warning,,
"shopify_US_7497751986273_43677180723297","2,552","Item uploaded through multiple feeds",Warning,,
"shopify_US_7672336646241_46512189046881","4,886","Item uploaded through multiple feeds",Warning,,
"shopify_US_7227435450465_41871766224993","913","Item uploaded through multiple feeds",Warning,,
"shopify_US_7585980055649_45099271651425","4,610","Item uploaded through multiple feeds",Warning,,
"shopify_US_7545373130849_44116578566241","4,478","Item uploaded through multiple feeds",Warning,,
"shopify_US_7230339711073_41883257667681","2,006","Item uploaded through multiple feeds",Warning,,
"shopify_US_7228788867169_41877295333473","1,043","Item uploaded through multiple feeds",Warning,,
"shopify_US_7227254276193_41871113355361","671","Item uploaded through multiple feeds",Warning,,
"shopify_US_7227620982881_41872696475745","966","Item uploaded through multiple feeds",Warning,,
"shopify_US_7230338039905_41883244429409","1,868","Item uploaded through multiple feeds",Warning,,
"shopify_US_7227270299745_41871161458785","685","Item uploaded through multiple feeds",Warning,,
"shopify_US_7109119705185_41497069355105","224","Item uploaded through multiple feeds",Warning,,
"shopify_US_7230336729185_41883235876961","1,791","Item uploaded through multiple feeds",Warning,,
"shopify_US_7229259874401_41878822256737","1,210","Item uploaded through multiple feeds",Warning,,
"shopify_US_7533454393441_44047096184929","3,124","Item uploaded through multiple feeds",Warning,,
"shopify_US_7227379023969_41871521874017","857","Item uploaded through multiple feeds",Warning,,
"shopify_US_7227434958945_41871763767393","901","Item uploaded through multiple feeds",Warning,,
"shopify_US_7230415863905_41883442249825","2,099","Item uploaded through multiple feeds",Warning,,
"shopify_US_7109084807265_41496962728033","207","Item uploaded through multiple feeds",Warning,,
"shopify_US_7109298487393_41497381699681","337","Item uploaded through multiple feeds",Warning,,
"shopify_US_7227378925665_41871521349729","849","Item uploaded through multiple feeds",Warning,,
"shopify_US_7230168727649_41882673053793","1,523","Item uploaded through multiple feeds",Warning,,
"shopify_US_7227374534753_41871499591777","770","Item uploaded through multiple feeds",Warning,,
"shopify_US_6718948147297_39756765364321","52","Item uploaded through multiple feeds",Warning,,
"shopify_US_7229128441953_41878470295649","1,122","Item uploaded through multiple feeds",Warning,,
"shopify_US_7230415863905_41883442282593","2,100","Item uploaded through multiple feeds",Warning,,
"shopify_US_7227375714401_41871506735201","791","Item uploaded through multiple feeds",Warning,,
"shopify_US_7230645239905_41884149612641","2,413","Item uploaded through multiple feeds",Warning,,
"shopify_US_7230194942049_41882771652705","1,636","Item uploaded through multiple feeds",Warning,,
"shopify_US_7241105670241_41930031267937","2,513","Item uploaded through multiple feeds",Warning,,
"shopify_US_7230155882593_41882618593377","1,411","Item uploaded through multiple feeds",Warning,,
"shopify_US_7110364856417_41500566814817","630","Item uploaded through multiple feeds",Warning,,
"shopify_US_7230423236705_41883484192865","2,263","Item uploaded through multiple feeds",Warning,,
"shopify_US_7109517770849_41498027032673","555","Item uploaded through multiple feeds",Warning,,
"shopify_US_7229828202593_41881176801377","1,322","Item uploaded through multiple feeds",Warning,,
"shopify_US_7230423236705_41883481112673","2,236","Item uploaded through multiple feeds",Warning,,
"shopify_US_6719764463713_39761880809569","67","Item uploaded through multiple feeds",Warning,,
"shopify_US_7230180884577_41882725384289","1,546","Item uploaded through multiple feeds",Warning,,
"shopify_US_7545279840353_44116032749665","4,466","Item uploaded through multiple feeds",Warning,,
"shopify_US_7227620982881_41872696246369","959","Item uploaded through multiple feeds",Warning,,
"shopify_US_7109122097249_41497077383265","237","Item uploaded through multiple feeds",Warning,,
"shopify_US_7109502566497_41497976701025","500","Item uploaded through multiple feeds",Warning,,
"shopify_US_7109443256417_41497808535649","372","Item uploaded through multiple feeds",Warning,,
"shopify_US_7537113563233_44083974275169","4,102","Item uploaded through multiple feeds",Warning,,
"shopify_US_7502765719649_43731175932001","2,621","Item uploaded through multiple feeds",Warning,,
"shopify_US_7109267947617_41497324388449","278","Item uploaded through multiple feeds",Warning,,
"shopify_US_7230338039905_41883246133345","1,920","Item uploaded through multiple feeds",Warning,,
"shopify_US_7109267947617_41497323667553","258","Item uploaded through multiple feeds",Warning,,
"shopify_US_7108998987873_41496666734689","175","Item uploaded through multiple feeds",Warning,,
"shopify_US_7537009033313_44083549044833","3,959","Item uploaded through multiple feeds",Warning,,
"shopify_US_7229027876961_41878213951585","1,099","Item uploaded through multiple feeds",Warning,,
"shopify_US_7227270299745_41871162015841","696","Item uploaded through multiple feeds",Warning,,
"shopify_US_7230336729185_41883236237409","1,805","Item uploaded through multiple feeds",Warning,,
"shopify_US_7108986404961_41496623710305","138","Item uploaded through multiple feeds",Warning,,
"shopify_US_7229130801249_41878479994977","1,173","Item uploaded through multiple feeds",Warning,,
"shopify_US_7230423236705_41883482783841","2,287","Item uploaded through multiple feeds",Warning,,
"shopify_US_7109514395745_41498011828321","536","Item uploaded through multiple feeds",Warning,,
"shopify_US_7230323261537_41883173650529","1,663","Item uploaded through multiple feeds",Warning,,
"shopify_US_7227438530657_41871777693793","944","Item uploaded through multiple feeds",Warning,,
"shopify_US_7110363119713_41500562882657","613","Item uploaded through multiple feeds",Warning,,
"shopify_US_7502771781729_43731208962145","2,732","Item uploaded through multiple feeds",Warning,,
"shopify_US_7230159618145_41882637107297","1,514","Item uploaded through multiple feeds",Warning,,
"shopify_US_7109481431137_41497931415649","467","Item uploaded through multiple feeds",Warning,,
"shopify_US_7229825581153_41882664861793","1,318","Item uploaded through multiple feeds",Warning,,
"shopify_US_7230338039905_41883245052001","1,887","Item uploaded through multiple feeds",Warning,,
"shopify_US_7227630649441_41872775020641","991","Item uploaded through multiple feeds",Warning,,
"shopify_US_7109472288865_41497918636129","444","Item uploaded through multiple feeds",Warning,,
"shopify_US_7230423236705_41883481440353","2,246","Item uploaded through multiple feeds",Warning,,
"shopify_US_7241063825505_41929912909921","2,459","Item uploaded through multiple feeds",Warning,,
"shopify_US_7109481431137_41497931645025","473","Item uploaded through multiple feeds",Warning,,
"shopify_US_7230336729185_41883238269025","1,832","Item uploaded through multiple feeds",Warning,,
"shopify_US_7535944368225_44076870762593","3,285","Item uploaded through multiple feeds",Warning,,
"shopify_US_7230339711073_41883256127585","1,959","Item uploaded through multiple feeds",Warning,,
"shopify_US_7510267494497_43765460861025","2,902","Item uploaded through multiple feeds",Warning,,
"shopify_US_7227418738785_41871678079073","881","Item uploaded through multiple feeds",Warning,,
"shopify_US_7230157226081_41882625245281","1,466","Item uploaded through multiple feeds",Warning,,
"shopify_US_7227630649441_41872774955105","985","Item uploaded through multiple feeds",Warning,,
"shopify_US_7108988764257_41496634851425","154","Item uploaded through multiple feeds",Warning,,
"shopify_US_7227270791265_41871165227105","735","Item uploaded through multiple feeds",Warning,,
"shopify_US_7109481431137_41497931841633","479","Item uploaded through multiple feeds",Warning,,
"shopify_US_7108953604193_41496508727393","99","Item uploaded through multiple feeds",Warning,,
"shopify_US_7227620982881_41872696279137","960","Item uploaded through multiple feeds",Warning,,
"shopify_US_7227252670561_41871110373473","660","Item uploaded through multiple feeds",Warning,,
"shopify_US_7230159028321_41882634027105","1,481","Item uploaded through multiple feeds",Warning,,
"shopify_US_7537369088097_44085194489953","4,251","Item uploaded through multiple feeds",Warning,,
"shopify_US_7562834215009_44802985164897","4,507","Item uploaded through multiple feeds",Warning,,
"shopify_US_7502187888737_43729970135137","2,571","Item uploaded through multiple feeds",Warning,,
"shopify_US_7537369088097_44085195374689","4,264","Item uploaded through multiple feeds",Warning,,
"shopify_US_7108958519393_41496524521569","102","Item uploaded through multiple feeds",Warning,,
"shopify_US_7229132472417_41878486876257","1,184","Item uploaded through multiple feeds",Warning,,
"shopify_US_7229825581153_41882664632417","1,304","Item uploaded through multiple feeds",Warning,,
"shopify_US_7227374534753_41871500345441","790","Item uploaded through multiple feeds",Warning,,
"shopify_US_7227620982881_41872696508513","967","Item uploaded through multiple feeds",Warning,,
"shopify_US_7230339711073_41883257602145","2,004","Item uploaded through multiple feeds",Warning,,
"shopify_US_7109481431137_41497930924129","454","Item uploaded through multiple feeds",Warning,,
"shopify_US_7229132472417_41878487138401","1,192","Item uploaded through multiple feeds",Warning,,
"shopify_US_7109083267169_41496956174433","196","Item uploaded through multiple feeds",Warning,,
"shopify_US_7229259874401_41878821634145","1,279","Item uploaded through multiple feeds",Warning,,
"shopify_US_7536696328289_44082061377633","3,535","Item uploaded through multiple feeds",Warning,,
"shopify_US_7230415863905_41883442577505","2,107","Item uploaded through multiple feeds",Warning,,
"shopify_US_7229130342497_41878478291041","1,154","Item uploaded through multiple feeds",Warning,,
"shopify_US_7536337125473_44080556671073","3,379","Item uploaded through multiple feeds",Warning,,
"shopify_US_7536337125473_44080556998753","3,389","Item uploaded through multiple feeds",Warning,,
"shopify_US_7536709664865_44082099486817","3,662","Item uploaded through multiple feeds",Warning,,
"shopify_US_7670674391137_46501275271265","4,730","Item uploaded through multiple feeds",Warning,,
"shopify_US_7230342004833_41883273691233","2,081","Item uploaded through multiple feeds",Warning,,
"shopify_US_7227630649441_41872775446625","1,001","Item uploaded through multiple feeds",Warning,,
"shopify_US_7227252670561_41871110406241","661","Item uploaded through multiple feeds",Warning,,
"shopify_US_7109072257121_41496915509345","183","Item uploaded through multiple feeds",Warning,,
"shopify_US_7230645239905_41884150399073","2,432","Item uploaded through multiple feeds",Warning,,
"shopify_US_7545279512673_44116031733857","4,455","Item uploaded through multiple feeds",Warning,,
"shopify_US_7228788867169_41877295890529","1,064","Item uploaded through multiple feeds",Warning,,
"shopify_US_7230191665249_41882762281057","1,589","Item uploaded through multiple feeds",Warning,,
"shopify_US_7109083267169_41496956239969","197","Item uploaded through multiple feeds",Warning,,
"shopify_US_7502791082081_43731330728033","2,749","Item uploaded through multiple feeds",Warning,,
"shopify_US_7541022818401_44096526057569","4,427","Item uploaded through multiple feeds",Warning,,
"shopify_US_7534719860833_44054269919329","3,172","Item uploaded through multiple feeds",Warning,,
"shopify_US_7536457941089_44080778182753","3,494","Item uploaded through multiple feeds",Warning,,
"shopify_US_7241201942625_41930312253537","2,535","Item uploaded through multiple feeds",Warning,,
"shopify_US_7537370628193_44085199601761","4,320","Item uploaded through multiple feeds",Warning,,
"shopify_US_7109292130401_41497361023073","305","Item uploaded through multiple feeds",Warning,,
"shopify_US_7230338039905_41883245838433","1,911","Item uploaded through multiple feeds",Warning,,
"shopify_US_7535908946017_44076549931105","3,276","Item uploaded through multiple feeds",Warning,,
"shopify_US_7229259874401_41878820585569","1,207","Item uploaded through multiple feeds",Warning,,
"shopify_US_7109084807265_41496962793569","209","Item uploaded through multiple feeds",Warning,,
"shopify_US_7227378925665_41871521480801","853","Item uploaded through multiple feeds",Warning,,
"shopify_US_7227630649441_41872775053409","994","Item uploaded through multiple feeds",Warning,,
"shopify_US_7230332895329_41883215822945","1,733","Item uploaded through multiple feeds",Warning,,
"shopify_US_7230415863905_41883443593313","2,136","Item uploaded through multiple feeds",Warning,,
"shopify_US_7535312896097_44057203441761","3,236","Item uploaded through multiple feeds",Warning,,
"shopify_US_7109514395745_41498011172961","518","Item uploaded through multiple feeds",Warning,,
"shopify_US_7533453934689_44047092482145","3,103","Item uploaded through multiple feeds",Warning,,
"shopify_US_7229130342497_41878478258273","1,153","Item uploaded through multiple feeds",Warning,,
"shopify_US_7670683762785_46501285331041","4,745","Item uploaded through multiple feeds",Warning,,
"shopify_US_7537109991521_44083954942049","4,080","Item uploaded through multiple feeds",Warning,,
"shopify_US_7109292130401_41497360367713","287","Item uploaded through multiple feeds",Warning,,
"shopify_US_7230327128161_41883188920417","1,719","Item uploaded through multiple feeds",Warning,,
"shopify_US_7110363775073_41500564881505","624","Item uploaded through multiple feeds",Warning,,
"shopify_US_6719792873569_39762137022561","84","Item uploaded through multiple feeds",Warning,,
"shopify_US_7227435450465_41871766192225","912","Item uploaded through multiple feeds",Warning,,
"shopify_US_7537366597729_44085185052769","4,162","Item uploaded through multiple feeds",Warning,,
"shopify_US_7227270791265_41871166013537","711","Item uploaded through multiple feeds",Warning,,
"shopify_US_7229130342497_41878478225505","1,152","Item uploaded through multiple feeds",Warning,,
"shopify_US_7536334274657_44080552673377","3,347","Item uploaded through multiple feeds",Warning,,
"shopify_US_7230151524449_41882614071393","1,407","Item uploaded through multiple feeds",Warning,,
"shopify_US_7229825581153_41881163202657","1,293","Item uploaded through multiple feeds",Warning,,
"shopify_US_7109125537889_41497087180897","255","Item uploaded through multiple feeds",Warning,,
"shopify_US_7505374838881_43740397797473","2,855","Item uploaded through multiple feeds",Warning,,
"shopify_US_7109443256417_41497808732257","357","Item uploaded through multiple feeds",Warning,,
"shopify_US_7230415863905_41883442511969","2,106","Item uploaded through multiple feeds",Warning,,
"shopify_US_7109292130401_41497360334945","286","Item uploaded through multiple feeds",Warning,,
"shopify_US_7537038917729_44083661602913","4,026","Item uploaded through multiple feeds",Warning,,
"shopify_US_7545279840353_44116032651361","4,463","Item uploaded through multiple feeds",Warning,,
"shopify_US_7229835542625_41881196789857","1,342","Item uploaded through multiple feeds",Warning,,
"shopify_US_7230339711073_41883257372769","1,997","Item uploaded through multiple feeds",Warning,,
"shopify_US_7537367023713_44085186986081","4,201","Item uploaded through multiple feeds",Warning,,
"shopify_US_7241063825505_41929912451169","2,466","Item uploaded through multiple feeds",Warning,,
"shopify_US_7229027876961_41878213918817","1,098","Item uploaded through multiple feeds",Warning,,
"shopify_US_7536700391521_44082067341409","3,567","Item uploaded through multiple feeds",Warning,,
"shopify_US_7227630649441_41872775807073","1,005","Item uploaded through multiple feeds",Warning,,
"shopify_US_7670742777953_46501352046689","4,789","Item uploaded through multiple feeds",Warning,,
"shopify_US_7230156701793_41882623049825","1,434","Item uploaded through multiple feeds",Warning,,
"shopify_US_7229259874401_41878821503073","1,239","Item uploaded through multiple feeds",Warning,,
"shopify_US_7585992048737_45099305304161","4,646","Item uploaded through multiple feeds",Warning,,
"shopify_US_7230191665249_41882762575969","1,595","Item uploaded through multiple feeds",Warning,,
"shopify_US_7536240984161_44080415703137","3,321","Item uploaded through multiple feeds",Warning,,
"shopify_US_7227356282977_41871478915169","766","Item uploaded through multiple feeds",Warning,,
"shopify_US_7536334274657_44080552640609","3,346","Item uploaded through multiple feeds",Warning,,
"shopify_US_7230415863905_41883443953761","2,145","Item uploaded through multiple feeds",Warning,,
"shopify_US_7230338039905_41883246493793","1,931","Item uploaded through multiple feeds",Warning,,
"shopify_US_7546613530721_44173814595681","4,503","Item uploaded through multiple feeds",Warning,,
"shopify_US_7502770896993_43731203260513","2,702","Item uploaded through multiple feeds",Warning,,
"shopify_US_7230645239905_41884149776481","2,417","Item uploaded through multiple feeds",Warning,,
"shopify_US_7227375714401_41871506899041","796","Item uploaded through multiple feeds",Warning,,
"shopify_US_7537227890785_44084490272865","4,122","Item uploaded through multiple feeds",Warning,,
"shopify_US_7533429358689_44046853242977","3,079","Item uploaded through multiple feeds",Warning,,
"shopify_US_7537979359329_44087877107809","4,398","Item uploaded through multiple feeds",Warning,,
"shopify_US_7230150213729_41882612367457","1,387","Item uploaded through multiple feeds",Warning,,
"shopify_US_7537041342561_44083683229793","4,034","Item uploaded through multiple feeds",Warning,,
"shopify_US_7229130801249_41878479962209","1,172","Item uploaded through multiple feeds",Warning,,
"shopify_US_7536709664865_44082099814497","3,672","Item uploaded through multiple feeds",Warning,,
"shopify_US_7536992976993_44083478429793","3,809","Item uploaded through multiple feeds",Warning,,
"shopify_US_7502192214113_43729980981345","2,602","Item uploaded through multiple feeds",Warning,,
"shopify_US_7108992860257_41496647237729","162","Item uploaded through multiple feeds",Warning,,
"shopify_US_7537009033313_44083548913761","3,955","Item uploaded through multiple feeds",Warning,,
"shopify_US_7537372463201_44087947198561","4,344","Item uploaded through multiple feeds",Warning,,
"shopify_US_7536982163553_44083395100769","3,716","Item uploaded through multiple feeds",Warning,,
"shopify_US_7228788867169_41877295136865","1,062","Item uploaded through multiple feeds",Warning,,
"shopify_US_7109443256417_41497809223777","378","Item uploaded through multiple feeds",Warning,,
"shopify_US_7230194942049_41882778271841","1,661","Item uploaded through multiple feeds",Warning,,
"shopify_US_7229259874401_41878822355041","1,228","Item uploaded through multiple feeds",Warning,,
"shopify_US_7505374838881_43740398321761","2,871","Item uploaded through multiple feeds",Warning,,
"shopify_US_7230151524449_41882613874785","1,404","Item uploaded through multiple feeds",Warning,,
"shopify_US_7502765949025_43731176947809","2,639","Item uploaded through multiple feeds",Warning,,
"shopify_US_7110362136673_41500560883809","604","Item uploaded through multiple feeds",Warning,,
"shopify_US_7536709009505_44082095620193","3,617","Item uploaded through multiple feeds",Warning,,
"shopify_US_7227624554593_41872740089953","977","Item uploaded through multiple feeds",Warning,,
"shopify_US_7502793179233_43731339706465","2,807","Item uploaded through multiple feeds",Warning,,
"shopify_US_7109119705185_41497069256801","221","Item uploaded through multiple feeds",Warning,,
"shopify_US_7505372282977_43740358672481","2,841","Item uploaded through multiple feeds",Warning,,
"shopify_US_7109454135393_41497849790561","418","Item uploaded through multiple feeds",Warning,,
"shopify_US_7505375232097_43740401303649","2,891","Item uploaded through multiple feeds",Warning,,
"shopify_US_7536341024865_44080569155681","3,465","Item uploaded through multiple feeds",Warning,,
"shopify_US_7585867628641_45098826334305","4,604","Item uploaded through multiple feeds",Warning,,
"shopify_US_7230191665249_41882763034721","1,606","Item uploaded through multiple feeds",Warning,,
"shopify_US_6718948147297_39756764938337","34","Item uploaded through multiple feeds",Warning,,
"shopify_US_7230332895329_41883219722337","1,751","Item uploaded through multiple feeds",Warning,,
"shopify_US_7537978933345_44087872258145","4,371","Item uploaded through multiple feeds",Warning,,
"shopify_US_7230423236705_41883481702497","2,254","Item uploaded through multiple feeds",Warning,,
"shopify_US_7110363119713_41500562948193","615","Item uploaded through multiple feeds",Warning,,
"shopify_US_7510791159905_43768835965025","2,943","Item uploaded through multiple feeds",Warning,,
"shopify_US_7230418944097_41883459911777","2,190","Item uploaded through multiple feeds",Warning,,
"shopify_US_7109481431137_41497932038241","484","Item uploaded through multiple feeds",Warning,,
"shopify_US_7241105670241_41930031530081","2,517","Item uploaded through multiple feeds",Warning,,
"shopify_US_7537367023713_44085186756705","4,194","Item uploaded through multiple feeds",Warning,,
"shopify_US_7502791671905_43731333120097","2,767","Item uploaded through multiple feeds",Warning,,
"shopify_US_7230336729185_41883237908577","1,803","Item uploaded through multiple feeds",Warning,,
"shopify_US_7230424645729_41883490779233","2,370","Item uploaded through multiple feeds",Warning,,
"shopify_US_7230327128161_41883188756577","1,712","Item uploaded through multiple feeds",Warning,,
"shopify_US_7230194942049_41882771947617","1,645","Item uploaded through multiple feeds",Warning,,
"shopify_US_7109502566497_41497976242273","488","Item uploaded through multiple feeds",Warning,,
"shopify_US_7502769193057_43731193790561","2,664","Item uploaded through multiple feeds",Warning,,
"shopify_US_7229128441953_41878470918241","1,113","Item uploaded through multiple feeds",Warning,,
"shopify_US_7536992976993_44083478528097","3,798","Item uploaded through multiple feeds",Warning,,
"shopify_US_7537978933345_44087872421985","4,376","Item uploaded through multiple feeds",Warning,,
"shopify_US_7227630649441_41872775381089","995","Item uploaded through multiple feeds",Warning,,
"shopify_US_7230342004833_41883272970337","2,059","Item uploaded through multiple feeds",Warning,,
"shopify_US_7230418944097_41883460960353","2,222","Item uploaded through multiple feeds",Warning,,
"shopify_US_7227436367969_41871770091617","932","Item uploaded through multiple feeds",Warning,,
"shopify_US_7536337125473_44080557064289","3,391","Item uploaded through multiple feeds",Warning,,
"shopify_US_7227270299745_41871161753697","680","Item uploaded through multiple feeds",Warning,,
"shopify_US_7536703012961_44082074714209","3,582","Item uploaded through multiple feeds",Warning,,
"shopify_US_7110364856417_41500566880353","632","Item uploaded through multiple feeds",Warning,,
"shopify_US_7230339711073_41883256389729","1,967","Item uploaded through multiple feeds",Warning,,
"shopify_US_7229259874401_41878819536993","1,193","Item uploaded through multiple feeds",Warning,,
"shopify_US_7227630649441_41872775250017","1,012","Item uploaded through multiple feeds",Warning,,
"shopify_US_7230338039905_41883245871201","1,912","Item uploaded through multiple feeds",Warning,,
"shopify_US_7537038917729_44083661111393","4,011","Item uploaded through multiple feeds",Warning,,
"shopify_US_7533403799649_44046785577057","3,052","Item uploaded through multiple feeds",Warning,,
"shopify_US_7109298487393_41497381830753","341","Item uploaded through multiple feeds",Warning,,
"shopify_US_7536696295521_44082061049953","3,525","Item uploaded through multiple feeds",Warning,,
"shopify_US_7230336729185_41883238170721","1,823","Item uploaded through multiple feeds",Warning,,
"shopify_US_7230415863905_41883442675809","2,110","Item uploaded through multiple feeds",Warning,,
"shopify_US_7229128441953_41878470557793","1,138","Item uploaded through multiple feeds",Warning,,
"shopify_US_7241105670241_41930031562849","2,516","Item uploaded through multiple feeds",Warning,,
"shopify_US_7230342004833_41883272937569","2,058","Item uploaded through multiple feeds",Warning,,
"shopify_US_7241063825505_41929912352865","2,454","Item uploaded through multiple feeds",Warning,,
"shopify_US_7505374838881_43740397764705","2,854","Item uploaded through multiple feeds",Warning,,
"shopify_US_7537030234209_44083621757025","3,999","Item uploaded through multiple feeds",Warning,,
"shopify_US_7672336646241_46512189997153","4,915","Item uploaded through multiple feeds",Warning,,
"shopify_US_7230339711073_41883256979553","1,985","Item uploaded through multiple feeds",Warning,,
"shopify_US_7536988618849_44083434750049","3,782","Item uploaded through multiple feeds",Warning,,
"shopify_US_7230415863905_41883443626081","2,137","Item uploaded through multiple feeds",Warning,,
"shopify_US_7672336646241_46512187932769","4,854","Item uploaded through multiple feeds",Warning,,
"shopify_US_7230159028321_41882634387553","1,492","Item uploaded through multiple feeds",Warning,,
"shopify_US_7230156701793_41882622066785","1,423","Item uploaded through multiple feeds",Warning,,
"shopify_US_7230323261537_41883177386081","1,684","Item uploaded through multiple feeds",Warning,,
"shopify_US_7672336646241_46512187113569","4,829","Item uploaded through multiple feeds",Warning,,
"shopify_US_7533397835873_44046762803297","3,038","Item uploaded through multiple feeds",Warning,,
"shopify_US_7108992860257_41496647041121","158","Item uploaded through multiple feeds",Warning,,
"shopify_US_7672336646241_46512188948577","4,883","Item uploaded through multiple feeds",Warning,,
"shopify_US_7545373130849_44116578599009","4,479","Item uploaded through multiple feeds",Warning,,
"shopify_US_7533454426209_44047096807521","3,141","Item uploaded through multiple feeds",Warning,,
"shopify_US_7230159618145_41882637303905","1,517","Item uploaded through multiple feeds",Warning,,
"shopify_US_7562834215009_44803376021601","4,518","Item uploaded through multiple feeds",Warning,,
"shopify_US_7230342004833_41883272380513","2,041","Item uploaded through multiple feeds",Warning,,
"shopify_US_7502791082081_43731330760801","2,750","Item uploaded through multiple feeds",Warning,,
"shopify_US_7227418738785_41871677980769","878","Item uploaded through multiple feeds",Warning,,
"shopify_US_7230327128161_41883188887649","1,718","Item uploaded through multiple feeds",Warning,,
"shopify_US_7227439546465_41871781134433","954","Item uploaded through multiple feeds",Warning,,
"shopify_US_7230332895329_41883219689569","1,750","Item uploaded through multiple feeds",Warning,,
"shopify_US_7109298487393_41497381077089","320","Item uploaded through multiple feeds",Warning,,
"shopify_US_7230418944097_41883460927585","2,221","Item uploaded through multiple feeds",Warning,,
"shopify_US_7230418944097_41883460010081","2,193","Item uploaded through multiple feeds",Warning,,
"shopify_US_7229259874401_41878819897441","1,261","Item uploaded through multiple feeds",Warning,,
"shopify_US_7108962254945_41496538415201","112","Item uploaded through multiple feeds",Warning,,
"shopify_US_7230339711073_41883257340001","1,996","Item uploaded through multiple feeds",Warning,,
"shopify_US_7108984799329_41496617582689","129","Item uploaded through multiple feeds",Warning,,
"shopify_US_7536988520545_44083434389601","3,777","Item uploaded through multiple feeds",Warning,,
"shopify_US_7229825581153_41881163235425","1,295","Item uploaded through multiple feeds",Warning,,
"shopify_US_7230191665249_41882763526241","1,626","Item uploaded through multiple feeds",Warning,,
"shopify_US_7230418944097_41883460501601","2,208","Item uploaded through multiple feeds",Warning,,
"shopify_US_7109472288865_41497918406753","437","Item uploaded through multiple feeds",Warning,,
"shopify_US_7535944368225_44861276651617","3,290","Item uploaded through multiple feeds",Warning,,
"shopify_US_7534719860833_44054269821025","3,169","Item uploaded through multiple feeds",Warning,,
"shopify_US_7110361874529_41500560097377","593","Item uploaded through multiple feeds",Warning,,
"shopify_US_7230338039905_41883244691553","1,876","Item uploaded through multiple feeds",Warning,,
"shopify_US_7535210594401_44056191828065","3,188","Item uploaded through multiple feeds",Warning,,
"shopify_US_7535320465505_44057221300321","3,257","Item uploaded through multiple feeds",Warning,,
"shopify_US_7230180884577_41882725351521","1,545","Item uploaded through multiple feeds",Warning,,
"shopify_US_6718948147297_39756764872801","32","Item uploaded through multiple feeds",Warning,,
"shopify_US_7536992976993_44083478626401","3,812","Item uploaded through multiple feeds",Warning,,
"shopify_US_7229825581153_41881163497569","1,311","Item uploaded through multiple feeds",Warning,,
"shopify_US_7607762845793_45707929419873","4,688","Item uploaded through multiple feeds",Warning,,
"shopify_US_7536984359009_44083408896097","3,752","Item uploaded through multiple feeds",Warning,,
"shopify_US_7585867432033_45098824106081","4,559","Item uploaded through multiple feeds",Warning,,
"shopify_US_7533351272545_44046494400609","3,007","Item uploaded through multiple feeds",Warning,,
"shopify_US_7230336729185_41883236139105","1,801","Item uploaded through multiple feeds",Warning,,
"shopify_US_7533454393441_44047096152161","3,123","Item uploaded through multiple feeds",Warning,,
"shopify_US_7672336646241_46512188325985","4,866","Item uploaded through multiple feeds",Warning,,
"shopify_US_7537370628193_44085198454881","4,288","Item uploaded through multiple feeds",Warning,,
"shopify_US_7230645239905_41884148891745","2,395","Item uploaded through multiple feeds",Warning,,
"shopify_US_7537227890785_44084490502241","4,129","Item uploaded through multiple feeds",Warning,,
"shopify_US_7230327128161_41883188723809","1,711","Item uploaded through multiple feeds",Warning,,
"shopify_US_7241063825505_41929913598049","2,480","Item uploaded through multiple feeds",Warning,,
"shopify_US_7109292130401_41497360924769","302","Item uploaded through multiple feeds",Warning,,
"shopify_US_7230424645729_41883490615393","2,365","Item uploaded through multiple feeds",Warning,,
"shopify_US_7227252670561_41871110275169","657","Item uploaded through multiple feeds",Warning,,
"shopify_US_7562834215009_44803376054369","4,519","Item uploaded through multiple feeds",Warning,,
"shopify_US_7230645239905_41884149481569","2,410","Item uploaded through multiple feeds",Warning,,
"shopify_US_7536982294625_44083397951585","3,721","Item uploaded through multiple feeds",Warning,,
"shopify_US_7502836007009_43731511705697","2,823","Item uploaded through multiple feeds",Warning,,
"shopify_US_7536988618849_44083434815585","3,784","Item uploaded through multiple feeds",Warning,,
"shopify_US_7536988618849_44083434946657","3,788","Item uploaded through multiple feeds",Warning,,
"shopify_US_7536340729953_44080564666465","3,431","Item uploaded through multiple feeds",Warning,,
"shopify_US_7537025613921_44083600130145","3,973","Item uploaded through multiple feeds",Warning,,
"shopify_US_7537370628193_44085199372385","4,313","Item uploaded through multiple feeds",Warning,,
"shopify_US_7535312896097_44057203638369","3,242","Item uploaded through multiple feeds",Warning,,
"shopify_US_7502187888737_43729970036833","2,568","Item uploaded through multiple feeds",Warning,,
"shopify_US_7241105670241_41930030383201","2,498","Item uploaded through multiple feeds",Warning,,
"shopify_US_7536337125473_44080619159649","3,420","Item uploaded through multiple feeds",Warning,,
"shopify_US_7585867432033_45098823942241","4,554","Item uploaded through multiple feeds",Warning,,
"shopify_US_7585980055649_45099272175713","4,626","Item uploaded through multiple feeds",Warning,,
"shopify_US_7502191788129_43729978949729","2,583","Item uploaded through multiple feeds",Warning,,
"shopify_US_6718945034337_39756755927137","4","Item uploaded through multiple feeds",Warning,,
"shopify_US_7537003266145_44083531776097","3,911","Item uploaded through multiple feeds",Warning,,
"shopify_US_7536703012961_44082074746977","3,583","Item uploaded through multiple feeds",Warning,,
"shopify_US_7585867432033_45098824073313","4,558","Item uploaded through multiple feeds",Warning,,
"shopify_US_7537105961057_44083932397665","4,054","Item uploaded through multiple feeds",Warning,,
"shopify_US_7230338039905_41883244462177","1,869","Item uploaded through multiple feeds",Warning,,
"shopify_US_7109481431137_41497931186273","461","Item uploaded through multiple feeds",Warning,,
"shopify_US_7109267947617_41497323962465","266","Item uploaded through multiple feeds",Warning,,
"shopify_US_7672336646241_46512189866081","4,911","Item uploaded through multiple feeds",Warning,,
"shopify_US_7541022818401_44096526254177","4,432","Item uploaded through multiple feeds",Warning,,
"shopify_US_7670683762785_46501285265505","4,743","Item uploaded through multiple feeds",Warning,,
"shopify_US_7227375714401_41871507390561","809","Item uploaded through multiple feeds",Warning,,
"shopify_US_7227270299745_41871161819233","684","Item uploaded through multiple feeds",Warning,,
"shopify_US_7537002971233_44083530236001","3,884","Item uploaded through multiple feeds",Warning,,
"shopify_US_7536703012961_44082074681441","3,581","Item uploaded through multiple feeds",Warning,,
"shopify_US_7502765949025_43731176783969","2,634","Item uploaded through multiple feeds",Warning,,
"shopify_US_7502828601441_43731501678689","2,816","Item uploaded through multiple feeds",Warning,,
"shopify_US_7505372282977_43740358475873","2,835","Item uploaded through multiple feeds",Warning,,
"shopify_US_7241105670241_41930031136865","2,511","Item uploaded through multiple feeds",Warning,,
"shopify_US_7229259874401_41878822092897","1,273","Item uploaded through multiple feeds",Warning,,
"shopify_US_7502770045025_43731197231201","2,684","Item uploaded through multiple feeds",Warning,,
"shopify_US_7670724329569_46501331304545","4,765","Item uploaded through multiple feeds",Warning,,
"shopify_US_7230339711073_41883255668833","1,945","Item uploaded through multiple feeds",Warning,,
"shopify_US_7537367384161_44085189214305","4,216","Item uploaded through multiple feeds",Warning,,
"shopify_US_7537105961057_44083932659809","4,062","Item uploaded through multiple feeds",Warning,,
"shopify_US_7534826520673_44054586064993","3,179","Item uploaded through multiple feeds",Warning,,
"shopify_US_7110363119713_41500563112033","619","Item uploaded through multiple feeds",Warning,,
"shopify_US_7230418944097_41883458699361","2,153","Item uploaded through multiple feeds",Warning,,
"shopify_US_7227436367969_41871769862241","925","Item uploaded through multiple feeds",Warning,,
"shopify_US_7545373130849_44116621787233","4,484","Item uploaded through multiple feeds",Warning,,
"shopify_US_7510790733921_43768831639649","2,923","Item uploaded through multiple feeds",Warning,,
"shopify_US_7109472288865_41497918177377","431","Item uploaded through multiple feeds",Warning,,
"shopify_US_7537038917729_44083661635681","4,027","Item uploaded through multiple feeds",Warning,,
"shopify_US_7670609346657_46501139578977","4,707","Item uploaded through multiple feeds",Warning,,
"shopify_US_7227379023969_41871522005089","861","Item uploaded through multiple feeds",Warning,,
"shopify_US_7229027876961_41878213722209","1,092","Item uploaded through multiple feeds",Warning,,
"shopify_US_7230645239905_41884148760673","2,392","Item uploaded through multiple feeds",Warning,,
"shopify_US_7536709009505_44082095456353","3,612","Item uploaded through multiple feeds",Warning,,
"shopify_US_7227630649441_41872775315553","989","Item uploaded through multiple feeds",Warning,,
"shopify_US_7109292130401_41497361383521","315","Item uploaded through multiple feeds",Warning,,
"shopify_US_7502771781729_43731208863841","2,729","Item uploaded through multiple feeds",Warning,,
"shopify_US_7227379023969_41871522431073","874","Item uploaded through multiple feeds",Warning,,
"shopify_US_7536457941089_44080778641505","3,508","Item uploaded through multiple feeds",Warning,,
"shopify_US_7230336729185_41883236499553","1,815","Item uploaded through multiple feeds",Warning,,
"shopify_US_7230151524449_41882613284961","1,395","Item uploaded through multiple feeds",Warning,,
"shopify_US_6718948147297_39756764708961","25","Item uploaded through multiple feeds",Warning,,
"shopify_US_7229828202593_41881176899681","1,325","Item uploaded through multiple feeds",Warning,,
"shopify_US_7227378925665_41871521087585","841","Item uploaded through multiple feeds",Warning,,
"shopify_US_7230332895329_41883219230817","1,731","Item uploaded through multiple feeds",Warning,,
"shopify_US_7230155882593_41882618822753","1,418","Item uploaded through multiple feeds",Warning,,
"shopify_US_7230157226081_41882624917601","1,456","Item uploaded through multiple feeds",Warning,,
"shopify_US_7109292130401_41497360859233","300","Item uploaded through multiple feeds",Warning,,
"shopify_US_7607760388193_45707470307425","4,672","Item uploaded through multiple feeds",Warning,,
"shopify_US_7502768439393_43731189989473","2,658","Item uploaded through multiple feeds",Warning,,
"shopify_US_7227378892897_41871520694369","830","Item uploaded through multiple feeds",Warning,,
"shopify_US_7108986404961_41496623677537","137","Item uploaded through multiple feeds",Warning,,
"shopify_US_7535362015329_44057274679393","3,264","Item uploaded through multiple feeds",Warning,,
"shopify_US_7536337125473_44080618471521","3,399","Item uploaded through multiple feeds",Warning,,
"shopify_US_7230423236705_41883481800801","2,257","Item uploaded through multiple feeds",Warning,,
"shopify_US_7537227890785_44084491354209","4,150","Item uploaded through multiple feeds",Warning,,
"shopify_US_7227378892897_41871520170081","816","Item uploaded through multiple feeds",Warning,,
"shopify_US_7230418944097_41883459125345","2,166","Item uploaded through multiple feeds",Warning,,
"shopify_US_7229825581153_41882664665185","1,306","Item uploaded through multiple feeds",Warning,,
"shopify_US_7227374534753_41871499722849","782","Item uploaded through multiple feeds",Warning,,
"shopify_US_7230332895329_41883219984481","1,762","Item uploaded through multiple feeds",Warning,,
"shopify_US_7502771519585_43731207094369","2,715","Item uploaded through multiple feeds",Warning,,
"shopify_US_7230323261537_41883177156705","1,672","Item uploaded through multiple feeds",Warning,,
"shopify_US_7230424645729_41883488845921","2,311","Item uploaded through multiple feeds",Warning,,
"shopify_US_7537978572897_44087869374561","4,355","Item uploaded through multiple feeds",Warning,,
"shopify_US_7533081133153_44044345999457","2,984","Item uploaded through multiple feeds",Warning,,
"shopify_US_7230338039905_41883245215841","1,892","Item uploaded through multiple feeds",Warning,,
"shopify_US_7109084807265_41496962695265","206","Item uploaded through multiple feeds",Warning,,
"shopify_US_7536709501025_44082099093601","3,660","Item uploaded through multiple feeds",Warning,,
"shopify_US_7510790996065_43768834654305","2,934","Item uploaded through multiple feeds",Warning,,
"shopify_US_7109517770849_41498027327585","563","Item uploaded through multiple feeds",Warning,,
"shopify_US_7230191665249_41882762084449","1,585","Item uploaded through multiple feeds",Warning,,
"shopify_US_7229128441953_41878471114849","1,149","Item uploaded through multiple feeds",Warning,,
"shopify_US_7533351272545_44046494433377","3,008","Item uploaded through multiple feeds",Warning,,
"shopify_US_7672336646241_46512187605089","4,844","Item uploaded through multiple feeds",Warning,,
"shopify_US_7230339711073_41883256815713","1,980","Item uploaded through multiple feeds",Warning,,
"shopify_US_7537113563233_44083974209633","4,100","Item uploaded through multiple feeds",Warning,,
"shopify_US_7109298487393_41497381732449","338","Item uploaded through multiple feeds",Warning,,
"shopify_US_7536709664865_44082099650657","3,667","Item uploaded through multiple feeds",Warning,,
"shopify_US_7536700391521_44082067374177","3,568","Item uploaded through multiple feeds",Warning,,
"shopify_US_7502765097057_43731173605473","2,612","Item uploaded through multiple feeds",Warning,,
"shopify_US_7672336646241_46512189309025","4,894","Item uploaded through multiple feeds",Warning,,
"shopify_US_7536984359009_44083408765025","3,748","Item uploaded through multiple feeds",Warning,,
"shopify_US_7536709664865_44082099716193","3,669","Item uploaded through multiple feeds",Warning,,
"shopify_US_7505374838881_43740398190689","2,867","Item uploaded through multiple feeds",Warning,,
"shopify_US_7109481431137_41497931874401","480","Item uploaded through multiple feeds",Warning,,
"shopify_US_7536337125473_44080556408929","3,371","Item uploaded through multiple feeds",Warning,,
"shopify_US_7109083267169_41496956043361","192","Item uploaded through multiple feeds",Warning,,
"shopify_US_7541022818401_44096525598817","4,413","Item uploaded through multiple feeds",Warning,,
"shopify_US_7537369088097_44085195472993","4,267","Item uploaded through multiple feeds",Warning,,
"shopify_US_7536309141601_44080520003681","3,341","Item uploaded through multiple feeds",Warning,,
"shopify_US_7110368919649_41500577398881","640","Item uploaded through multiple feeds",Warning,,
"shopify_US_7546613530721_44197959565409","4,494","Item uploaded through multiple feeds",Warning,,
"shopify_US_7502792949857_43731338166369","2,790","Item uploaded through multiple feeds",Warning,,
"shopify_US_7533453934689_44047092383841","3,100","Item uploaded through multiple feeds",Warning,,
"shopify_US_7230645239905_41884149645409","2,414","Item uploaded through multiple feeds",Warning,,
"shopify_US_7516369715297_43821479624801","2,959","Item uploaded through multiple feeds",Warning,,
"shopify_US_7230339711073_41883256881249","1,982","Item uploaded through multiple feeds",Warning,,
"shopify_US_7229835542625_41881196953697","1,352","Item uploaded through multiple feeds",Warning,,
"shopify_US_7109072257121_41496915607649","186","Item uploaded through multiple feeds",Warning,,
"shopify_US_7537978933345_44087872553057","4,380","Item uploaded through multiple feeds",Warning,,
"shopify_US_7533454426209_44047096610913","3,135","Item uploaded through multiple feeds",Warning,,
"shopify_US_7536988618849_44083434717281","3,781","Item uploaded through multiple feeds",Warning,,
"shopify_US_7230418944097_41883460272225","2,201","Item uploaded through multiple feeds",Warning,,
"shopify_US_7670695526497_46501299454049","4,755","Item uploaded through multiple feeds",Warning,,
"shopify_US_7229825581153_41881163333729","1,301","Item uploaded through multiple feeds",Warning,,
"shopify_US_7536457941089_44080778346593","3,499","Item uploaded through multiple feeds",Warning,,
"shopify_US_7227254276193_41871113191521","666","Item uploaded through multiple feeds",Warning,,
"shopify_US_7108992860257_41496646942817","155","Item uploaded through multiple feeds",Warning,,
"shopify_US_7537367679073_44085191409761","4,244","Item uploaded through multiple feeds",Warning,,
"shopify_US_7109481431137_41497931055201","457","Item uploaded through multiple feeds",Warning,,
"shopify_US_7533354975329_44046506590305","3,014","Item uploaded through multiple feeds",Warning,,
"shopify_US_7230418944097_41883460862049","2,219","Item uploaded through multiple feeds",Warning,,
"shopify_US_7670609346657_46501140037729","4,721","Item uploaded through multiple feeds",Warning,,
"shopify_US_7227434958945_41871763734625","900","Item uploaded through multiple feeds",Warning,,
"shopify_US_7536337125473_44080619028577","3,416","Item uploaded through multiple feeds",Warning,,
"shopify_US_7229128441953_41878471409761","1,133","Item uploaded through multiple feeds",Warning,,
"shopify_US_7536337125473_44080556769377","3,382","Item uploaded through multiple feeds",Warning,,
"shopify_US_7241201942625_41930339123297","2,532","Item uploaded through multiple feeds",Warning,,
"shopify_US_7229259874401_41878820683873","1,225","Item uploaded through multiple feeds",Warning,,
"shopify_US_7230155882593_41882618658913","1,413","Item uploaded through multiple feeds",Warning,,
"shopify_US_7108958519393_41496524750945","108","Item uploaded through multiple feeds",Warning,,
"shopify_US_7230423236705_41883482521697","2,279","Item uploaded through multiple feeds",Warning,,
"shopify_US_7545279217761_44116028751969","4,443","Item uploaded through multiple feeds",Warning,,
"shopify_US_7230424645729_41883488551009","2,302","Item uploaded through multiple feeds",Warning,,
"shopify_US_7533379059809_44046661484641","3,029","Item uploaded through multiple feeds",Warning,,
"shopify_US_7109454135393_41497849528417","410","Item uploaded through multiple feeds",Warning,,
"shopify_US_7505375232097_43740401074273","2,884","Item uploaded through multiple feeds",Warning,,
"shopify_US_7230180884577_41882719649889","1,580","Item uploaded through multiple feeds",Warning,,
"shopify_US_7537003266145_44083532431457","3,924","Item uploaded through multiple feeds",Warning,,
"shopify_US_7537038917729_44083661308001","4,017","Item uploaded through multiple feeds",Warning,,
"shopify_US_7537113563233_44083974176865","4,099","Item uploaded through multiple feeds",Warning,,
"shopify_US_7230194942049_41882771816545","1,641","Item uploaded through multiple feeds",Warning,,
"shopify_US_7537030234209_44083621068897","3,978","Item uploaded through multiple feeds",Warning,,
"shopify_US_7670744842337_46501356765281","4,811","Item uploaded through multiple feeds",Warning,,
"shopify_US_7537105961057_44083933020257","4,073","Item uploaded through multiple feeds",Warning,,
"shopify_US_7535227666529_44056519934049","3,212","Item uploaded through multiple feeds",Warning,,
"shopify_US_7228788867169_41877294940257","1,038","Item uploaded through multiple feeds",Warning,,
"shopify_US_7227378892897_41871520661601","829","Item uploaded through multiple feeds",Warning,,
"shopify_US_7230342004833_41883271626849","2,018","Item uploaded through multiple feeds",Warning,,
"shopify_US_7536340729953_44080564469857","3,425","Item uploaded through multiple feeds",Warning,,
"shopify_US_7536984359009_44083408404577","3,737","Item uploaded through multiple feeds",Warning,,
"shopify_US_7241063825505_41929912811617","2,447","Item uploaded through multiple feeds",Warning,,
"shopify_US_7534826520673_44054586228833","3,182","Item uploaded through multiple feeds",Warning,,
"shopify_US_7230418944097_41883459780705","2,186","Item uploaded through multiple feeds",Warning,,
"shopify_US_7241105670241_41930032087137","2,524","Item uploaded through multiple feeds",Warning,,
"shopify_US_7672336646241_46512188096609","4,859","Item uploaded through multiple feeds",Warning,,
"shopify_US_7537367679073_44085191147617","4,236","Item uploaded through multiple feeds",Warning,,
"shopify_US_7230159028321_41882634682465","1,501","Item uploaded through multiple feeds",Warning,,
"shopify_US_7229130801249_41878480191585","1,179","Item uploaded through multiple feeds",Warning,,
"shopify_US_7230339711073_41883257274465","1,994","Item uploaded through multiple feeds",Warning,,
"shopify_US_7230336729185_41883238432865","1,843","Item uploaded through multiple feeds",Warning,,
"shopify_US_7109514395745_41498011631713","531","Item uploaded through multiple feeds",Warning,,
"shopify_US_7227374534753_41871499853921","774","Item uploaded through multiple feeds",Warning,,
"shopify_US_7241063825505_41929913040993","2,475","Item uploaded through multiple feeds",Warning,,
"shopify_US_7230424645729_41883489665121","2,336","Item uploaded through multiple feeds",Warning,,
"shopify_US_7607762845793_45707929223265","4,681","Item uploaded through multiple feeds",Warning,,
"shopify_US_7229835542625_41882665451617","1,347","Item uploaded through multiple feeds",Warning,,
"shopify_US_7230336729185_41883237056609","1,836","Item uploaded through multiple feeds",Warning,,
"shopify_US_7672336646241_46512189833313","4,910","Item uploaded through multiple feeds",Warning,,
"shopify_US_7537366597729_44085185118305","4,164","Item uploaded through multiple feeds",Warning,,
"shopify_US_7227270791265_41871165489249","729","Item uploaded through multiple feeds",Warning,,
"shopify_US_7533454393441_44047096119393","3,122","Item uploaded through multiple feeds",Warning,,
"shopify_US_7230338039905_41883246723169","1,938","Item uploaded through multiple feeds",Warning,,
"shopify_US_7109125537889_41497087148129","254","Item uploaded through multiple feeds",Warning,,
"shopify_US_7229825581153_41882664501345","1,296","Item uploaded through multiple feeds",Warning,,
"shopify_US_7502791671905_43731332890721","2,760","Item uploaded through multiple feeds",Warning,,
"shopify_US_7502791082081_43731330990177","2,757","Item uploaded through multiple feeds",Warning,,
"shopify_US_7230327128161_41883188854881","1,717","Item uploaded through multiple feeds",Warning,,
"shopify_US_7672336646241_46512187637857","4,845","Item uploaded through multiple feeds",Warning,,
"shopify_US_7536709009505_44082096013409","3,629","Item uploaded through multiple feeds",Warning,,
"shopify_US_7110364856417_41500566847585","631","Item uploaded through multiple feeds",Warning,,
"shopify_US_7537041342561_44083683459169","4,040","Item uploaded through multiple feeds",Warning,,
"shopify_US_7607758422113_45707248992353","4,654","Item uploaded through multiple feeds",Warning,,
"shopify_US_7537041342561_44083683328097","4,037","Item uploaded through multiple feeds",Warning,,
"shopify_US_7229835542625_41882665648225","1,359","Item uploaded through multiple feeds",Warning,,
"shopify_US_7108969037921_41496561582177","124","Item uploaded through multiple feeds",Warning,,
"shopify_US_7230339711073_41883256324193","1,965","Item uploaded through multiple feeds",Warning,,
"shopify_US_7108958519393_41496524718177","107","Item uploaded through multiple feeds",Warning,,
"shopify_US_7109443256417_41497808404577","356","Item uploaded through multiple feeds",Warning,,
"shopify_US_7230180884577_41882718732385","1,535","Item uploaded through multiple feeds",Warning,,
"shopify_US_7227378892897_41871520235617","817","Item uploaded through multiple feeds",Warning,,
"shopify_US_7230156701793_41882623180897","1,442","Item uploaded through multiple feeds",Warning,,
"shopify_US_7109267947617_41497324585057","283","Item uploaded through multiple feeds",Warning,,
"shopify_US_7109481431137_41497930825825","451","Item uploaded through multiple feeds",Warning,,
"shopify_US_7230339711073_41883257864289","2,012","Item uploaded through multiple feeds",Warning,,
"shopify_US_7228788867169_41877296054369","1,041","Item uploaded through multiple feeds",Warning,,
"shopify_US_7229828202593_41881176965217","1,327","Item uploaded through multiple feeds",Warning,,
"shopify_US_7230423236705_41883482128481","2,267","Item uploaded through multiple feeds",Warning,,
"shopify_US_7227355988065_41871477932129","754","Item uploaded through multiple feeds",Warning,,
"shopify_US_7230150213729_41882607747169","1,374","Item uploaded through multiple feeds",Warning,,
"shopify_US_7536700391521_44082066718817","3,548","Item uploaded through multiple feeds",Warning,,
"shopify_US_7229130801249_41878479863905","1,169","Item uploaded through multiple feeds",Warning,,
"shopify_US_7516369715297_43821479952481","2,966","Item uploaded through multiple feeds",Warning,,
"shopify_US_7227630649441_41872775643233","990","Item uploaded through multiple feeds",Warning,,
"shopify_US_7537113563233_44083974111329","4,097","Item uploaded through multiple feeds",Warning,,
"shopify_US_7109502566497_41497976766561","502","Item uploaded through multiple feeds",Warning,,
"shopify_US_7227434958945_41871763964001","907","Item uploaded through multiple feeds",Warning,,
"shopify_US_7535362015329_44057274876001","3,270","Item uploaded through multiple feeds",Warning,,
"shopify_US_7537003266145_44083531546721","3,905","Item uploaded through multiple feeds",Warning,,
"shopify_US_7535210594401_44056191795297","3,187","Item uploaded through multiple feeds",Warning,,
"shopify_US_7502765097057_43731173671009","2,614","Item uploaded through multiple feeds",Warning,,
"shopify_US_7229259874401_41878821339233","1,258","Item uploaded through multiple feeds",Warning,,
"shopify_US_7229128441953_41878470492257","1,134","Item uploaded through multiple feeds",Warning,,
"shopify_US_7537009033313_44083548618849","3,946","Item uploaded through multiple feeds",Warning,,
"shopify_US_7536334274657_44080553066593","3,359","Item uploaded through multiple feeds",Warning,,
"shopify_US_7230418944097_41883459846241","2,188","Item uploaded through multiple feeds",Warning,,
"shopify_US_7536947003489_44083348144225","3,682","Item uploaded through multiple feeds",Warning,,
"shopify_US_7227379023969_41871522103393","864","Item uploaded through multiple feeds",Warning,,
"shopify_US_7533454098529_44047093334113","3,117","Item uploaded through multiple feeds",Warning,,
"shopify_US_7110368919649_41500578742369","641","Item uploaded through multiple feeds",Warning,,
"shopify_US_7537227890785_44084490862689","4,137","Item uploaded through multiple feeds",Warning,,
"shopify_US_7670742777953_46501351915617","4,785","Item uploaded through multiple feeds",Warning,,
"shopify_US_7510267494497_43765461024865","2,907","Item uploaded through multiple feeds",Warning,,
"shopify_US_6718948147297_39756765134945","44","Item uploaded through multiple feeds",Warning,,
"shopify_US_7533348618337_44046481752161","2,993","Item uploaded through multiple feeds",Warning,,
"shopify_US_7229259874401_41878820946017","1,277","Item uploaded through multiple feeds",Warning,,
"shopify_US_7502771781729_43731208896609","2,730","Item uploaded through multiple feeds",Warning,,
"shopify_US_7533390856289_44046735736929","3,031","Item uploaded through multiple feeds",Warning,,
"shopify_US_7585867432033_45098824237153","4,563","Item uploaded through multiple feeds",Warning,,
"shopify_US_7230418944097_41883460894817","2,220","Item uploaded through multiple feeds",Warning,,
"shopify_US_7109517770849_41498026901601","552","Item uploaded through multiple feeds",Warning,,
"shopify_US_7227270791265_41871165423713","715","Item uploaded through multiple feeds",Warning,,
"shopify_US_7230339711073_41883257307233","1,995","Item uploaded through multiple feeds",Warning,,
"shopify_US_7109454135393_41497849561185","411","Item uploaded through multiple feeds",Warning,,
"shopify_US_7227378925665_41871521382497","850","Item uploaded through multiple feeds",Warning,,
"shopify_US_7670746775649_46501359419489","4,817","Item uploaded through multiple feeds",Warning,,
"shopify_US_7230336729185_41883236565089","1,819","Item uploaded through multiple feeds",Warning,,
"shopify_US_7505372282977_43740359000161","2,851","Item uploaded through multiple feeds",Warning,,
"shopify_US_7230332895329_41883219558497","1,744","Item uploaded through multiple feeds",Warning,,
"shopify_US_7227624554593_41872739958881","973","Item uploaded through multiple feeds",Warning,,
"shopify_US_7108992860257_41496647172193","160","Item uploaded through multiple feeds",Warning,,
"shopify_US_7545279840353_44116032847969","4,469","Item uploaded through multiple feeds",Warning,,
"shopify_US_7229825581153_41882664697953","1,308","Item uploaded through multiple feeds",Warning,,
"shopify_US_7585980055649_45099272011873","4,621","Item uploaded through multiple feeds",Warning,,
"shopify_US_7230645239905_41884150366305","2,431","Item uploaded through multiple feeds",Warning,,
"shopify_US_7533404192865_44046787608673","3,058","Item uploaded through multiple feeds",Warning,,
"shopify_US_7227620982881_41872696639585","971","Item uploaded through multiple feeds",Warning,,
"shopify_US_7229130342497_41878478159969","1,150","Item uploaded through multiple feeds",Warning,,
"shopify_US_7533454426209_44047096578145","3,134","Item uploaded through multiple feeds",Warning,,
"shopify_US_7670744842337_46501356634209","4,807","Item uploaded through multiple feeds",Warning,,
"shopify_US_7109122097249_41497077153889","230","Item uploaded through multiple feeds",Warning,,
"shopify_US_7536992976993_44083479183457","3,821","Item uploaded through multiple feeds",Warning,,
"shopify_US_7585867432033_45098824335457","4,566","Item uploaded through multiple feeds",Warning,,
"shopify_US_7537366597729_44085209825377","4,175","Item uploaded through multiple feeds",Warning,,
"shopify_US_7229128441953_41878470328417","1,124","Item uploaded through multiple feeds",Warning,,
"shopify_US_7227418738785_41871678177377","884","Item uploaded through multiple feeds",Warning,,
"shopify_US_7230180884577_41882719453281","1,571","Item uploaded through multiple feeds",Warning,,
"shopify_US_7502192214113_43729980948577","2,601","Item uploaded through multiple feeds",Warning,,
"shopify_US_7670744842337_46501356863585","4,814","Item uploaded through multiple feeds",Warning,,
"shopify_US_7585867628641_45098826039393","4,595","Item uploaded through multiple feeds",Warning,,
"shopify_US_7535312896097_44057203703905","3,244","Item uploaded through multiple feeds",Warning,,
"shopify_US_7536982163553_44083395035233","3,714","Item uploaded through multiple feeds",Warning,,
"shopify_US_7505375232097_43740401369185","2,893","Item uploaded through multiple feeds",Warning,,
"shopify_US_7108998987873_41496666800225","177","Item uploaded through multiple feeds",Warning,,
"shopify_US_7505375232097_43740401139809","2,886","Item uploaded through multiple feeds",Warning,,
"shopify_US_7536704520289_44082077728865","3,585","Item uploaded through multiple feeds",Warning,,
"shopify_US_7585867628641_45098825908321","4,591","Item uploaded through multiple feeds",Warning,,
"shopify_US_7230168727649_41882673119329","1,525","Item uploaded through multiple feeds",Warning,,
"shopify_US_7110363775073_41500565045345","628","Item uploaded through multiple feeds",Warning,,
"shopify_US_7109267947617_41497324060769","269","Item uploaded through multiple feeds",Warning,,
"shopify_US_7230180884577_41882719387745","1,568","Item uploaded through multiple feeds",Warning,,
"shopify_US_7536341024865_44080569909345","3,488","Item uploaded through multiple feeds",Warning,,
"shopify_US_7229835542625_41882665582689","1,355","Item uploaded through multiple feeds",Warning,,
"shopify_US_7537372463201_44085204680801","4,341","Item uploaded through multiple feeds",Warning,,
"shopify_US_7229825581153_41882664435809","1,292","Item uploaded through multiple feeds",Warning,,
"shopify_US_7537370628193_44085199405153","4,314","Item uploaded through multiple feeds",Warning,,
"shopify_US_7109267947617_41497324486753","280","Item uploaded through multiple feeds",Warning,,
"shopify_US_7537109991521_44083955007585","4,082","Item uploaded through multiple feeds",Warning,,
"shopify_US_7670746775649_46501359616097","4,823","Item uploaded through multiple feeds",Warning,,
"shopify_US_7536982163553_44083395002465","3,713","Item uploaded through multiple feeds",Warning,,
"shopify_US_7241063825505_41929912615009","2,486","Item uploaded through multiple feeds",Warning,,
"shopify_US_7227270791265_41871165390945","708","Item uploaded through multiple feeds",Warning,,
"shopify_US_7229027876961_41878213886049","1,097","Item uploaded through multiple feeds",Warning,,
"shopify_US_7230332895329_41883220246625","1,772","Item uploaded through multiple feeds",Warning,,
"shopify_US_7230159028321_41882634748001","1,503","Item uploaded through multiple feeds",Warning,,
"shopify_US_7230191665249_41882762805345","1,600","Item uploaded through multiple feeds",Warning,,
"shopify_US_7109443256417_41497808666721","388","Item uploaded through multiple feeds",Warning,,
"shopify_US_7109454135393_41497849266273","403","Item uploaded through multiple feeds",Warning,,
"shopify_US_7536240984161_44080415506529","3,315","Item uploaded through multiple feeds",Warning,,
"shopify_US_7229259874401_41878821175393","1,226","Item uploaded through multiple feeds",Warning,,
"shopify_US_7230150213729_41882612203617","1,377","Item uploaded through multiple feeds",Warning,,
"shopify_US_7537105961057_44083932430433","4,055","Item uploaded through multiple feeds",Warning,,
"shopify_US_7537030234209_44083621560417","3,993","Item uploaded through multiple feeds",Warning,,
"shopify_US_7227436367969_41871769960545","928","Item uploaded through multiple feeds",Warning,,
"shopify_US_7585980055649_45099272241249","4,628","Item uploaded through multiple feeds",Warning,,
"shopify_US_7502792622177_43731337281633","2,782","Item uploaded through multiple feeds",Warning,,
"shopify_US_7537366597729_44085209792609","4,174","Item uploaded through multiple feeds",Warning,,
"shopify_US_7672336646241_46512188719201","4,878","Item uploaded through multiple feeds",Warning,,
"shopify_US_7230342004833_41883272740961","2,052","Item uploaded through multiple feeds",Warning,,
"shopify_US_7536709501025_44082098372705","3,638","Item uploaded through multiple feeds",Warning,,
"shopify_US_7536340729953_44080565026913","3,442","Item uploaded through multiple feeds",Warning,,
"shopify_US_7535312896097_44057203966049","3,252","Item uploaded through multiple feeds",Warning,,
"shopify_US_7110368919649_41500578938977","651","Item uploaded through multiple feeds",Warning,,
"shopify_US_7536707305569_44082088738913","3,607","Item uploaded through multiple feeds",Warning,,
"shopify_US_7535362015329_44057274810465","3,268","Item uploaded through multiple feeds",Warning,,
"shopify_US_7227378925665_41871520890977","835","Item uploaded through multiple feeds",Warning,,
"shopify_US_7109502566497_41497976569953","497","Item uploaded through multiple feeds",Warning,,
"shopify_US_7536337125473_44080557097057","3,392","Item uploaded through multiple feeds",Warning,,
"shopify_US_7536709664865_44082099519585","3,663","Item uploaded through multiple feeds",Warning,,
"shopify_US_6718948147297_39756764741729","26","Item uploaded through multiple feeds",Warning,,
"shopify_US_7545279840353_44116032815201","4,468","Item uploaded through multiple feeds",Warning,,
"shopify_US_7533403799649_44046785347681","3,045","Item uploaded through multiple feeds",Warning,,
"shopify_US_7502790656097_43731329548385","2,747","Item uploaded through multiple feeds",Warning,,
"shopify_US_7230336729185_41883238400097","1,842","Item uploaded through multiple feeds",Warning,,
"shopify_US_7230415863905_41883442315361","2,101","Item uploaded through multiple feeds",Warning,,
"shopify_US_7227378925665_41871521513569","854","Item uploaded through multiple feeds",Warning,,
"shopify_US_7230157226081_41882625212513","1,465","Item uploaded through multiple feeds",Warning,,
"shopify_US_7502768210017_43731189334113","2,649","Item uploaded through multiple feeds",Warning,,
"shopify_US_7227439546465_41871781199969","956","Item uploaded through multiple feeds",Warning,,
"shopify_US_7585867628641_45098825875553","4,590","Item uploaded through multiple feeds",Warning,,
"shopify_US_7230338039905_41883244953697","1,884","Item uploaded through multiple feeds",Warning,,
"shopify_US_7537367023713_44085186363489","4,182","Item uploaded through multiple feeds",Warning,,
"shopify_US_7502771781729_43731208929377","2,731","Item uploaded through multiple feeds",Warning,,
"shopify_US_7230423236705_41883482292321","2,272","Item uploaded through multiple feeds",Warning,,
"shopify_US_7227270791265_41871165522017","736","Item uploaded through multiple feeds",Warning,,
"shopify_US_7229835542625_41882665680993","1,361","Item uploaded through multiple feeds",Warning,,
"shopify_US_7230159028321_41882634485857","1,495","Item uploaded through multiple feeds",Warning,,
"shopify_US_7510790733921_43768832131169","2,926","Item uploaded through multiple feeds",Warning,,
"shopify_US_7230645239905_41884148138081","2,377","Item uploaded through multiple feeds",Warning,,
"shopify_US_7230645239905_41884148334689","2,382","Item uploaded through multiple feeds",Warning,,
"shopify_US_7562834215009_44803376087137","4,520","Item uploaded through multiple feeds",Warning,,
"shopify_US_7230418944097_41883459256417","2,170","Item uploaded through multiple feeds",Warning,,
"shopify_US_7109481431137_41497931120737","459","Item uploaded through multiple feeds",Warning,,
"shopify_US_7227374534753_41871499821153","771","Item uploaded through multiple feeds",Warning,,
"shopify_US_7229130342497_41878478389345","1,157","Item uploaded through multiple feeds",Warning,,
"shopify_US_7230645239905_41884149153889","2,402","Item uploaded through multiple feeds",Warning,,
"shopify_US_7502769193057_43731193987169","2,670","Item uploaded through multiple feeds",Warning,,
"shopify_US_7109072257121_41496915804257","191","Item uploaded through multiple feeds",Warning,,
"shopify_US_7230327128161_41883192262753","1,715","Item uploaded through multiple feeds",Warning,,
"shopify_US_7109292130401_41497360826465","299","Item uploaded through multiple feeds",Warning,,
"shopify_US_7227374534753_41871499788385","788","Item uploaded through multiple feeds",Warning,,
"shopify_US_7109502566497_41497976340577","490","Item uploaded through multiple feeds",Warning,,
"shopify_US_7230150213729_41882612236385","1,379","Item uploaded through multiple feeds",Warning,,
"shopify_US_7536992976993_44083478560865","3,811","Item uploaded through multiple feeds",Warning,,
"shopify_US_7109123670113_41497082626145","242","Item uploaded through multiple feeds",Warning,,
"shopify_US_7230339711073_41883256356961","1,966","Item uploaded through multiple feeds",Warning,,
"shopify_US_7533453934689_44047092547681","3,105","Item uploaded through multiple feeds",Warning,,
"shopify_US_7241063825505_41929913073761","2,479","Item uploaded through multiple feeds",Warning,,
"shopify_US_7230415863905_41883443757153","2,140","Item uploaded through multiple feeds",Warning,,
"shopify_US_7230418944097_41883459092577","2,165","Item uploaded through multiple feeds",Warning,,
"shopify_US_7108962254945_41496538644577","118","Item uploaded through multiple feeds",Warning,,
"shopify_US_7229128441953_41878471475297","1,137","Item uploaded through multiple feeds",Warning,,
"shopify_US_7230423236705_41883483963489","2,228","Item uploaded through multiple feeds",Warning,,
"shopify_US_7537009033313_44083548389473","3,939","Item uploaded through multiple feeds",Warning,,
"shopify_US_7502792949857_43731338231905","2,792","Item uploaded through multiple feeds",Warning,,
"shopify_US_7537370628193_44104099856481","4,321","Item uploaded through multiple feeds",Warning,,
"shopify_US_7227270791265_41871164801121","706","Item uploaded through multiple feeds",Warning,,
"shopify_US_7502791082081_43731330891873","2,754","Item uploaded through multiple feeds",Warning,,
"shopify_US_7109454135393_41497849856097","419","Item uploaded through multiple feeds",Warning,,
"shopify_US_7537109991521_44083955040353","4,083","Item uploaded through multiple feeds",Warning,,
"shopify_US_7533404192865_44046787838049","3,065","Item uploaded through multiple feeds",Warning,,
"shopify_US_7229128441953_41878471180385","1,119","Item uploaded through multiple feeds",Warning,,
"shopify_US_7109517770849_41498026475617","540","Item uploaded through multiple feeds",Warning,,
"shopify_US_7537001431137_44083525288033","3,867","Item uploaded through multiple feeds",Warning,,
"shopify_US_7230415863905_41883445690465","2,116","Item uploaded through multiple feeds",Warning,,
"shopify_US_7109517770849_41498027229281","561","Item uploaded through multiple feeds",Warning,,
"shopify_US_7502771519585_43731207323745","2,722","Item uploaded through multiple feeds",Warning,,
"shopify_US_7536696295521_44082061312097","3,533","Item uploaded through multiple feeds",Warning,,
"shopify_US_7536457941089_44080778444897","3,502","Item uploaded through multiple feeds",Warning,,
"shopify_US_7536707305569_44082088607841","3,603","Item uploaded through multiple feeds",Warning,,
"shopify_US_7229259874401_41878820618337","1,213","Item uploaded through multiple feeds",Warning,,
"shopify_US_7536988520545_44083433930849","3,763","Item uploaded through multiple feeds",Warning,,
"shopify_US_7110368919649_41500577628257","650","Item uploaded through multiple feeds",Warning,,
"shopify_US_7230191665249_41882763493473","1,625","Item uploaded through multiple feeds",Warning,,
"shopify_US_7672336646241_46512187211873","4,832","Item uploaded through multiple feeds",Warning,,
"shopify_US_7510790996065_43768834785377","2,935","Item uploaded through multiple feeds",Warning,,
"shopify_US_7670744842337_46501356732513","4,810","Item uploaded through multiple feeds",Warning,,
"shopify_US_7505375232097_43740400779361","2,875","Item uploaded through multiple feeds",Warning,,
"shopify_US_7230424645729_41883488649313","2,305","Item uploaded through multiple feeds",Warning,,
"shopify_US_7541022818401_44096526024801","4,426","Item uploaded through multiple feeds",Warning,,
"shopify_US_7670609346657_46501139415137","4,702","Item uploaded through multiple feeds",Warning,,
"shopify_US_7537030234209_44083621494881","3,991","Item uploaded through multiple feeds",Warning,,
"shopify_US_7229026304097_41878208446561","1,083","Item uploaded through multiple feeds",Warning,,
"shopify_US_7229027876961_41878214017121","1,101","Item uploaded through multiple feeds",Warning,,
"shopify_US_7229128441953_41878470819937","1,107","Item uploaded through multiple feeds",Warning,,
"shopify_US_7227438530657_41871777595489","941","Item uploaded through multiple feeds",Warning,,
"shopify_US_7109298487393_41497381470305","331","Item uploaded through multiple feeds",Warning,,
"shopify_US_7536984359009_44083409125473","3,759","Item uploaded through multiple feeds",Warning,,
"shopify_US_7537003266145_44083531972705","3,917","Item uploaded through multiple feeds",Warning,,
"shopify_US_7536340729953_44080564502625","3,426","Item uploaded through multiple feeds",Warning,,
"shopify_US_7109117280353_41497061949537","215","Item uploaded through multiple feeds",Warning,,
"shopify_US_7108988764257_41496634622049","148","Item uploaded through multiple feeds",Warning,,
"shopify_US_7536709664865_44082099585121","3,665","Item uploaded through multiple feeds",Warning,,
"shopify_US_7227434958945_41871764062305","910","Item uploaded through multiple feeds",Warning,,
"shopify_US_7537227890785_44084490436705","4,127","Item uploaded through multiple feeds",Warning,,
"shopify_US_7230157226081_41882625048673","1,460","Item uploaded through multiple feeds",Warning,,
"shopify_US_7109443256417_41497809616993","387","Item uploaded through multiple feeds",Warning,,
"shopify_US_7227270791265_41871165685857","709","Item uploaded through multiple feeds",Warning,,
"shopify_US_7585867432033_45098824138849","4,560","Item uploaded through multiple feeds",Warning,,
"shopify_US_7230423236705_41883484389473","2,293","Item uploaded through multiple feeds",Warning,,
"shopify_US_7109125537889_41497087049825","252","Item uploaded through multiple feeds",Warning,,
"shopify_US_7533081133153_44044346130529","2,988","Item uploaded through multiple feeds",Warning,,
"shopify_US_7535944368225_44076870828129","3,287","Item uploaded through multiple feeds",Warning,,
"shopify_US_7230418944097_41883458601057","2,150","Item uploaded through multiple feeds",Warning,,
"shopify_US_7536341024865_44080568795233","3,454","Item uploaded through multiple feeds",Warning,,
"shopify_US_7110362136673_41500561047649","608","Item uploaded through multiple feeds",Warning,,
"shopify_US_7230191665249_41882762182753","1,587","Item uploaded through multiple feeds",Warning,,
"shopify_US_7108969037921_41496561680481","127","Item uploaded through multiple feeds",Warning,,
"shopify_US_7537369120865_44085195800673","4,276","Item uploaded through multiple feeds",Warning,,
"shopify_US_7502770045025_43731196969057","2,676","Item uploaded through multiple feeds",Warning,,
"shopify_US_7533404291169_44046788362337","3,074","Item uploaded through multiple feeds",Warning,,
"shopify_US_7230323261537_41883177418849","1,686","Item uploaded through multiple feeds",Warning,,
"shopify_US_7230156701793_41882622263393","1,435","Item uploaded through multiple feeds",Warning,,
"shopify_US_7109472288865_41497918668897","445","Item uploaded through multiple feeds",Warning,,
"shopify_US_7227378892897_41871520137313","815","Item uploaded through multiple feeds",Warning,,
"shopify_US_7230338039905_41883244724321","1,877","Item uploaded through multiple feeds",Warning,,
"shopify_US_7230418944097_41883458797665","2,156","Item uploaded through multiple feeds",Warning,,
"shopify_US_7230342004833_41883271921761","2,027","Item uploaded through multiple feeds",Warning,,
"shopify_US_7537113563233_44083974406241","4,106","Item uploaded through multiple feeds",Warning,,
"shopify_US_7536240984161_44080415670369","3,320","Item uploaded through multiple feeds",Warning,,
"shopify_US_7230336729185_41883236106337","1,800","Item uploaded through multiple feeds",Warning,,
"shopify_US_7230415863905_41883443134561","2,125","Item uploaded through multiple feeds",Warning,,
"shopify_US_7230191665249_41882763362401","1,620","Item uploaded through multiple feeds",Warning,,
"shopify_US_7109472288865_41497918275681","434","Item uploaded through multiple feeds",Warning,,
"shopify_US_7230332895329_41883220639841","1,788","Item uploaded through multiple feeds",Warning,,
"shopify_US_7537113563233_44083974242401","4,101","Item uploaded through multiple feeds",Warning,,
"shopify_US_7537979359329_44087877140577","4,399","Item uploaded through multiple feeds",Warning,,
"shopify_US_7227418738785_41871678242913","886","Item uploaded through multiple feeds",Warning,,
"shopify_US_7537007198305_44083543965793","3,929","Item uploaded through multiple feeds",Warning,,
"shopify_US_7502178222177_43729956274273","2,567","Item uploaded through multiple feeds",Warning,,
"shopify_US_7533429358689_44046853537889","3,088","Item uploaded through multiple feeds",Warning,,
"shopify_US_7536337125473_44080619225185","3,422","Item uploaded through multiple feeds",Warning,,
"shopify_US_7228788867169_41877295956065","1,029","Item uploaded through multiple feeds",Warning,,
"shopify_US_7109454135393_41497849331809","405","Item uploaded through multiple feeds",Warning,,
"shopify_US_7562834215009_44803376447585","4,531","Item uploaded through multiple feeds",Warning,,
"shopify_US_7227436367969_41871769829473","924","Item uploaded through multiple feeds",Warning,,
"shopify_US_7537979359329_44087876747361","4,387","Item uploaded through multiple feeds",Warning,,
"shopify_US_7230157226081_41882625179745","1,464","Item uploaded through multiple feeds",Warning,,
"shopify_US_7230332895329_41883219853409","1,756","Item uploaded through multiple feeds",Warning,,
"shopify_US_7533454393441_44047096316001","3,128","Item uploaded through multiple feeds",Warning,,
"shopify_US_7229835542625_41882665517153","1,351","Item uploaded through multiple feeds",Warning,,
"shopify_US_7502836007009_43731511771233","2,825","Item uploaded through multiple feeds",Warning,,
"shopify_US_7535908946017_44076550029409","3,279","Item uploaded through multiple feeds",Warning,,
"shopify_US_7546613530721_44197959467105","4,491","Item uploaded through multiple feeds",Warning,,
"shopify_US_7241105670241_41930031399009","2,515","Item uploaded through multiple feeds",Warning,,
"shopify_US_7109119705185_41497069322337","223","Item uploaded through multiple feeds",Warning,,
"shopify_US_7505374838881_43740398288993","2,870","Item uploaded through multiple feeds",Warning,,
"shopify_US_7533354975329_44046506655841","3,016","Item uploaded through multiple feeds",Warning,,
"shopify_US_6719764463713_39761880678497","63","Item uploaded through multiple feeds",Warning,,
"shopify_US_7230180884577_41882726203489","1,582","Item uploaded through multiple feeds",Warning,,
"shopify_US_7537227890785_44084490698849","4,134","Item uploaded through multiple feeds",Warning,,
"shopify_US_7537105961057_44083933118561","4,076","Item uploaded through multiple feeds",Warning,,
"shopify_US_7536703012961_44082074452065","3,574","Item uploaded through multiple feeds",Warning,,
"shopify_US_7241063825505_41929913172065","2,491","Item uploaded through multiple feeds",Warning,,
"shopify_US_7230645239905_41884148236385","2,379","Item uploaded through multiple feeds",Warning,,
"shopify_US_7537025613921_44083599933537","3,967","Item uploaded through multiple feeds",Warning,,
"shopify_US_7516369715297_43821479559265","2,957","Item uploaded through multiple feeds",Warning,,
"shopify_US_7537113563233_44083974602849","4,112","Item uploaded through multiple feeds",Warning,,
"shopify_US_7536992976993_44083478200417","3,793","Item uploaded through multiple feeds",Warning,,
"shopify_US_7110368919649_41500578840673","647","Item uploaded through multiple feeds",Warning,,
"shopify_US_7230423236705_41883481604193","2,251","Item uploaded through multiple feeds",Warning,,
"shopify_US_7502765719649_43731176030305","2,624","Item uploaded through multiple feeds",Warning,,
"shopify_US_7502770896993_43731203555425","2,711","Item uploaded through multiple feeds",Warning,,
"shopify_US_7502790656097_43731329384545","2,742","Item uploaded through multiple feeds",Warning,,
"shopify_US_7109443256417_41497808928865","381","Item uploaded through multiple feeds",Warning,,
"shopify_US_7227439546465_41871781101665","953","Item uploaded through multiple feeds",Warning,,
"shopify_US_7230342004833_41883273265249","2,068","Item uploaded through multiple feeds",Warning,,
"shopify_US_7110364856417_41500566913121","633","Item uploaded through multiple feeds",Warning,,
"shopify_US_7108953604193_41496508530785","95","Item uploaded through multiple feeds",Warning,,
"shopify_US_7230339711073_41883255504993","1,940","Item uploaded through multiple feeds",Warning,,
"shopify_US_7533404192865_44046787674209","3,060","Item uploaded through multiple feeds",Warning,,
"shopify_US_7229128441953_41878471147617","1,117","Item uploaded through multiple feeds",Warning,,
"shopify_US_7108986404961_41496623972449","145","Item uploaded through multiple feeds",Warning,,
"shopify_US_7585867628641_45098825941089","4,592","Item uploaded through multiple feeds",Warning,,
"shopify_US_7536984359009_44083408207969","3,731","Item uploaded through multiple feeds",Warning,,
"shopify_US_7510790996065_43768834130017","2,930","Item uploaded through multiple feeds",Warning,,
"shopify_US_7537002971233_44083530367073","3,888","Item uploaded through multiple feeds",Warning,,
"shopify_US_7229128441953_41878471376993","1,131","Item uploaded through multiple feeds",Warning,,
"shopify_US_7536709009505_44082095882337","3,625","Item uploaded through multiple feeds",Warning,,
"shopify_US_7230342004833_41883272249441","2,037","Item uploaded through multiple feeds",Warning,,
"shopify_US_7670683762785_46501285036129","4,736","Item uploaded through multiple feeds",Warning,,
"shopify_US_7230194942049_41882778042465","1,656","Item uploaded through multiple feeds",Warning,,
"shopify_US_7230415863905_41883443560545","2,135","Item uploaded through multiple feeds",Warning,,
"shopify_US_6718945034337_39756755861601","2","Item uploaded through multiple feeds",Warning,,
"shopify_US_7230157226081_41882625605729","1,477","Item uploaded through multiple feeds",Warning,,
"shopify_US_7536709009505_44082096111713","3,632","Item uploaded through multiple feeds",Warning,,
"shopify_US_7536337125473_44080618602593","3,403","Item uploaded through multiple feeds",Warning,,
"shopify_US_7502768439393_43731190022241","2,659","Item uploaded through multiple feeds",Warning,,
"shopify_US_7536992976993_44083479380065","3,824","Item uploaded through multiple feeds",Warning,,
"shopify_US_7535227666529_44056520622177","3,233","Item uploaded through multiple feeds",Warning,,
"shopify_US_7227270791265_41871166406753","738","Item uploaded through multiple feeds",Warning,,
"shopify_US_7230339711073_41883257143393","1,990","Item uploaded through multiple feeds",Warning,,
"shopify_US_7537979359329_44087876943969","4,393","Item uploaded through multiple feeds",Warning,,
"shopify_US_7230155882593_41882618527841","1,409","Item uploaded through multiple feeds",Warning,,
"shopify_US_7230150213729_41882607976545","1,388","Item uploaded through multiple feeds",Warning,,
"shopify_US_7536340729953_44080565092449","3,444","Item uploaded through multiple feeds",Warning,,
"shopify_US_7536984359009_44083408633953","3,744","Item uploaded through multiple feeds",Warning,,
"shopify_US_7109292130401_41497360990305","304","Item uploaded through multiple feeds",Warning,,
"shopify_US_7230418944097_41883459190881","2,168","Item uploaded through multiple feeds",Warning,,
"shopify_US_7536340729953_44080564928609","3,439","Item uploaded through multiple feeds",Warning,,
"shopify_US_7562834215009_44802985295969","4,511","Item uploaded through multiple feeds",Warning,,
"shopify_US_7537372463201_44087947231329","4,345","Item uploaded through multiple feeds",Warning,,
"shopify_US_7535320465505_44057221267553","3,256","Item uploaded through multiple feeds",Warning,,
"shopify_US_7227378925665_41871521218657","845","Item uploaded through multiple feeds",Warning,,
"shopify_US_7230156701793_41882623246433","1,446","Item uploaded through multiple feeds",Warning,,
"shopify_US_7228788867169_41877296185441","1,057","Item uploaded through multiple feeds",Warning,,
"shopify_US_7537113563233_44083974537313","4,110","Item uploaded through multiple feeds",Warning,,
"shopify_US_7670609346657_46501139546209","4,706","Item uploaded through multiple feeds",Warning,,
"shopify_US_7230156701793_41882622328929","1,439","Item uploaded through multiple feeds",Warning,,
"shopify_US_7230338039905_41883245412449","1,898","Item uploaded through multiple feeds",Warning,,
"shopify_US_7230323261537_41883173716065","1,665","Item uploaded through multiple feeds",Warning,,
"shopify_US_7670674391137_46501275369569","4,733","Item uploaded through multiple feeds",Warning,,
"shopify_US_7230338039905_41883246624865","1,935","Item uploaded through multiple feeds",Warning,,
"shopify_US_7536700391521_44082066915425","3,554","Item uploaded through multiple feeds",Warning,,
"shopify_US_7536988520545_44083433996385","3,765","Item uploaded through multiple feeds",Warning,,
"shopify_US_7534719860833_44054269788257","3,168","Item uploaded through multiple feeds",Warning,,
"shopify_US_7230338039905_41883246592097","1,934","Item uploaded through multiple feeds",Warning,,
"shopify_US_7533351272545_44046494269537","3,003","Item uploaded through multiple feeds",Warning,,
"shopify_US_7230423236705_41883482849377","2,289","Item uploaded through multiple feeds",Warning,,
"shopify_US_7537038917729_44083661013089","4,008","Item uploaded through multiple feeds",Warning,,
"shopify_US_7537025613921_44083600064609","3,971","Item uploaded through multiple feeds",Warning,,
"shopify_US_7230332895329_41883220410465","1,779","Item uploaded through multiple feeds",Warning,,
"shopify_US_7502192214113_43729980915809","2,600","Item uploaded through multiple feeds",Warning,,
"shopify_US_7537227890785_44084491288673","4,148","Item uploaded through multiple feeds",Warning,,
"shopify_US_7230332895329_41883219951713","1,760","Item uploaded through multiple feeds",Warning,,
"shopify_US_7227356282977_41871478980705","768","Item uploaded through multiple feeds",Warning,,
"shopify_US_7230180884577_41882725744737","1,563","Item uploaded through multiple feeds",Warning,,
"shopify_US_7230338039905_41883245903969","1,913","Item uploaded through multiple feeds",Warning,,
"shopify_US_7227270791265_41871166111841","732","Item uploaded through multiple feeds",Warning,,
"shopify_US_7537367679073_44085190983777","4,231","Item uploaded through multiple feeds",Warning,,
"shopify_US_7537370628193_44104099922017","4,323","Item uploaded through multiple feeds",Warning,,
"shopify_US_7230336729185_41883237285985","1,845","Item uploaded through multiple feeds",Warning,,
"shopify_US_7230180884577_41882725318753","1,543","Item uploaded through multiple feeds",Warning,,
"shopify_US_7230645239905_41884148826209","2,394","Item uploaded through multiple feeds",Warning,,
"shopify_US_6719792873569_39762137120865","87","Item uploaded through multiple feeds",Warning,,
"shopify_US_7536992976993_44083479347297","3,837","Item uploaded through multiple feeds",Warning,,
"shopify_US_7227270299745_41871161327713","677","Item uploaded through multiple feeds",Warning,,
"shopify_US_7229835542625_41881197117537","1,362","Item uploaded through multiple feeds",Warning,,
"shopify_US_7541022818401_44096525959265","4,424","Item uploaded through multiple feeds",Warning,,
"shopify_US_7230332895329_41883220279393","1,774","Item uploaded through multiple feeds",Warning,,
"shopify_US_7502178222177_43729955586145","2,564","Item uploaded through multiple feeds",Warning,,
"shopify_US_7229828202593_41881176997985","1,328","Item uploaded through multiple feeds",Warning,,
"shopify_US_7533454393441_44047096348769","3,129","Item uploaded through multiple feeds",Warning,,
"shopify_US_7229835542625_41881196855393","1,346","Item uploaded through multiple feeds",Warning,,
"shopify_US_7537003266145_44083532038241","3,918","Item uploaded through multiple feeds",Warning,,
"shopify_US_7227378892897_41871520563297","826","Item uploaded through multiple feeds",Warning,,
"shopify_US_7502770602081_43731201851489","2,698","Item uploaded through multiple feeds",Warning,,
"shopify_US_7537003266145_44083532234849","3,921","Item uploaded through multiple feeds",Warning,,
"shopify_US_7534719860833_44054270017633","3,175","Item uploaded through multiple feeds",Warning,,
"shopify_US_7537372463201_44085204582497","4,338","Item uploaded through multiple feeds",Warning,,
"shopify_US_7227270791265_41871165915233","751","Item uploaded through multiple feeds",Warning,,
"shopify_US_7230339711073_41883257536609","2,002","Item uploaded through multiple feeds",Warning,,
"shopify_US_7672336646241_46512190128225","4,919","Item uploaded through multiple feeds",Warning,,
"shopify_US_7537367023713_44085186265185","4,179","Item uploaded through multiple feeds",Warning,,
"shopify_US_7535227666529_44056520360033","3,225","Item uploaded through multiple feeds",Warning,,
"shopify_US_7230159618145_41882637172833","1,515","Item uploaded through multiple feeds",Warning,,
"shopify_US_7537370628193_44085199044705","4,303","Item uploaded through multiple feeds",Warning,,
"shopify_US_7110368919649_41500577366113","638","Item uploaded through multiple feeds",Warning,,
"shopify_US_7109083267169_41496956108897","194","Item uploaded through multiple feeds",Warning,,
"shopify_US_7230342004833_41883271856225","2,025","Item uploaded through multiple feeds",Warning,,
"shopify_US_7229259874401_41878822125665","1,280","Item uploaded through multiple feeds",Warning,,
"shopify_US_7227620982881_41872696541281","968","Item uploaded through multiple feeds",Warning,,
"shopify_US_7536709009505_44082095947873","3,627","Item uploaded through multiple feeds",Warning,,
"shopify_US_7502793179233_43731339477089","2,800","Item uploaded through multiple feeds",Warning,,
"shopify_US_7227439546465_41871780905057","947","Item uploaded through multiple feeds",Warning,,
"shopify_US_7670743498849_46501353717857","4,797","Item uploaded through multiple feeds",Warning,,
"shopify_US_7537367384161_44085188919393","4,207","Item uploaded through multiple feeds",Warning,,
"shopify_US_7241105670241_41930032349281","2,528","Item uploaded through multiple feeds",Warning,,
"shopify_US_7533348618337_44046481817697","2,995","Item uploaded through multiple feeds",Warning,,
"shopify_US_7536947003489_44083348537441","3,694","Item uploaded through multiple feeds",Warning,,
"shopify_US_6718948147297_39756764643425","22","Item uploaded through multiple feeds",Warning,,
"shopify_US_7241063825505_41929913303137","2,444","Item uploaded through multiple feeds",Warning,,
"shopify_US_7537367023713_44085186199649","4,177","Item uploaded through multiple feeds",Warning,,
"shopify_US_7230336729185_41883237417057","1,850","Item uploaded through multiple feeds",Warning,,
"shopify_US_7607762845793_45707929387105","4,687","Item uploaded through multiple feeds",Warning,,
"shopify_US_7536334274657_44080552771681","3,350","Item uploaded through multiple feeds",Warning,,
"shopify_US_7228788867169_41877296283745","1,069","Item uploaded through multiple feeds",Warning,,
"shopify_US_7109443256417_41497808437345","360","Item uploaded through multiple feeds",Warning,,
"shopify_US_7230645239905_41884148432993","2,384","Item uploaded through multiple feeds",Warning,,
"shopify_US_7109298487393_41497381208161","324","Item uploaded through multiple feeds",Warning,,
"shopify_US_7502187888737_43729970298977","2,576","Item uploaded through multiple feeds",Warning,,
"shopify_US_7229128441953_41878470623329","1,142","Item uploaded through multiple feeds",Warning,,
"shopify_US_7537367679073_44085190721633","4,224","Item uploaded through multiple feeds",Warning,,
"shopify_US_7607760388193_45707470372961","4,674","Item uploaded through multiple feeds",Warning,,
"shopify_US_7110361874529_41500560293985","598","Item uploaded through multiple feeds",Warning,,
"shopify_US_7670746775649_46501359485025","4,819","Item uploaded through multiple feeds",Warning,,
"shopify_US_7109517770849_41498026737761","547","Item uploaded through multiple feeds",Warning,,
"shopify_US_7109443256417_41497809027169","393","Item uploaded through multiple feeds",Warning,,
"shopify_US_7228788867169_41877295267937","1,035","Item uploaded through multiple feeds",Warning,,
"shopify_US_7672336646241_46512188031073","4,857","Item uploaded through multiple feeds",Warning,,
"shopify_US_7537979359329_44087876714593","4,386","Item uploaded through multiple feeds",Warning,,
"shopify_US_7229128441953_41878471082081","1,147","Item uploaded through multiple feeds",Warning,,
"shopify_US_6718945034337_39756756320353","16","Item uploaded through multiple feeds",Warning,,
"shopify_US_7562834215009_44803376513121","4,533","Item uploaded through multiple feeds",Warning,,
"shopify_US_7110363775073_41500564783201","621","Item uploaded through multiple feeds",Warning,,
"shopify_US_7230336729185_41883238301793","1,833","Item uploaded through multiple feeds",Warning,,
"shopify_US_7545373130849_44116621754465","4,483","Item uploaded through multiple feeds",Warning,,
"shopify_US_7536334274657_44080553263201","3,365","Item uploaded through multiple feeds",Warning,,
"shopify_US_7537002971233_44083529810017","3,871","Item uploaded through multiple feeds",Warning,,
"shopify_US_7562834215009_44803375956065","4,516","Item uploaded through multiple feeds",Warning,,
"shopify_US_7533458194529_44047109029985","3,156","Item uploaded through multiple feeds",Warning,,
"shopify_US_7536709501025_44082098896993","3,654","Item uploaded through multiple feeds",Warning,,
"shopify_US_7537041342561_44083683524705","4,042","Item uploaded through multiple feeds",Warning,,
"shopify_US_7227374534753_41871500279905","784","Item uploaded through multiple feeds",Warning,,
"shopify_US_7230424645729_41883490058337","2,348","Item uploaded through multiple feeds",Warning,,
"shopify_US_7227438530657_41871777431649","936","Item uploaded through multiple feeds",Warning,,
"shopify_US_7108998987873_41496666701921","174","Item uploaded through multiple feeds",Warning,,
"shopify_US_7537370628193_44085198487649","4,289","Item uploaded through multiple feeds",Warning,,
"shopify_US_7229026304097_41878208413793","1,082","Item uploaded through multiple feeds",Warning,,
"shopify_US_7670744842337_46501356568673","4,805","Item uploaded through multiple feeds",Warning,,
"shopify_US_7585992048737_45099305173089","4,642","Item uploaded through multiple feeds",Warning,,
"shopify_US_7672336646241_46512187375713","4,837","Item uploaded through multiple feeds",Warning,,
"shopify_US_7536947003489_44083348668513","3,698","Item uploaded through multiple feeds",Warning,,
"shopify_US_7536709009505_44082095554657","3,615","Item uploaded through multiple feeds",Warning,,
"shopify_US_7536457941089_44080778051681","3,490","Item uploaded through multiple feeds",Warning,,
"shopify_US_7536982163553_44083394740321","3,702","Item uploaded through multiple feeds",Warning,,
"shopify_US_7227270791265_41871165030497","748","Item uploaded through multiple feeds",Warning,,
"shopify_US_7109443256417_41497809289313","386","Item uploaded through multiple feeds",Warning,,
"shopify_US_7230332895329_41883220017249","1,763","Item uploaded through multiple feeds",Warning,,
"shopify_US_7537002971233_44083530530913","3,893","Item uploaded through multiple feeds",Warning,,
"shopify_US_7505375232097_43740401336417","2,892","Item uploaded through multiple feeds",Warning,,
"shopify_US_7109117280353_41497062015073","217","Item uploaded through multiple feeds",Warning,,
"shopify_US_7108953604193_41496508694625","98","Item uploaded through multiple feeds",Warning,,
"shopify_US_7537978572897_44087869407329","4,356","Item uploaded through multiple feeds",Warning,,
"shopify_US_7230150213729_41882607583329","1,364","Item uploaded through multiple feeds",Warning,,
"shopify_US_7228788867169_41877295628385","1,032","Item uploaded through multiple feeds",Warning,,
"shopify_US_7108962254945_41496538480737","114","Item uploaded through multiple feeds",Warning,,
"shopify_US_7537109991521_44083955368033","4,093","Item uploaded through multiple feeds",Warning,,
"shopify_US_7537009033313_44083548815457","3,952","Item uploaded through multiple feeds",Warning,,
"shopify_US_7545279217761_44116028620897","4,439","Item uploaded through multiple feeds",Warning,,
"shopify_US_7229128441953_41878470131809","1,112","Item uploaded through multiple feeds",Warning,,
"shopify_US_7230332895329_41883219361889","1,736","Item uploaded through multiple feeds",Warning,,
"shopify_US_7536086089825_44077713752161","3,298","Item uploaded through multiple feeds",Warning,,
"shopify_US_7537979359329_44087877173345","4,400","Item uploaded through multiple feeds",Warning,,
"shopify_US_7536341024865_44080569876577","3,487","Item uploaded through multiple feeds",Warning,,
"shopify_US_7230415863905_41883443822689","2,142","Item uploaded through multiple feeds",Warning,,
"shopify_US_7533454655585_44047098052705","3,152","Item uploaded through multiple feeds",Warning,,
"shopify_US_6718948147297_39756765233249","46","Item uploaded through multiple feeds",Warning,,
"shopify_US_7229128441953_41878470525025","1,136","Item uploaded through multiple feeds",Warning,,
"shopify_US_7533454426209_44047096709217","3,138","Item uploaded through multiple feeds",Warning,,
"shopify_US_7230415863905_41883442446433","2,104","Item uploaded through multiple feeds",Warning,,
"shopify_US_7533458194529_44047109095521","3,158","Item uploaded through multiple feeds",Warning,,
"shopify_US_7536469639265_44080804397153","3,517","Item uploaded through multiple feeds",Warning,,
"shopify_US_7241105670241_41930031923297","2,523","Item uploaded through multiple feeds",Warning,,
"shopify_US_7510267494497_43765494120545","2,899","Item uploaded through multiple feeds",Warning,,
"shopify_US_7585980055649_45099271815265","4,615","Item uploaded through multiple feeds",Warning,,
"shopify_US_7546613530721_44173814431841","4,498","Item uploaded through multiple feeds",Warning,,
"shopify_US_7109514395745_41498011598945","530","Item uploaded through multiple feeds",Warning,,
"shopify_US_7110363775073_41500565012577","627","Item uploaded through multiple feeds",Warning,,
"shopify_US_7537369088097_44085195309153","4,262","Item uploaded through multiple feeds",Warning,,
"shopify_US_7537030234209_44083621331041","3,986","Item uploaded through multiple feeds",Warning,,
"shopify_US_7229128441953_41878469967969","1,102","Item uploaded through multiple feeds",Warning,,
"shopify_US_7534826520673_44054586032225","3,178","Item uploaded through multiple feeds",Warning,,
"shopify_US_7536992976993_44083478855777","3,803","Item uploaded through multiple feeds",Warning,,
"shopify_US_7536240984161_44080415473761","3,314","Item uploaded through multiple feeds",Warning,,
"shopify_US_7536341024865_44080569778273","3,484","Item uploaded through multiple feeds",Warning,,
"shopify_US_7110362136673_41500561113185","610","Item uploaded through multiple feeds",Warning,,
"shopify_US_7227630649441_41872775184481","1,006","Item uploaded through multiple feeds",Warning,,
"shopify_US_7672336646241_46512187408481","4,838","Item uploaded through multiple feeds",Warning,,
"shopify_US_7230424645729_41883488518241","2,301","Item uploaded through multiple feeds",Warning,,
"shopify_US_7537978572897_44087869669473","4,364","Item uploaded through multiple feeds",Warning,,
"shopify_US_7607762845793_45707929288801","4,683","Item uploaded through multiple feeds",Warning,,
"shopify_US_7227375714401_41871507357793","808","Item uploaded through multiple feeds",Warning,,
"shopify_US_7536340729953_44080564600929","3,429","Item uploaded through multiple feeds",Warning,,
"shopify_US_7536334274657_44080552837217","3,352","Item uploaded through multiple feeds",Warning,,
"shopify_US_7230338039905_41883245707361","1,907","Item uploaded through multiple feeds",Warning,,
"shopify_US_7227418738785_41871678439521","892","Item uploaded through multiple feeds",Warning,,
"shopify_US_7516369715297_43821479854177","2,963","Item uploaded through multiple feeds",Warning,,
"shopify_US_7670683762785_46501285363809","4,746","Item uploaded through multiple feeds",Warning,,
"shopify_US_7585867432033_45098824433761","4,569","Item uploaded through multiple feeds",Warning,,
"shopify_US_7230339711073_41883255898209","1,952","Item uploaded through multiple feeds",Warning,,
"shopify_US_7533397835873_44046762672225","3,034","Item uploaded through multiple feeds",Warning,,
"shopify_US_7672336646241_46512187965537","4,855","Item uploaded through multiple feeds",Warning,,
"shopify_US_7541022818401_44096525729889","4,417","Item uploaded through multiple feeds",Warning,,
"shopify_US_7672336646241_46512189145185","4,889","Item uploaded through multiple feeds",Warning,,
"shopify_US_7109472288865_41497917980769","426","Item uploaded through multiple feeds",Warning,,
"shopify_US_7537227890785_44084491026529","4,140","Item uploaded through multiple feeds",Warning,,
"shopify_US_7585867432033_45098824040545","4,557","Item uploaded through multiple feeds",Warning,,
"shopify_US_7516369715297_43821480018017","2,968","Item uploaded through multiple feeds",Warning,,
"shopify_US_7227624554593_41872740188257","980","Item uploaded through multiple feeds",Warning,,
"shopify_US_7537370857569_44085200781409","4,325","Item uploaded through multiple feeds",Warning,,
"shopify_US_7535227666529_44056520294497","3,223","Item uploaded through multiple feeds",Warning,,
"shopify_US_7536457941089_44080778313825","3,498","Item uploaded through multiple feeds",Warning,,
"shopify_US_7230423236705_41883480883297","2,229","Item uploaded through multiple feeds",Warning,,
"shopify_US_7536337125473_44080618569825","3,402","Item uploaded through multiple feeds",Warning,,
"shopify_US_7227378892897_41871520530529","825","Item uploaded through multiple feeds",Warning,,
"shopify_US_7537227890785_44084490174561","4,119","Item uploaded through multiple feeds",Warning,,
"shopify_US_7229128441953_41878471508065","1,139","Item uploaded through multiple feeds",Warning,,
"shopify_US_7230423236705_41883484323937","2,283","Item uploaded through multiple feeds",Warning,,
"shopify_US_7537030234209_44083621691489","3,997","Item uploaded through multiple feeds",Warning,,
"shopify_US_6719792873569_39762136989793","83","Item uploaded through multiple feeds",Warning,,
"shopify_US_7110363119713_41500562817121","611","Item uploaded through multiple feeds",Warning,,
"shopify_US_7230156701793_41882622460001","1,447","Item uploaded through multiple feeds",Warning,,
"shopify_US_7230423236705_41883481407585","2,245","Item uploaded through multiple feeds",Warning,,
"shopify_US_7230150213729_41882612465761","1,393","Item uploaded through multiple feeds",Warning,,
"shopify_US_7109986844769_41499305279585","573","Item uploaded through multiple feeds",Warning,,
"shopify_US_7672336646241_46512187342945","4,836","Item uploaded through multiple feeds",Warning,,
"shopify_US_7110356631649_41500537913441","586","Item uploaded through multiple feeds",Warning,,
"shopify_US_7672336646241_46512189440097","4,898","Item uploaded through multiple feeds",Warning,,
"shopify_US_7230191665249_41882763460705","1,624","Item uploaded through multiple feeds",Warning,,
"shopify_US_7536696328289_44082061607009","3,542","Item uploaded through multiple feeds",Warning,,
"shopify_US_7502765097057_43731173474401","2,608","Item uploaded through multiple feeds",Warning,,
"shopify_US_7230342004833_41883273134177","2,064","Item uploaded through multiple feeds",Warning,,
"shopify_US_7230424645729_41883490189409","2,352","Item uploaded through multiple feeds",Warning,,
"shopify_US_7230323261537_41883174568033","1,687","Item uploaded through multiple feeds",Warning,,
"shopify_US_7230150213729_41882612301921","1,383","Item uploaded through multiple feeds",Warning,,
"shopify_US_7228773466209_41877252178017","1,025","Item uploaded through multiple feeds",Warning,,
"shopify_US_7229128441953_41878470099041","1,110","Item uploaded through multiple feeds",Warning,,
"shopify_US_7230332895329_41883220148321","1,768","Item uploaded through multiple feeds",Warning,,
"shopify_US_7227270791265_41871166537825","752","Item uploaded through multiple feeds",Warning,,
"shopify_US_7227375714401_41871506866273","795","Item uploaded through multiple feeds",Warning,,
"shopify_US_7537978572897_44087869538401","4,360","Item uploaded through multiple feeds",Warning,,
"shopify_US_7109986844769_41499305345121","575","Item uploaded through multiple feeds",Warning,,
"shopify_US_7505375232097_43740401401953","2,894","Item uploaded through multiple feeds",Warning,,
"shopify_US_7533397835873_44046762770529","3,037","Item uploaded through multiple feeds",Warning,,
"shopify_US_7229825581153_41882664730721","1,310","Item uploaded through multiple feeds",Warning,,
"shopify_US_7230424645729_41883489108065","2,319","Item uploaded through multiple feeds",Warning,,
"shopify_US_7230424645729_41883490812001","2,371","Item uploaded through multiple feeds",Warning,,
"shopify_US_7230323261537_41883177484385","1,690","Item uploaded through multiple feeds",Warning,,
"shopify_US_7536704520289_44082077958241","3,592","Item uploaded through multiple feeds",Warning,,
"shopify_US_7230159618145_41882636714081","1,508","Item uploaded through multiple feeds",Warning,,
"shopify_US_7229828202593_41881176866913","1,324","Item uploaded through multiple feeds",Warning,,
"shopify_US_7537370857569_44085200879713","4,327","Item uploaded through multiple feeds",Warning,,
"shopify_US_7536703012961_44082074583137","3,578","Item uploaded through multiple feeds",Warning,,
"shopify_US_7241063825505_41929913663585","2,488","Item uploaded through multiple feeds",Warning,,
"shopify_US_7536240984161_44080415604833","3,318","Item uploaded through multiple feeds",Warning,,
"shopify_US_7241063825505_41929914122337","2,481","Item uploaded through multiple feeds",Warning,,
"shopify_US_7230338039905_41883244626017","1,874","Item uploaded through multiple feeds",Warning,,
"shopify_US_7230342004833_41883273592929","2,078","Item uploaded through multiple feeds",Warning,,
"shopify_US_7230155882593_41882618953825","1,422","Item uploaded through multiple feeds",Warning,,
"shopify_US_7227378925665_41871520858209","834","Item uploaded through multiple feeds",Warning,,
"shopify_US_7537367023713_44085186855009","4,197","Item uploaded through multiple feeds",Warning,,
"shopify_US_7230423236705_41883481047137","2,234","Item uploaded through multiple feeds",Warning,,
"shopify_US_7227270791265_41871164506209","705","Item uploaded through multiple feeds",Warning,,
"shopify_US_7536240984161_44080415277153","3,308","Item uploaded through multiple feeds",Warning,,
"shopify_US_7227270791265_41871164932193","734","Item uploaded through multiple feeds",Warning,,
"shopify_US_7533454655585_44047097987169","3,150","Item uploaded through multiple feeds",Warning,,
"shopify_US_7585867628641_45098826203233","4,600","Item uploaded through multiple feeds",Warning,,
"shopify_US_7505372282977_43740358836321","2,846","Item uploaded through multiple feeds",Warning,,
"shopify_US_7110362136673_41500560916577","605","Item uploaded through multiple feeds",Warning,,
"shopify_US_7537979359329_44087876911201","4,392","Item uploaded through multiple feeds",Warning,,
"shopify_US_7536340729953_44080564994145","3,441","Item uploaded through multiple feeds",Warning,,
"shopify_US_7230180884577_41882725679201","1,560","Item uploaded through multiple feeds",Warning,,
"shopify_US_7230342004833_41883271790689","2,023","Item uploaded through multiple feeds",Warning,,
"shopify_US_7536469639265_44080804593761","3,523","Item uploaded through multiple feeds",Warning,,
"shopify_US_7109267947617_41497323995233","267","Item uploaded through multiple feeds",Warning,,
"shopify_US_7230418944097_41883460075617","2,195","Item uploaded through multiple feeds",Warning,,
"shopify_US_7230418944097_41883458732129","2,154","Item uploaded through multiple feeds",Warning,,
"shopify_US_7536457941089_44080778543201","3,505","Item uploaded through multiple feeds",Warning,,
"shopify_US_7230151524449_41882613809249","1,403","Item uploaded through multiple feeds",Warning,,
"shopify_US_7230157226081_41882624950369","1,457","Item uploaded through multiple feeds",Warning,,
"shopify_US_6718948147297_39756770377825","39","Item uploaded through multiple feeds",Warning,,
"shopify_US_7108998987873_41496666931297","181","Item uploaded through multiple feeds",Warning,,
"shopify_US_7585980055649_45099271585889","4,608","Item uploaded through multiple feeds",Warning,,
"shopify_US_7230424645729_41883490844769","2,372","Item uploaded through multiple feeds",Warning,,
"shopify_US_7241063825505_41929914155105","2,485","Item uploaded through multiple feeds",Warning,,
"shopify_US_7228773466209_41877251883105","1,016","Item uploaded through multiple feeds",Warning,,
"shopify_US_7537038917729_44083661406305","4,020","Item uploaded through multiple feeds",Warning,,
"shopify_US_7536341024865_44080569319521","3,470","Item uploaded through multiple feeds",Warning,,
"shopify_US_7230155882593_41882618724449","1,415","Item uploaded through multiple feeds",Warning,,
"shopify_US_7536337125473_44080556507233","3,374","Item uploaded through multiple feeds",Warning,,
"shopify_US_7227270791265_41871165980769","704","Item uploaded through multiple feeds",Warning,,
"shopify_US_7110356631649_41500538142817","592","Item uploaded through multiple feeds",Warning,,
"shopify_US_7109986844769_41499305017441","566","Item uploaded through multiple feeds",Warning,,
"shopify_US_7536457941089_44080778149985","3,493","Item uploaded through multiple feeds",Warning,,
"shopify_US_6718948147297_39756765102177","41","Item uploaded through multiple feeds",Warning,,
"shopify_US_7230338039905_41883246362721","1,927","Item uploaded through multiple feeds",Warning,,
"shopify_US_7229130801249_41878480060513","1,175","Item uploaded through multiple feeds",Warning,,
"shopify_US_7536337125473_44080618766433","3,408","Item uploaded through multiple feeds",Warning,,
"shopify_US_7537109991521_44083955138657","4,086","Item uploaded through multiple feeds",Warning,,
"shopify_US_7537038917729_44083661209697","4,014","Item uploaded through multiple feeds",Warning,,
"shopify_US_7109514395745_41498011009121","514","Item uploaded through multiple feeds",Warning,,
"shopify_US_7537367679073_44085191278689","4,240","Item uploaded through multiple feeds",Warning,,
"shopify_US_7230423236705_41883483013217","2,294","Item uploaded through multiple feeds",Warning,,
"shopify_US_7230156701793_41882623017057","1,432","Item uploaded through multiple feeds",Warning,,
"shopify_US_7607764287585_45708175147105","4,691","Item uploaded through multiple feeds",Warning,,
"shopify_US_7536337125473_44080618537057","3,401","Item uploaded through multiple feeds",Warning,,
"shopify_US_7537002971233_44083530498145","3,892","Item uploaded through multiple feeds",Warning,,
"shopify_US_7537978572897_44087869702241","4,365","Item uploaded through multiple feeds",Warning,,
"shopify_US_7241105670241_41930031169633","2,510","Item uploaded through multiple feeds",Warning,,
"shopify_US_7109454135393_41497849200737","401","Item uploaded through multiple feeds",Warning,,
"shopify_US_7230336729185_41883236794465","1,826","Item uploaded through multiple feeds",Warning,,
"shopify_US_7227418738785_41871678373985","890","Item uploaded through multiple feeds",Warning,,
"shopify_US_7229128441953_41878470426721","1,130","Item uploaded through multiple feeds",Warning,,
"shopify_US_7229835542625_41881196691553","1,336","Item uploaded through multiple feeds",Warning,,
"shopify_US_7536984359009_44083408273505","3,733","Item uploaded through multiple feeds",Warning,,
"shopify_US_7536340729953_44080565223521","3,448","Item uploaded through multiple feeds",Warning,,
"shopify_US_7537038917729_44083660947553","4,006","Item uploaded through multiple feeds",Warning,,
"shopify_US_7109072257121_41496915640417","187","Item uploaded through multiple feeds",Warning,,
"shopify_US_7230415863905_41883444052065","2,147","Item uploaded through multiple feeds",Warning,,
"shopify_US_6719764463713_39761880842337","68","Item uploaded through multiple feeds",Warning,,
"shopify_US_7536707305569_44082088345697","3,595","Item uploaded through multiple feeds",Warning,,
"shopify_US_7536696295521_44082061115489","3,527","Item uploaded through multiple feeds",Warning,,
"shopify_US_7536709009505_44082095325281","3,608","Item uploaded through multiple feeds",Warning,,
"shopify_US_7230327128161_41883188592737","1,707","Item uploaded through multiple feeds",Warning,,
"shopify_US_7230423236705_41883481636961","2,252","Item uploaded through multiple feeds",Warning,,
"shopify_US_7229259874401_41878822617185","1,281","Item uploaded through multiple feeds",Warning,,
"shopify_US_7109443256417_41497808830561","369","Item uploaded through multiple feeds",Warning,,
"shopify_US_7229259874401_41878820716641","1,231","Item uploaded through multiple feeds",Warning,,
"shopify_US_7536703012961_44082074648673","3,580","Item uploaded through multiple feeds",Warning,,
"shopify_US_7230180884577_41882726170721","1,581","Item uploaded through multiple feeds",Warning,,
"shopify_US_7672336646241_46512188358753","4,867","Item uploaded through multiple feeds",Warning,,
"shopify_US_7536982294625_44083397853281","3,718","Item uploaded through multiple feeds",Warning,,
"shopify_US_7536696295521_44082061344865","3,534","Item uploaded through multiple feeds",Warning,,
"shopify_US_7537978572897_44087869276257","4,352","Item uploaded through multiple feeds",Warning,,
"shopify_US_7229835542625_41881196986465","1,354","Item uploaded through multiple feeds",Warning,,
"shopify_US_7230342004833_41883273068641","2,062","Item uploaded through multiple feeds",Warning,,
"shopify_US_7230332895329_41883216150625","1,757","Item uploaded through multiple feeds",Warning,,
"shopify_US_7537978572897_44087869440097","4,357","Item uploaded through multiple feeds",Warning,,
"shopify_US_7510790733921_43768831803489","2,924","Item uploaded through multiple feeds",Warning,,
"shopify_US_7533454393441_44047096447073","3,132","Item uploaded through multiple feeds",Warning,,
"shopify_US_7229259874401_41878821470305","1,285","Item uploaded through multiple feeds",Warning,,
"shopify_US_7109986844769_41499305640033","583","Item uploaded through multiple feeds",Warning,,
"shopify_US_7505372282977_43740358705249","2,842","Item uploaded through multiple feeds",Warning,,
"shopify_US_7536086089825_44077713948769","3,304","Item uploaded through multiple feeds",Warning,,
"shopify_US_7230191665249_41882755498081","1,607","Item uploaded through multiple feeds",Warning,,
"shopify_US_7230338039905_41883244331105","1,865","Item uploaded through multiple feeds",Warning,,
"shopify_US_7502178222177_43729956044897","2,566","Item uploaded through multiple feeds",Warning,,
"shopify_US_7502792622177_43731337085025","2,776","Item uploaded through multiple feeds",Warning,,
"shopify_US_7230418944097_41883459616865","2,181","Item uploaded through multiple feeds",Warning,,
"shopify_US_7502770602081_43731201622113","2,691","Item uploaded through multiple feeds",Warning,,
"shopify_US_7533354975329_44046506819681","3,021","Item uploaded through multiple feeds",Warning,,
"shopify_US_7533430440033_44046903345249","3,096","Item uploaded through multiple feeds",Warning,,
"shopify_US_7230338039905_41883245019233","1,886","Item uploaded through multiple feeds",Warning,,
"shopify_US_7585980055649_45099271946337","4,619","Item uploaded through multiple feeds",Warning,,
"shopify_US_7230338039905_41883246297185","1,925","Item uploaded through multiple feeds",Warning,,
"shopify_US_7109986844769_41499305082977","568","Item uploaded through multiple feeds",Warning,,
"shopify_US_7230191665249_41882761986145","1,583","Item uploaded through multiple feeds",Warning,,
"shopify_US_7537979359329_44087877206113","4,401","Item uploaded through multiple feeds",Warning,,
"shopify_US_7230194942049_41882771390561","1,628","Item uploaded through multiple feeds",Warning,,
"shopify_US_7230424645729_41883490549857","2,363","Item uploaded through multiple feeds",Warning,,
"shopify_US_7505375232097_43740401172577","2,887","Item uploaded through multiple feeds",Warning,,
"shopify_US_7536947003489_44083348013153","3,678","Item uploaded through multiple feeds",Warning,,
"shopify_US_7537367679073_44085190688865","4,223","Item uploaded through multiple feeds",Warning,,
"shopify_US_7502187888737_43729970102369","2,570","Item uploaded through multiple feeds",Warning,,
"shopify_US_7229128441953_41878471213153","1,121","Item uploaded through multiple feeds",Warning,,
"shopify_US_7109514395745_41498011402337","525","Item uploaded through multiple feeds",Warning,,
"shopify_US_7230338039905_41883246657633","1,936","Item uploaded through multiple feeds",Warning,,
"shopify_US_7109443256417_41497808994401","389","Item uploaded through multiple feeds",Warning,,
"shopify_US_7533454393441_44047096250465","3,126","Item uploaded through multiple feeds",Warning,,
"shopify_US_7533367296097_44046581956705","3,024","Item uploaded through multiple feeds",Warning,,
"shopify_US_7110356631649_41500537847905","584","Item uploaded through multiple feeds",Warning,,
"shopify_US_7670683762785_46501285003361","4,735","Item uploaded through multiple feeds",Warning,,
"shopify_US_7585867432033_45098824007777","4,556","Item uploaded through multiple feeds",Warning,,
"shopify_US_7110368919649_41500577464417","642","Item uploaded through multiple feeds",Warning,,
"shopify_US_7230191665249_41882762674273","1,597","Item uploaded through multiple feeds",Warning,,
"shopify_US_7502192214113_43729980719201","2,594","Item uploaded through multiple feeds",Warning,,
"shopify_US_7537003266145_44083531677793","3,908","Item uploaded through multiple feeds",Warning,,
"shopify_US_7537370628193_44085198618721","4,293","Item uploaded through multiple feeds",Warning,,
"shopify_US_7502793179233_43731339575393","2,803","Item uploaded through multiple feeds",Warning,,
"shopify_US_7537978572897_44087869145185","4,348","Item uploaded through multiple feeds",Warning,,
"shopify_US_7535312896097_44057203507297","3,238","Item uploaded through multiple feeds",Warning,,
"shopify_US_7229132472417_41878487072865","1,190","Item uploaded through multiple feeds",Warning,,
"shopify_US_7545373130849_44116621721697","4,482","Item uploaded through multiple feeds",Warning,,
"shopify_US_7227620982881_41872696344673","962","Item uploaded through multiple feeds",Warning,,
"shopify_US_7670738223201_46501345591393","4,767","Item uploaded through multiple feeds",Warning,,
"shopify_US_7541022818401_44096525566049","4,412","Item uploaded through multiple feeds",Warning,,
"shopify_US_7546613530721_44173814333537","4,495","Item uploaded through multiple feeds",Warning,,
"shopify_US_7533351272545_44046494335073","3,005","Item uploaded through multiple feeds",Warning,,
"shopify_US_7535362015329_44057274974305","3,273","Item uploaded through multiple feeds",Warning,,
"shopify_US_7108969037921_41496561516641","123","Item uploaded through multiple feeds",Warning,,
"shopify_US_7230150213729_41882612170849","1,375","Item uploaded through multiple feeds",Warning,,
"shopify_US_7109298487393_41497381929057","343","Item uploaded through multiple feeds",Warning,,
"shopify_US_7536700391521_44082067243105","3,564","Item uploaded through multiple feeds",Warning,,
"shopify_US_7230336729185_41883236925537","1,831","Item uploaded through multiple feeds",Warning,,
"shopify_US_7230339711073_41883255734369","1,947","Item uploaded through multiple feeds",Warning,,
"shopify_US_7536709009505_44082095358049","3,609","Item uploaded through multiple feeds",Warning,,
"shopify_US_7670609346657_46501139382369","4,701","Item uploaded through multiple feeds",Warning,,
"shopify_US_7562834215009_44803376709729","4,539","Item uploaded through multiple feeds",Warning,,
"shopify_US_7537367384161_44085189050465","4,211","Item uploaded through multiple feeds",Warning,,
"shopify_US_6719764463713_39761880907873","70","Item uploaded through multiple feeds",Warning,,
"shopify_US_7230645239905_41884149219425","2,403","Item uploaded through multiple feeds",Warning,,
"shopify_US_7230150213729_41882607616097","1,366","Item uploaded through multiple feeds",Warning,,
"shopify_US_6718948147297_39756765560929","60","Item uploaded through multiple feeds",Warning,,
"shopify_US_7230342004833_41883272183905","2,035","Item uploaded through multiple feeds",Warning,,
"shopify_US_7537367679073_44085191376993","4,243","Item uploaded through multiple feeds",Warning,,
"shopify_US_7672336646241_46512188981345","4,884","Item uploaded through multiple feeds",Warning,,
"shopify_US_7502791671905_43731333087329","2,766","Item uploaded through multiple feeds",Warning,,
"shopify_US_7229027876961_41878213820513","1,095","Item uploaded through multiple feeds",Warning,,
"shopify_US_7109117280353_41497061785697","210","Item uploaded through multiple feeds",Warning,,
"shopify_US_7536982163553_44083394936929","3,708","Item uploaded through multiple feeds",Warning,,
"shopify_US_7230332895329_41883219787873","1,754","Item uploaded through multiple feeds",Warning,,
"shopify_US_7537009033313_44083549208673","3,964","Item uploaded through multiple feeds",Warning,,
"shopify_US_7230332895329_41883219329121","1,735","Item uploaded through multiple feeds",Warning,,
"shopify_US_7502771519585_43731207028833","2,713","Item uploaded through multiple feeds",Warning,,
"shopify_US_7536984359009_44083408928865","3,753","Item uploaded through multiple feeds",Warning,,
"shopify_US_7230338039905_41883246198881","1,922","Item uploaded through multiple feeds",Warning,,
"shopify_US_7109292130401_41497361350753","314","Item uploaded through multiple feeds",Warning,,
"shopify_US_7230336729185_41883236663393","1,821","Item uploaded through multiple feeds",Warning,,
"shopify_US_7533454655585_44047098118241","3,154","Item uploaded through multiple feeds",Warning,,
"shopify_US_7536992976993_44083478331489","3,795","Item uploaded through multiple feeds",Warning,,
"shopify_US_7502793179233_43731339378785","2,797","Item uploaded through multiple feeds",Warning,,
"shopify_US_7227630649441_41872775708769","996","Item uploaded through multiple feeds",Warning,,
"shopify_US_7230338039905_41883245379681","1,897","Item uploaded through multiple feeds",Warning,,
"shopify_US_7537369088097_44085194326113","4,246","Item uploaded through multiple feeds",Warning,,
"shopify_US_7536947003489_44083348406369","3,690","Item uploaded through multiple feeds",Warning,,
"shopify_US_7230336729185_41883238695009","1,863","Item uploaded through multiple feeds",Warning,,
"shopify_US_7230342004833_41883273298017","2,069","Item uploaded through multiple feeds",Warning,,
"shopify_US_7545279840353_44116032684129","4,464","Item uploaded through multiple feeds",Warning,,
"shopify_US_7230338039905_41883244855393","1,881","Item uploaded through multiple feeds",Warning,,
"shopify_US_7229130342497_41878478487649","1,160","Item uploaded through multiple feeds",Warning,,
"shopify_US_7230159618145_41882636845153","1,510","Item uploaded through multiple feeds",Warning,,
"shopify_US_7607758422113_45707249057889","4,656","Item uploaded through multiple feeds",Warning,,
"shopify_US_7230168727649_41882673414241","1,534","Item uploaded through multiple feeds",Warning,,
"shopify_US_7537007198305_44083543834721","3,925","Item uploaded through multiple feeds",Warning,,
"shopify_US_7229259874401_41878821011553","1,196","Item uploaded through multiple feeds",Warning,,
"shopify_US_7228788867169_41877295988833","1,033","Item uploaded through multiple feeds",Warning,,
"shopify_US_7585867432033_45098824204385","4,562","Item uploaded through multiple feeds",Warning,,
"shopify_US_7230645239905_41884148269153","2,380","Item uploaded through multiple feeds",Warning,,
"shopify_US_7510790996065_43768833867873","2,928","Item uploaded through multiple feeds",Warning,,
"shopify_US_7230157226081_41882625474657","1,473","Item uploaded through multiple feeds",Warning,,
"shopify_US_7505372282977_43740359032929","2,852","Item uploaded through multiple feeds",Warning,,
"shopify_US_6718948147297_39756765167713","45","Item uploaded through multiple feeds",Warning,,
"shopify_US_7230423236705_41883481473121","2,247","Item uploaded through multiple feeds",Warning,,
"shopify_US_7537009033313_44083548553313","3,944","Item uploaded through multiple feeds",Warning,,
"shopify_US_7227624554593_41872740024417","975","Item uploaded through multiple feeds",Warning,,
"shopify_US_7109292130401_41497360400481","288","Item uploaded through multiple feeds",Warning,,
"shopify_US_6718948147297_39756765003873","36","Item uploaded through multiple feeds",Warning,,
"shopify_US_7537109991521_44083955302497","4,091","Item uploaded through multiple feeds",Warning,,
"shopify_US_7227379023969_41871522300001","870","Item uploaded through multiple feeds",Warning,,
"shopify_US_7241063825505_41929914187873","2,489","Item uploaded through multiple feeds",Warning,,
"shopify_US_7230323261537_41883177025633","1,666","Item uploaded through multiple feeds",Warning,,
"shopify_US_7535227666529_44056520327265","3,224","Item uploaded through multiple feeds",Warning,,
"shopify_US_7577248596065_45068115116129","4,543","Item uploaded through multiple feeds",Warning,,
"shopify_US_7227439546465_41871780937825","948","Item uploaded through multiple feeds",Warning,,
"shopify_US_7533367296097_44046581923937","3,023","Item uploaded through multiple feeds",Warning,,
"shopify_US_7577248596065_45068115148897","4,544","Item uploaded through multiple feeds",Warning,,
"shopify_US_7670744842337_46501356798049","4,812","Item uploaded through multiple feeds",Warning,,
"shopify_US_7536709009505_44082095587425","3,616","Item uploaded through multiple feeds",Warning,,
"shopify_US_7537370628193_44085198815329","4,296","Item uploaded through multiple feeds",Warning,,
"shopify_US_7109443256417_41497809518689","375","Item uploaded through multiple feeds",Warning,,
"shopify_US_7230332895329_41883219820641","1,755","Item uploaded through multiple feeds",Warning,,
"shopify_US_7535362015329_44057274744929","3,266","Item uploaded through multiple feeds",Warning,,
"shopify_US_7670742777953_46501352112225","4,791","Item uploaded through multiple feeds",Warning,,
"shopify_US_7502771781729_43731208700001","2,724","Item uploaded through multiple feeds",Warning,,
"shopify_US_7537109991521_44083955269729","4,090","Item uploaded through multiple feeds",Warning,,
"shopify_US_7227378925665_41871521251425","846","Item uploaded through multiple feeds",Warning,,
"shopify_US_7227436367969_41871770157153","934","Item uploaded through multiple feeds",Warning,,
"shopify_US_7241201942625_41930312319073","2,536","Item uploaded through multiple feeds",Warning,,
"shopify_US_7505375232097_43740400975969","2,881","Item uploaded through multiple feeds",Warning,,
"shopify_US_7109084807265_41496962498657","201","Item uploaded through multiple feeds",Warning,,
"shopify_US_7533348618337_44046481621089","2,989","Item uploaded through multiple feeds",Warning,,
"shopify_US_7229128441953_41878470754401","1,103","Item uploaded through multiple feeds",Warning,,
"shopify_US_7229026304097_41878208512097","1,085","Item uploaded through multiple feeds",Warning,,
"shopify_US_7537369088097_44085195604065","4,271","Item uploaded through multiple feeds",Warning,,
"shopify_US_7502770896993_43731203358817","2,705","Item uploaded through multiple feeds",Warning,,
"shopify_US_7229259874401_41878821863521","1,227","Item uploaded through multiple feeds",Warning,,
"shopify_US_7536709501025_44082098602081","3,645","Item uploaded through multiple feeds",Warning,,
"shopify_US_7110368919649_41500578971745","653","Item uploaded through multiple feeds",Warning,,
"shopify_US_7510791258209_43768836489313","2,948","Item uploaded through multiple feeds",Warning,,
"shopify_US_7229259874401_41878820454497","1,276","Item uploaded through multiple feeds",Warning,,
"shopify_US_7109502566497_41497977094241","511","Item uploaded through multiple feeds",Warning,,
"shopify_US_7536337125473_44080619290721","3,424","Item uploaded through multiple feeds",Warning,,
"shopify_US_7536992976993_44083479150689","3,834","Item uploaded through multiple feeds",Warning,,
"shopify_US_7505372282977_43740358377569","2,832","Item uploaded through multiple feeds",Warning,,
"shopify_US_7241201942625_41930312384609","2,537","Item uploaded through multiple feeds",Warning,,
"shopify_US_7230180884577_41882719518817","1,574","Item uploaded through multiple feeds",Warning,,
"shopify_US_7229027876961_41878213656673","1,090","Item uploaded through multiple feeds",Warning,,
"shopify_US_7230168727649_41882673381473","1,533","Item uploaded through multiple feeds",Warning,,
"shopify_US_7536992976993_44083478069345","3,791","Item uploaded through multiple feeds",Warning,,
"shopify_US_7536337125473_44080618864737","3,411","Item uploaded through multiple feeds",Warning,,
"shopify_US_7607762845793_45707929354337","4,686","Item uploaded through multiple feeds",Warning,,
"shopify_US_7109267947617_41497324257377","274","Item uploaded through multiple feeds",Warning,,
"shopify_US_7536709501025_44082098208865","3,633","Item uploaded through multiple feeds",Warning,,
"shopify_US_7230338039905_41883245150305","1,890","Item uploaded through multiple feeds",Warning,,
"shopify_US_7536709501025_44082098339937","3,637","Item uploaded through multiple feeds",Warning,,
"shopify_US_7230418944097_41883458764897","2,155","Item uploaded through multiple feeds",Warning,,
"shopify_US_7537003266145_44083531481185","3,904","Item uploaded through multiple feeds",Warning,,
"shopify_US_7537227890785_44084491255905","4,147","Item uploaded through multiple feeds",Warning,,
"shopify_US_7533430440033_44046903115873","3,089","Item uploaded through multiple feeds",Warning,,
"shopify_US_7537227890785_44084491878497","4,160","Item uploaded through multiple feeds",Warning,,
"shopify_US_7502765097057_43731173343329","2,604","Item uploaded through multiple feeds",Warning,,
"shopify_US_7546613530721_44173814366305","4,496","Item uploaded through multiple feeds",Warning,,
"shopify_US_7230332895329_41883215954017","1,749","Item uploaded through multiple feeds",Warning,,
"shopify_US_7108988764257_41496634556513","146","Item uploaded through multiple feeds",Warning,,
"shopify_US_7537007198305_44083543900257","3,927","Item uploaded through multiple feeds",Warning,,
"shopify_US_7109267947617_41497324552289","282","Item uploaded through multiple feeds",Warning,,
"shopify_US_7607764287585_45708175212641","4,693","Item uploaded through multiple feeds",Warning,,
"shopify_US_7230415863905_41883445657697","2,115","Item uploaded through multiple feeds",Warning,,
"shopify_US_7502768210017_43731189235809","2,646","Item uploaded through multiple feeds",Warning,,
"shopify_US_7227355988065_41871477997665","756","Item uploaded through multiple feeds",Warning,,
"shopify_US_7533404291169_44046788132961","3,067","Item uploaded through multiple feeds",Warning,,
"shopify_US_7585867628641_45098826006625","4,594","Item uploaded through multiple feeds",Warning,,
"shopify_US_7502770896993_43731203522657","2,710","Item uploaded through multiple feeds",Warning,,
"shopify_US_7229259874401_41878820290657","1,243","Item uploaded through multiple feeds",Warning,,
"shopify_US_7585867432033_45098824499297","4,571","Item uploaded through multiple feeds",Warning,,
"shopify_US_7536982163553_44084119502945","3,711","Item uploaded through multiple feeds",Warning,,
"shopify_US_7109443256417_41497808896097","377","Item uploaded through multiple feeds",Warning,,
"shopify_US_7230194942049_41882771456097","1,630","Item uploaded through multiple feeds",Warning,,
"shopify_US_7109125537889_41497087017057","251","Item uploaded through multiple feeds",Warning,,
"shopify_US_7108984799329_41496617844833","136","Item uploaded through multiple feeds",Warning,,
"shopify_US_7502770045025_43731197296737","2,686","Item uploaded through multiple feeds",Warning,,
"shopify_US_7505372282977_43740358443105","2,834","Item uploaded through multiple feeds",Warning,,
"shopify_US_7230645239905_41884150300769","2,430","Item uploaded through multiple feeds",Warning,,
"shopify_US_7585867432033_45098824630369","4,575","Item uploaded through multiple feeds",Warning,,
"shopify_US_7230415863905_41883441954913","2,096","Item uploaded through multiple feeds",Warning,,
"shopify_US_7536340729953_44080564797537","3,435","Item uploaded through multiple feeds",Warning,,
"shopify_US_7533404192865_44046787641441","3,059","Item uploaded through multiple feeds",Warning,,
"shopify_US_7227270791265_41871164833889","713","Item uploaded through multiple feeds",Warning,,
"shopify_US_7230415863905_41883441856609","2,094","Item uploaded through multiple feeds",Warning,,
"shopify_US_7230159028321_41882634453089","1,494","Item uploaded through multiple feeds",Warning,,
"shopify_US_7536947003489_44083347914849","3,675","Item uploaded through multiple feeds",Warning,,
"shopify_US_7227438530657_41871777628257","942","Item uploaded through multiple feeds",Warning,,
"shopify_US_7502791082081_43731330793569","2,751","Item uploaded through multiple feeds",Warning,,
"shopify_US_7536947003489_44083348308065","3,687","Item uploaded through multiple feeds",Warning,,
"shopify_US_7536982163553_44084117143649","3,712","Item uploaded through multiple feeds",Warning,,
"shopify_US_7516369715297_43821479657569","2,960","Item uploaded through multiple feeds",Warning,,
"shopify_US_7227374534753_41871500312673","787","Item uploaded through multiple feeds",Warning,,
"shopify_US_7230645239905_41884150136929","2,426","Item uploaded through multiple feeds",Warning,,
"shopify_US_7109514395745_41498011730017","534","Item uploaded through multiple feeds",Warning,,
"shopify_US_7230645239905_41884148662369","2,390","Item uploaded through multiple feeds",Warning,,
"shopify_US_7536340729953_44080564699233","3,432","Item uploaded through multiple feeds",Warning,,
"shopify_US_7230151524449_41882613940321","1,405","Item uploaded through multiple feeds",Warning,,
"shopify_US_7670743498849_46501353881697","4,801","Item uploaded through multiple feeds",Warning,,
"shopify_US_7109481431137_41497932005473","483","Item uploaded through multiple feeds",Warning,,
"shopify_US_7109119705185_41497069289569","222","Item uploaded through multiple feeds",Warning,,
"shopify_US_7537001431137_44083524796513","3,856","Item uploaded through multiple feeds",Warning,,
"shopify_US_7502836007009_43731511672929","2,822","Item uploaded through multiple feeds",Warning,,
"shopify_US_7108962254945_41496538447969","113","Item uploaded through multiple feeds",Warning,,
"shopify_US_7670743498849_46501353848929","4,800","Item uploaded through multiple feeds",Warning,,
"shopify_US_7536457941089_44080778248289","3,496","Item uploaded through multiple feeds",Warning,,
"shopify_US_7585867432033_45098824302689","4,565","Item uploaded through multiple feeds",Warning,,
"shopify_US_7537003266145_44083531219041","3,900","Item uploaded through multiple feeds",Warning,,
"shopify_US_7241063825505_41929913696353","2,492","Item uploaded through multiple feeds",Warning,,
"shopify_US_7585867628641_45098825678945","4,584","Item uploaded through multiple feeds",Warning,,
"shopify_US_7537979359329_44087876845665","4,390","Item uploaded through multiple feeds",Warning,,
"shopify_US_7577248596065_45068115247201","4,547","Item uploaded through multiple feeds",Warning,,
"shopify_US_7672336646241_46512188457057","4,870","Item uploaded through multiple feeds",Warning,,
"shopify_US_7545279217761_44116028653665","4,440","Item uploaded through multiple feeds",Warning,,
"shopify_US_7502765719649_43731175833697","2,618","Item uploaded through multiple feeds",Warning,,
"shopify_US_7670609346657_46501139447905","4,703","Item uploaded through multiple feeds",Warning,,
"shopify_US_7541022818401_44096525664353","4,415","Item uploaded through multiple feeds",Warning,,
"shopify_US_7537978572897_44087869505633","4,359","Item uploaded through multiple feeds",Warning,,
"shopify_US_7536992976993_44083478659169","3,800","Item uploaded through multiple feeds",Warning,,
"shopify_US_7607764287585_45708175310945","4,696","Item uploaded through multiple feeds",Warning,,
"shopify_US_7110363119713_41500563013729","616","Item uploaded through multiple feeds",Warning,,
"shopify_US_7110362136673_41500561080417","609","Item uploaded through multiple feeds",Warning,,
"shopify_US_7670743498849_46501353947233","4,803","Item uploaded through multiple feeds",Warning,,
"shopify_US_7537001431137_44083524468833","3,849","Item uploaded through multiple feeds",Warning,,
"shopify_US_7535210594401_44056192057441","3,195","Item uploaded through multiple feeds",Warning,,
"shopify_US_7110363775073_41500564947041","625","Item uploaded through multiple feeds",Warning,,
"shopify_US_7545279217761_44116028588129","4,438","Item uploaded through multiple feeds",Warning,,
"shopify_US_7533430440033_44046903246945","3,093","Item uploaded through multiple feeds",Warning,,
"shopify_US_7227620982881_41872696213601","958","Item uploaded through multiple feeds",Warning,,
"shopify_US_7533354975329_44046506754145","3,019","Item uploaded through multiple feeds",Warning,,
"shopify_US_7536992976993_44083479248993","3,822","Item uploaded through multiple feeds",Warning,,
"shopify_US_7230336729185_41883237482593","1,854","Item uploaded through multiple feeds",Warning,,
"shopify_US_7230336729185_41883237843041","1,798","Item uploaded through multiple feeds",Warning,,
"shopify_US_7537979359329_44087877435489","4,408","Item uploaded through multiple feeds",Warning,,
"shopify_US_7536337125473_44080618733665","3,407","Item uploaded through multiple feeds",Warning,,
"shopify_US_7502191788129_43729979113569","2,588","Item uploaded through multiple feeds",Warning,,
"shopify_US_7537978572897_44087869243489","4,351","Item uploaded through multiple feeds",Warning,,
"shopify_US_7502828601441_43731501744225","2,818","Item uploaded through multiple feeds",Warning,,
"shopify_US_7537370628193_44085198913633","4,299","Item uploaded through multiple feeds",Warning,,
"shopify_US_7230332895329_41883220115553","1,767","Item uploaded through multiple feeds",Warning,,
"shopify_US_7227270791265_41871164473441","698","Item uploaded through multiple feeds",Warning,,
"shopify_US_7241063825505_41929912320097","2,450","Item uploaded through multiple feeds",Warning,,
"shopify_US_7230151524449_41882613547105","1,399","Item uploaded through multiple feeds",Warning,,
"shopify_US_7227434958945_41871763865697","904","Item uploaded through multiple feeds",Warning,,
"shopify_US_7510791159905_43768835768417","2,941","Item uploaded through multiple feeds",Warning,,
"shopify_US_7502770896993_43731203194977","2,700","Item uploaded through multiple feeds",Warning,,
"shopify_US_7230415863905_41883443003489","2,122","Item uploaded through multiple feeds",Warning,,
"shopify_US_7230424645729_41883489828961","2,341","Item uploaded through multiple feeds",Warning,,
"shopify_US_7230159028321_41882634420321","1,493","Item uploaded through multiple feeds",Warning,,
"shopify_US_7537113563233_44083974307937","4,103","Item uploaded through multiple feeds",Warning,,
"shopify_US_7230191665249_41882763100257","1,609","Item uploaded through multiple feeds",Warning,,
"shopify_US_7230323261537_41883174436961","1,683","Item uploaded through multiple feeds",Warning,,
"shopify_US_7230194942049_41882771751009","1,639","Item uploaded through multiple feeds",Warning,,
"shopify_US_7229027876961_41878213754977","1,093","Item uploaded through multiple feeds",Warning,,
"shopify_US_7502765949025_43731176915041","2,638","Item uploaded through multiple feeds",Warning,,
"shopify_US_7230339711073_41883257831521","2,011","Item uploaded through multiple feeds",Warning,,
"shopify_US_7536988520545_44083434160225","3,770","Item uploaded through multiple feeds",Warning,,
"shopify_US_7497751986273_43677180756065","2,553","Item uploaded through multiple feeds",Warning,,
"shopify_US_7230418944097_41883460599905","2,211","Item uploaded through multiple feeds",Warning,,
"shopify_US_7545279217761_44116028555361","4,437","Item uploaded through multiple feeds",Warning,,
"shopify_US_7227436367969_41871770124385","933","Item uploaded through multiple feeds",Warning,,
"shopify_US_7109117280353_41497061916769","214","Item uploaded through multiple feeds",Warning,,
"shopify_US_7536341024865_44080568860769","3,456","Item uploaded through multiple feeds",Warning,,
"shopify_US_7109292130401_41497360269409","284","Item uploaded through multiple feeds",Warning,,
"shopify_US_7672336646241_46512187179105","4,831","Item uploaded through multiple feeds",Warning,,
"shopify_US_7109517770849_41498027065441","556","Item uploaded through multiple feeds",Warning,,
"shopify_US_7537372463201_44085204648033","4,340","Item uploaded through multiple feeds",Warning,,
"shopify_US_7502765949025_43731176685665","2,631","Item uploaded through multiple feeds",Warning,,
"shopify_US_7536334274657_44080552804449","3,351","Item uploaded through multiple feeds",Warning,,
"shopify_US_7536696295521_44082061213793","3,530","Item uploaded through multiple feeds",Warning,,
"shopify_US_7502765719649_43731175964769","2,622","Item uploaded through multiple feeds",Warning,,
"shopify_US_7109298487393_41497381404769","329","Item uploaded through multiple feeds",Warning,,
"shopify_US_7536988520545_44083433865313","3,761","Item uploaded through multiple feeds",Warning,,
"shopify_US_7229259874401_41878821404769","1,271","Item uploaded through multiple feeds",Warning,,
"shopify_US_7502771519585_43731207127137","2,716","Item uploaded through multiple feeds",Warning,,
"shopify_US_7230150213729_41882607648865","1,368","Item uploaded through multiple feeds",Warning,,
"shopify_US_7536984359009_44083408502881","3,740","Item uploaded through multiple feeds",Warning,,
"shopify_US_7533454098529_44047093432417","3,120","Item uploaded through multiple feeds",Warning,,
"shopify_US_7227270299745_41871161950305","692","Item uploaded through multiple feeds",Warning,,
"shopify_US_7672336646241_46512187703393","4,847","Item uploaded through multiple feeds",Warning,,
"shopify_US_7536988520545_44083433898081","3,762","Item uploaded through multiple feeds",Warning,,
"shopify_US_7502791082081_43731330957409","2,756","Item uploaded through multiple feeds",Warning,,
"shopify_US_7241105670241_41930030907489","2,506","Item uploaded through multiple feeds",Warning,,
"shopify_US_7536457941089_44080778477665","3,503","Item uploaded through multiple feeds",Warning,,
"shopify_US_7230336729185_41883238629473","1,858","Item uploaded through multiple feeds",Warning,,
"shopify_US_7670738223201_46501345624161","4,768","Item uploaded through multiple feeds",Warning,,
"shopify_US_7670609346657_46501139841121","4,715","Item uploaded through multiple feeds",Warning,,
"shopify_US_7230645239905_41884148498529","2,386","Item uploaded through multiple feeds",Warning,,
"shopify_US_7502770602081_43731201523809","2,688","Item uploaded through multiple feeds",Warning,,
"shopify_US_7510791258209_43768836554849","2,949","Item uploaded through multiple feeds",Warning,,
"shopify_US_7537367679073_44085191180385","4,237","Item uploaded through multiple feeds",Warning,,
"shopify_US_7537113563233_44083974471777","4,108","Item uploaded through multiple feeds",Warning,,
"shopify_US_7109502566497_41497976668257","499","Item uploaded through multiple feeds",Warning,,
"shopify_US_7227418738785_41871678341217","889","Item uploaded through multiple feeds",Warning,,
"shopify_US_7230323261537_41883173978209","1,671","Item uploaded through multiple feeds",Warning,,
"shopify_US_7533081133153_44044346097761","2,987","Item uploaded through multiple feeds",Warning,,
"shopify_US_7230424645729_41883488682081","2,306","Item uploaded through multiple feeds",Warning,,
"shopify_US_7502792622177_43731336986721","2,773","Item uploaded through multiple feeds",Warning,,
"shopify_US_7537370857569_44085201010785","4,331","Item uploaded through multiple feeds",Warning,,
"shopify_US_7227379023969_41871522267233","869","Item uploaded through multiple feeds",Warning,,
"shopify_US_7227252670561_41871110340705","659","Item uploaded through multiple feeds",Warning,,
"shopify_US_7227270299745_41871161524321","689","Item uploaded through multiple feeds",Warning,,
"shopify_US_7230323261537_41883177189473","1,674","Item uploaded through multiple feeds",Warning,,
"shopify_US_7585992048737_45099305468001","4,651","Item uploaded through multiple feeds",Warning,,
"shopify_US_7670609346657_46501140004961","4,720","Item uploaded through multiple feeds",Warning,,
"shopify_US_7537366597729_44085185183841","4,166","Item uploaded through multiple feeds",Warning,,
"shopify_US_7109443256417_41497808863329","373","Item uploaded through multiple feeds",Warning,,
"shopify_US_7227375714401_41871507226721","804","Item uploaded through multiple feeds",Warning,,
"shopify_US_7230327128161_41883192393825","1,727","Item uploaded through multiple feeds",Warning,,
"shopify_US_7536341024865_44080569745505","3,483","Item uploaded through multiple feeds",Warning,,
"shopify_US_7535944368225_44861276815457","3,295","Item uploaded through multiple feeds",Warning,,
"shopify_US_7109267947617_41497324028001","268","Item uploaded through multiple feeds",Warning,,
"shopify_US_7505374838881_43740397863009","2,857","Item uploaded through multiple feeds",Warning,,
"shopify_US_7227418738785_41871678636129","898","Item uploaded through multiple feeds",Warning,,
"shopify_US_7537367023713_44085186429025","4,184","Item uploaded through multiple feeds",Warning,,
"shopify_US_7229130342497_41878478192737","1,151","Item uploaded through multiple feeds",Warning,,
"shopify_US_7230418944097_41883459551329","2,179","Item uploaded through multiple feeds",Warning,,
"shopify_US_7502765719649_43731175866465","2,619","Item uploaded through multiple feeds",Warning,,
"shopify_US_7537002971233_44083530694753","3,898","Item uploaded through multiple feeds",Warning,,
"shopify_US_7230424645729_41883489370209","2,327","Item uploaded through multiple feeds",Warning,,
"shopify_US_7502769193057_43731194052705","2,672","Item uploaded through multiple feeds",Warning,,
"shopify_US_7229259874401_41878819602529","1,205","Item uploaded through multiple feeds",Warning,,
"shopify_US_7536340729953_44080565256289","3,449","Item uploaded through multiple feeds",Warning,,
"shopify_US_7502178222177_43729954898017","2,561","Item uploaded through multiple feeds",Warning,,
"shopify_US_7230424645729_41883488813153","2,310","Item uploaded through multiple feeds",Warning,,
"shopify_US_7537369088097_44085194719329","4,258","Item uploaded through multiple feeds",Warning,,
"shopify_US_7536992976993_44083478298721","3,807","Item uploaded through multiple feeds",Warning,,
"shopify_US_7672336646241_46512188555361","4,873","Item uploaded through multiple feeds",Warning,,
"shopify_US_7109298487393_41497382355041","355","Item uploaded through multiple feeds",Warning,,
"shopify_US_7230342004833_41883272478817","2,044","Item uploaded through multiple feeds",Warning,,
"shopify_US_7536992976993_44083479674977","3,842","Item uploaded through multiple feeds",Warning,,
"shopify_US_7585867628641_45098826301537","4,603","Item uploaded through multiple feeds",Warning,,
"shopify_US_7562834215009_44803376250977","4,525","Item uploaded through multiple feeds",Warning,,
"shopify_US_7227379023969_41871522398305","873","Item uploaded through multiple feeds",Warning,,
"shopify_US_7541022818401_44096526123105","4,429","Item uploaded through multiple feeds",Warning,,
"shopify_US_7536340729953_44080565157985","3,446","Item uploaded through multiple feeds",Warning,,
"shopify_US_7536709501025_44082099060833","3,659","Item uploaded through multiple feeds",Warning,,
"shopify_US_7109986844769_41499305115745","569","Item uploaded through multiple feeds",Warning,,
"shopify_US_7230336729185_41883237679201","1,860","Item uploaded through multiple feeds",Warning,,
"shopify_US_7536240984161_44080415342689","3,310","Item uploaded through multiple feeds",Warning,,
"shopify_US_7510267494497_43765460762721","2,898","Item uploaded through multiple feeds",Warning,,
"shopify_US_7227435450465_41871766388833","918","Item uploaded through multiple feeds",Warning,,
"shopify_US_7229835542625_41882665713761","1,363","Item uploaded through multiple feeds",Warning,,
"shopify_US_7108996530273_41496660181089","165","Item uploaded through multiple feeds",Warning,,
"shopify_US_7536947003489_44083348275297","3,686","Item uploaded through multiple feeds",Warning,,
"shopify_US_7537113563233_44083974144097","4,098","Item uploaded through multiple feeds",Warning,,
"shopify_US_7536337125473_44080619126881","3,419","Item uploaded through multiple feeds",Warning,,
"shopify_US_7537113563233_44083974570081","4,111","Item uploaded through multiple feeds",Warning,,
"shopify_US_7541022818401_44096526155873","4,430","Item uploaded through multiple feeds",Warning,,
"shopify_US_7497751986273_43677180592225","2,548","Item uploaded through multiple feeds",Warning,,
"shopify_US_7535944368225_44861276717153","3,292","Item uploaded through multiple feeds",Warning,,
"shopify_US_7230191665249_41882763001953","1,605","Item uploaded through multiple feeds",Warning,,
"shopify_US_7229130801249_41878480027745","1,174","Item uploaded through multiple feeds",Warning,,
"shopify_US_7229026304097_41878208381025","1,081","Item uploaded through multiple feeds",Warning,,
"shopify_US_7502187888737_43729970331745","2,577","Item uploaded through multiple feeds",Warning,,
"shopify_US_7537370628193_44085198684257","4,295","Item uploaded through multiple feeds",Warning,,
"shopify_US_7537370628193_44085198553185","4,291","Item uploaded through multiple feeds",Warning,,
"shopify_US_7229835542625_41882665353313","1,341","Item uploaded through multiple feeds",Warning,,
"shopify_US_7502792949857_43731338100833","2,788","Item uploaded through multiple feeds",Warning,,
"shopify_US_7546613530721_44173814628449","4,504","Item uploaded through multiple feeds",Warning,,
"shopify_US_7230424645729_41883490254945","2,354","Item uploaded through multiple feeds",Warning,,
"shopify_US_7229828202593_41881177063521","1,330","Item uploaded through multiple feeds",Warning,,
"shopify_US_7230157226081_41882625114209","1,462","Item uploaded through multiple feeds",Warning,,
"shopify_US_7536709009505_44082095980641","3,628","Item uploaded through multiple feeds",Warning,,
"shopify_US_7230336729185_41883236827233","1,829","Item uploaded through multiple feeds",Warning,,
"shopify_US_7230418944097_41883460337761","2,203","Item uploaded through multiple feeds",Warning,,
"shopify_US_7537003266145_44083532300385","3,922","Item uploaded through multiple feeds",Warning,,
"shopify_US_7536457941089_44080778412129","3,501","Item uploaded through multiple feeds",Warning,,
"shopify_US_7109986844769_41499305214049","571","Item uploaded through multiple feeds",Warning,,
"shopify_US_7535210594401_44056191959137","3,192","Item uploaded through multiple feeds",Warning,,
"shopify_US_7229835542625_41881197084769","1,360","Item uploaded through multiple feeds",Warning,,
"shopify_US_7230415863905_41883442905185","2,119","Item uploaded through multiple feeds",Warning,,
"shopify_US_7109514395745_41498011664481","532","Item uploaded through multiple feeds",Warning,,
"shopify_US_7537001431137_44083524665441","3,852","Item uploaded through multiple feeds",Warning,,
"shopify_US_7537038917729_44083661078625","4,010","Item uploaded through multiple feeds",Warning,,
"shopify_US_7230332895329_41883216216161","1,761","Item uploaded through multiple feeds",Warning,,
"shopify_US_7537370628193_44085198356577","4,285","Item uploaded through multiple feeds",Warning,,
"shopify_US_7109514395745_41498011336801","523","Item uploaded through multiple feeds",Warning,,
"shopify_US_7108986404961_41496623906913","143","Item uploaded through multiple feeds",Warning,,
"shopify_US_7109123670113_41497082822753","247","Item uploaded through multiple feeds",Warning,,
"shopify_US_7227436367969_41871770026081","930","Item uploaded through multiple feeds",Warning,,
"shopify_US_7109502566497_41497977028705","509","Item uploaded through multiple feeds",Warning,,
"shopify_US_7241063825505_41929912549473","2,478","Item uploaded through multiple feeds",Warning,,
"shopify_US_7536469639265_44080804298849","3,514","Item uploaded through multiple feeds",Warning,,
"shopify_US_7110362136673_41500560818273","602","Item uploaded through multiple feeds",Warning,,
"shopify_US_7110368919649_41500577529953","646","Item uploaded through multiple feeds",Warning,,
"shopify_US_7227436367969_41871769993313","929","Item uploaded through multiple feeds",Warning,,
"shopify_US_7227270791265_41871165292641","742","Item uploaded through multiple feeds",Warning,,
"shopify_US_7533453934689_44047092613217","3,107","Item uploaded through multiple feeds",Warning,,
"shopify_US_7502768439393_43731189891169","2,655","Item uploaded through multiple feeds",Warning,,
"shopify_US_7229132472417_41878487105633","1,191","Item uploaded through multiple feeds",Warning,,
"shopify_US_7230423236705_41883484258401","2,273","Item uploaded through multiple feeds",Warning,,
"shopify_US_7230423236705_41883482456161","2,277","Item uploaded through multiple feeds",Warning,,
"shopify_US_7536982294625_44083398246497","3,730","Item uploaded through multiple feeds",Warning,,
"shopify_US_7227624554593_41872740286561","983","Item uploaded through multiple feeds",Warning,,
"shopify_US_7536457941089_44080778707041","3,510","Item uploaded through multiple feeds",Warning,,
"shopify_US_7502768439393_43731189923937","2,656","Item uploaded through multiple feeds",Warning,,
"shopify_US_7534719860833_44054269886561","3,171","Item uploaded through multiple feeds",Warning,,
"shopify_US_7230418944097_41883459027041","2,163","Item uploaded through multiple feeds",Warning,,
"shopify_US_7537227890785_44084490535009","4,130","Item uploaded through multiple feeds",Warning,,
"shopify_US_7537979359329_44087877271649","4,403","Item uploaded through multiple feeds",Warning,,
"shopify_US_7533454098529_44047093170273","3,112","Item uploaded through multiple feeds",Warning,,
"shopify_US_7536337125473_44080619061345","3,417","Item uploaded through multiple feeds",Warning,,
"shopify_US_7229023846497_41878198943841","1,070","Item uploaded through multiple feeds",Warning,,
"shopify_US_7537003266145_44083531612257","3,906","Item uploaded through multiple feeds",Warning,,
"shopify_US_7537001431137_44083525419105","3,869","Item uploaded through multiple feeds",Warning,,
"shopify_US_7510791159905_43768835670113","2,940","Item uploaded through multiple feeds",Warning,,
"shopify_US_7585980055649_45099272110177","4,624","Item uploaded through multiple feeds",Warning,,
"shopify_US_7535362015329_44057274843233","3,269","Item uploaded through multiple feeds",Warning,,
"shopify_US_7230415863905_41883443920993","2,144","Item uploaded through multiple feeds",Warning,,
"shopify_US_7230339711073_41883256717409","1,977","Item uploaded through multiple feeds",Warning,,
"shopify_US_7536341024865_44080569712737","3,482","Item uploaded through multiple feeds",Warning,,
"shopify_US_7230342004833_41883273920609","2,088","Item uploaded through multiple feeds",Warning,,
"shopify_US_7109502566497_41497976504417","495","Item uploaded through multiple feeds",Warning,,
"shopify_US_7227375714401_41871507259489","805","Item uploaded through multiple feeds",Warning,,
"shopify_US_7536707305569_44082088476769","3,599","Item uploaded through multiple feeds",Warning,,
"shopify_US_7536992976993_44083478233185","3,806","Item uploaded through multiple feeds",Warning,,
"shopify_US_7227624554593_41872740155489","979","Item uploaded through multiple feeds",Warning,,
"shopify_US_7230156701793_41882623082593","1,436","Item uploaded through multiple feeds",Warning,,
"shopify_US_7229259874401_41878821208161","1,232","Item uploaded through multiple feeds",Warning,,
"shopify_US_7536086089825_44077713817697","3,300","Item uploaded through multiple feeds",Warning,,
"shopify_US_7230339711073_41883255865441","1,951","Item uploaded through multiple feeds",Warning,,
"shopify_US_7230418944097_41883458863201","2,158","Item uploaded through multiple feeds",Warning,,
"shopify_US_7109119705185_41497069453409","226","Item uploaded through multiple feeds",Warning,,
"shopify_US_7672336646241_46512188522593","4,872","Item uploaded through multiple feeds",Warning,,
"shopify_US_7510790733921_43768832295009","2,927","Item uploaded through multiple feeds",Warning,,
"shopify_US_7537001431137_44083524730977","3,854","Item uploaded through multiple feeds",Warning,,
"shopify_US_7230342004833_41883272314977","2,039","Item uploaded through multiple feeds",Warning,,
"shopify_US_7230342004833_41883271757921","2,022","Item uploaded through multiple feeds",Warning,,
"shopify_US_7537003266145_44083531841633","3,913","Item uploaded through multiple feeds",Warning,,
"shopify_US_7537041342561_44083683295329","4,036","Item uploaded through multiple feeds",Warning,,
"shopify_US_7109443256417_41497809485921","371","Item uploaded through multiple feeds",Warning,,
"shopify_US_7541022818401_44096526090337","4,428","Item uploaded through multiple feeds",Warning,,
"shopify_US_7109298487393_41497382125665","349","Item uploaded through multiple feeds",Warning,,
"shopify_US_7228773466209_41877251981409","1,019","Item uploaded through multiple feeds",Warning,,
"shopify_US_7229128441953_41878471016545","1,143","Item uploaded through multiple feeds",Warning,,
"shopify_US_7537227890785_44084491911265","4,161","Item uploaded through multiple feeds",Warning,,
"shopify_US_7108996530273_41496660279393","168","Item uploaded through multiple feeds",Warning,,
"shopify_US_7533348618337_44046481916001","2,998","Item uploaded through multiple feeds",Warning,,
"shopify_US_7536086089825_44077713850465","3,301","Item uploaded through multiple feeds",Warning,,
"shopify_US_7502765719649_43731176095841","2,626","Item uploaded through multiple feeds",Warning,,
"shopify_US_7227434958945_41871763800161","902","Item uploaded through multiple feeds",Warning,,
"shopify_US_7229259874401_41878820520033","1,195","Item uploaded through multiple feeds",Warning,,
"shopify_US_7536696295521_44082061148257","3,528","Item uploaded through multiple feeds",Warning,,
"shopify_US_7537030234209_44083621101665","3,979","Item uploaded through multiple feeds",Warning,,
"shopify_US_7670724329569_46501331206241","4,762","Item uploaded through multiple feeds",Warning,,
"shopify_US_7230156701793_41882623279201","1,448","Item uploaded through multiple feeds",Warning,,
"shopify_US_7577248596065_45068115279969","4,548","Item uploaded through multiple feeds",Warning,,
"shopify_US_7607764287585_45708175179873","4,692","Item uploaded through multiple feeds",Warning,,
"shopify_US_7229132472417_41878486810721","1,182","Item uploaded through multiple feeds",Warning,,
"shopify_US_7241105670241_41930030481505","2,501","Item uploaded through multiple feeds",Warning,,
"shopify_US_7537227890785_44084490764385","4,135","Item uploaded through multiple feeds",Warning,,
"shopify_US_7535320465505_44057221496929","3,263","Item uploaded through multiple feeds",Warning,,
"shopify_US_7536341024865_44080568959073","3,459","Item uploaded through multiple feeds",Warning,,
"shopify_US_7534719860833_44054270050401","3,176","Item uploaded through multiple feeds",Warning,,
"shopify_US_7585867432033_45098824728673","4,578","Item uploaded through multiple feeds",Warning,,
"shopify_US_7502768439393_43731189858401","2,654","Item uploaded through multiple feeds",Warning,,
"shopify_US_7502770602081_43731201884257","2,699","Item uploaded through multiple feeds",Warning,,
"shopify_US_7230645239905_41884149088353","2,400","Item uploaded through multiple feeds",Warning,,
"shopify_US_7109454135393_41497849233505","402","Item uploaded through multiple feeds",Warning,,
"shopify_US_7537041342561_44083683065953","4,029","Item uploaded through multiple feeds",Warning,,
"shopify_US_7227435450465_41871766552673","923","Item uploaded through multiple feeds",Warning,,
"shopify_US_7230194942049_41882771783777","1,640","Item uploaded through multiple feeds",Warning,,
"shopify_US_7227254276193_41871113158753","665","Item uploaded through multiple feeds",Warning,,
"shopify_US_7585867432033_45098824400993","4,568","Item uploaded through multiple feeds",Warning,,
"shopify_US_7109517770849_41498026639457","544","Item uploaded through multiple feeds",Warning,,
"shopify_US_7535210594401_44056282071137","3,197","Item uploaded through multiple feeds",Warning,,
"shopify_US_7230338039905_41883246100577","1,919","Item uploaded through multiple feeds",Warning,,
"shopify_US_7230415863905_41883443232865","2,127","Item uploaded through multiple feeds",Warning,,
"shopify_US_7229259874401_41878821797985","1,215","Item uploaded through multiple feeds",Warning,,
"shopify_US_7536337125473_44080556965985","3,388","Item uploaded through multiple feeds",Warning,,
"shopify_US_7230645239905_41884149579873","2,412","Item uploaded through multiple feeds",Warning,,
"shopify_US_7536988520545_44083434422369","3,778","Item uploaded through multiple feeds",Warning,,
"shopify_US_7585867628641_45098826236001","4,601","Item uploaded through multiple feeds",Warning,,
"shopify_US_7108984799329_41496617779297","134","Item uploaded through multiple feeds",Warning,,
"shopify_US_7230191665249_41882755399777","1,603","Item uploaded through multiple feeds",Warning,,
"shopify_US_7535312896097_44057203933281","3,251","Item uploaded through multiple feeds",Warning,,
"shopify_US_7536984359009_44083408994401","3,755","Item uploaded through multiple feeds",Warning,,
"shopify_US_7537109991521_44083955171425","4,087","Item uploaded through multiple feeds",Warning,,
"shopify_US_7230338039905_41883245740129","1,908","Item uploaded through multiple feeds",Warning,,
"shopify_US_7537978572897_44087869112417","4,347","Item uploaded through multiple feeds",Warning,,
"shopify_US_7536992976993_44083479314529","3,823","Item uploaded through multiple feeds",Warning,,
"shopify_US_7502765719649_43731175899233","2,620","Item uploaded through multiple feeds",Warning,,
"shopify_US_7502791671905_43731332956257","2,762","Item uploaded through multiple feeds",Warning,,
"shopify_US_7545279840353_44116032913505","4,471","Item uploaded through multiple feeds",Warning,,
"shopify_US_7502765719649_43731175997537","2,623","Item uploaded through multiple feeds",Warning,,
"shopify_US_7230424645729_41883488878689","2,312","Item uploaded through multiple feeds",Warning,,
"shopify_US_7670744842337_46501356929121","4,816","Item uploaded through multiple feeds",Warning,,
"shopify_US_7230418944097_41883458928737","2,160","Item uploaded through multiple feeds",Warning,,
"shopify_US_7502187888737_43729970364513","2,578","Item uploaded through multiple feeds",Warning,,
"shopify_US_7536704520289_44082077859937","3,589","Item uploaded through multiple feeds",Warning,,
"shopify_US_7227270791265_41871166210145","746","Item uploaded through multiple feeds",Warning,,
"shopify_US_7227435450465_41871766519905","922","Item uploaded through multiple feeds",Warning,,
"shopify_US_7672336646241_46512188424289","4,869","Item uploaded through multiple feeds",Warning,,
"shopify_US_7109481431137_41497931481185","469","Item uploaded through multiple feeds",Warning,,
"shopify_US_7537367679073_44085190852705","4,228","Item uploaded through multiple feeds",Warning,,
"shopify_US_7670695526497_46501299421281","4,754","Item uploaded through multiple feeds",Warning,,
"shopify_US_7537979359329_44087876812897","4,389","Item uploaded through multiple feeds",Warning,,
"shopify_US_7230194942049_41882771914849","1,644","Item uploaded through multiple feeds",Warning,,
"shopify_US_7241105670241_41930030874721","2,507","Item uploaded through multiple feeds",Warning,,
"shopify_US_7230194942049_41882771423329","1,629","Item uploaded through multiple feeds",Warning,,
"shopify_US_7607760388193_45707470438497","4,676","Item uploaded through multiple feeds",Warning,,
"shopify_US_7227620982881_41872696606817","970","Item uploaded through multiple feeds",Warning,,
"shopify_US_7670738223201_46501345820769","4,774","Item uploaded through multiple feeds",Warning,,
"shopify_US_7230338039905_41883244920929","1,883","Item uploaded through multiple feeds",Warning,,
"shopify_US_7229130342497_41878478717025","1,166","Item uploaded through multiple feeds",Warning,,
"shopify_US_7537979359329_44087876878433","4,391","Item uploaded through multiple feeds",Warning,,
"shopify_US_7110364856417_41500567076961","637","Item uploaded through multiple feeds",Warning,,
"shopify_US_7537367384161_44085189247073","4,217","Item uploaded through multiple feeds",Warning,,
"shopify_US_7536988618849_44083434782817","3,783","Item uploaded through multiple feeds",Warning,,
"shopify_US_7533403799649_44046785642593","3,054","Item uploaded through multiple feeds",Warning,,
"shopify_US_7502770602081_43731201818721","2,697","Item uploaded through multiple feeds",Warning,,
"shopify_US_7533404192865_44046787805281","3,064","Item uploaded through multiple feeds",Warning,,
"shopify_US_7229259874401_41878821666913","1,286","Item uploaded through multiple feeds",Warning,,
"shopify_US_7230159618145_41882636910689","1,511","Item uploaded through multiple feeds",Warning,,
"shopify_US_7502769193057_43731194151009","2,675","Item uploaded through multiple feeds",Warning,,
"shopify_US_7670724329569_46501331239009","4,763","Item uploaded through multiple feeds",Warning,,
"shopify_US_7537041342561_44083683164257","4,032","Item uploaded through multiple feeds",Warning,,
"shopify_US_6718945034337_39756756484193","21","Item uploaded through multiple feeds",Warning,,
"shopify_US_6718948147297_39756765429857","54","Item uploaded through multiple feeds",Warning,,
"shopify_US_7229128441953_41878470197345","1,116","Item uploaded through multiple feeds",Warning,,
"shopify_US_7533458194529_44047109226593","3,162","Item uploaded through multiple feeds",Warning,,
"shopify_US_7109443256417_41497809354849","394","Item uploaded through multiple feeds",Warning,,
"shopify_US_7229828202593_41881176703073","1,319","Item uploaded through multiple feeds",Warning,,
"shopify_US_7505372282977_43740358738017","2,843","Item uploaded through multiple feeds",Warning,,
"shopify_US_7536703012961_44082074419297","3,573","Item uploaded through multiple feeds",Warning,,
"shopify_US_7585867432033_45098824597601","4,574","Item uploaded through multiple feeds",Warning,,
"shopify_US_7109122097249_41497077416033","238","Item uploaded through multiple feeds",Warning,,
"shopify_US_7229259874401_41878822518881","1,260","Item uploaded through multiple feeds",Warning,,
"shopify_US_7109119705185_41497069420641","225","Item uploaded through multiple feeds",Warning,,
"shopify_US_7510790996065_43768834916449","2,936","Item uploaded through multiple feeds",Warning,,
"shopify_US_7109502566497_41497977061473","510","Item uploaded through multiple feeds",Warning,,
"shopify_US_7109298487393_41497381765217","339","Item uploaded through multiple feeds",Warning,,
"shopify_US_7533458194529_44047109161057","3,160","Item uploaded through multiple feeds",Warning,,
"shopify_US_7230418944097_41883459158113","2,167","Item uploaded through multiple feeds",Warning,,
"shopify_US_7536457941089_44080778805345","3,513","Item uploaded through multiple feeds",Warning,,
"shopify_US_7108953604193_41496508563553","96","Item uploaded through multiple feeds",Warning,,
"shopify_US_7536703012961_44082074484833","3,575","Item uploaded through multiple feeds",Warning,,
"shopify_US_7672336646241_46512187244641","4,833","Item uploaded through multiple feeds",Warning,,
"shopify_US_7502790656097_43731329450081","2,744","Item uploaded through multiple feeds",Warning,,
"shopify_US_7536700391521_44082066751585","3,549","Item uploaded through multiple feeds",Warning,,
"shopify_US_7536469639265_44080804495457","3,520","Item uploaded through multiple feeds",Warning,,
"shopify_US_7230336729185_41883237154913","1,840","Item uploaded through multiple feeds",Warning,,
"shopify_US_7229128441953_41878470066273","1,108","Item uploaded through multiple feeds",Warning,,
"shopify_US_7536337125473_44080618635361","3,404","Item uploaded through multiple feeds",Warning,,
"shopify_US_7227379023969_41871522529377","877","Item uploaded through multiple feeds",Warning,,
"shopify_US_7230150213729_41882612105313","1,371","Item uploaded through multiple feeds",Warning,,
"shopify_US_7109117280353_41497061982305","216","Item uploaded through multiple feeds",Warning,,
"shopify_US_7230645239905_41884148301921","2,381","Item uploaded through multiple feeds",Warning,,
"shopify_US_7109454135393_41497849954401","421","Item uploaded through multiple feeds",Warning,,
"shopify_US_7109481431137_41497931317345","464","Item uploaded through multiple feeds",Warning,,
"shopify_US_7110361874529_41500560359521","600","Item uploaded through multiple feeds",Warning,,
"shopify_US_7670746775649_46501359714401","4,826","Item uploaded through multiple feeds",Warning,,
"shopify_US_7607762845793_45715228328033","4,685","Item uploaded through multiple feeds",Warning,,
"shopify_US_7227374534753_41871500148833","772","Item uploaded through multiple feeds",Warning,,
"shopify_US_7230424645729_41883490680929","2,367","Item uploaded through multiple feeds",Warning,,
"shopify_US_7537979359329_44087877075041","4,397","Item uploaded through multiple feeds",Warning,,
"shopify_US_7230418944097_41883460763745","2,216","Item uploaded through multiple feeds",Warning,,
"shopify_US_7537003266145_44083531743329","3,910","Item uploaded through multiple feeds",Warning,,
"shopify_US_7110362136673_41500560851041","603","Item uploaded through multiple feeds",Warning,,
"shopify_US_7230342004833_41883272708193","2,051","Item uploaded through multiple feeds",Warning,,
"shopify_US_7536709501025_44082098569313","3,644","Item uploaded through multiple feeds",Warning,,
"shopify_US_7230327128161_41883188789345","1,723","Item uploaded through multiple feeds",Warning,,
"shopify_US_7230415863905_41883443331169","2,130","Item uploaded through multiple feeds",Warning,,
"shopify_US_7546613530721_44173814562913","4,502","Item uploaded through multiple feeds",Warning,,
"shopify_US_7535210594401_44056191893601","3,190","Item uploaded through multiple feeds",Warning,,
"shopify_US_7607760388193_45707470405729","4,675","Item uploaded through multiple feeds",Warning,,
"shopify_US_7516369715297_43821479723105","2,962","Item uploaded through multiple feeds",Warning,,
"shopify_US_7672336646241_46512189341793","4,895","Item uploaded through multiple feeds",Warning,,
"shopify_US_7533454655585_44047098085473","3,153","Item uploaded through multiple feeds",Warning,,
"shopify_US_7229835542625_41881196658785","1,334","Item uploaded through multiple feeds",Warning,,
"shopify_US_7109117280353_41497061851233","212","Item uploaded through multiple feeds",Warning,,
"shopify_US_7537369088097_44085195243617","4,260","Item uploaded through multiple feeds",Warning,,
"shopify_US_7502178222177_43729954439265","2,559","Item uploaded through multiple feeds",Warning,,
"shopify_US_7227270791265_41871165587553","743","Item uploaded through multiple feeds",Warning,,
"shopify_US_7537030234209_44083621625953","3,995","Item uploaded through multiple feeds",Warning,,
"shopify_US_7502792622177_43731336953953","2,772","Item uploaded through multiple feeds",Warning,,
"shopify_US_7230645239905_41884149547105","2,411","Item uploaded through multiple feeds",Warning,,
"shopify_US_7229835542625_41881197052001","1,358","Item uploaded through multiple feeds",Warning,,
"shopify_US_7537369088097_44085195636833","4,272","Item uploaded through multiple feeds",Warning,,
"shopify_US_7541022818401_44096525795425","4,419","Item uploaded through multiple feeds",Warning,,
"shopify_US_7227630649441_41872775905377","1,014","Item uploaded through multiple feeds",Warning,,
"shopify_US_7230157226081_41882625540193","1,475","Item uploaded through multiple feeds",Warning,,
"shopify_US_7536709664865_44082099781729","3,671","Item uploaded through multiple feeds",Warning,,
"shopify_US_7536988618849_44083434848353","3,785","Item uploaded through multiple feeds",Warning,,
"shopify_US_7110356631649_41500537946209","587","Item uploaded through multiple feeds",Warning,,
"shopify_US_7502828601441_43731501482081","2,810","Item uploaded through multiple feeds",Warning,,
"shopify_US_7516479848545_43831323099233","2,972","Item uploaded through multiple feeds",Warning,,
"shopify_US_7227379023969_41871522136161","865","Item uploaded through multiple feeds",Warning,,
"shopify_US_7536992976993_44083478167649","3,805","Item uploaded through multiple feeds",Warning,,
"shopify_US_7228788867169_41877294973025","1,042","Item uploaded through multiple feeds",Warning,,
"shopify_US_6718948147297_39756770410593","43","Item uploaded through multiple feeds",Warning,,
"shopify_US_7230338039905_41883244986465","1,885","Item uploaded through multiple feeds",Warning,,
"shopify_US_7229130801249_41878479929441","1,171","Item uploaded through multiple feeds",Warning,,
"shopify_US_7505375232097_43740400877665","2,878","Item uploaded through multiple feeds",Warning,,
"shopify_US_7672336646241_46512189898849","4,912","Item uploaded through multiple feeds",Warning,,
"shopify_US_7537001431137_44083524534369","3,850","Item uploaded through multiple feeds",Warning,,
"shopify_US_7230339711073_41883256094817","1,958","Item uploaded through multiple feeds",Warning,,
"shopify_US_7536709664865_44082099847265","3,673","Item uploaded through multiple feeds",Warning,,
"shopify_US_7536341024865_44080569679969","3,481","Item uploaded through multiple feeds",Warning,,
"shopify_US_7230194942049_41882771488865","1,631","Item uploaded through multiple feeds",Warning,,
"shopify_US_7537041342561_44083683393633","4,038","Item uploaded through multiple feeds",Warning,,
"shopify_US_7230423236705_41883480948833","2,231","Item uploaded through multiple feeds",Warning,,
"shopify_US_7536337125473_44080556834913","3,384","Item uploaded through multiple feeds",Warning,,
"shopify_US_7110364856417_41500567011425","635","Item uploaded through multiple feeds",Warning,,
"shopify_US_7229259874401_41878821306465","1,252","Item uploaded through multiple feeds",Warning,,
"shopify_US_7536340729953_44080564535393","3,427","Item uploaded through multiple feeds",Warning,,
"shopify_US_7230180884577_41882719191137","1,556","Item uploaded through multiple feeds",Warning,,
"shopify_US_7533454426209_44047096840289","3,142","Item uploaded through multiple feeds",Warning,,
"shopify_US_7228788867169_41877295497313","1,063","Item uploaded through multiple feeds",Warning,,
"shopify_US_7537113563233_44083974439009","4,107","Item uploaded through multiple feeds",Warning,,
"shopify_US_7537227890785_44084491452513","4,153","Item uploaded through multiple feeds",Warning,,
"shopify_US_7230424645729_41883489632353","2,335","Item uploaded through multiple feeds",Warning,,
"shopify_US_7672336646241_46512190193761","4,921","Item uploaded through multiple feeds",Warning,,
"shopify_US_7230338039905_41883244560481","1,872","Item uploaded through multiple feeds",Warning,,
"shopify_US_7502791671905_43731333218401","2,770","Item uploaded through multiple feeds",Warning,,
"shopify_US_7537978572897_44087869210721","4,350","Item uploaded through multiple feeds",Warning,,
"shopify_US_7536709664865_44082099454049","3,661","Item uploaded through multiple feeds",Warning,,
"shopify_US_7230332895329_41883217985633","1,745","Item uploaded through multiple feeds",Warning,,
"shopify_US_7109292130401_41497360793697","298","Item uploaded through multiple feeds",Warning,,
"shopify_US_7533348618337_44046481686625","2,991","Item uploaded through multiple feeds",Warning,,
"shopify_US_7230332895329_41883220377697","1,778","Item uploaded through multiple feeds",Warning,,
"shopify_US_7109119705185_41497069224033","220","Item uploaded through multiple feeds",Warning,,
"shopify_US_7227378925665_41871520792673","832","Item uploaded through multiple feeds",Warning,,
"shopify_US_7607760257121_45707469783137","4,662","Item uploaded through multiple feeds",Warning,,
"shopify_US_7109517770849_41498027130977","558","Item uploaded through multiple feeds",Warning,,
"shopify_US_7109454135393_41497849069665","398","Item uploaded through multiple feeds",Warning,,
"shopify_US_7670683762785_46501285134433","4,739","Item uploaded through multiple feeds",Warning,,
"shopify_US_7533404192865_44046787575905","3,057","Item uploaded through multiple feeds",Warning,,
"shopify_US_7230336729185_41883237023841","1,835","Item uploaded through multiple feeds",Warning,,
"shopify_US_7230415863905_41883442937953","2,120","Item uploaded through multiple feeds",Warning,,
"shopify_US_7229259874401_41878819962977","1,275","Item uploaded through multiple feeds",Warning,,
"shopify_US_7241105670241_41930032054369","2,525","Item uploaded through multiple feeds",Warning,,
"shopify_US_7230645239905_41884149448801","2,409","Item uploaded through multiple feeds",Warning,,
"shopify_US_7537038917729_44083661537377","4,024","Item uploaded through multiple feeds",Warning,,
"shopify_US_7230336729185_41883238236257","1,828","Item uploaded through multiple feeds",Warning,,
"shopify_US_7227630649441_41872775086177","997","Item uploaded through multiple feeds",Warning,,
"shopify_US_7536341024865_44080569483361","3,475","Item uploaded through multiple feeds",Warning,,
"shopify_US_7227270791265_41871164899425","727","Item uploaded through multiple feeds",Warning,,
"shopify_US_7670743498849_46501353783393","4,798","Item uploaded through multiple feeds",Warning,,
"shopify_US_7533397835873_44046762836065","3,039","Item uploaded through multiple feeds",Warning,,
"shopify_US_7585867628641_45098825973857","4,593","Item uploaded through multiple feeds",Warning,,
"shopify_US_7230339711073_41883255799905","1,949","Item uploaded through multiple feeds",Warning,,
"shopify_US_7502828601441_43731501449313","2,809","Item uploaded through multiple feeds",Warning,,
"shopify_US_7229259874401_41878820323425","1,250","Item uploaded through multiple feeds",Warning,,
"shopify_US_7109514395745_41498011795553","535","Item uploaded through multiple feeds",Warning,,
"shopify_US_7585980055649_45099271716961","4,612","Item uploaded through multiple feeds",Warning,,
"shopify_US_7537109991521_44083955105889","4,085","Item uploaded through multiple feeds",Warning,,
"shopify_US_7229259874401_41878821699681","1,197","Item uploaded through multiple feeds",Warning,,
"shopify_US_7230191665249_41882762608737","1,596","Item uploaded through multiple feeds",Warning,,
"shopify_US_7230342004833_41883271561313","2,016","Item uploaded through multiple feeds",Warning,,
"shopify_US_7536992976993_44083479642209","3,828","Item uploaded through multiple feeds",Warning,,
"shopify_US_7672336646241_46512187277409","4,834","Item uploaded through multiple feeds",Warning,,
"shopify_US_7108958519393_41496524488801","101","Item uploaded through multiple feeds",Warning,,
"shopify_US_7536709501025_44082098241633","3,634","Item uploaded through multiple feeds",Warning,,
"shopify_US_7109481431137_41497931350113","465","Item uploaded through multiple feeds",Warning,,
"shopify_US_7227270791265_41871165816929","737","Item uploaded through multiple feeds",Warning,,
"shopify_US_7227270299745_41871161589857","693","Item uploaded through multiple feeds",Warning,,
"shopify_US_7228788867169_41877295759457","1,048","Item uploaded through multiple feeds",Warning,,
"shopify_US_7227630649441_41872775348321","992","Item uploaded through multiple feeds",Warning,,
"shopify_US_7533404291169_44046788264033","3,071","Item uploaded through multiple feeds",Warning,,
"shopify_US_7672336646241_46512189964385","4,914","Item uploaded through multiple feeds",Warning,,
"shopify_US_7536709501025_44082098765921","3,650","Item uploaded through multiple feeds",Warning,,
"shopify_US_7537001431137_44083524993121","3,862","Item uploaded through multiple feeds",Warning,,
"shopify_US_7535944368225_44076870893665","3,289","Item uploaded through multiple feeds",Warning,,
"shopify_US_7510791159905_43768836063329","2,944","Item uploaded through multiple feeds",Warning,,
"shopify_US_7227439546465_41871781167201","955","Item uploaded through multiple feeds",Warning,,
"shopify_US_7109122097249_41497077252193","233","Item uploaded through multiple feeds",Warning,,
"shopify_US_7109517770849_41498026999905","554","Item uploaded through multiple feeds",Warning,,
"shopify_US_7109514395745_41498011861089","537","Item uploaded through multiple feeds",Warning,,
"shopify_US_7108986404961_41496623808609","141","Item uploaded through multiple feeds",Warning,,
"shopify_US_7230418944097_41883460468833","2,207","Item uploaded through multiple feeds",Warning,,
"shopify_US_7109454135393_41497849725025","416","Item uploaded through multiple feeds",Warning,,
"shopify_US_7230338039905_41883244658785","1,875","Item uploaded through multiple feeds",Warning,,
"shopify_US_7585992048737_45099305238625","4,644","Item uploaded through multiple feeds",Warning,,
"shopify_US_7109292130401_41497361514593","318","Item uploaded through multiple feeds",Warning,,
"shopify_US_7228773466209_41877252145249","1,024","Item uploaded through multiple feeds",Warning,,
"shopify_US_7533454393441_44047096283233","3,127","Item uploaded through multiple feeds",Warning,,
"shopify_US_7227375714401_41871507423329","810","Item uploaded through multiple feeds",Warning,,
"shopify_US_7230150213729_41882612400225","1,389","Item uploaded through multiple feeds",Warning,,
"shopify_US_7229128441953_41878471344225","1,129","Item uploaded through multiple feeds",Warning,,
"shopify_US_7230168727649_41882673152097","1,526","Item uploaded through multiple feeds",Warning,,
"shopify_US_7241063825505_41929912418401","2,462","Item uploaded through multiple feeds",Warning,,
"shopify_US_7670744842337_46501356535905","4,804","Item uploaded through multiple feeds",Warning,,
"shopify_US_7672336646241_46512189702241","4,906","Item uploaded through multiple feeds",Warning,,
"shopify_US_7537030234209_44083621232737","3,983","Item uploaded through multiple feeds",Warning,,
"shopify_US_7537002971233_44083529842785","3,872","Item uploaded through multiple feeds",Warning,,
"shopify_US_7537979359329_44087877533793","4,411","Item uploaded through multiple feeds",Warning,,
"shopify_US_7533454655585_44047098019937","3,151","Item uploaded through multiple feeds",Warning,,
"shopify_US_7537109991521_44083955236961","4,089","Item uploaded through multiple feeds",Warning,,
"shopify_US_7510790996065_43768834261089","2,931","Item uploaded through multiple feeds",Warning,,
"shopify_US_7230424645729_41883489730657","2,338","Item uploaded through multiple feeds",Warning,,
"shopify_US_7110356631649_41500538077281","590","Item uploaded through multiple feeds",Warning,,
"shopify_US_7229259874401_41878821830753","1,221","Item uploaded through multiple feeds",Warning,,
"shopify_US_7502792949857_43731338035297","2,786","Item uploaded through multiple feeds",Warning,,
"shopify_US_6719774720097_39761985044577","74","Item uploaded through multiple feeds",Warning,,
"shopify_US_7230332895329_41883220574305","1,786","Item uploaded through multiple feeds",Warning,,
"shopify_US_6718948147297_39756764840033","30","Item uploaded through multiple feeds",Warning,,
"shopify_US_7533081133153_44044346032225","2,985","Item uploaded through multiple feeds",Warning,,
"shopify_US_7241063825505_41929912254561","2,442","Item uploaded through multiple feeds",Warning,,
"shopify_US_7109514395745_41498011271265","521","Item uploaded through multiple feeds",Warning,,
"shopify_US_7108969037921_41496561451105","121","Item uploaded through multiple feeds",Warning,,
"shopify_US_7533454098529_44047093366881","3,118","Item uploaded through multiple feeds",Warning,,
"shopify_US_7227630649441_41872775741537","999","Item uploaded through multiple feeds",Warning,,
"shopify_US_7230342004833_41883272052833","2,031","Item uploaded through multiple feeds",Warning,,
"shopify_US_7230191665249_41882763329633","1,618","Item uploaded through multiple feeds",Warning,,
"shopify_US_7672336646241_46512188194913","4,862","Item uploaded through multiple feeds",Warning,,
"shopify_US_7537227890785_44084490829921","4,136","Item uploaded through multiple feeds",Warning,,
"shopify_US_7505372282977_43740358901857","2,848","Item uploaded through multiple feeds",Warning,,
"shopify_US_7535227666529_44056520261729","3,222","Item uploaded through multiple feeds",Warning,,
"shopify_US_7109298487393_41497381797985","340","Item uploaded through multiple feeds",Warning,,
"shopify_US_7672336646241_46512188751969","4,879","Item uploaded through multiple feeds",Warning,,
"shopify_US_7510791258209_43768836751457","2,952","Item uploaded through multiple feeds",Warning,,
"shopify_US_7229259874401_41878820651105","1,219","Item uploaded through multiple feeds",Warning,,
"shopify_US_7537007198305_44083543867489","3,926","Item uploaded through multiple feeds",Warning,,
"shopify_US_7229835542625_41881196757089","1,340","Item uploaded through multiple feeds",Warning,,
"shopify_US_7537030234209_44083621134433","3,980","Item uploaded through multiple feeds",Warning,,
"shopify_US_7230194942049_41882771980385","1,646","Item uploaded through multiple feeds",Warning,,
"shopify_US_7230645239905_41884149710945","2,415","Item uploaded through multiple feeds",Warning,,
"shopify_US_7533429358689_44046853439585","3,085","Item uploaded through multiple feeds",Warning,,
"shopify_US_7230423236705_41883482914913","2,291","Item uploaded through multiple feeds",Warning,,
"shopify_US_7230332895329_41883220213857","1,771","Item uploaded through multiple feeds",Warning,,
"shopify_US_7227379023969_41871521808481","855","Item uploaded through multiple feeds",Warning,,
"shopify_US_7227270791265_41871164768353","699","Item uploaded through multiple feeds",Warning,,
"shopify_US_7230339711073_41883257241697","1,993","Item uploaded through multiple feeds",Warning,,
"shopify_US_7535227666529_44056520097889","3,217","Item uploaded through multiple feeds",Warning,,
"shopify_US_7502771519585_43731207356513","2,723","Item uploaded through multiple feeds",Warning,,
"shopify_US_7537978572897_44087869735009","4,366","Item uploaded through multiple feeds",Warning,,
"shopify_US_7537367384161_44085189181537","4,215","Item uploaded through multiple feeds",Warning,,
"shopify_US_7537369088097_44085195669601","4,273","Item uploaded through multiple feeds",Warning,,
"shopify_US_7537367679073_44085190951009","4,230","Item uploaded through multiple feeds",Warning,,
"shopify_US_7230645239905_41884148170849","2,378","Item uploaded through multiple feeds",Warning,,
"shopify_US_7537370857569_44085200945249","4,329","Item uploaded through multiple feeds",Warning,,
"shopify_US_7541022818401_44096525926497","4,423","Item uploaded through multiple feeds",Warning,,
"shopify_US_7536709501025_44082098929761","3,655","Item uploaded through multiple feeds",Warning,,
"shopify_US_7227435450465_41871766290529","915","Item uploaded through multiple feeds",Warning,,
"shopify_US_7536982163553_44083395068001","3,715","Item uploaded through multiple feeds",Warning,,
"shopify_US_7536709009505_44082095849569","3,624","Item uploaded through multiple feeds",Warning,,
"shopify_US_7109502566497_41497976832097","504","Item uploaded through multiple feeds",Warning,,
"shopify_US_7502769193057_43731194019937","2,671","Item uploaded through multiple feeds",Warning,,
"shopify_US_7502790656097_43731329515617","2,746","Item uploaded through multiple feeds",Warning,,
"shopify_US_7230424645729_41883489271905","2,324","Item uploaded through multiple feeds",Warning,,
"shopify_US_7230336729185_41883236302945","1,809","Item uploaded through multiple feeds",Warning,,
"shopify_US_7109298487393_41497382289505","353","Item uploaded through multiple feeds",Warning,,
"shopify_US_7229259874401_41878819766369","1,235","Item uploaded through multiple feeds",Warning,,
"shopify_US_7536700391521_44082067505249","3,572","Item uploaded through multiple feeds",Warning,,
"shopify_US_7230424645729_41883488485473","2,300","Item uploaded through multiple feeds",Warning,,
"shopify_US_7108958519393_41496524554337","103","Item uploaded through multiple feeds",Warning,,
"shopify_US_7109117280353_41497062113377","219","Item uploaded through multiple feeds",Warning,,
"shopify_US_7536086089825_44077713784929","3,299","Item uploaded through multiple feeds",Warning,,
"shopify_US_7229259874401_41878821240929","1,238","Item uploaded through multiple feeds",Warning,,
"shopify_US_7536341024865_44080568926305","3,458","Item uploaded through multiple feeds",Warning,,
"shopify_US_7537369088097_44085195505761","4,268","Item uploaded through multiple feeds",Warning,,
"shopify_US_7535944368225_44076870860897","3,288","Item uploaded through multiple feeds",Warning,,
"shopify_US_7230332895329_41883219394657","1,738","Item uploaded through multiple feeds",Warning,,
"shopify_US_7537370628193_44085199110241","4,305","Item uploaded through multiple feeds",Warning,,
"shopify_US_7109125537889_41497086984289","250","Item uploaded through multiple feeds",Warning,,
"shopify_US_7227375714401_41871507193953","803","Item uploaded through multiple feeds",Warning,,
"shopify_US_7230168727649_41882673348705","1,532","Item uploaded through multiple feeds",Warning,,
"shopify_US_7227270791265_41871165358177","701","Item uploaded through multiple feeds",Warning,,
"shopify_US_7228788867169_41877295726689","1,044","Item uploaded through multiple feeds",Warning,,
"shopify_US_7229825581153_41881163563105","1,315","Item uploaded through multiple feeds",Warning,,
"shopify_US_7536334274657_44080553033825","3,358","Item uploaded through multiple feeds",Warning,,
"shopify_US_7241063825505_41929913139297","2,487","Item uploaded through multiple feeds",Warning,,
"shopify_US_7536700391521_44082067079265","3,559","Item uploaded through multiple feeds",Warning,,
"shopify_US_7535312896097_44057203736673","3,245","Item uploaded through multiple feeds",Warning,,
"shopify_US_7230415863905_41883442839649","2,118","Item uploaded through multiple feeds",Warning,,
"shopify_US_7536696328289_44082061639777","3,543","Item uploaded through multiple feeds",Warning,,
"shopify_US_7536337125473_44080618438753","3,398","Item uploaded through multiple feeds",Warning,,
"shopify_US_7670743498849_46501353652321","4,795","Item uploaded through multiple feeds",Warning,,
"shopify_US_7109267947617_41497323896929","264","Item uploaded through multiple feeds",Warning,,
"shopify_US_7230180884577_41882719125601","1,553","Item uploaded through multiple feeds",Warning,,
"shopify_US_7230157226081_41882625015905","1,459","Item uploaded through multiple feeds",Warning,,
"shopify_US_7241063825505_41929913008225","2,471","Item uploaded through multiple feeds",Warning,,
"shopify_US_7229128441953_41878470852705","1,109","Item uploaded through multiple feeds",Warning,,
"shopify_US_7607760388193_45707470536801","4,679","Item uploaded through multiple feeds",Warning,,
"shopify_US_7230323261537_41883177123937","1,670","Item uploaded through multiple feeds",Warning,,
"shopify_US_7537001431137_44083524763745","3,855","Item uploaded through multiple feeds",Warning,,
"shopify_US_7537227890785_44084491419745","4,152","Item uploaded through multiple feeds",Warning,,
"shopify_US_7229259874401_41878821765217","1,209","Item uploaded through multiple feeds",Warning,,
"shopify_US_7229825581153_41882664534113","1,298","Item uploaded through multiple feeds",Warning,,
"shopify_US_7502765949025_43731176587361","2,628","Item uploaded through multiple feeds",Warning,,
"shopify_US_7227355988065_41871478063201","758","Item uploaded through multiple feeds",Warning,,
"shopify_US_7537369120865_44085195997281","4,282","Item uploaded through multiple feeds",Warning,,
"shopify_US_7228788867169_41877295169633","1,066","Item uploaded through multiple feeds",Warning,,
"shopify_US_7227624554593_41872740221025","981","Item uploaded through multiple feeds",Warning,,
"shopify_US_7230336729185_41883235975265","1,795","Item uploaded through multiple feeds",Warning,,
"shopify_US_7533348618337_44046481850465","2,996","Item uploaded through multiple feeds",Warning,,
"shopify_US_7536240984161_44080415244385","3,307","Item uploaded through multiple feeds",Warning,,
"shopify_US_6718945034337_39756756189281","13","Item uploaded through multiple feeds",Warning,,
"shopify_US_7229825581153_41881163137121","1,289","Item uploaded through multiple feeds",Warning,,
"shopify_US_7537030234209_44083621429345","3,989","Item uploaded through multiple feeds",Warning,,
"shopify_US_7230159028321_41882634616929","1,499","Item uploaded through multiple feeds",Warning,,
"shopify_US_7229259874401_41878819930209","1,268","Item uploaded through multiple feeds",Warning,,
"shopify_US_7535312896097_44057203408993","3,235","Item uploaded through multiple feeds",Warning,,
"shopify_US_7230415863905_41883441823841","2,093","Item uploaded through multiple feeds",Warning,,
"shopify_US_7108953604193_41496508760161","100","Item uploaded through multiple feeds",Warning,,
"shopify_US_7230645239905_41884149284961","2,405","Item uploaded through multiple feeds",Warning,,
"shopify_US_7536240984161_44080416063585","3,332","Item uploaded through multiple feeds",Warning,,
"shopify_US_7227418738785_41871678144609","883","Item uploaded through multiple feeds",Warning,,
"shopify_US_7502178222177_43729953751137","2,556","Item uploaded through multiple feeds",Warning,,
"shopify_US_7230159028321_41882634125409","1,484","Item uploaded through multiple feeds",Warning,,
"shopify_US_7230418944097_41883459944545","2,191","Item uploaded through multiple feeds",Warning,,
"shopify_US_7502792622177_43731337150561","2,778","Item uploaded through multiple feeds",Warning,,
"shopify_US_7535312896097_44057203834977","3,248","Item uploaded through multiple feeds",Warning,,
"shopify_US_6718945034337_39756756385889","18","Item uploaded through multiple feeds",Warning,,
"shopify_US_7109443256417_41497808568417","376","Item uploaded through multiple feeds",Warning,,
"shopify_US_7537002971233_44083529973857","3,876","Item uploaded through multiple feeds",Warning,,
"shopify_US_7109472288865_41497918603361","443","Item uploaded through multiple feeds",Warning,,
"shopify_US_7535944368225_44076870664289","3,282","Item uploaded through multiple feeds",Warning,,
"shopify_US_7537369120865_44085196062817","4,284","Item uploaded through multiple feeds",Warning,,
"shopify_US_7229259874401_41878822420577","1,241","Item uploaded through multiple feeds",Warning,,
"shopify_US_7230327128161_41883188265057","1,695","Item uploaded through multiple feeds",Warning,,
"shopify_US_7536086089825_44077713916001","3,303","Item uploaded through multiple feeds",Warning,,
"shopify_US_7228788867169_41877295202401","1,027","Item uploaded through multiple feeds",Warning,,
"shopify_US_7241063825505_41929914056801","2,473","Item uploaded through multiple feeds",Warning,,
"shopify_US_7230159618145_41882637041761","1,513","Item uploaded through multiple feeds",Warning,,
"shopify_US_6718945034337_39756756025441","7","Item uploaded through multiple feeds",Warning,,
"shopify_US_7545373130849_44116578467937","4,475","Item uploaded through multiple feeds",Warning,,
"shopify_US_7229023846497_41878199009377","1,072","Item uploaded through multiple feeds",Warning,,
"shopify_US_7537370628193_44085198848097","4,297","Item uploaded through multiple feeds",Warning,,
"shopify_US_7536334274657_44080552869985","3,353","Item uploaded through multiple feeds",Warning,,
"shopify_US_7535227666529_44056520556641","3,231","Item uploaded through multiple feeds",Warning,,
"shopify_US_7230645239905_41884150071393","2,424","Item uploaded through multiple feeds",Warning,,
"shopify_US_7230423236705_41883483078753","2,296","Item uploaded through multiple feeds",Warning,,
"shopify_US_6718948147297_39756764905569","33","Item uploaded through multiple feeds",Warning,,
"shopify_US_7230338039905_41883246329953","1,926","Item uploaded through multiple feeds",Warning,,
"shopify_US_7229259874401_41878819831905","1,249","Item uploaded through multiple feeds",Warning,,
"shopify_US_7109514395745_41498011369569","524","Item uploaded through multiple feeds",Warning,,
"shopify_US_7537001431137_44083524829281","3,857","Item uploaded through multiple feeds",Warning,,
"shopify_US_7230191665249_41882755694689","1,615","Item uploaded through multiple feeds",Warning,,
"shopify_US_7535227666529_44056519901281","3,211","Item uploaded through multiple feeds",Warning,,
"shopify_US_7536709501025_44082098536545","3,643","Item uploaded through multiple feeds",Warning,,
"shopify_US_7536947003489_44083348078689","3,680","Item uploaded through multiple feeds",Warning,,
"shopify_US_7109298487393_41497381437537","330","Item uploaded through multiple feeds",Warning,,
"shopify_US_7502792949857_43731338133601","2,789","Item uploaded through multiple feeds",Warning,,
"shopify_US_7230415863905_41883442184289","2,098","Item uploaded through multiple feeds",Warning,,
"shopify_US_7230156701793_41882623148129","1,440","Item uploaded through multiple feeds",Warning,,
"shopify_US_7229835542625_41882665386081","1,343","Item uploaded through multiple feeds",Warning,,
"shopify_US_7227378925665_41871521185889","844","Item uploaded through multiple feeds",Warning,,
"shopify_US_7585980055649_45099272208481","4,627","Item uploaded through multiple feeds",Warning,,
"shopify_US_7562834215009_44803375923297","4,515","Item uploaded through multiple feeds",Warning,,
"shopify_US_7230332895329_41883216609377","1,785","Item uploaded through multiple feeds",Warning,,
"shopify_US_7230180884577_41882725843041","1,566","Item uploaded through multiple feeds",Warning,,
"shopify_US_7230159028321_41882634059873","1,482","Item uploaded through multiple feeds",Warning,,
"shopify_US_7536340729953_44080564568161","3,428","Item uploaded through multiple feeds",Warning,,
"shopify_US_7536988520545_44083434455137","3,779","Item uploaded through multiple feeds",Warning,,
"shopify_US_7502192214113_43729980850273","2,598","Item uploaded through multiple feeds",Warning,,
"shopify_US_7502770602081_43731201687649","2,693","Item uploaded through multiple feeds",Warning,,
"shopify_US_7230336729185_41883237810273","1,797","Item uploaded through multiple feeds",Warning,,
"shopify_US_7230332895329_41883216412769","1,773","Item uploaded through multiple feeds",Warning,,
"shopify_US_7537002971233_44083530104929","3,880","Item uploaded through multiple feeds",Warning,,
"shopify_US_7230423236705_41883481964641","2,262","Item uploaded through multiple feeds",Warning,,
"shopify_US_7109472288865_41497918308449","435","Item uploaded through multiple feeds",Warning,,
"shopify_US_7502770045025_43731197198433","2,683","Item uploaded through multiple feeds",Warning,,
"shopify_US_7502791671905_43731333251169","2,771","Item uploaded through multiple feeds",Warning,,
"shopify_US_7230159028321_41882634322017","1,490","Item uploaded through multiple feeds",Warning,,
"shopify_US_6718945034337_39756756287585","15","Item uploaded through multiple feeds",Warning,,
"shopify_US_7672336646241_46512188620897","4,875","Item uploaded through multiple feeds",Warning,,
"shopify_US_7502793179233_43731339608161","2,804","Item uploaded through multiple feeds",Warning,,
"shopify_US_7533429358689_44046853406817","3,084","Item uploaded through multiple feeds",Warning,,
"shopify_US_7535320465505_44057221398625","3,260","Item uploaded through multiple feeds",Warning,,
"shopify_US_7672336646241_46512190160993","4,920","Item uploaded through multiple feeds",Warning,,
"shopify_US_7533430440033_44046903279713","3,094","Item uploaded through multiple feeds",Warning,,
"shopify_US_7536469639265_44080804331617","3,515","Item uploaded through multiple feeds",Warning,,
"shopify_US_7535227666529_44056520491105","3,229","Item uploaded through multiple feeds",Warning,,
"shopify_US_7537369088097_44085194424417","4,249","Item uploaded through multiple feeds",Warning,,
"shopify_US_7536709501025_44082098667617","3,647","Item uploaded through multiple feeds",Warning,,
"shopify_US_7502765949025_43731176882273","2,637","Item uploaded through multiple feeds",Warning,,
"shopify_US_7536947003489_44083347980385","3,677","Item uploaded through multiple feeds",Warning,,
"shopify_US_7502187888737_43729970167905","2,572","Item uploaded through multiple feeds",Warning,,
"shopify_US_7230645239905_41884148105313","2,376","Item uploaded through multiple feeds",Warning,,
"shopify_US_7510267494497_43765461287009","2,917","Item uploaded through multiple feeds",Warning,,
"shopify_US_7230339711073_41883256291425","1,964","Item uploaded through multiple feeds",Warning,,
"shopify_US_7536982294625_44083398213729","3,729","Item uploaded through multiple feeds",Warning,,
"shopify_US_7585980055649_45099272306785","4,630","Item uploaded through multiple feeds",Warning,,
"shopify_US_7536982163553_44083394805857","3,704","Item uploaded through multiple feeds",Warning,,
"shopify_US_7110368919649_41500577595489","648","Item uploaded through multiple feeds",Warning,,
"shopify_US_7108998987873_41496666669153","173","Item uploaded through multiple feeds",Warning,,
"shopify_US_7230645239905_41884149973089","2,422","Item uploaded through multiple feeds",Warning,,
"shopify_US_7545279840353_44116032716897","4,465","Item uploaded through multiple feeds",Warning,,
"shopify_US_7230645239905_41884150235233","2,428","Item uploaded through multiple feeds",Warning,,
"shopify_US_7533403799649_44046785675361","3,055","Item uploaded through multiple feeds",Warning,,
"shopify_US_7670683762785_46501285101665","4,738","Item uploaded through multiple feeds",Warning,,
"shopify_US_7230327128161_41883188822113","1,724","Item uploaded through multiple feeds",Warning,,
"shopify_US_7672336646241_46512187539553","4,842","Item uploaded through multiple feeds",Warning,,
"shopify_US_7535944368225_44076870795361","3,286","Item uploaded through multiple feeds",Warning,,
"shopify_US_7672336646241_46512189800545","4,909","Item uploaded through multiple feeds",Warning,,
"shopify_US_7109072257121_41496915705953","188","Item uploaded through multiple feeds",Warning,,
"shopify_US_7227378892897_41871520464993","823","Item uploaded through multiple feeds",Warning,,
"shopify_US_7537002971233_44083529875553","3,873","Item uploaded through multiple feeds",Warning,,
"shopify_US_7670738223201_46501345656929","4,769","Item uploaded through multiple feeds",Warning,,
"shopify_US_7537105961057_44083933085793","4,075","Item uploaded through multiple feeds",Warning,,
"shopify_US_7230342004833_41883273658465","2,080","Item uploaded through multiple feeds",Warning,,
"shopify_US_7109298487393_41497381109857","321","Item uploaded through multiple feeds",Warning,,
"shopify_US_7109298487393_41497381142625","322","Item uploaded through multiple feeds",Warning,,
"shopify_US_7505374838881_43740398026849","2,862","Item uploaded through multiple feeds",Warning,,
"shopify_US_7533348618337_44046481784929","2,994","Item uploaded through multiple feeds",Warning,,
"shopify_US_7672336646241_46512189767777","4,908","Item uploaded through multiple feeds",Warning,,
"shopify_US_7537113563233_44083974766689","4,117","Item uploaded through multiple feeds",Warning,,
"shopify_US_7670674391137_46501275041889","4,724","Item uploaded through multiple feeds",Warning,,
"shopify_US_7230342004833_41883271954529","2,028","Item uploaded through multiple feeds",Warning,,
"shopify_US_7537367384161_44085188853857","4,205","Item uploaded through multiple feeds",Warning,,
"shopify_US_7537001431137_44083525025889","3,863","Item uploaded through multiple feeds",Warning,,
"shopify_US_7585980055649_45099272142945","4,625","Item uploaded through multiple feeds",Warning,,
"shopify_US_7108996530273_41496660246625","167","Item uploaded through multiple feeds",Warning,,
"shopify_US_7497751986273_43677180690529","2,551","Item uploaded through multiple feeds",Warning,,
"shopify_US_7241063825505_41929912516705","2,474","Item uploaded through multiple feeds",Warning,,
"shopify_US_7230645239905_41884150268001","2,429","Item uploaded through multiple feeds",Warning,,
"shopify_US_7505374838881_43740397830241","2,856","Item uploaded through multiple feeds",Warning,,
"shopify_US_7227355988065_41871477899361","753","Item uploaded through multiple feeds",Warning,,
"shopify_US_7109298487393_41497381503073","332","Item uploaded through multiple feeds",Warning,,
"shopify_US_7510267494497_43765494251617","2,911","Item uploaded through multiple feeds",Warning,,
"shopify_US_7241201942625_41930339057761","2,530","Item uploaded through multiple feeds",Warning,,
"shopify_US_7505375232097_43740400844897","2,877","Item uploaded through multiple feeds",Warning,,
"shopify_US_7537366597729_44085185085537","4,163","Item uploaded through multiple feeds",Warning,,
"shopify_US_7536700391521_44082067308641","3,566","Item uploaded through multiple feeds",Warning,,
"shopify_US_7230338039905_41883246395489","1,928","Item uploaded through multiple feeds",Warning,,
"shopify_US_7536469639265_44080804528225","3,521","Item uploaded through multiple feeds",Warning,,
"shopify_US_7585867432033_45098823843937","4,551","Item uploaded through multiple feeds",Warning,,
"shopify_US_7108988764257_41496634654817","149","Item uploaded through multiple feeds",Warning,,
"shopify_US_7536240984161_44080415965281","3,329","Item uploaded through multiple feeds",Warning,,
"shopify_US_7229825581153_41881163268193","1,297","Item uploaded through multiple feeds",Warning,,
"shopify_US_7536992976993_44083478134881","3,792","Item uploaded through multiple feeds",Warning,,
"shopify_US_7585980055649_45099272274017","4,629","Item uploaded through multiple feeds",Warning,,
"shopify_US_7230339711073_41883257503841","2,001","Item uploaded through multiple feeds",Warning,,
"shopify_US_7537372463201_44085204516961","4,336","Item uploaded through multiple feeds",Warning,,
"shopify_US_7108996530273_41496660344929","169","Item uploaded through multiple feeds",Warning,,
"shopify_US_7502768210017_43731189203041","2,645","Item uploaded through multiple feeds",Warning,,
"shopify_US_7537979359329_44087876649057","4,384","Item uploaded through multiple feeds",Warning,,
"shopify_US_7536992976993_44083478462561","3,797","Item uploaded through multiple feeds",Warning,,
"shopify_US_7109122097249_41497077350497","236","Item uploaded through multiple feeds",Warning,,
"shopify_US_7229259874401_41878821896289","1,233","Item uploaded through multiple feeds",Warning,,
"shopify_US_7241063825505_41929912877153","2,455","Item uploaded through multiple feeds",Warning,,
"shopify_US_7227630649441_41872775151713","1,003","Item uploaded through multiple feeds",Warning,,
"shopify_US_7230323261537_41883176992865","1,664","Item uploaded through multiple feeds",Warning,,
"shopify_US_7230180884577_41882726105185","1,578","Item uploaded through multiple feeds",Warning,,
"shopify_US_7502192214113_43729980751969","2,595","Item uploaded through multiple feeds",Warning,,
"shopify_US_7108996530273_41496660443233","172","Item uploaded through multiple feeds",Warning,,
"shopify_US_7536709664865_44082099748961","3,670","Item uploaded through multiple feeds",Warning,,
"shopify_US_7536709664865_44082099880033","3,674","Item uploaded through multiple feeds",Warning,,
"shopify_US_7537370628193_44104099889249","4,322","Item uploaded through multiple feeds",Warning,,
"shopify_US_7230327128161_41883192328289","1,725","Item uploaded through multiple feeds",Warning,,
"shopify_US_7109267947617_41497324093537","270","Item uploaded through multiple feeds",Warning,,
"shopify_US_7227356282977_41871479013473","769","Item uploaded through multiple feeds",Warning,,
"shopify_US_7502765719649_43731175768161","2,616","Item uploaded through multiple feeds",Warning,,
"shopify_US_7537978572897_44087869341793","4,354","Item uploaded through multiple feeds",Warning,,
"shopify_US_7229259874401_41878822649953","1,288","Item uploaded through multiple feeds",Warning,,
"shopify_US_7230191665249_41882763133025","1,610","Item uploaded through multiple feeds",Warning,,
"shopify_US_7230645239905_41884148564065","2,387","Item uploaded through multiple feeds",Warning,,
"shopify_US_7502792622177_43731337183329","2,779","Item uploaded through multiple feeds",Warning,,
"shopify_US_7537227890785_44084490338401","4,124","Item uploaded through multiple feeds",Warning,,
"shopify_US_7510791258209_43768836882529","2,954","Item uploaded through multiple feeds",Warning,,
"shopify_US_7502192214113_43729981014113","2,603","Item uploaded through multiple feeds",Warning,,
"shopify_US_7670746775649_46501359517793","4,820","Item uploaded through multiple feeds",Warning,,
"shopify_US_7670695526497_46501299388513","4,753","Item uploaded through multiple feeds",Warning,,
"shopify_US_7109472288865_41497918013537","427","Item uploaded through multiple feeds",Warning,,
"shopify_US_7241063825505_41929913925729","2,457","Item uploaded through multiple feeds",Warning,,
"shopify_US_7109072257121_41496915542113","184","Item uploaded through multiple feeds",Warning,,
"shopify_US_7536700391521_44082067177569","3,562","Item uploaded through multiple feeds",Warning,,
"shopify_US_7109292130401_41497360957537","303","Item uploaded through multiple feeds",Warning,,
"shopify_US_7229026304097_41878208479329","1,084","Item uploaded through multiple feeds",Warning,,
"shopify_US_7502178222177_43729955127393","2,562","Item uploaded through multiple feeds",Warning,,
"shopify_US_7537003266145_44083531415649","3,903","Item uploaded through multiple feeds",Warning,,
"shopify_US_7230336729185_41883238498401","1,848","Item uploaded through multiple feeds",Warning,,
"shopify_US_7537978572897_44087869472865","4,358","Item uploaded through multiple feeds",Warning,,
"shopify_US_7502768210017_43731189366881","2,650","Item uploaded through multiple feeds",Warning,,
"shopify_US_7230336729185_41883238105185","1,818","Item uploaded through multiple feeds",Warning,,
"shopify_US_7562834215009_44803376349281","4,528","Item uploaded through multiple feeds",Warning,,
"shopify_US_7230338039905_41883245543521","1,902","Item uploaded through multiple feeds",Warning,,
"shopify_US_7227418738785_41871678111841","882","Item uploaded through multiple feeds",Warning,,
"shopify_US_7536709501025_44082099028065","3,658","Item uploaded through multiple feeds",Warning,,
"shopify_US_7227270791265_41871164866657","720","Item uploaded through multiple feeds",Warning,,
"shopify_US_7227375714401_41871506800737","793","Item uploaded through multiple feeds",Warning,,
"shopify_US_7537003266145_44083531874401","3,914","Item uploaded through multiple feeds",Warning,,
"shopify_US_7502771519585_43731206996065","2,712","Item uploaded through multiple feeds",Warning,,
"shopify_US_7672336646241_46512188227681","4,863","Item uploaded through multiple feeds",Warning,,
"shopify_US_7227375714401_41871507161185","802","Item uploaded through multiple feeds",Warning,,
"shopify_US_7227418738785_41871678406753","891","Item uploaded through multiple feeds",Warning,,
"shopify_US_7230332895329_41883220508769","1,783","Item uploaded through multiple feeds",Warning,,
"shopify_US_7533454426209_44047096545377","3,133","Item uploaded through multiple feeds",Warning,,
"shopify_US_7230327128161_41883192197217","1,713","Item uploaded through multiple feeds",Warning,,
"shopify_US_7502836007009_43731511935073","2,830","Item uploaded through multiple feeds",Warning,,
"shopify_US_7227379023969_41871521841249","856","Item uploaded through multiple feeds",Warning,,
"shopify_US_7230332895329_41883219460193","1,740","Item uploaded through multiple feeds",Warning,,
"shopify_US_7230336729185_41883237580897","1,856","Item uploaded through multiple feeds",Warning,,
"shopify_US_7536992976993_44083479281761","3,836","Item uploaded through multiple feeds",Warning,,
"shopify_US_7502770045025_43731197001825","2,677","Item uploaded through multiple feeds",Warning,,
"shopify_US_7536984359009_44083408830561","3,750","Item uploaded through multiple feeds",Warning,,
"shopify_US_7670738223201_46501345558625","4,766","Item uploaded through multiple feeds",Warning,,
"shopify_US_7536709501025_44082098962529","3,656","Item uploaded through multiple feeds",Warning,,
"shopify_US_7230342004833_41883271888993","2,026","Item uploaded through multiple feeds",Warning,,
"shopify_US_7537041342561_44083683557473","4,043","Item uploaded through multiple feeds",Warning,,
"shopify_US_7230157226081_41882625310817","1,468","Item uploaded through multiple feeds",Warning,,
"shopify_US_7670746775649_46501359648865","4,824","Item uploaded through multiple feeds",Warning,,
"shopify_US_7109083267169_41496956076129","193","Item uploaded through multiple feeds",Warning,,
"shopify_US_7670744842337_46501356666977","4,808","Item uploaded through multiple feeds",Warning,,
"shopify_US_7541022818401_44096525860961","4,421","Item uploaded through multiple feeds",Warning,,
"shopify_US_7110356631649_41500537880673","585","Item uploaded through multiple feeds",Warning,,
"shopify_US_7585980055649_45099271848033","4,616","Item uploaded through multiple feeds",Warning,,
"shopify_US_7241063825505_41929913565281","2,476","Item uploaded through multiple feeds",Warning,,
"shopify_US_7229259874401_41878821437537","1,278","Item uploaded through multiple feeds",Warning,,
"shopify_US_7536709501025_44082098438241","3,640","Item uploaded through multiple feeds",Warning,,
"shopify_US_7229128441953_41878470262881","1,120","Item uploaded through multiple feeds",Warning,,
"shopify_US_7230150213729_41882608009313","1,390","Item uploaded through multiple feeds",Warning,,
"shopify_US_7672336646241_46512187441249","4,839","Item uploaded through multiple feeds",Warning,,
"shopify_US_7109472288865_41497918799969","448","Item uploaded through multiple feeds",Warning,,
"shopify_US_7537367679073_44085191082081","4,234","Item uploaded through multiple feeds",Warning,,
"shopify_US_7230156701793_41882623311969","1,450","Item uploaded through multiple feeds",Warning,,
"shopify_US_7502790656097_43731329253473","2,738","Item uploaded through multiple feeds",Warning,,
"shopify_US_7534719860833_44054269722721","3,166","Item uploaded through multiple feeds",Warning,,
"shopify_US_7536992976993_44083479511137","3,826","Item uploaded through multiple feeds",Warning,,
"shopify_US_7536992976993_44083478823009","3,815","Item uploaded through multiple feeds",Warning,,
"shopify_US_7229259874401_41878822322273","1,222","Item uploaded through multiple feeds",Warning,,
"shopify_US_7230645239905_41884150202465","2,427","Item uploaded through multiple feeds",Warning,,
"shopify_US_7229128441953_41878470000737","1,104","Item uploaded through multiple feeds",Warning,,
"shopify_US_7670738223201_46501345853537","4,775","Item uploaded through multiple feeds",Warning,,
"shopify_US_7109517770849_41498026442849","539","Item uploaded through multiple feeds",Warning,,
"shopify_US_7229130801249_41878480158817","1,178","Item uploaded through multiple feeds",Warning,,
"shopify_US_7537227890785_44084491124833","4,143","Item uploaded through multiple feeds",Warning,,
"shopify_US_7533404291169_44046788329569","3,073","Item uploaded through multiple feeds",Warning,,
"shopify_US_7537003266145_44083531907169","3,915","Item uploaded through multiple feeds",Warning,,
"shopify_US_7110364856417_41500567044193","636","Item uploaded through multiple feeds",Warning,,
"shopify_US_7230418944097_41883459059809","2,164","Item uploaded through multiple feeds",Warning,,
"shopify_US_7230339711073_41883255963745","1,954","Item uploaded through multiple feeds",Warning,,
"shopify_US_7230159028321_41882634354785","1,491","Item uploaded through multiple feeds",Warning,,
"shopify_US_7230150213729_41882612269153","1,381","Item uploaded through multiple feeds",Warning,,
"shopify_US_7227270791265_41871165456481","722","Item uploaded through multiple feeds",Warning,,
"shopify_US_7230424645729_41883489402977","2,328","Item uploaded through multiple feeds",Warning,,
"shopify_US_7537007198305_44083544195169","3,936","Item uploaded through multiple feeds",Warning,,
"shopify_US_7607758422113_45707249090657","4,657","Item uploaded through multiple feeds",Warning,,
"shopify_US_7502770602081_43731201720417","2,694","Item uploaded through multiple feeds",Warning,,
"shopify_US_7227270791265_41871165161569","721","Item uploaded through multiple feeds",Warning,,
"shopify_US_7516479848545_43831323132001","2,973","Item uploaded through multiple feeds",Warning,,
"shopify_US_7585992048737_45099305336929","4,647","Item uploaded through multiple feeds",Warning,,
"shopify_US_7545279512673_44116031406177","4,445","Item uploaded through multiple feeds",Warning,,
"shopify_US_7230423236705_41883483045985","2,295","Item uploaded through multiple feeds",Warning,,
"shopify_US_7109292130401_41497361547361","319","Item uploaded through multiple feeds",Warning,,
"shopify_US_7109298487393_41497382027361","346","Item uploaded through multiple feeds",Warning,,
"shopify_US_7230339711073_41883256750177","1,978","Item uploaded through multiple feeds",Warning,,
"shopify_US_7537041342561_44083683262561","4,035","Item uploaded through multiple feeds",Warning,,
"shopify_US_7545279840353_44116032782433","4,467","Item uploaded through multiple feeds",Warning,,
"shopify_US_7533404291169_44046788460641","3,077","Item uploaded through multiple feeds",Warning,,
"shopify_US_7502792949857_43731338199137","2,791","Item uploaded through multiple feeds",Warning,,
"shopify_US_7227418738785_41871678275681","887","Item uploaded through multiple feeds",Warning,,
"shopify_US_7537105961057_44083932627041","4,061","Item uploaded through multiple feeds",Warning,,
"shopify_US_7537227890785_44084490469473","4,128","Item uploaded through multiple feeds",Warning,,
"shopify_US_7537979359329_44087876681825","4,385","Item uploaded through multiple feeds",Warning,,
"shopify_US_7229259874401_41878819733601","1,229","Item uploaded through multiple feeds",Warning,,
"shopify_US_7607764287585_45708175376481","4,698","Item uploaded through multiple feeds",Warning,,
"shopify_US_7230423236705_41883482685537","2,284","Item uploaded through multiple feeds",Warning,,
"shopify_US_7230415863905_41883443167329","2,126","Item uploaded through multiple feeds",Warning,,
"shopify_US_7536240984161_44080415998049","3,330","Item uploaded through multiple feeds",Warning,,
"shopify_US_7108986404961_41496623874145","142","Item uploaded through multiple feeds",Warning,,
"shopify_US_7536337125473_44080556343393","3,369","Item uploaded through multiple feeds",Warning,,
"shopify_US_7230338039905_41883246264417","1,924","Item uploaded through multiple feeds",Warning,,
"shopify_US_7535210594401_44056191991905","3,193","Item uploaded through multiple feeds",Warning,,
"shopify_US_7230339711073_41883257897057","2,013","Item uploaded through multiple feeds",Warning,,
"shopify_US_7230327128161_41883188691041","1,710","Item uploaded through multiple feeds",Warning,,
"shopify_US_7230150213729_41882607943777","1,386","Item uploaded through multiple feeds",Warning,,
"shopify_US_7229835542625_41882665484385","1,349","Item uploaded through multiple feeds",Warning,,
"shopify_US_7536341024865_44080569024609","3,461","Item uploaded through multiple feeds",Warning,,
"shopify_US_7228773466209_41877252046945","1,021","Item uploaded through multiple feeds",Warning,,
"shopify_US_7109125537889_41497086951521","249","Item uploaded through multiple feeds",Warning,,
"shopify_US_7229027876961_41878213853281","1,096","Item uploaded through multiple feeds",Warning,,
"shopify_US_7230339711073_41883257798753","2,010","Item uploaded through multiple feeds",Warning,,
"shopify_US_7241201942625_41930339090529","2,531","Item uploaded through multiple feeds",Warning,,
"shopify_US_7227624554593_41872740319329","984","Item uploaded through multiple feeds",Warning,,
"shopify_US_7227436367969_41871770189921","935","Item uploaded through multiple feeds",Warning,,
"shopify_US_7585980055649_45099271618657","4,609","Item uploaded through multiple feeds",Warning,,
"shopify_US_7230180884577_41882718928993","1,544","Item uploaded through multiple feeds",Warning,,
"shopify_US_7502770602081_43731201753185","2,695","Item uploaded through multiple feeds",Warning,,
"shopify_US_7670743498849_46501353816161","4,799","Item uploaded through multiple feeds",Warning,,
"shopify_US_7109472288865_41497917882465","423","Item uploaded through multiple feeds",Warning,,
"shopify_US_7230332895329_41883220443233","1,780","Item uploaded through multiple feeds",Warning,,
"shopify_US_7537370628193_44085199208545","4,308","Item uploaded through multiple feeds",Warning,,
"shopify_US_7537367023713_44085186592865","4,189","Item uploaded through multiple feeds",Warning,,
"shopify_US_7536334274657_44080553230433","3,364","Item uploaded through multiple feeds",Warning,,
"shopify_US_7227375714401_41871507030113","799","Item uploaded through multiple feeds",Warning,,
"shopify_US_7230168727649_41882673021025","1,522","Item uploaded through multiple feeds",Warning,,
"shopify_US_7228788867169_41877295530081","1,067","Item uploaded through multiple feeds",Warning,,
"shopify_US_7536337125473_44080556474465","3,373","Item uploaded through multiple feeds",Warning,,
"shopify_US_7241105670241_41930031824993","2,520","Item uploaded through multiple feeds",Warning,,
"shopify_US_7536709501025_44082098864225","3,653","Item uploaded through multiple feeds",Warning,,
"shopify_US_7545279217761_44116028719201","4,442","Item uploaded through multiple feeds",Warning,,
"shopify_US_7227418738785_41871678308449","888","Item uploaded through multiple feeds",Warning,,
"shopify_US_7536982163553_44083394871393","3,706","Item uploaded through multiple feeds",Warning,,
"shopify_US_6719792873569_39762137186401","89","Item uploaded through multiple feeds",Warning,,
"shopify_US_7230415863905_41883443986529","2,146","Item uploaded through multiple feeds",Warning,,
"shopify_US_7510267494497_43765460926561","2,904","Item uploaded through multiple feeds",Warning,,
"shopify_US_7241105670241_41930032218209","2,526","Item uploaded through multiple feeds",Warning,,
"shopify_US_7109472288865_41497918210145","432","Item uploaded through multiple feeds",Warning,,
"shopify_US_7537038917729_44083660914785","4,005","Item uploaded through multiple feeds",Warning,,
"shopify_US_7230150213729_41882607779937","1,376","Item uploaded through multiple feeds",Warning,,
"shopify_US_7537109991521_44083955335265","4,092","Item uploaded through multiple feeds",Warning,,
"shopify_US_7537227890785_44084491321441","4,149","Item uploaded through multiple feeds",Warning,,
"shopify_US_7230338039905_41883244888161","1,882","Item uploaded through multiple feeds",Warning,,
"shopify_US_7227434958945_41871764029537","909","Item uploaded through multiple feeds",Warning,,
"shopify_US_7230327128161_41883188297825","1,696","Item uploaded through multiple feeds",Warning,,
"shopify_US_7536947003489_44083348701281","3,699","Item uploaded through multiple feeds",Warning,,
"shopify_US_7537109991521_44083955073121","4,084","Item uploaded through multiple feeds",Warning,,
"shopify_US_7230323261537_41883177255009","1,676","Item uploaded through multiple feeds",Warning,,
"shopify_US_7502765719649_43731176063073","2,625","Item uploaded through multiple feeds",Warning,,
"shopify_US_7230332895329_41883219198049","1,730","Item uploaded through multiple feeds",Warning,,
"shopify_US_7229130342497_41878478651489","1,164","Item uploaded through multiple feeds",Warning,,
"shopify_US_7536337125473_44080556900449","3,386","Item uploaded through multiple feeds",Warning,,
"shopify_US_7230415863905_41883442151521","2,097","Item uploaded through multiple feeds",Warning,,
"shopify_US_7533404291169_44046788427873","3,076","Item uploaded through multiple feeds",Warning,,
"shopify_US_7109084807265_41496962564193","203","Item uploaded through multiple feeds",Warning,,
"shopify_US_7227374534753_41871499984993","786","Item uploaded through multiple feeds",Warning,,
"shopify_US_7535210594401_44056192417889","3,207","Item uploaded through multiple feeds",Warning,,
"shopify_US_7672336646241_46512187146337","4,830","Item uploaded through multiple feeds",Warning,,
"shopify_US_7228788867169_41877296218209","1,061","Item uploaded through multiple feeds",Warning,,
"shopify_US_7670738223201_46501345886305","4,776","Item uploaded through multiple feeds",Warning,,
"shopify_US_7227375714401_41871507062881","800","Item uploaded through multiple feeds",Warning,,
"shopify_US_7537227890785_44084491812961","4,158","Item uploaded through multiple feeds",Warning,,
"shopify_US_7110356631649_41500538110049","591","Item uploaded through multiple feeds",Warning,,
"shopify_US_7227270791265_41871164538977","712","Item uploaded through multiple feeds",Warning,,
"shopify_US_7229026304097_41878208282721","1,079","Item uploaded through multiple feeds",Warning,,
"shopify_US_7536700391521_44082066849889","3,552","Item uploaded through multiple feeds",Warning,,
"shopify_US_7227436367969_41871770058849","931","Item uploaded through multiple feeds",Warning,,
"shopify_US_7230323261537_41883174633569","1,689","Item uploaded through multiple feeds",Warning,,
"shopify_US_7670695526497_46501299191905","4,749","Item uploaded through multiple feeds",Warning,,
"shopify_US_7536992976993_44083479019617","3,832","Item uploaded through multiple feeds",Warning,,
"shopify_US_7536988520545_44083434225761","3,772","Item uploaded through multiple feeds",Warning,,
"shopify_US_7536341024865_44080569516129","3,476","Item uploaded through multiple feeds",Warning,,
"shopify_US_7537367023713_44085186625633","4,190","Item uploaded through multiple feeds",Warning,,
"shopify_US_7230415863905_41883442479201","2,105","Item uploaded through multiple feeds",Warning,,
"shopify_US_7536334274657_44080553164897","3,362","Item uploaded through multiple feeds",Warning,,
"shopify_US_7109454135393_41497849462881","409","Item uploaded through multiple feeds",Warning,,
"shopify_US_7230342004833_41883273199713","2,066","Item uploaded through multiple feeds",Warning,,
"shopify_US_7230194942049_41882771521633","1,632","Item uploaded through multiple feeds",Warning,,
"shopify_US_7537002971233_44083530465377","3,891","Item uploaded through multiple feeds",Warning,,
"shopify_US_7109125537889_41497086918753","248","Item uploaded through multiple feeds",Warning,,
"shopify_US_7229130801249_41878480126049","1,177","Item uploaded through multiple feeds",Warning,,
"shopify_US_7502770045025_43731197329505","2,687","Item uploaded through multiple feeds",Warning,,
"shopify_US_7109298487393_41497382322273","354","Item uploaded through multiple feeds",Warning,,
"shopify_US_7108996530273_41496660410465","171","Item uploaded through multiple feeds",Warning,,
"shopify_US_7502770896993_43731203424353","2,707","Item uploaded through multiple feeds",Warning,,
"shopify_US_7533454655585_44047097823329","3,145","Item uploaded through multiple feeds",Warning,,
"shopify_US_7230323261537_41883174240353","1,677","Item uploaded through multiple feeds",Warning,,
"shopify_US_7229825581153_41881163399265","1,305","Item uploaded through multiple feeds",Warning,,
"shopify_US_7672336646241_46512190292065","4,924","Item uploaded through multiple feeds",Warning,,
"shopify_US_7241063825505_41929913991265","2,465","Item uploaded through multiple feeds",Warning,,
"shopify_US_7230339711073_41883257176161","1,991","Item uploaded through multiple feeds",Warning,,
"shopify_US_7533429358689_44046853374049","3,083","Item uploaded through multiple feeds",Warning,,
"shopify_US_7227378925665_41871520923745","836","Item uploaded through multiple feeds",Warning,,
"shopify_US_7537113563233_44083974733921","4,116","Item uploaded through multiple feeds",Warning,,
"shopify_US_7230157226081_41882625441889","1,472","Item uploaded through multiple feeds",Warning,,
"shopify_US_7537105961057_44083933053025","4,074","Item uploaded through multiple feeds",Warning,,
"shopify_US_7230645239905_41884148072545","2,375","Item uploaded through multiple feeds",Warning,,
"shopify_US_7536337125473_44080619094113","3,418","Item uploaded through multiple feeds",Warning,,
"shopify_US_7533454655585_44047097921633","3,148","Item uploaded through multiple feeds",Warning,,
"shopify_US_7229828202593_41881176834145","1,323","Item uploaded through multiple feeds",Warning,,
"shopify_US_7535312896097_44057204064353","3,255","Item uploaded through multiple feeds",Warning,,
"shopify_US_7230157226081_41882624819297","1,453","Item uploaded through multiple feeds",Warning,,
"shopify_US_7227418738785_41871678046305","880","Item uploaded through multiple feeds",Warning,,
"shopify_US_7227270791265_41871166472289","745","Item uploaded through multiple feeds",Warning,,
"shopify_US_7230418944097_41883460370529","2,204","Item uploaded through multiple feeds",Warning,,
"shopify_US_7230424645729_41883490877537","2,373","Item uploaded through multiple feeds",Warning,,
"shopify_US_7537001431137_44083524698209","3,853","Item uploaded through multiple feeds",Warning,,
"shopify_US_7537025613921_44083599966305","3,968","Item uploaded through multiple feeds",Warning,,
"shopify_US_7516369715297_43821479493729","2,955","Item uploaded through multiple feeds",Warning,,
"shopify_US_7227379023969_41871522168929","866","Item uploaded through multiple feeds",Warning,,
"shopify_US_7537030234209_44083621396577","3,988","Item uploaded through multiple feeds",Warning,,
"shopify_US_7241105670241_41930030645345","2,502","Item uploaded through multiple feeds",Warning,,
"shopify_US_7230194942049_41882772209761","1,648","Item uploaded through multiple feeds",Warning,,
"shopify_US_7510267494497_43765461319777","2,918","Item uploaded through multiple feeds",Warning,,
"shopify_US_7230323261537_41883174502497","1,685","Item uploaded through multiple feeds",Warning,,
"shopify_US_7535210594401_44056191762529","3,186","Item uploaded through multiple feeds",Warning,,
"shopify_US_7230338039905_41883245936737","1,914","Item uploaded through multiple feeds",Warning,,
"shopify_US_7227270299745_41871161393249","681","Item uploaded through multiple feeds",Warning,,
"shopify_US_7229825581153_41882664468577","1,294","Item uploaded through multiple feeds",Warning,,
"shopify_US_7537367023713_44085186789473","4,195","Item uploaded through multiple feeds",Warning,,
"shopify_US_7537105961057_44083932725345","4,064","Item uploaded through multiple feeds",Warning,,
"shopify_US_7109443256417_41497809092705","362","Item uploaded through multiple feeds",Warning,,
"shopify_US_7533430440033_44046903410785","3,098","Item uploaded through multiple feeds",Warning,,
"shopify_US_7536341024865_44080568664161","3,450","Item uploaded through multiple feeds",Warning,,
"shopify_US_7536457941089_44080778379361","3,500","Item uploaded through multiple feeds",Warning,,
"shopify_US_7230342004833_41883273461857","2,074","Item uploaded through multiple feeds",Warning,,
"shopify_US_7537113563233_44083974504545","4,109","Item uploaded through multiple feeds",Warning,,
"shopify_US_7227378892897_41871520727137","831","Item uploaded through multiple feeds",Warning,,
"shopify_US_7502191788129_43729978884193","2,581","Item uploaded through multiple feeds",Warning,,
"shopify_US_7109514395745_41498011238497","520","Item uploaded through multiple feeds",Warning,,
"shopify_US_7537113563233_44083974635617","4,113","Item uploaded through multiple feeds",Warning,,
"shopify_US_7109267947617_41497324290145","275","Item uploaded through multiple feeds",Warning,,
"shopify_US_7502792622177_43731337248865","2,781","Item uploaded through multiple feeds",Warning,,
"shopify_US_7537003266145_44083531350113","3,902","Item uploaded through multiple feeds",Warning,,
"shopify_US_7230424645729_41883489566817","2,333","Item uploaded through multiple feeds",Warning,,
"shopify_US_7502769193057_43731193921633","2,668","Item uploaded through multiple feeds",Warning,,
"shopify_US_7537370628193_44085198389345","4,286","Item uploaded through multiple feeds",Warning,,
"shopify_US_7241063825505_41929912942689","2,463","Item uploaded through multiple feeds",Warning,,
"shopify_US_7230150213729_41882612432993","1,391","Item uploaded through multiple feeds",Warning,,
"shopify_US_7670674391137_46501275107425","4,726","Item uploaded through multiple feeds",Warning,,
"shopify_US_7109517770849_41498026704993","546","Item uploaded through multiple feeds",Warning,,
"shopify_US_7585980055649_45099272077409","4,623","Item uploaded through multiple feeds",Warning,,
"shopify_US_7230180884577_41882718863457","1,541","Item uploaded through multiple feeds",Warning,,
"shopify_US_7230645239905_41884150038625","2,423","Item uploaded through multiple feeds",Warning,,
"shopify_US_7562834215009_44803375857761","4,513","Item uploaded through multiple feeds",Warning,,
"shopify_US_7562834215009_44803376283745","4,526","Item uploaded through multiple feeds",Warning,,
"shopify_US_7230418944097_41883460436065","2,206","Item uploaded through multiple feeds",Warning,,
"shopify_US_7227378892897_41871520301153","819","Item uploaded through multiple feeds",Warning,,
"shopify_US_7545279512673_44116031438945","4,446","Item uploaded through multiple feeds",Warning,,
"shopify_US_7535210594401_44056192188513","3,200","Item uploaded through multiple feeds",Warning,,
"shopify_US_7230180884577_41882725285985","1,542","Item uploaded through multiple feeds",Warning,,
"shopify_US_7585992048737_45099305205857","4,643","Item uploaded through multiple feeds",Warning,,
"shopify_US_7607760257121_45707469914209","4,666","Item uploaded through multiple feeds",Warning,,
"shopify_US_7670695526497_46501299355745","4,752","Item uploaded through multiple feeds",Warning,,
"shopify_US_7537009033313_44083549241441","3,965","Item uploaded through multiple feeds",Warning,,
"shopify_US_7230159618145_41882636976225","1,512","Item uploaded through multiple feeds",Warning,,
"shopify_US_7536341024865_44080568991841","3,460","Item uploaded through multiple feeds",Warning,,
"shopify_US_7607758422113_45707249221729","4,661","Item uploaded through multiple feeds",Warning,,
"shopify_US_7537038917729_44083661144161","4,012","Item uploaded through multiple feeds",Warning,,
"shopify_US_7109292130401_41497360597089","293","Item uploaded through multiple feeds",Warning,,
"shopify_US_7510267494497_43765460795489","2,900","Item uploaded through multiple feeds",Warning,,
"shopify_US_7241063825505_41929912385633","2,458","Item uploaded through multiple feeds",Warning,,
"shopify_US_7533367296097_44046581891169","3,022","Item uploaded through multiple feeds",Warning,,
"shopify_US_7537041342561_44083683131489","4,031","Item uploaded through multiple feeds",Warning,,
"shopify_US_7502192214113_43729980883041","2,599","Item uploaded through multiple feeds",Warning,,
"shopify_US_7537038917729_44083661340769","4,018","Item uploaded through multiple feeds",Warning,,
"shopify_US_7230327128161_41883192361057","1,726","Item uploaded through multiple feeds",Warning,,
"shopify_US_7536992976993_44083478364257","3,808","Item uploaded through multiple feeds",Warning,,
"shopify_US_7230342004833_41883273887841","2,087","Item uploaded through multiple feeds",Warning,,
"shopify_US_7536700391521_44082066882657","3,553","Item uploaded through multiple feeds",Warning,,
"shopify_US_7230418944097_41883459813473","2,187","Item uploaded through multiple feeds",Warning,,
"shopify_US_7108958519393_41496524685409","106","Item uploaded through multiple feeds",Warning,,
"shopify_US_7537227890785_44084491223137","4,146","Item uploaded through multiple feeds",Warning,,
"shopify_US_7536341024865_44080569843809","3,486","Item uploaded through multiple feeds",Warning,,
"shopify_US_7109502566497_41497976176737","486","Item uploaded through multiple feeds",Warning,,
"shopify_US_7510267494497_43765461155937","2,913","Item uploaded through multiple feeds",Warning,,
"shopify_US_7537030234209_44083621363809","3,987","Item uploaded through multiple feeds",Warning,,
"shopify_US_7585992048737_45099304845409","4,632","Item uploaded through multiple feeds",Warning,,
"shopify_US_7110368919649_41500577661025","652","Item uploaded through multiple feeds",Warning,,
"shopify_US_7537370628193_44085199241313","4,309","Item uploaded through multiple feeds",Warning,,
"shopify_US_7228788867169_41877294907489","1,034","Item uploaded through multiple feeds",Warning,,
"shopify_US_7227630649441_41872775577697","1,013","Item uploaded through multiple feeds",Warning,,
"shopify_US_7241201942625_41930312450145","2,538","Item uploaded through multiple feeds",Warning,,
"shopify_US_7537227890785_44084491059297","4,141","Item uploaded through multiple feeds",Warning,,
"shopify_US_7670724329569_46501331042401","4,759","Item uploaded through multiple feeds",Warning,,
"shopify_US_7502178222177_43729954209889","2,558","Item uploaded through multiple feeds",Warning,,
"shopify_US_7108984799329_41496617648225","131","Item uploaded through multiple feeds",Warning,,
"shopify_US_7533397835873_44046762934369","3,042","Item uploaded through multiple feeds",Warning,,
"shopify_US_7502792622177_43731337019489","2,774","Item uploaded through multiple feeds",Warning,,
"shopify_US_7109517770849_41498026868833","551","Item uploaded through multiple feeds",Warning,,
"shopify_US_7110363119713_41500563079265","618","Item uploaded through multiple feeds",Warning,,
"shopify_US_7230168727649_41882673217633","1,528","Item uploaded through multiple feeds",Warning,,
"shopify_US_7537007198305_44083544031329","3,931","Item uploaded through multiple feeds",Warning,,
"shopify_US_7227620982881_41872696410209","964","Item uploaded through multiple feeds",Warning,,
"shopify_US_7672336646241_46512189603937","4,903","Item uploaded through multiple feeds",Warning,,
"shopify_US_7502770602081_43731201785953","2,696","Item uploaded through multiple feeds",Warning,,
"shopify_US_7230424645729_41883490320481","2,356","Item uploaded through multiple feeds",Warning,,
"shopify_US_7227436367969_41871769895009","926","Item uploaded through multiple feeds",Warning,,
"shopify_US_7535210594401_44056192286817","3,203","Item uploaded through multiple feeds",Warning,,
"shopify_US_7533404291169_44046788395105","3,075","Item uploaded through multiple feeds",Warning,,
"shopify_US_7536707305569_44082088706145","3,606","Item uploaded through multiple feeds",Warning,,
"shopify_US_7229259874401_41878822060129","1,266","Item uploaded through multiple feeds",Warning,,
"shopify_US_7230338039905_41883244789857","1,879","Item uploaded through multiple feeds",Warning,,
"shopify_US_7537009033313_44083549077601","3,960","Item uploaded through multiple feeds",Warning,,
"shopify_US_7510267494497_43765460959329","2,905","Item uploaded through multiple feeds",Warning,,
"shopify_US_7533458194529_44047109193825","3,161","Item uploaded through multiple feeds",Warning,,
"shopify_US_7109517770849_41498027360353","564","Item uploaded through multiple feeds",Warning,,
"shopify_US_7502768210017_43731189071969","2,641","Item uploaded through multiple feeds",Warning,,
"shopify_US_7227270791265_41871166079073","725","Item uploaded through multiple feeds",Warning,,
"shopify_US_7562834215009_44803376152673","4,522","Item uploaded through multiple feeds",Warning,,
"shopify_US_7241201942625_41930312188001","2,534","Item uploaded through multiple feeds",Warning,,
"shopify_US_7230424645729_41883488583777","2,303","Item uploaded through multiple feeds",Warning,,
"shopify_US_7230415863905_41883442806881","2,117","Item uploaded through multiple feeds",Warning,,
"shopify_US_7585867628641_45098826137697","4,598","Item uploaded through multiple feeds",Warning,,
"shopify_US_7227378892897_41871520596065","827","Item uploaded through multiple feeds",Warning,,
"shopify_US_6719774720097_39761985208417","79","Item uploaded through multiple feeds",Warning,,
"shopify_US_7546613530721_44173814464609","4,499","Item uploaded through multiple feeds",Warning,,
"shopify_US_7537370628193_44085199536225","4,318","Item uploaded through multiple feeds",Warning,,
"shopify_US_7230323261537_41883174371425","1,681","Item uploaded through multiple feeds",Warning,,
"shopify_US_7230338039905_41883245609057","1,904","Item uploaded through multiple feeds",Warning,,
"shopify_US_7533454098529_44047093268577","3,115","Item uploaded through multiple feeds",Warning,,
"shopify_US_7230424645729_41883490517089","2,362","Item uploaded through multiple feeds",Warning,,
"shopify_US_7230424645729_41883489337441","2,326","Item uploaded through multiple feeds",Warning,,
"shopify_US_7230336729185_41883237187681","1,841","Item uploaded through multiple feeds",Warning,,
"shopify_US_7537367679073_44085191344225","4,242","Item uploaded through multiple feeds",Warning,,
"shopify_US_7537041342561_44083683590241","4,044","Item uploaded through multiple feeds",Warning,,
"shopify_US_7229130801249_41878479896673","1,170","Item uploaded through multiple feeds",Warning,,
"shopify_US_7229259874401_41878820913249","1,270","Item uploaded through multiple feeds",Warning,,
"shopify_US_7537009033313_44083549274209","3,966","Item uploaded through multiple feeds",Warning,,
"shopify_US_7577248596065_45068115083361","4,542","Item uploaded through multiple feeds",Warning,,
"shopify_US_7229132472417_41878487007329","1,188","Item uploaded through multiple feeds",Warning,,
"shopify_US_7516479848545_43831323263073","2,977","Item uploaded through multiple feeds",Warning,,
"shopify_US_7230336729185_41883237318753","1,846","Item uploaded through multiple feeds",Warning,,
"shopify_US_7537978572897_44087869309025","4,353","Item uploaded through multiple feeds",Warning,,
"shopify_US_7536337125473_44080619192417","3,421","Item uploaded through multiple feeds",Warning,,
"shopify_US_7230327128161_41883188330593","1,697","Item uploaded through multiple feeds",Warning,,
"shopify_US_7108992860257_41496647270497","163","Item uploaded through multiple feeds",Warning,,
"shopify_US_7109292130401_41497360531553","291","Item uploaded through multiple feeds",Warning,,
"shopify_US_7230339711073_41883257733217","2,008","Item uploaded through multiple feeds",Warning,,
"shopify_US_7230338039905_41883244757089","1,878","Item uploaded through multiple feeds",Warning,,
"shopify_US_7670738223201_46501345755233","4,772","Item uploaded through multiple feeds",Warning,,
"shopify_US_6718948147297_39756770312289","31","Item uploaded through multiple feeds",Warning,,
"shopify_US_7229026304097_41878208610401","1,088","Item uploaded through multiple feeds",Warning,,
"shopify_US_7229026304097_41878208577633","1,087","Item uploaded through multiple feeds",Warning,,
"shopify_US_7230423236705_41883482357857","2,274","Item uploaded through multiple feeds",Warning,,
"shopify_US_7607764287585_45715029524577","4,699","Item uploaded through multiple feeds",Warning,,
"shopify_US_7672336646241_46512188686433","4,877","Item uploaded through multiple feeds",Warning,,
"shopify_US_7230323261537_41883174305889","1,679","Item uploaded through multiple feeds",Warning,,
"shopify_US_7230645239905_41884149252193","2,404","Item uploaded through multiple feeds",Warning,,
"shopify_US_7230338039905_41883246035041","1,917","Item uploaded through multiple feeds",Warning,,
"shopify_US_7227418738785_41871678537825","895","Item uploaded through multiple feeds",Warning,,
"shopify_US_7227624554593_41872740057185","976","Item uploaded through multiple feeds",Warning,,
"shopify_US_7537025613921_44083600261217","3,977","Item uploaded through multiple feeds",Warning,,
"shopify_US_7537001431137_44083525156961","3,865","Item uploaded through multiple feeds",Warning,,
"shopify_US_7109481431137_41497931513953","470","Item uploaded through multiple feeds",Warning,,
"shopify_US_7109072257121_41496915574881","185","Item uploaded through multiple feeds",Warning,,
"shopify_US_7230339711073_41883257438305","1,999","Item uploaded through multiple feeds",Warning,,
"shopify_US_7537009033313_44083548946529","3,956","Item uploaded through multiple feeds",Warning,,
"shopify_US_7227418738785_41871678603361","897","Item uploaded through multiple feeds",Warning,,
"shopify_US_7536947003489_44083348209761","3,684","Item uploaded through multiple feeds",Warning,,
"shopify_US_7537978933345_44087872323681","4,373","Item uploaded through multiple feeds",Warning,,
"shopify_US_7230151524449_41882613678177","1,401","Item uploaded through multiple feeds",Warning,,
"shopify_US_7230336729185_41883238465633","1,847","Item uploaded through multiple feeds",Warning,,
"shopify_US_7533403799649_44046785380449","3,046","Item uploaded through multiple feeds",Warning,,
"shopify_US_7537369088097_44085195571297","4,270","Item uploaded through multiple feeds",Warning,,
"shopify_US_7241201942625_41930333028449","2,547","Item uploaded through multiple feeds",Warning,,
"shopify_US_7607764287585_45708175245409","4,694","Item uploaded through multiple feeds",Warning,,
"shopify_US_7227254276193_41871113289825","669","Item uploaded through multiple feeds",Warning,,
"shopify_US_7536947003489_44083347947617","3,676","Item uploaded through multiple feeds",Warning,,
"shopify_US_7535944368225_44861276749921","3,293","Item uploaded through multiple feeds",Warning,,
"shopify_US_7537030234209_44083621658721","3,996","Item uploaded through multiple feeds",Warning,,
"shopify_US_7229259874401_41878820814945","1,251","Item uploaded through multiple feeds",Warning,,
"shopify_US_7227252670561_41871110439009","662","Item uploaded through multiple feeds",Warning,,
"shopify_US_7670744842337_46501356699745","4,809","Item uploaded through multiple feeds",Warning,,
"shopify_US_7545279840353_44116032553057","4,460","Item uploaded through multiple feeds",Warning,,
"shopify_US_7229023846497_41878199140449","1,076","Item uploaded through multiple feeds",Warning,,
"shopify_US_7230423236705_41883484061793","2,243","Item uploaded through multiple feeds",Warning,,
"shopify_US_6719764463713_39761880875105","69","Item uploaded through multiple feeds",Warning,,
"shopify_US_7230418944097_41883460796513","2,217","Item uploaded through multiple feeds",Warning,,
"shopify_US_7241201942625_41930312777825","2,543","Item uploaded through multiple feeds",Warning,,
"shopify_US_7670746775649_46501359779937","4,828","Item uploaded through multiple feeds",Warning,,
"shopify_US_7228788867169_41877296087137","1,045","Item uploaded through multiple feeds",Warning,,
"shopify_US_7670742777953_46501351719009","4,779","Item uploaded through multiple feeds",Warning,,
"shopify_US_7230323261537_41883174174817","1,675","Item uploaded through multiple feeds",Warning,,
"shopify_US_7505372282977_43740358967393","2,850","Item uploaded through multiple feeds",Warning,,
"shopify_US_7537227890785_44084490633313","4,133","Item uploaded through multiple feeds",Warning,,
"shopify_US_7537002971233_44083529908321","3,874","Item uploaded through multiple feeds",Warning,,
"shopify_US_7672336646241_46512190095457","4,918","Item uploaded through multiple feeds",Warning,,
"shopify_US_7108962254945_41496538349665","110","Item uploaded through multiple feeds",Warning,,
"shopify_US_7585992048737_45099305500769","4,652","Item uploaded through multiple feeds",Warning,,
"shopify_US_7505374838881_43740398223457","2,868","Item uploaded through multiple feeds",Warning,,
"shopify_US_7230180884577_41882725646433","1,558","Item uploaded through multiple feeds",Warning,,
"shopify_US_7230423236705_41883481571425","2,250","Item uploaded through multiple feeds",Warning,,
"shopify_US_7577248596065_45068115214433","4,546","Item uploaded through multiple feeds",Warning,,
"shopify_US_7227378925665_41871520825441","833","Item uploaded through multiple feeds",Warning,,
"shopify_US_7536709501025_44082098405473","3,639","Item uploaded through multiple feeds",Warning,,
"shopify_US_7536334274657_44080553099361","3,360","Item uploaded through multiple feeds",Warning,,
"shopify_US_7230159028321_41882634518625","1,496","Item uploaded through multiple feeds",Warning,,
"shopify_US_7536709501025_44082098503777","3,642","Item uploaded through multiple feeds",Warning,,
"shopify_US_7535210594401_44056192254049","3,202","Item uploaded through multiple feeds",Warning,,
"shopify_US_7241201942625_41930312974433","2,546","Item uploaded through multiple feeds",Warning,,
"shopify_US_7230332895329_41883219525729","1,743","Item uploaded through multiple feeds",Warning,,
"shopify_US_7537367023713_44085186494561","4,186","Item uploaded through multiple feeds",Warning,,
"shopify_US_7545279512673_44116031570017","4,450","Item uploaded through multiple feeds",Warning,,
"shopify_US_7230336729185_41883237744737","1,792","Item uploaded through multiple feeds",Warning,,
"shopify_US_7241063825505_41929914089569","2,477","Item uploaded through multiple feeds",Warning,,
"shopify_US_7536341024865_44080569614433","3,479","Item uploaded through multiple feeds",Warning,,
"shopify_US_7230645239905_41884148629601","2,389","Item uploaded through multiple feeds",Warning,,
"shopify_US_7230645239905_41884149874785","2,419","Item uploaded through multiple feeds",Warning,,
"shopify_US_7536947003489_44083348471905","3,692","Item uploaded through multiple feeds",Warning,,
"shopify_US_7535210594401_44056192352353","3,205","Item uploaded through multiple feeds",Warning,,
"shopify_US_7227624554593_41872739991649","974","Item uploaded through multiple feeds",Warning,,
"shopify_US_7536341024865_44080568696929","3,451","Item uploaded through multiple feeds",Warning,,
"shopify_US_7229023846497_41878198976609","1,071","Item uploaded through multiple feeds",Warning,,
"shopify_US_7537038917729_44083660980321","4,007","Item uploaded through multiple feeds",Warning,,
"shopify_US_7502191788129_43729978851425","2,580","Item uploaded through multiple feeds",Warning,,
"shopify_US_7502791082081_43731330859105","2,753","Item uploaded through multiple feeds",Warning,,
"shopify_US_7537009033313_44083548651617","3,947","Item uploaded through multiple feeds",Warning,,
"shopify_US_7229132472417_41878486974561","1,187","Item uploaded through multiple feeds",Warning,,
"shopify_US_7502768210017_43731189268577","2,647","Item uploaded through multiple feeds",Warning,,
"shopify_US_7545279840353_44116032585825","4,461","Item uploaded through multiple feeds",Warning,,
"shopify_US_7109267947617_41497323634785","257","Item uploaded through multiple feeds",Warning,,
"shopify_US_7537001431137_44083524206689","3,845","Item uploaded through multiple feeds",Warning,,
"shopify_US_7230338039905_41883245969505","1,915","Item uploaded through multiple feeds",Warning,,
"shopify_US_7537007198305_44083544227937","3,937","Item uploaded through multiple feeds",Warning,,
"shopify_US_7109481431137_41497931022433","456","Item uploaded through multiple feeds",Warning,,
"shopify_US_7110368919649_41500578709601","639","Item uploaded through multiple feeds",Warning,,
"shopify_US_7505374838881_43740398125153","2,865","Item uploaded through multiple feeds",Warning,,
"shopify_US_7502769193057_43731193823329","2,665","Item uploaded through multiple feeds",Warning,,
"shopify_US_7672336646241_46512189669473","4,905","Item uploaded through multiple feeds",Warning,,
"shopify_US_7536341024865_44080569188449","3,466","Item uploaded through multiple feeds",Warning,,
"shopify_US_7670609346657_46501140070497","4,722","Item uploaded through multiple feeds",Warning,,
"shopify_US_7536988618849_44083434913889","3,787","Item uploaded through multiple feeds",Warning,,
"shopify_US_7109986844769_41499305246817","572","Item uploaded through multiple feeds",Warning,,
"shopify_US_7510791159905_43768835473505","2,938","Item uploaded through multiple feeds",Warning,,
"shopify_US_7230339711073_41883256160353","1,960","Item uploaded through multiple feeds",Warning,,
"shopify_US_7536947003489_44083348111457","3,681","Item uploaded through multiple feeds",Warning,,
"shopify_US_7535227666529_44056520425569","3,227","Item uploaded through multiple feeds",Warning,,
"shopify_US_7230424645729_41883488616545","2,304","Item uploaded through multiple feeds",Warning,,
"shopify_US_7510267494497_43765494284385","2,912","Item uploaded through multiple feeds",Warning,,
"shopify_US_7230150213729_41882612138081","1,373","Item uploaded through multiple feeds",Warning,,
"shopify_US_7505374838881_43740398092385","2,864","Item uploaded through multiple feeds",Warning,,
"shopify_US_7230424645729_41883489861729","2,342","Item uploaded through multiple feeds",Warning,,
"shopify_US_7516369715297_43821479592033","2,958","Item uploaded through multiple feeds",Warning,,
"shopify_US_7230191665249_41882763264097","1,616","Item uploaded through multiple feeds",Warning,,
"shopify_US_7230423236705_41883480784993","2,226","Item uploaded through multiple feeds",Warning,,
"shopify_US_7230180884577_41882725417057","1,548","Item uploaded through multiple feeds",Warning,,
"shopify_US_7108969037921_41496561385569","119","Item uploaded through multiple feeds",Warning,,
"shopify_US_7229259874401_41878819668065","1,217","Item uploaded through multiple feeds",Warning,,
"shopify_US_7230194942049_41882771718241","1,638","Item uploaded through multiple feeds",Warning,,
"shopify_US_7502828601441_43731501776993","2,819","Item uploaded through multiple feeds",Warning,,
"shopify_US_7546613530721_44197959401569","4,489","Item uploaded through multiple feeds",Warning,,
"shopify_US_7230424645729_41883489042529","2,317","Item uploaded through multiple feeds",Warning,,
"shopify_US_7108969037921_41496561418337","120","Item uploaded through multiple feeds",Warning,,
"shopify_US_7670609346657_46501139906657","4,717","Item uploaded through multiple feeds",Warning,,
"shopify_US_7537366597729_44085185151073","4,165","Item uploaded through multiple feeds",Warning,,
"shopify_US_7109502566497_41497976209505","487","Item uploaded through multiple feeds",Warning,,
"shopify_US_7229828202593_41881177096289","1,331","Item uploaded through multiple feeds",Warning,,
"shopify_US_7229023846497_41878199107681","1,075","Item uploaded through multiple feeds",Warning,,
"shopify_US_7108992860257_41496647008353","157","Item uploaded through multiple feeds",Warning,,
"shopify_US_7109292130401_41497360466017","289","Item uploaded through multiple feeds",Warning,,
"shopify_US_7230336729185_41883237548129","1,855","Item uploaded through multiple feeds",Warning,,
"shopify_US_7230423236705_41883481931873","2,261","Item uploaded through multiple feeds",Warning,,
"shopify_US_7536334274657_44080552575073","3,344","Item uploaded through multiple feeds",Warning,,
"shopify_US_7230157226081_41882625409121","1,471","Item uploaded through multiple feeds",Warning,,
"shopify_US_7230415863905_41883443298401","2,129","Item uploaded through multiple feeds",Warning,,
"shopify_US_7230342004833_41883272773729","2,053","Item uploaded through multiple feeds",Warning,,
"shopify_US_7585867628641_45098825744481","4,586","Item uploaded through multiple feeds",Warning,,
"shopify_US_7228788867169_41877296119905","1,049","Item uploaded through multiple feeds",Warning,,
"shopify_US_7230150213729_41882612072545","1,369","Item uploaded through multiple feeds",Warning,,
"shopify_US_7607758422113_45707249156193","4,659","Item uploaded through multiple feeds",Warning,,
"shopify_US_7585867628641_45098825580641","4,581","Item uploaded through multiple feeds",Warning,,
"shopify_US_7672336646241_46512188817505","4,881","Item uploaded through multiple feeds",Warning,,
"shopify_US_7502771781729_43731208994913","2,733","Item uploaded through multiple feeds",Warning,,
"shopify_US_7230645239905_41884149940321","2,421","Item uploaded through multiple feeds",Warning,,
"shopify_US_7227356282977_41871478882401","765","Item uploaded through multiple feeds",Warning,,
"shopify_US_7109443256417_41497809387617","359","Item uploaded through multiple feeds",Warning,,
"shopify_US_7537367023713_44085186723937","4,193","Item uploaded through multiple feeds",Warning,,
"shopify_US_7109454135393_41497850019937","422","Item uploaded through multiple feeds",Warning,,
"shopify_US_7672336646241_46512189014113","4,885","Item uploaded through multiple feeds",Warning,,
"shopify_US_7535210594401_44056192483425","3,209","Item uploaded through multiple feeds",Warning,,
"shopify_US_7537007198305_44083544096865","3,933","Item uploaded through multiple feeds",Warning,,
"shopify_US_7109122097249_41497077317729","235","Item uploaded through multiple feeds",Warning,,
"shopify_US_7241201942625_41930312712289","2,542","Item uploaded through multiple feeds",Warning,,
"shopify_US_7109502566497_41497976864865","505","Item uploaded through multiple feeds",Warning,,
"shopify_US_7229259874401_41878821044321","1,202","Item uploaded through multiple feeds",Warning,,
"shopify_US_7109481431137_41497930989665","455","Item uploaded through multiple feeds",Warning,,
"shopify_US_7537367384161_44085189148769","4,214","Item uploaded through multiple feeds",Warning,,
"shopify_US_7535312896097_44057203474529","3,237","Item uploaded through multiple feeds",Warning,,
"shopify_US_7109443256417_41497809649761","391","Item uploaded through multiple feeds",Warning,,
