Path,Occurrences,Last crawled,Sample URL,Query examples,Live status,Live location,Decision,Kind,Reason,Confidence,Target
/${t},1,2026-02-10,https://www.dresslikemommy.com/${t},,404,,redirect,misc,hardcoded_misc_home_redirect,medium,/
/a/s/products/matching-long-sleeved-shirt,1,2025-10-28,https://www.dresslikemommy.com/a/s/products/matching-long-sleeved-shirt,,404,,redirect,product,tops_category_match,medium,/collections/family-tops
/a/s/products/matching-striped-ruffled-mid-skirt-dress,1,2025-12-11,https://www.dresslikemommy.com/a/s/products/matching-striped-ruffled-mid-skirt-dress,,404,,redirect,product,dress_category_match,medium,/collections/dresses
/b,1,2025-11-26,https://www.dresslikemommy.com/b,,404,,redirect,misc,hardcoded_misc_home_redirect,medium,/
/collections/all/products/matching-maxi-double-rose-patchwork,1,2025-11-09,https://www.dresslikemommy.com/collections/all/products/matching-maxi-double-rose-patchwork,,404,,redirect,product,maxi_dress_category_match,low,/collections/maxi-dresses
/collections/all/products/mommy-me-matching-red-dress,1,2026-03-11,https://www.dresslikemommy.com/collections/all/products/mommy-me-matching-red-dress,,404,,redirect,product,dress_category_match,medium,/collections/mommy-and-me
/collections/best-sellers/products/father-son-matching-hawaiian-floral-shirts,2,2026-03-14,https://www.dresslikemommy.com/collections/best-sellers/products/father-son-matching-hawaiian-floral-shirts?variant=40766580752481,variant=40766580752481,404,,redirect,product,daddy_and_me_general_match,medium,/collections/daddy-and-me
/collections/best-sellers/products/floral-v-straps-jumpsuit-mommy-me,1,2026-02-04,https://www.dresslikemommy.com/collections/best-sellers/products/floral-v-straps-jumpsuit-mommy-me,,404,,redirect,product,jumpsuit_category_match,medium,/collections/jumpsuits
/collections/best-sellers/products/matching-leopard-thick-knit-long-sleeved-shirt,1,2025-11-13,https://www.dresslikemommy.com/collections/best-sellers/products/matching-leopard-thick-knit-long-sleeved-shirt,,404,,redirect,product,sweater_or_outerwear_match,high,/collections/sweaters
/collections/best-sellers/products/matching-sleeveless-color-stripes-jumpsuit,1,2025-12-24,https://www.dresslikemommy.com/collections/best-sellers/products/matching-sleeveless-color-stripes-jumpsuit,,404,,redirect,product,jumpsuit_category_match,medium,/collections/jumpsuits
/collections/best-sellers/products/mom-daughter-matching-leopard-swimsuit,1,2025-12-25,https://www.dresslikemommy.com/collections/best-sellers/products/mom-daughter-matching-leopard-swimsuit,,404,,redirect,product,swimwear_category_match,high,/collections/swimsuits
/collections/best-sellers/products/mommy-me-matching-floral-v-sling-jumpsuit,1,2025-12-23,https://www.dresslikemommy.com/collections/best-sellers/products/mommy-me-matching-floral-v-sling-jumpsuit,,404,,redirect,product,jumpsuit_category_match,medium,/collections/jumpsuits
/collections/best-sellers/products/mother-daughter-strap-floral-knee-length-dress,1,2026-02-18,https://www.dresslikemommy.com/collections/best-sellers/products/mother-daughter-strap-floral-knee-length-dress,,404,,redirect,product,midi_dress_category_match,medium,/collections/midi-dresses
/collections/casual-dresses/products/elegant-sky-blue-mother-daughter-summer-dresses-tiered-ruffle-matching-outfits-for-special-occasions,1,2025-11-26,https://www.dresslikemommy.com/collections/casual-dresses/products/elegant-sky-blue-mother-daughter-summer-dresses-tiered-ruffle-matching-outfits-for-special-occasions,,404,,redirect,product,dress_category_match,medium,/collections/mommy-and-me
/collections/casual-dresses/products/mommy-me-lemon-print-matching-dresses,1,2025-10-30,https://www.dresslikemommy.com/collections/casual-dresses/products/mommy-me-lemon-print-matching-dresses,,404,,redirect,product,dress_category_match,medium,/collections/mommy-and-me
/collections/casual-dresses/products/mommy-me-matching-red-dress,1,2026-03-16,https://www.dresslikemommy.com/collections/casual-dresses/products/mommy-me-matching-red-dress?variant=29820650651745,variant=29820650651745,404,,redirect,product,dress_category_match,medium,/collections/mommy-and-me
/collections/casual-dresses/products/one-shoulder-matching-evening-dresses-customize,1,2026-02-14,https://www.dresslikemommy.com/collections/casual-dresses/products/one-shoulder-matching-evening-dresses-customize,,404,,redirect,product,dress_category_match,medium,/collections/dresses
/collections/daddy-me-t-shirts/products/daddy-and-me-player-1-player-2,1,2026-01-26,https://www.dresslikemommy.com/collections/daddy-me-t-shirts/products/daddy-and-me-player-1-player-2?variant=19650039644257,variant=19650039644257,404,,redirect,product,daddy_and_me_general_match,low,/collections/daddy-and-me
/collections/daddy-me-t-shirts/products/daddy-me-little-dudes-dad-t-shirts,1,2025-09-25,https://www.dresslikemommy.com/collections/daddy-me-t-shirts/products/daddy-me-little-dudes-dad-t-shirts,,404,,redirect,product,daddy_and_me_tshirt_match,high,/collections/daddy-me-t-shirts
/collections/daddy-me/products/daddy-and-me-i-have-created-a-monster-t-shirt,1,2026-03-12,https://www.dresslikemommy.com/collections/daddy-me/products/daddy-and-me-i-have-created-a-monster-t-shirt?variant=29816731566177,variant=29816731566177,404,,redirect,product,daddy_and_me_tshirt_match,high,/collections/daddy-me-t-shirts
/collections/daddy-me/products/father-son-matching-hawaiian-floral-shirts,2,2026-03-13,https://www.dresslikemommy.com/collections/daddy-me/products/father-son-matching-hawaiian-floral-shirts?variant=40766580752481,variant=40766580752481,404,,redirect,product,daddy_and_me_general_match,medium,/collections/daddy-and-me
/collections/fall-winter/products/matching-maxi-purple-double-rose-patchwork,1,2026-02-07,https://www.dresslikemommy.com/collections/fall-winter/products/matching-maxi-purple-double-rose-patchwork,,404,,redirect,product,maxi_dress_category_match,low,/collections/maxi-dresses
/collections/fall-winter/products/mom-daughter-matching-leopard-swimsuit,1,2025-11-25,https://www.dresslikemommy.com/collections/fall-winter/products/mom-daughter-matching-leopard-swimsuit,,404,,redirect,product,swimwear_category_match,high,/collections/swimsuits
/collections/fall-winter/products/mommy-me-matching-floral-v-sling-jumpsuit,1,2026-01-01,https://www.dresslikemommy.com/collections/fall-winter/products/mommy-me-matching-floral-v-sling-jumpsuit,,404,,redirect,product,jumpsuit_category_match,medium,/collections/jumpsuits
/collections/family-matching/1000,1,2026-02-06,https://www.dresslikemommy.com/collections/family-matching/1000,,404,,redirect,collection,mapped_dead_collection_handle,high,/collections/popular-family-matching
/collections/family-matching/products/family-matching-long-sleeve-swimwear,1,2025-11-26,https://www.dresslikemommy.com/collections/family-matching/products/family-matching-long-sleeve-swimwear,,404,,redirect,product,swimwear_category_match,high,/collections/swimsuits
/collections/family-matching/products/family-matching-outfits-2016-summer-style-camouflage-t-shirt-fashion-look-mother-daughter-clothes-father-son-boy-girl-clothing,1,2026-01-01,https://www.dresslikemommy.com/collections/family-matching/products/family-matching-outfits-2016-summer-style-camouflage-t-shirt-fashion-look-mother-daughter-clothes-father-son-boy-girl-clothing?variant=24393642885,variant=24393642885,404,,redirect,product,daddy_and_me_tshirt_match,high,/collections/daddy-me-t-shirts
/collections/family-matching/products/long-sleeved-pajamas-ice-silk-home-wear,1,2026-01-07,https://www.dresslikemommy.com/collections/family-matching/products/long-sleeved-pajamas-ice-silk-home-wear,,404,,redirect,product,pajama_category_match,high,/collections/family-pajamas
/collections/matching-outfits/products/celebrity-parent-child-vest-towel-embroidery,1,2025-12-31,https://www.dresslikemommy.com/collections/matching-outfits/products/celebrity-parent-child-vest-towel-embroidery,,404,,redirect,product,sweater_or_outerwear_match,high,/collections/sweaters
/collections/matching-outfits/products/cute-mother-daughter-matching-stripe-dress,1,2025-09-29,https://www.dresslikemommy.com/collections/matching-outfits/products/cute-mother-daughter-matching-stripe-dress,,404,,redirect,product,dress_category_match,medium,/collections/mommy-and-me
/collections/matching-outfits/products/daddy-and-me-i-have-created-a-monster-t-shirt,1,2026-03-20,https://www.dresslikemommy.com/collections/matching-outfits/products/daddy-and-me-i-have-created-a-monster-t-shirt?variant=29816731566177,variant=29816731566177,404,,redirect,product,daddy_and_me_tshirt_match,high,/collections/daddy-me-t-shirts
/collections/matching-outfits/products/daddy-me-pilot-co-pilot,2,2026-02-28,https://www.dresslikemommy.com/collections/matching-outfits/products/daddy-me-pilot-co-pilot?variant=32225215316065,variant=32225215316065,404,,redirect,product,daddy_and_me_general_match,low,/collections/daddy-and-me
/collections/matching-outfits/products/long-sleeved-pajamas-ice-silk-home-wear,1,2025-12-21,https://www.dresslikemommy.com/collections/matching-outfits/products/long-sleeved-pajamas-ice-silk-home-wear,,404,,redirect,product,pajama_category_match,high,/collections/family-pajamas
/collections/matching-outfits/products/matching-sequin-heart-shaped-printed-hoodies,1,2026-01-01,https://www.dresslikemommy.com/collections/matching-outfits/products/matching-sequin-heart-shaped-printed-hoodies,,404,,redirect,product,sweater_or_outerwear_match,high,/collections/sweaters
/collections/matching-outfits/products/mommy-and-me-comfy-cotton-pajamas,1,2026-01-01,https://www.dresslikemommy.com/collections/matching-outfits/products/mommy-and-me-comfy-cotton-pajamas,,404,,redirect,product,pajama_category_match,high,/collections/family-pajamas
/collections/matching-outfits/products/mother-daughter-floral-print-jumpsuit-romper,1,2026-02-15,https://www.dresslikemommy.com/collections/matching-outfits/products/mother-daughter-floral-print-jumpsuit-romper,,404,,redirect,product,romper_category_match,medium,/collections/rompers
/collections/matching-outfits/products/mother-daughter-matching-flannel-pajamas,1,2026-02-05,https://www.dresslikemommy.com/collections/matching-outfits/products/mother-daughter-matching-flannel-pajamas,,404,,redirect,product,pajama_category_match,high,/collections/family-pajamas
/collections/maternity-dresses,1,2026-01-04,https://www.dresslikemommy.com/collections/maternity-dresses,,404,,redirect,collection,mapped_dead_collection_handle,high,/collections/maternity
/collections/maternity/products/maternity-ruffles-floral-print-maxi-dress-stretchy,1,2025-11-24,https://www.dresslikemommy.com/collections/maternity/products/maternity-ruffles-floral-print-maxi-dress-stretchy,,404,,redirect,product,maternity_category_match,medium,/collections/maternity
/collections/maxi-dresses/products/matching-maxi-purple-double-rose-patchwork,1,2026-01-01,https://www.dresslikemommy.com/collections/maxi-dresses/products/matching-maxi-purple-double-rose-patchwork,,404,,redirect,product,maxi_dress_category_match,low,/collections/maxi-dresses
/collections/maxi-dresses/products/matching-white-dress-mom-daughter,1,2025-12-27,https://www.dresslikemommy.com/collections/maxi-dresses/products/matching-white-dress-mom-daughter?variant=29816670552161,variant=29816670552161,404,,redirect,product,dress_category_match,medium,/collections/mommy-and-me
/collections/maxi-dresses/products/mother-daughter-short-sleeve-striped-maxi-dress,1,2025-12-22,https://www.dresslikemommy.com/collections/maxi-dresses/products/mother-daughter-short-sleeve-striped-maxi-dress,,404,,redirect,product,maxi_dress_category_match,medium,/collections/maxi-dresses
/collections/midi-dresses/products/matching-floral-mother-daughter-dresses-outfit,1,2026-03-04,https://www.dresslikemommy.com/collections/midi-dresses/products/matching-floral-mother-daughter-dresses-outfit,,404,,redirect,product,dress_category_match,medium,/collections/mommy-and-me
/collections/midi-dresses/products/matching-leopard-print-lace-dress,1,2025-09-30,https://www.dresslikemommy.com/collections/midi-dresses/products/matching-leopard-print-lace-dress,,404,,redirect,product,dress_category_match,medium,/collections/dresses
/collections/midi-dresses/products/mother-daughter-vintage-stars-mesh-dress,1,2026-01-01,https://www.dresslikemommy.com/collections/midi-dresses/products/mother-daughter-vintage-stars-mesh-dress,,404,,redirect,product,dress_category_match,medium,/collections/mommy-and-me
/collections/midi-dresses/products/new-2016-family-matching-clothing-lace-dresses-for-girls-and-mother-family-matching-mother-daughter-clothes-european-girl-dress,1,2025-12-15,https://www.dresslikemommy.com/collections/midi-dresses/products/new-2016-family-matching-clothing-lace-dresses-for-girls-and-mother-family-matching-mother-daughter-clothes-european-girl-dress,,404,,redirect,product,dress_category_match,medium,/collections/mommy-and-me
/collections/mini-dresses/products/classic-striped-style-kids-family-clothing-summer-cotton-family-matching-outfits-sleeveless-suspenders-girls-mother-beach-dress,1,2026-02-24,https://www.dresslikemommy.com/collections/mini-dresses/products/classic-striped-style-kids-family-clothing-summer-cotton-family-matching-outfits-sleeveless-suspenders-girls-mother-beach-dress,,404,,redirect,product,dress_category_match,medium,/collections/dresses
/collections/mini-dresses/products/matching-love-is-all-you-need-t-shirt,1,2025-12-27,https://www.dresslikemommy.com/collections/mini-dresses/products/matching-love-is-all-you-need-t-shirt,,404,,redirect,product,tops_category_match,medium,/collections/family-tops
/collections/mommy-me/products/mommy-me-matching-stripe-hem-long-sleeve-top,1,2025-10-30,https://www.dresslikemommy.com/collections/mommy-me/products/mommy-me-matching-stripe-hem-long-sleeve-top,,404,,redirect,product,tops_category_match,medium,/collections/family-tops
/collections/new-matching-outfits/products/celebrity-parent-child-vest-towel-embroidery,1,2025-11-24,https://www.dresslikemommy.com/collections/new-matching-outfits/products/celebrity-parent-child-vest-towel-embroidery,,404,,redirect,product,sweater_or_outerwear_match,high,/collections/sweaters
/collections/new-matching-outfits/products/floral-v-straps-jumpsuit-mommy-me,1,2026-02-17,https://www.dresslikemommy.com/collections/new-matching-outfits/products/floral-v-straps-jumpsuit-mommy-me,,404,,redirect,product,jumpsuit_category_match,medium,/collections/jumpsuits
/collections/new-matching-outfits/products/matching-contrast-stitching-long-sleeve-t-shirt,1,2026-01-01,https://www.dresslikemommy.com/collections/new-matching-outfits/products/matching-contrast-stitching-long-sleeve-t-shirt,,404,,redirect,product,tops_category_match,medium,/collections/family-tops
/collections/popular-mommy-me-1/products/floral-v-straps-jumpsuit-mommy-me,1,2026-02-23,https://www.dresslikemommy.com/collections/popular-mommy-me-1/products/floral-v-straps-jumpsuit-mommy-me,,404,,redirect,product,jumpsuit_category_match,medium,/collections/jumpsuits
/collections/popular-mommy-me/products/mom-girl-flower-prints-stripes,1,2026-03-07,https://www.dresslikemommy.com/collections/popular-mommy-me/products/mom-girl-flower-prints-stripes,,404,,redirect,product,midi_dress_category_match,medium,/collections/midi-dresses
/collections/sweaters/products/celebrity-parent-child-vest-towel-embroidery,1,2026-01-23,https://www.dresslikemommy.com/collections/sweaters/products/celebrity-parent-child-vest-towel-embroidery,,404,,redirect,product,sweater_or_outerwear_match,high,/collections/sweaters
/collections/swimsuits/products/mother-daughter-vibrant-two-piece-swimsuit-set-with-flowing-skirt-matching-family-swimwear-collection,1,2025-10-15,https://www.dresslikemommy.com/collections/swimsuits/products/mother-daughter-vibrant-two-piece-swimsuit-set-with-flowing-skirt-matching-family-swimwear-collection?variant=41498026442849,variant=41498026442849,404,,redirect,product,swimwear_category_match,high,/collections/swimsuits
/collections/swimwear,1,2025-10-31,https://www.dresslikemommy.com/collections/swimwear,,404,,redirect,collection,mapped_dead_collection_handle,high,/collections/swimsuits
/comments,1,2026-01-03,https://www.dresslikemommy.com/comments,,404,,redirect,misc,hardcoded_misc_home_redirect,medium,/
/en-ae/collections/best-sellers,1,2025-12-04,https://www.dresslikemommy.com/en-ae/collections/best-sellers,,404,,redirect,collection,live_collection_canonical,high,/collections/best-sellers
/en-ae/collections/daddy-me,1,2026-02-26,https://www.dresslikemommy.com/en-ae/collections/daddy-me,,404,,redirect,collection,live_collection_canonical,high,/collections/daddy-me
/en-ae/collections/daddy-me-t-shirts/products/daddy-and-me-big-man-little-man-t-shirt,1,2026-01-23,https://www.dresslikemommy.com/en-ae/collections/daddy-me-t-shirts/products/daddy-and-me-big-man-little-man-t-shirt?variant=19650381742177,variant=19650381742177,404,,redirect,product,daddy_and_me_tshirt_match,high,/collections/daddy-me-t-shirts
/en-ae/collections/family-matching/products/tropical-vibes-matching-family-hawaiian-shirt-and-floral-dress,1,2025-12-02,https://www.dresslikemommy.com/en-ae/collections/family-matching/products/tropical-vibes-matching-family-hawaiian-shirt-and-floral-dress,,404,,redirect,product,live_product_canonical,high,/products/tropical-vibes-matching-family-hawaiian-shirt-and-floral-dress
/en-ae/collections/matching-couples-t-shirts,1,2026-02-27,https://www.dresslikemommy.com/en-ae/collections/matching-couples-t-shirts,,404,,redirect,collection,live_collection_canonical,high,/collections/matching-couples-t-shirts
/en-ae/collections/matching-outfits/products/fashion-matching-mother-child-swimsuit,1,2025-11-11,https://www.dresslikemommy.com/en-ae/collections/matching-outfits/products/fashion-matching-mother-child-swimsuit?variant=39756867305569,variant=39756867305569,404,,redirect,product,live_product_canonical,high,/products/fashion-matching-mother-child-swimsuit
/en-ae/collections/matching-outfits/products/mother-daughter-matching-trendy-loose-knitwear-sweater,1,2026-02-14,https://www.dresslikemommy.com/en-ae/collections/matching-outfits/products/mother-daughter-matching-trendy-loose-knitwear-sweater,,404,,redirect,product,live_product_canonical,high,/products/mother-daughter-matching-trendy-loose-knitwear-sweater
/en-ae/collections/swimsuits/products/chic-two-piece-swimsuit-with-skirt-family-matching-swimwear-for-mother-and-daughter-available-in-blue-green-black,1,2026-02-09,https://www.dresslikemommy.com/en-ae/collections/swimsuits/products/chic-two-piece-swimsuit-with-skirt-family-matching-swimwear-for-mother-and-daughter-available-in-blue-green-black,,404,,redirect,product,live_product_canonical,high,/products/chic-two-piece-swimsuit-with-skirt-family-matching-swimwear-for-mother-and-daughter-available-in-blue-green-black
/en-ae/collections/swimsuits/products/mommy-me-vibrant-duo-tone-one-piece-swimsuit-with-ring-accent-family-matching-swimwear-collection,1,2026-02-25,https://www.dresslikemommy.com/en-ae/collections/swimsuits/products/mommy-me-vibrant-duo-tone-one-piece-swimsuit-with-ring-accent-family-matching-swimwear-collection,,404,,redirect,product,live_product_canonical,high,/products/mommy-me-vibrant-duo-tone-one-piece-swimsuit-with-ring-accent-family-matching-swimwear-collection
/en-ae/collections/swimsuits/products/mother-daughter-matching-swim-set-abstract-print-two-piece-high-waisted-bikini-with-wrap-skirt,1,2026-01-02,https://www.dresslikemommy.com/en-ae/collections/swimsuits/products/mother-daughter-matching-swim-set-abstract-print-two-piece-high-waisted-bikini-with-wrap-skirt,,404,,redirect,product,live_product_canonical,high,/products/mother-daughter-matching-swim-set-abstract-print-two-piece-high-waisted-bikini-with-wrap-skirt
/en-ae/collections/swimsuits/products/mother-daughter-vibrant-two-piece-swimsuit-set-with-flowing-skirt-matching-family-swimwear-collection,1,2025-09-29,https://www.dresslikemommy.com/en-ae/collections/swimsuits/products/mother-daughter-vibrant-two-piece-swimsuit-set-with-flowing-skirt-matching-family-swimwear-collection,,404,,redirect,product,swimwear_category_match,high,/collections/swimsuits
/en-ae/pages/company-information,1,2026-02-11,https://www.dresslikemommy.com/en-ae/pages/company-information,,404,,redirect,page,live_page_canonical,high,/pages/company-information
/en-ae/pages/return-policy,1,2026-02-12,https://www.dresslikemommy.com/en-ae/pages/return-policy,,404,,redirect,page,live_page_canonical,high,/pages/return-policy
/en-ae/pages/shipping-and-delivery,1,2026-01-01,https://www.dresslikemommy.com/en-ae/pages/shipping-and-delivery,,404,,redirect,page,mapped_dead_page_handle,high,/pages/shipping-info
/en-ae/products/casual-family-matching-outfits-mother-and-daughter-tees-father-and-son-t-shirts-mommy-and-baby-clothes-family-clothing,1,2026-01-02,https://www.dresslikemommy.com/en-ae/products/casual-family-matching-outfits-mother-and-daughter-tees-father-and-son-t-shirts-mommy-and-baby-clothes-family-clothing,,404,,redirect,product,live_product_canonical,high,/products/casual-family-matching-outfits-mother-and-daughter-tees-father-and-son-t-shirts-mommy-and-baby-clothes-family-clothing
/en-ae/products/chiffon-shoulder-less-maternity-dresses-for-photo-shoot-white-front-open,1,2025-09-30,https://www.dresslikemommy.com/en-ae/products/chiffon-shoulder-less-maternity-dresses-for-photo-shoot-white-front-open,,404,,redirect,product,maternity_category_match,medium,/collections/maternity
/en-ae/products/family-matching-battery-t-shirts,1,2026-01-03,https://www.dresslikemommy.com/en-ae/products/family-matching-battery-t-shirts,,404,,redirect,product,tops_category_match,medium,/collections/family-tops
/en-ae/products/family-matching-boss-t-shirts,1,2026-01-01,https://www.dresslikemommy.com/en-ae/products/family-matching-boss-t-shirts,,404,,redirect,product,tops_category_match,medium,/collections/family-tops
/en-ae/products/family-matching-colorful-sweater-dad-mother-son-daughter,1,2026-01-18,https://www.dresslikemommy.com/en-ae/products/family-matching-colorful-sweater-dad-mother-son-daughter,,404,,redirect,product,sweater_or_outerwear_match,high,/collections/sweaters
/en-ae/products/family-matching-fun-beach-set,1,2026-01-13,https://www.dresslikemommy.com/en-ae/products/family-matching-fun-beach-set,,404,,redirect,product,set_or_outfit_category_match,medium,/collections/family-sets
/en-ae/products/family-matching-giraffe-sweater,1,2025-11-10,https://www.dresslikemommy.com/en-ae/products/family-matching-giraffe-sweater,,404,,redirect,product,sweater_or_outerwear_match,high,/collections/sweaters
/en-ae/products/family-matching-leopard-print-swimwear,1,2026-01-02,https://www.dresslikemommy.com/en-ae/products/family-matching-leopard-print-swimwear,,404,,redirect,product,live_product_canonical,high,/products/family-matching-leopard-print-swimwear
/en-ae/products/family-matching-rainbow-striped-sweater,1,2026-03-19,https://www.dresslikemommy.com/en-ae/products/family-matching-rainbow-striped-sweater,,404,,redirect,product,sweater_or_outerwear_match,high,/collections/sweaters
/en-ae/products/family-matching-set-cute-and-stylish-outfits-for-mothers-fathers-and-children,1,2026-02-19,https://www.dresslikemommy.com/en-ae/products/family-matching-set-cute-and-stylish-outfits-for-mothers-fathers-and-children,,404,,redirect,product,live_product_canonical,high,/products/family-matching-set-cute-and-stylish-outfits-for-mothers-fathers-and-children
/en-ae/products/matching-mommy-and-me-hollow-out-bikini,1,2025-12-25,https://www.dresslikemommy.com/en-ae/products/matching-mommy-and-me-hollow-out-bikini,,404,,redirect,product,live_product_canonical,high,/products/matching-mommy-and-me-hollow-out-bikini
/en-ae/products/matching-outfit-mother-daughter-chiffon-dress,1,2026-01-03,https://www.dresslikemommy.com/en-ae/products/matching-outfit-mother-daughter-chiffon-dress,,404,,redirect,product,dress_category_match,medium,/collections/mommy-and-me
/en-ae/products/maternity-photography-props-lace-see-through-maternity-dress,1,2025-12-25,https://www.dresslikemommy.com/en-ae/products/maternity-photography-props-lace-see-through-maternity-dress,,404,,redirect,product,maternity_category_match,medium,/collections/maternity
/en-ae/products/mommy-me-matching-leopard-print-two-piece-swimsuit,1,2026-01-01,https://www.dresslikemommy.com/en-ae/products/mommy-me-matching-leopard-print-two-piece-swimsuit,,404,,redirect,product,live_product_canonical,high,/products/mommy-me-matching-leopard-print-two-piece-swimsuit
/en-ae/products/mommy-me-matching-red-dress,1,2026-03-20,https://www.dresslikemommy.com/en-ae/products/mommy-me-matching-red-dress,,404,,redirect,product,dress_category_match,medium,/collections/mommy-and-me
/en-ae/products/stylish-and-comfortable-family-matching-outfits,1,2025-11-07,https://www.dresslikemommy.com/en-ae/products/stylish-and-comfortable-family-matching-outfits?variant=40915961348193,variant=40915961348193,404,,redirect,product,live_product_canonical,high,/products/stylish-and-comfortable-family-matching-outfits
/en-at/account/register,1,2026-01-02,https://www.dresslikemommy.com/en-at/account/register,,404,,redirect,account,account_register_variant,high,/account/register
/en-at/collections/best-sellers,1,2025-12-24,https://www.dresslikemommy.com/en-at/collections/best-sellers,,404,,redirect,collection,live_collection_canonical,high,/collections/best-sellers
/en-at/collections/daddy-me,1,2025-12-24,https://www.dresslikemommy.com/en-at/collections/daddy-me,,404,,redirect,collection,live_collection_canonical,high,/collections/daddy-me
/en-at/collections/daddy-me-t-shirts,1,2025-12-24,https://www.dresslikemommy.com/en-at/collections/daddy-me-t-shirts,,404,,redirect,collection,live_collection_canonical,high,/collections/daddy-me-t-shirts
/en-at/collections/swimsuits/products/chic-mother-daughter-matching-swimsuit-set-with-floral-cover-up-family-beachwear-collection,1,2025-11-25,https://www.dresslikemommy.com/en-at/collections/swimsuits/products/chic-mother-daughter-matching-swimsuit-set-with-floral-cover-up-family-beachwear-collection,,404,,redirect,product,live_product_canonical,high,/products/chic-mother-daughter-matching-swimsuit-set-with-floral-cover-up-family-beachwear-collection
/en-at/products/casual-family-matching-outfits-mother-and-daughter-tees-father-and-son-t-shirts-mommy-and-baby-clothes-family-clothing,1,2026-01-02,https://www.dresslikemommy.com/en-at/products/casual-family-matching-outfits-mother-and-daughter-tees-father-and-son-t-shirts-mommy-and-baby-clothes-family-clothing,,404,,redirect,product,live_product_canonical,high,/products/casual-family-matching-outfits-mother-and-daughter-tees-father-and-son-t-shirts-mommy-and-baby-clothes-family-clothing
/en-at/products/daddy-and-me-like-father-like-son-t-shirt,1,2025-12-25,https://www.dresslikemommy.com/en-at/products/daddy-and-me-like-father-like-son-t-shirt,,404,,redirect,product,daddy_and_me_tshirt_match,high,/collections/daddy-me-t-shirts
/en-at/products/elegant-chocolate-brown-monokini-for-mother-daughter-duo-sleek-halter-neckline-with-playful-polka-dot-tie-sides,1,2026-01-02,https://www.dresslikemommy.com/en-at/products/elegant-chocolate-brown-monokini-for-mother-daughter-duo-sleek-halter-neckline-with-playful-polka-dot-tie-sides,,404,,redirect,product,live_product_canonical,high,/products/elegant-chocolate-brown-monokini-for-mother-daughter-duo-sleek-halter-neckline-with-playful-polka-dot-tie-sides
/en-at/products/family-matching-battery-t-shirts,1,2026-01-03,https://www.dresslikemommy.com/en-at/products/family-matching-battery-t-shirts,,404,,redirect,product,tops_category_match,medium,/collections/family-tops
/en-at/products/family-matching-blue-coconut-swimsuits,1,2025-11-11,https://www.dresslikemommy.com/en-at/products/family-matching-blue-coconut-swimsuits,,404,,redirect,product,swimwear_category_match,high,/collections/swimsuits
/en-at/products/family-matching-fun-beach-set,1,2026-01-12,https://www.dresslikemommy.com/en-at/products/family-matching-fun-beach-set,,404,,redirect,product,set_or_outfit_category_match,medium,/collections/family-sets
/en-at/products/family-matching-king-queen-prince-princess-t-shirts,1,2026-01-02,https://www.dresslikemommy.com/en-at/products/family-matching-king-queen-prince-princess-t-shirts,,404,,redirect,product,tops_category_match,medium,/collections/family-tops
/en-at/products/father-son-matching-hawaiian-floral-shirts,1,2025-12-03,https://www.dresslikemommy.com/en-at/products/father-son-matching-hawaiian-floral-shirts,,404,,redirect,product,daddy_and_me_general_match,medium,/collections/daddy-and-me
/en-at/products/matching-hand-painted-family-four-t-shirt,1,2026-01-01,https://www.dresslikemommy.com/en-at/products/matching-hand-painted-family-four-t-shirt,,404,,redirect,product,live_product_canonical,high,/products/matching-hand-painted-family-four-t-shirt
/en-at/products/matching-heart-t-shirt-mommy-me,1,2025-11-29,https://www.dresslikemommy.com/en-at/products/matching-heart-t-shirt-mommy-me,,404,,redirect,product,tops_category_match,medium,/collections/family-tops
/en-at/products/matching-maxi-double-rose-patchwork,1,2025-11-10,https://www.dresslikemommy.com/en-at/products/matching-maxi-double-rose-patchwork,,404,,redirect,product,maxi_dress_category_match,low,/collections/maxi-dresses
/en-at/products/matching-outfit-mother-daughter-chiffon-dress,1,2026-01-03,https://www.dresslikemommy.com/en-at/products/matching-outfit-mother-daughter-chiffon-dress,,404,,redirect,product,dress_category_match,medium,/collections/mommy-and-me
/en-at/products/matching-two-pieces-bikini-ruffle-swimsuit,1,2025-12-24,https://www.dresslikemommy.com/en-at/products/matching-two-pieces-bikini-ruffle-swimsuit,,404,,redirect,product,live_product_canonical,high,/products/matching-two-pieces-bikini-ruffle-swimsuit
/en-at/products/maternity-photography-props-maxi-dresses-see-through-eyelashes-lace,1,2025-10-30,https://www.dresslikemommy.com/en-at/products/maternity-photography-props-maxi-dresses-see-through-eyelashes-lace,,404,,redirect,product,maternity_category_match,medium,/collections/maternity
/en-at/products/mommy-me-angels-wing-swimsuit,1,2026-01-02,https://www.dresslikemommy.com/en-at/products/mommy-me-angels-wing-swimsuit,,404,,redirect,product,swimwear_category_match,high,/collections/swimsuits
/en-at/products/mommy-me-flamingo-print-striped-swimsuit,1,2025-11-06,https://www.dresslikemommy.com/en-at/products/mommy-me-flamingo-print-striped-swimsuit,,404,,redirect,product,live_product_canonical,high,/products/mommy-me-flamingo-print-striped-swimsuit
/en-at/products/mommy-me-matching-leopard-print-two-piece-swimsuit,1,2026-01-12,https://www.dresslikemommy.com/en-at/products/mommy-me-matching-leopard-print-two-piece-swimsuit,,404,,redirect,product,live_product_canonical,high,/products/mommy-me-matching-leopard-print-two-piece-swimsuit
/en-at/products/mommy-me-matching-tribal-print-one-piece-swimsuit,1,2026-01-03,https://www.dresslikemommy.com/en-at/products/mommy-me-matching-tribal-print-one-piece-swimsuit,,404,,redirect,product,live_product_canonical,high,/products/mommy-me-matching-tribal-print-one-piece-swimsuit
/en-at/products/mommy-me-spring-flowers-dress,1,2026-01-03,https://www.dresslikemommy.com/en-at/products/mommy-me-spring-flowers-dress,,404,,redirect,product,dress_category_match,medium,/collections/mommy-and-me
/en-at/products/mother-daughter-flag-maxi-dress,1,2026-01-03,https://www.dresslikemommy.com/en-at/products/mother-daughter-flag-maxi-dress,,404,,redirect,product,live_product_canonical,high,/products/mother-daughter-flag-maxi-dress
/en-at/products/mother-daughter-matching-deer-print-party-dress,1,2026-01-02,https://www.dresslikemommy.com/en-at/products/mother-daughter-matching-deer-print-party-dress,,404,,redirect,product,dress_category_match,medium,/collections/mommy-and-me
/en-at/products/tube-top-long-dress-maternity-photography,1,2026-02-19,https://www.dresslikemommy.com/en-at/products/tube-top-long-dress-maternity-photography,,404,,redirect,product,maternity_category_match,medium,/collections/maternity
/en-au/collections/daddy-me/products/father-and-son-matching-swim-trunks-tropical-floral-print-family-swimwear,1,2025-12-25,https://www.dresslikemommy.com/en-au/collections/daddy-me/products/father-and-son-matching-swim-trunks-tropical-floral-print-family-swimwear,,404,,redirect,product,live_product_canonical,high,/products/father-and-son-matching-swim-trunks-tropical-floral-print-family-swimwear
/en-au/collections/family-matching/products/tropical-vibes-matching-family-hawaiian-shirt-and-floral-dress,1,2025-10-20,https://www.dresslikemommy.com/en-au/collections/family-matching/products/tropical-vibes-matching-family-hawaiian-shirt-and-floral-dress,,404,,redirect,product,live_product_canonical,high,/products/tropical-vibes-matching-family-hawaiian-shirt-and-floral-dress
/en-au/collections/leggings,1,2026-01-26,https://www.dresslikemommy.com/en-au/collections/leggings,,404,,redirect,collection,live_collection_canonical,high,/collections/leggings
/en-au/collections/new-arrivals/products/make-a-splash-with-this-family-matching-floral-outfit,1,2026-02-11,https://www.dresslikemommy.com/en-au/collections/new-arrivals/products/make-a-splash-with-this-family-matching-floral-outfit,,404,,redirect,product,live_product_canonical,high,/products/make-a-splash-with-this-family-matching-floral-outfit
/en-au/collections/new-women-outfits/products/make-a-splash-with-this-family-matching-floral-outfit,1,2026-01-26,https://www.dresslikemommy.com/en-au/collections/new-women-outfits/products/make-a-splash-with-this-family-matching-floral-outfit,,404,,redirect,product,live_product_canonical,high,/products/make-a-splash-with-this-family-matching-floral-outfit
/en-au/collections/rompers,1,2025-11-04,https://www.dresslikemommy.com/en-au/collections/rompers,,404,,redirect,collection,live_collection_canonical,high,/collections/rompers
/en-au/collections/sweaters,1,2025-11-30,https://www.dresslikemommy.com/en-au/collections/sweaters,,404,,redirect,collection,live_collection_canonical,high,/collections/sweaters
/en-au/pages/company-information,1,2026-02-12,https://www.dresslikemommy.com/en-au/pages/company-information,,404,,redirect,page,live_page_canonical,high,/pages/company-information
/en-au/products/casual-family-matching-outfits-mother-and-daughter-tees-father-and-son-t-shirts-mommy-and-baby-clothes-family-clothing,1,2026-01-01,https://www.dresslikemommy.com/en-au/products/casual-family-matching-outfits-mother-and-daughter-tees-father-and-son-t-shirts-mommy-and-baby-clothes-family-clothing,,404,,redirect,product,live_product_canonical,high,/products/casual-family-matching-outfits-mother-and-daughter-tees-father-and-son-t-shirts-mommy-and-baby-clothes-family-clothing
/en-au/products/cute-mother-daughter-matching-swimsuits,1,2026-01-03,https://www.dresslikemommy.com/en-au/products/cute-mother-daughter-matching-swimsuits,,404,,redirect,product,live_product_canonical,high,/products/cute-mother-daughter-matching-swimsuits
/en-au/products/family-matching-boss-t-shirts,1,2025-11-22,https://www.dresslikemommy.com/en-au/products/family-matching-boss-t-shirts,,404,,redirect,product,tops_category_match,medium,/collections/family-tops
/en-au/products/family-matching-fun-beach-set,1,2025-12-25,https://www.dresslikemommy.com/en-au/products/family-matching-fun-beach-set,,404,,redirect,product,set_or_outfit_category_match,medium,/collections/family-sets
/en-au/products/family-matching-rainbow-striped-sweater,1,2026-01-03,https://www.dresslikemommy.com/en-au/products/family-matching-rainbow-striped-sweater,,404,,redirect,product,sweater_or_outerwear_match,high,/collections/sweaters
/en-au/products/family-matching-set-cute-and-stylish-outfits-for-mothers-fathers-and-children,1,2026-02-05,https://www.dresslikemommy.com/en-au/products/family-matching-set-cute-and-stylish-outfits-for-mothers-fathers-and-children,,404,,redirect,product,live_product_canonical,high,/products/family-matching-set-cute-and-stylish-outfits-for-mothers-fathers-and-children
/en-au/products/family-matching-smile-t-shirt,1,2026-01-02,https://www.dresslikemommy.com/en-au/products/family-matching-smile-t-shirt?variant=12463565111393,variant=12463565111393,404,,redirect,product,tops_category_match,medium,/collections/family-tops
/en-au/products/father-and-son-matching-swim-trunks-tropical-paradise-red-and-green-print,1,2025-12-25,https://www.dresslikemommy.com/en-au/products/father-and-son-matching-swim-trunks-tropical-paradise-red-and-green-print,,404,,redirect,product,live_product_canonical,high,/products/father-and-son-matching-swim-trunks-tropical-paradise-red-and-green-print
/en-au/products/matching-mother-daughter-tankini-swimsuit,1,2026-03-14,https://www.dresslikemommy.com/en-au/products/matching-mother-daughter-tankini-swimsuit,,404,,redirect,product,live_product_canonical,high,/products/matching-mother-daughter-tankini-swimsuit
/en-au/products/matching-outfit-mother-daughter-chiffon-dress,1,2025-12-30,https://www.dresslikemommy.com/en-au/products/matching-outfit-mother-daughter-chiffon-dress,,404,,redirect,product,dress_category_match,medium,/collections/mommy-and-me
/en-au/products/maternity-photography-props-lace-see-through-maternity-dress,1,2025-11-26,https://www.dresslikemommy.com/en-au/products/maternity-photography-props-lace-see-through-maternity-dress,,404,,redirect,product,maternity_category_match,medium,/collections/maternity
/en-au/products/maternity-photography-props-maxi-dresses-see-through-eyelashes-lace,1,2025-11-26,https://www.dresslikemommy.com/en-au/products/maternity-photography-props-maxi-dresses-see-through-eyelashes-lace,,404,,redirect,product,maternity_category_match,medium,/collections/maternity
/en-au/products/modern-cow-print-tankini-swimsuit-set-for-mother-and-daughter-stylish-high-waisted-swimwear-with-ruffle-detail,1,2026-01-08,https://www.dresslikemommy.com/en-au/products/modern-cow-print-tankini-swimsuit-set-for-mother-and-daughter-stylish-high-waisted-swimwear-with-ruffle-detail,,404,,redirect,product,live_product_canonical,high,/products/modern-cow-print-tankini-swimsuit-set-for-mother-and-daughter-stylish-high-waisted-swimwear-with-ruffle-detail
/en-au/products/mommy-me-matching-floral-one-piece-swimsuit,1,2025-11-26,https://www.dresslikemommy.com/en-au/products/mommy-me-matching-floral-one-piece-swimsuit,,404,,redirect,product,live_product_canonical,high,/products/mommy-me-matching-floral-one-piece-swimsuit
/en-au/products/mother-daughter-matching-swim-set-abstract-print-two-piece-high-waisted-bikini-with-wrap-skirt,1,2025-11-25,https://www.dresslikemommy.com/en-au/products/mother-daughter-matching-swim-set-abstract-print-two-piece-high-waisted-bikini-with-wrap-skirt,,404,,redirect,product,live_product_canonical,high,/products/mother-daughter-matching-swim-set-abstract-print-two-piece-high-waisted-bikini-with-wrap-skirt
/en-be/collections/casual-dresses/products/shimmering-silver-grey-party-dress-for-women-and-girls-elegant-a-line-dress-with-cross-back-detail,1,2026-03-13,https://www.dresslikemommy.com/en-be/collections/casual-dresses/products/shimmering-silver-grey-party-dress-for-women-and-girls-elegant-a-line-dress-with-cross-back-detail,,404,,redirect,product,dress_category_match,medium,/collections/dresses
/en-be/collections/daddy-me,1,2025-10-01,https://www.dresslikemommy.com/en-be/collections/daddy-me?page=1,page=1,404,,redirect,collection,live_collection_canonical,high,/collections/daddy-me
/en-be/collections/family-matching/products/family-matching-outfits-floral-dresses-and-shorts-with-a-touch-of-fun,1,2025-11-10,https://www.dresslikemommy.com/en-be/collections/family-matching/products/family-matching-outfits-floral-dresses-and-shorts-with-a-touch-of-fun,,404,,redirect,product,live_product_canonical,high,/products/family-matching-outfits-floral-dresses-and-shorts-with-a-touch-of-fun
/en-be/collections/popular-mommy-me/products/matching-leopard-thick-knit-long-sleeved-shirt,1,2026-03-20,https://www.dresslikemommy.com/en-be/collections/popular-mommy-me/products/matching-leopard-thick-knit-long-sleeved-shirt,,404,,redirect,product,sweater_or_outerwear_match,high,/collections/sweaters
/en-be/collections/swimsuits/products/chic-family-tides-mother-daughter-matching-two-piece-swimsuit-with-skirt-vibrant-versatile-swimwear-collection,1,2025-11-10,https://www.dresslikemommy.com/en-be/collections/swimsuits/products/chic-family-tides-mother-daughter-matching-two-piece-swimsuit-with-skirt-vibrant-versatile-swimwear-collection,,404,,redirect,product,live_product_canonical,high,/products/chic-family-tides-mother-daughter-matching-two-piece-swimsuit-with-skirt-vibrant-versatile-swimwear-collection
/en-be/pages/shipping-and-delivery,1,2026-01-21,https://www.dresslikemommy.com/en-be/pages/shipping-and-delivery,,404,,redirect,page,mapped_dead_page_handle,high,/pages/shipping-info
/en-be/products/casual-family-matching-outfits-mother-and-daughter-tees-father-and-son-t-shirts-mommy-and-baby-clothes-family-clothing,1,2025-11-10,https://www.dresslikemommy.com/en-be/products/casual-family-matching-outfits-mother-and-daughter-tees-father-and-son-t-shirts-mommy-and-baby-clothes-family-clothing,,404,,redirect,product,live_product_canonical,high,/products/casual-family-matching-outfits-mother-and-daughter-tees-father-and-son-t-shirts-mommy-and-baby-clothes-family-clothing
/en-be/products/family-matching-boss-t-shirts,1,2026-03-08,https://www.dresslikemommy.com/en-be/products/family-matching-boss-t-shirts,,404,,redirect,product,tops_category_match,medium,/collections/family-tops
/en-be/products/family-matching-fun-beach-set,1,2026-01-12,https://www.dresslikemommy.com/en-be/products/family-matching-fun-beach-set,,404,,redirect,product,set_or_outfit_category_match,medium,/collections/family-sets
/en-be/products/family-matching-yellow-beach-set,1,2025-11-25,https://www.dresslikemommy.com/en-be/products/family-matching-yellow-beach-set?variant=19793956044897,variant=19793956044897,404,,redirect,product,set_or_outfit_category_match,medium,/collections/family-sets
/en-be/products/father-and-son-matching-swim-trunks-tropical-paradise-red-and-green-print,1,2025-09-26,https://www.dresslikemommy.com/en-be/products/father-and-son-matching-swim-trunks-tropical-paradise-red-and-green-print,,404,,redirect,product,live_product_canonical,high,/products/father-and-son-matching-swim-trunks-tropical-paradise-red-and-green-print
/en-be/products/father-son-matching-hawaiian-floral-shirts,1,2025-11-25,https://www.dresslikemommy.com/en-be/products/father-son-matching-hawaiian-floral-shirts,,404,,redirect,product,daddy_and_me_general_match,medium,/collections/daddy-and-me
/en-be/products/matching-hand-painted-family-four-t-shirt,1,2025-12-03,https://www.dresslikemommy.com/en-be/products/matching-hand-painted-family-four-t-shirt,,404,,redirect,product,live_product_canonical,high,/products/matching-hand-painted-family-four-t-shirt
/en-be/products/matching-mommy-and-me-two-piece-tankini-swimsuit-set,1,2026-01-07,https://www.dresslikemommy.com/en-be/products/matching-mommy-and-me-two-piece-tankini-swimsuit-set,,404,,redirect,product,live_product_canonical,high,/products/matching-mommy-and-me-two-piece-tankini-swimsuit-set
/en-be/products/matching-mother-daughter-tankini,1,2026-02-15,https://www.dresslikemommy.com/en-be/products/matching-mother-daughter-tankini,,404,,redirect,product,live_product_canonical,high,/products/matching-mother-daughter-tankini
/en-be/products/maternity-photography-props-lace-see-through-maternity-dress,1,2025-11-25,https://www.dresslikemommy.com/en-be/products/maternity-photography-props-lace-see-through-maternity-dress,,404,,redirect,product,maternity_category_match,medium,/collections/maternity
/en-be/products/maternity-photography-props-maxi-dresses-see-through-eyelashes-lace,1,2025-11-26,https://www.dresslikemommy.com/en-be/products/maternity-photography-props-maxi-dresses-see-through-eyelashes-lace,,404,,redirect,product,maternity_category_match,medium,/collections/maternity
/en-be/products/mommy-and-me-checkered-sweater-vest-matching-family-outfits,1,2025-11-26,https://www.dresslikemommy.com/en-be/products/mommy-and-me-checkered-sweater-vest-matching-family-outfits,,404,,redirect,product,live_product_canonical,high,/products/mommy-and-me-checkered-sweater-vest-matching-family-outfits
/en-be/products/mommy-me-flamingo-print-striped-swimsuit,1,2025-12-04,https://www.dresslikemommy.com/en-be/products/mommy-me-flamingo-print-striped-swimsuit,,404,,redirect,product,live_product_canonical,high,/products/mommy-me-flamingo-print-striped-swimsuit
/en-be/products/mommy-me-matching-leopard-print-two-piece-swimsuit,1,2026-01-12,https://www.dresslikemommy.com/en-be/products/mommy-me-matching-leopard-print-two-piece-swimsuit,,404,,redirect,product,live_product_canonical,high,/products/mommy-me-matching-leopard-print-two-piece-swimsuit
/en-be/products/mommy-me-matching-red-dress,1,2025-10-03,https://www.dresslikemommy.com/en-be/products/mommy-me-matching-red-dress,,404,,redirect,product,dress_category_match,medium,/collections/mommy-and-me
/en-be/products/mother-and-daughter-long-sleeved-dress,1,2025-11-25,https://www.dresslikemommy.com/en-be/products/mother-and-daughter-long-sleeved-dress,,404,,redirect,product,dress_category_match,medium,/collections/dresses
/en-be/products/mother-daughter-matching-deer-print-party-dress,1,2026-03-09,https://www.dresslikemommy.com/en-be/products/mother-daughter-matching-deer-print-party-dress,,404,,redirect,product,dress_category_match,medium,/collections/mommy-and-me
/en-be/products/royal-blue-high-neck-halter-swimsuit-set-with-paisley-print-bottoms-elegant-family-beachwear,1,2026-01-02,https://www.dresslikemommy.com/en-be/products/royal-blue-high-neck-halter-swimsuit-set-with-paisley-print-bottoms-elegant-family-beachwear,,404,,redirect,product,live_product_canonical,high,/products/royal-blue-high-neck-halter-swimsuit-set-with-paisley-print-bottoms-elegant-family-beachwear
/en-be/products/vibrant-halter-neck-one-piece-swimsuit-with-waist-tie-detail-mother-daughter-matching-swimwear-in-exquisite-baroque-print,1,2026-01-02,https://www.dresslikemommy.com/en-be/products/vibrant-halter-neck-one-piece-swimsuit-with-waist-tie-detail-mother-daughter-matching-swimwear-in-exquisite-baroque-print,,404,,redirect,product,live_product_canonical,high,/products/vibrant-halter-neck-one-piece-swimsuit-with-waist-tie-detail-mother-daughter-matching-swimwear-in-exquisite-baroque-print
/en-ch/collections/daddy-me,1,2026-01-01,https://www.dresslikemommy.com/en-ch/collections/daddy-me,,404,,redirect,collection,live_collection_canonical,high,/collections/daddy-me
/en-ch/collections/family-matching/products/boho-chic-family-matching-outfit-flowy-skirts-and-paisley-shirts,1,2025-10-30,https://www.dresslikemommy.com/en-ch/collections/family-matching/products/boho-chic-family-matching-outfit-flowy-skirts-and-paisley-shirts,,404,,redirect,product,live_product_canonical,high,/products/boho-chic-family-matching-outfit-flowy-skirts-and-paisley-shirts
/en-ch/collections/family-matching/products/family-matching-outfits-floral-dresses-and-shorts-with-a-touch-of-fun,1,2025-09-27,https://www.dresslikemommy.com/en-ch/collections/family-matching/products/family-matching-outfits-floral-dresses-and-shorts-with-a-touch-of-fun,,404,,redirect,product,live_product_canonical,high,/products/family-matching-outfits-floral-dresses-and-shorts-with-a-touch-of-fun
/en-ch/collections/family-matching/products/memorable-family-matching-outfits-create-lasting-memories,1,2025-10-30,https://www.dresslikemommy.com/en-ch/collections/family-matching/products/memorable-family-matching-outfits-create-lasting-memories,,404,,redirect,product,live_product_canonical,high,/products/memorable-family-matching-outfits-create-lasting-memories
/en-ch/collections/matching-couples-t-shirts,1,2025-12-25,https://www.dresslikemommy.com/en-ch/collections/matching-couples-t-shirts,,404,,redirect,collection,live_collection_canonical,high,/collections/matching-couples-t-shirts
/en-ch/collections/mommy-me/products/chic-two-piece-swimsuit-with-skirt-family-matching-swimwear-for-mother-and-daughter-available-in-blue-green-black,1,2025-11-26,https://www.dresslikemommy.com/en-ch/collections/mommy-me/products/chic-two-piece-swimsuit-with-skirt-family-matching-swimwear-for-mother-and-daughter-available-in-blue-green-black,,404,,redirect,product,live_product_canonical,high,/products/chic-two-piece-swimsuit-with-skirt-family-matching-swimwear-for-mother-and-daughter-available-in-blue-green-black
/en-ch/collections/mommy-me/products/elegant-mother-daughter-matching-one-piece-swimsuit-with-patterned-mesh-skirt-family-beachwear-set,1,2025-11-26,https://www.dresslikemommy.com/en-ch/collections/mommy-me/products/elegant-mother-daughter-matching-one-piece-swimsuit-with-patterned-mesh-skirt-family-beachwear-set,,404,,redirect,product,live_product_canonical,high,/products/elegant-mother-daughter-matching-one-piece-swimsuit-with-patterned-mesh-skirt-family-beachwear-set
/en-ch/collections/mommy-me/products/mother-daughter-vibrant-two-piece-swimsuit-set-with-flowing-skirt-matching-family-swimwear-collection,1,2026-02-01,https://www.dresslikemommy.com/en-ch/collections/mommy-me/products/mother-daughter-vibrant-two-piece-swimsuit-set-with-flowing-skirt-matching-family-swimwear-collection,,404,,redirect,product,swimwear_category_match,high,/collections/swimsuits
/en-ch/collections/popular-mommy-me/products/matching-maxi-double-rose-patchwork,1,2026-03-10,https://www.dresslikemommy.com/en-ch/collections/popular-mommy-me/products/matching-maxi-double-rose-patchwork,,404,,redirect,product,maxi_dress_category_match,low,/collections/maxi-dresses
/en-ch/collections/popular-mommy-me/products/mommy-and-me-sleepwear-pajamas,1,2025-11-10,https://www.dresslikemommy.com/en-ch/collections/popular-mommy-me/products/mommy-and-me-sleepwear-pajamas,,404,,redirect,product,pajama_category_match,high,/collections/family-pajamas
/en-ch/collections/swimsuits/products/chic-family-bonding-mother-daughter-matching-swimsuit-set-with-long-sleeved-cover-up,1,2025-12-25,https://www.dresslikemommy.com/en-ch/collections/swimsuits/products/chic-family-bonding-mother-daughter-matching-swimsuit-set-with-long-sleeved-cover-up,,404,,redirect,product,live_product_canonical,high,/products/chic-family-bonding-mother-daughter-matching-swimsuit-set-with-long-sleeved-cover-up
/en-ch/collections/swimsuits/products/chic-two-piece-swimsuit-with-skirt-family-matching-swimwear-for-mother-and-daughter-available-in-blue-green-black,1,2025-12-30,https://www.dresslikemommy.com/en-ch/collections/swimsuits/products/chic-two-piece-swimsuit-with-skirt-family-matching-swimwear-for-mother-and-daughter-available-in-blue-green-black,,404,,redirect,product,live_product_canonical,high,/products/chic-two-piece-swimsuit-with-skirt-family-matching-swimwear-for-mother-and-daughter-available-in-blue-green-black
/en-ch/pages/faqs,1,2025-11-24,https://www.dresslikemommy.com/en-ch/pages/faqs,,404,,redirect,page,live_page_canonical,high,/pages/faqs
/en-ch/pages/return-policy,1,2025-10-29,https://www.dresslikemommy.com/en-ch/pages/return-policy,,404,,redirect,page,live_page_canonical,high,/pages/return-policy
/en-ch/pages/secure-payments,1,2026-01-01,https://www.dresslikemommy.com/en-ch/pages/secure-payments,,404,,redirect,page,live_page_canonical,high,/pages/secure-payments
/en-ch/products/chic-family-bonding-mother-daughter-matching-swimsuit-set-with-long-sleeved-cover-up,1,2026-02-13,https://www.dresslikemommy.com/en-ch/products/chic-family-bonding-mother-daughter-matching-swimsuit-set-with-long-sleeved-cover-up,,404,,redirect,product,live_product_canonical,high,/products/chic-family-bonding-mother-daughter-matching-swimsuit-set-with-long-sleeved-cover-up
/en-ch/products/chiffon-shoulder-less-maternity-dresses-for-photo-shoot-white-front-open,1,2025-12-31,https://www.dresslikemommy.com/en-ch/products/chiffon-shoulder-less-maternity-dresses-for-photo-shoot-white-front-open,,404,,redirect,product,maternity_category_match,medium,/collections/maternity
/en-ch/products/elegant-chocolate-brown-monokini-for-mother-daughter-duo-sleek-halter-neckline-with-playful-polka-dot-tie-sides,1,2026-01-03,https://www.dresslikemommy.com/en-ch/products/elegant-chocolate-brown-monokini-for-mother-daughter-duo-sleek-halter-neckline-with-playful-polka-dot-tie-sides,,404,,redirect,product,live_product_canonical,high,/products/elegant-chocolate-brown-monokini-for-mother-daughter-duo-sleek-halter-neckline-with-playful-polka-dot-tie-sides
/en-ch/products/family-matching-colorful-sweater-dad-mother-son-daughter,1,2026-02-22,https://www.dresslikemommy.com/en-ch/products/family-matching-colorful-sweater-dad-mother-son-daughter,,404,,redirect,product,sweater_or_outerwear_match,high,/collections/sweaters
/en-ch/products/family-matching-fun-beach-set,1,2026-01-11,https://www.dresslikemommy.com/en-ch/products/family-matching-fun-beach-set,,404,,redirect,product,set_or_outfit_category_match,medium,/collections/family-sets
/en-ch/products/family-matching-outfits-floral-dresses-and-shorts-with-a-touch-of-fun,1,2025-11-24,https://www.dresslikemommy.com/en-ch/products/family-matching-outfits-floral-dresses-and-shorts-with-a-touch-of-fun,,404,,redirect,product,live_product_canonical,high,/products/family-matching-outfits-floral-dresses-and-shorts-with-a-touch-of-fun
/en-ch/products/family-matching-rainbow-striped-sweater,1,2026-01-03,https://www.dresslikemommy.com/en-ch/products/family-matching-rainbow-striped-sweater,,404,,redirect,product,sweater_or_outerwear_match,high,/collections/sweaters
/en-ch/products/family-matching-rule-maker-rule-breaker-t-shirts,1,2025-11-26,https://www.dresslikemommy.com/en-ch/products/family-matching-rule-maker-rule-breaker-t-shirts,,404,,redirect,product,live_product_canonical,high,/products/family-matching-rule-maker-rule-breaker-t-shirts
/en-ch/products/matching-hand-painted-family-four-t-shirt,1,2026-01-01,https://www.dresslikemommy.com/en-ch/products/matching-hand-painted-family-four-t-shirt,,404,,redirect,product,live_product_canonical,high,/products/matching-hand-painted-family-four-t-shirt
/en-ch/products/matching-mommy-and-me-hollow-out-bikini,1,2026-03-02,https://www.dresslikemommy.com/en-ch/products/matching-mommy-and-me-hollow-out-bikini,,404,,redirect,product,live_product_canonical,high,/products/matching-mommy-and-me-hollow-out-bikini
/en-ch/products/mommy-and-me-checkered-sweater-vest-matching-family-outfits,1,2025-12-26,https://www.dresslikemommy.com/en-ch/products/mommy-and-me-checkered-sweater-vest-matching-family-outfits,,404,,redirect,product,live_product_canonical,high,/products/mommy-and-me-checkered-sweater-vest-matching-family-outfits
/en-ch/products/mommy-me-matching-solid-long-dress,1,2025-12-04,https://www.dresslikemommy.com/en-ch/products/mommy-me-matching-solid-long-dress?variant=39525052219489,variant=39525052219489,404,,redirect,product,live_product_canonical,high,/products/mommy-me-matching-solid-long-dress
/en-ch/products/royal-blue-high-neck-halter-swimsuit-set-with-paisley-print-bottoms-elegant-family-beachwear,1,2025-10-30,https://www.dresslikemommy.com/en-ch/products/royal-blue-high-neck-halter-swimsuit-set-with-paisley-print-bottoms-elegant-family-beachwear,,404,,redirect,product,live_product_canonical,high,/products/royal-blue-high-neck-halter-swimsuit-set-with-paisley-print-bottoms-elegant-family-beachwear
/en-ch/products/tube-top-long-dress-maternity-photography,1,2026-02-08,https://www.dresslikemommy.com/en-ch/products/tube-top-long-dress-maternity-photography,,404,,redirect,product,maternity_category_match,medium,/collections/maternity
/en-de/collections/matching-couples-t-shirts,1,2025-12-24,https://www.dresslikemommy.com/en-de/collections/matching-couples-t-shirts,,404,,redirect,collection,live_collection_canonical,high,/collections/matching-couples-t-shirts
/en-de/collections/matching-couples-t-shirts/products/couple-matching-t-shirt-funny-beard-butt,1,2025-10-16,https://www.dresslikemommy.com/en-de/collections/matching-couples-t-shirts/products/couple-matching-t-shirt-funny-beard-butt,,404,,redirect,product,live_product_canonical,high,/products/couple-matching-t-shirt-funny-beard-butt
/en-de/pages/company-information,1,2026-01-01,https://www.dresslikemommy.com/en-de/pages/company-information,,404,,redirect,page,live_page_canonical,high,/pages/company-information
/en-de/products/chiffon-shoulder-less-maternity-dresses-for-photo-shoot-white-front-open,1,2025-11-26,https://www.dresslikemommy.com/en-de/products/chiffon-shoulder-less-maternity-dresses-for-photo-shoot-white-front-open,,404,,redirect,product,maternity_category_match,medium,/collections/maternity
/en-de/products/cute-mother-daughter-matching-swimsuits,1,2026-01-03,https://www.dresslikemommy.com/en-de/products/cute-mother-daughter-matching-swimsuits,,404,,redirect,product,live_product_canonical,high,/products/cute-mother-daughter-matching-swimsuits
/en-de/products/daddy-and-me-big-man-little-man-t-shirt,1,2025-12-25,https://www.dresslikemommy.com/en-de/products/daddy-and-me-big-man-little-man-t-shirt,,404,,redirect,product,daddy_and_me_tshirt_match,high,/collections/daddy-me-t-shirts
/en-de/products/daddy-and-me-i-have-created-a-monster-t-shirt,1,2025-11-25,https://www.dresslikemommy.com/en-de/products/daddy-and-me-i-have-created-a-monster-t-shirt,,404,,redirect,product,daddy_and_me_tshirt_match,high,/collections/daddy-me-t-shirts
/en-de/products/family-matching-boss-t-shirts,1,2025-11-26,https://www.dresslikemommy.com/en-de/products/family-matching-boss-t-shirts,,404,,redirect,product,tops_category_match,medium,/collections/family-tops
/en-de/products/family-matching-fun-beach-set,1,2026-01-01,https://www.dresslikemommy.com/en-de/products/family-matching-fun-beach-set,,404,,redirect,product,set_or_outfit_category_match,medium,/collections/family-sets
/en-de/products/family-matching-outfits-floral-dresses-and-shorts-with-a-touch-of-fun,1,2025-09-22,https://www.dresslikemommy.com/en-de/products/family-matching-outfits-floral-dresses-and-shorts-with-a-touch-of-fun,,404,,redirect,product,live_product_canonical,high,/products/family-matching-outfits-floral-dresses-and-shorts-with-a-touch-of-fun
/en-de/products/family-matching-rule-maker-rule-breaker-t-shirts,1,2025-11-03,https://www.dresslikemommy.com/en-de/products/family-matching-rule-maker-rule-breaker-t-shirts?variant=32232166162529,variant=32232166162529,404,,redirect,product,live_product_canonical,high,/products/family-matching-rule-maker-rule-breaker-t-shirts
/en-de/products/family-matching-shirt-and-dress-set-yellow-floral-for-a-springtime-look,1,2025-12-10,https://www.dresslikemommy.com/en-de/products/family-matching-shirt-and-dress-set-yellow-floral-for-a-springtime-look,,404,,redirect,product,live_product_canonical,high,/products/family-matching-shirt-and-dress-set-yellow-floral-for-a-springtime-look
/en-de/products/family-matching-summer-island-set,1,2025-11-24,https://www.dresslikemommy.com/en-de/products/family-matching-summer-island-set,,404,,redirect,product,set_or_outfit_category_match,medium,/collections/family-sets
/en-de/products/family-matching-yellow-beach-set,1,2025-12-04,https://www.dresslikemommy.com/en-de/products/family-matching-yellow-beach-set,,404,,redirect,product,set_or_outfit_category_match,medium,/collections/family-sets
/en-de/products/father-son-matching-hawaiian-floral-shirts,1,2025-11-25,https://www.dresslikemommy.com/en-de/products/father-son-matching-hawaiian-floral-shirts,,404,,redirect,product,daddy_and_me_general_match,medium,/collections/daddy-and-me
/en-de/products/matching-couple-t-shirt-lo-ve,1,2025-12-04,https://www.dresslikemommy.com/en-de/products/matching-couple-t-shirt-lo-ve,,404,,redirect,product,live_product_canonical,high,/products/matching-couple-t-shirt-lo-ve
/en-de/products/matching-heart-t-shirt-mommy-me,1,2025-11-29,https://www.dresslikemommy.com/en-de/products/matching-heart-t-shirt-mommy-me,,404,,redirect,product,tops_category_match,medium,/collections/family-tops
/en-de/products/matching-mermaid-scale-print-bikini,1,2026-01-01,https://www.dresslikemommy.com/en-de/products/matching-mermaid-scale-print-bikini,,404,,redirect,product,live_product_canonical,high,/products/matching-mermaid-scale-print-bikini
/en-de/products/matching-mommy-and-me-two-piece-tankini-swimsuit-set,1,2026-02-24,https://www.dresslikemommy.com/en-de/products/matching-mommy-and-me-two-piece-tankini-swimsuit-set,,404,,redirect,product,live_product_canonical,high,/products/matching-mommy-and-me-two-piece-tankini-swimsuit-set
/en-de/products/matching-mommy-me-sunflower-print-swimsuit,1,2026-01-04,https://www.dresslikemommy.com/en-de/products/matching-mommy-me-sunflower-print-swimsuit,,404,,redirect,product,live_product_canonical,high,/products/matching-mommy-me-sunflower-print-swimsuit
/en-de/products/matching-mommy-me-tie-dye-jumpsuit-romper,1,2026-01-01,https://www.dresslikemommy.com/en-de/products/matching-mommy-me-tie-dye-jumpsuit-romper,,404,,redirect,product,live_product_canonical,high,/products/matching-mommy-me-tie-dye-jumpsuit-romper
/en-de/products/matching-two-pieces-bikini-ruffle-swimsuit,1,2026-01-03,https://www.dresslikemommy.com/en-de/products/matching-two-pieces-bikini-ruffle-swimsuit,,404,,redirect,product,live_product_canonical,high,/products/matching-two-pieces-bikini-ruffle-swimsuit
/en-de/products/mommy-and-me-unicorn-sweater-fall-and-winter,1,2025-12-25,https://www.dresslikemommy.com/en-de/products/mommy-and-me-unicorn-sweater-fall-and-winter,,404,,redirect,product,live_product_canonical,high,/products/mommy-and-me-unicorn-sweater-fall-and-winter
/en-de/products/mommy-me-angels-wing-swimsuit,1,2026-02-09,https://www.dresslikemommy.com/en-de/products/mommy-me-angels-wing-swimsuit,,404,,redirect,product,swimwear_category_match,high,/collections/swimsuits
/en-de/products/mommy-me-flamingo-print-striped-swimsuit,1,2025-12-13,https://www.dresslikemommy.com/en-de/products/mommy-me-flamingo-print-striped-swimsuit,,404,,redirect,product,live_product_canonical,high,/products/mommy-me-flamingo-print-striped-swimsuit
/en-de/products/mommy-me-matching-floral-one-piece-swimsuit,1,2026-02-21,https://www.dresslikemommy.com/en-de/products/mommy-me-matching-floral-one-piece-swimsuit,,404,,redirect,product,live_product_canonical,high,/products/mommy-me-matching-floral-one-piece-swimsuit
/en-de/products/mommy-me-matching-red-dress,1,2026-02-11,https://www.dresslikemommy.com/en-de/products/mommy-me-matching-red-dress,,404,,redirect,product,dress_category_match,medium,/collections/mommy-and-me
/en-de/products/mother-daughter-flag-maxi-dress,1,2026-01-03,https://www.dresslikemommy.com/en-de/products/mother-daughter-flag-maxi-dress,,404,,redirect,product,live_product_canonical,high,/products/mother-daughter-flag-maxi-dress
/en-de/products/mother-daughter-matching-beach-swimwear,1,2025-11-24,https://www.dresslikemommy.com/en-de/products/mother-daughter-matching-beach-swimwear,,404,,redirect,product,live_product_canonical,high,/products/mother-daughter-matching-beach-swimwear
/en-de/products/mother-daughter-matching-deer-print-party-dress,1,2026-02-21,https://www.dresslikemommy.com/en-de/products/mother-daughter-matching-deer-print-party-dress,,404,,redirect,product,dress_category_match,medium,/collections/mommy-and-me
/en-ee/pages/faqs,1,2026-03-12,https://www.dresslikemommy.com/en-ee/pages/faqs,,404,,redirect,page,live_page_canonical,high,/pages/faqs
/en-ee/products/father-son-matching-hawaiian-floral-shirts,1,2026-03-10,https://www.dresslikemommy.com/en-ee/products/father-son-matching-hawaiian-floral-shirts,,404,,redirect,product,daddy_and_me_general_match,medium,/collections/daddy-and-me
/en-ee/products/maternity-dresses-sweet-heart-chiffon-cloak-maxi-gown,1,2026-02-25,https://www.dresslikemommy.com/en-ee/products/maternity-dresses-sweet-heart-chiffon-cloak-maxi-gown,,404,,redirect,product,maternity_category_match,medium,/collections/maternity
/en-ee/products/mommy-me-cotton-silk-princess-pajamas,1,2026-02-26,https://www.dresslikemommy.com/en-ee/products/mommy-me-cotton-silk-princess-pajamas,,404,,redirect,product,pajama_category_match,high,/collections/family-pajamas
/en-ee/products/mommy-me-leaf-print-open-waist-swimsuit,1,2026-03-11,https://www.dresslikemommy.com/en-ee/products/mommy-me-leaf-print-open-waist-swimsuit,,404,,redirect,product,live_product_canonical,high,/products/mommy-me-leaf-print-open-waist-swimsuit
/en-fr/collections/formal-dresses/products/high-end-princess-gown-dress-customize,1,2025-10-30,https://www.dresslikemommy.com/en-fr/collections/formal-dresses/products/high-end-princess-gown-dress-customize,,404,,redirect,product,dress_category_match,medium,/collections/dresses
/en-fr/collections/matching-couples-t-shirts,1,2026-03-02,https://www.dresslikemommy.com/en-fr/collections/matching-couples-t-shirts,,404,,redirect,collection,live_collection_canonical,high,/collections/matching-couples-t-shirts
/en-fr/products/casual-family-matching-outfits-mother-and-daughter-tees-father-and-son-t-shirts-mommy-and-baby-clothes-family-clothing,1,2026-01-02,https://www.dresslikemommy.com/en-fr/products/casual-family-matching-outfits-mother-and-daughter-tees-father-and-son-t-shirts-mommy-and-baby-clothes-family-clothing,,404,,redirect,product,live_product_canonical,high,/products/casual-family-matching-outfits-mother-and-daughter-tees-father-and-son-t-shirts-mommy-and-baby-clothes-family-clothing
/en-fr/products/chic-family-bonding-mother-daughter-matching-swimsuit-set-with-long-sleeved-cover-up,1,2026-02-12,https://www.dresslikemommy.com/en-fr/products/chic-family-bonding-mother-daughter-matching-swimsuit-set-with-long-sleeved-cover-up,,404,,redirect,product,live_product_canonical,high,/products/chic-family-bonding-mother-daughter-matching-swimsuit-set-with-long-sleeved-cover-up
/en-fr/products/chiffon-shoulder-less-maternity-dresses-for-photo-shoot-white-front-open,1,2026-01-02,https://www.dresslikemommy.com/en-fr/products/chiffon-shoulder-less-maternity-dresses-for-photo-shoot-white-front-open,,404,,redirect,product,maternity_category_match,medium,/collections/maternity
/en-fr/products/couple-matching-t-shirt-funny-beard-butt,1,2025-09-27,https://www.dresslikemommy.com/en-fr/products/couple-matching-t-shirt-funny-beard-butt,,404,,redirect,product,live_product_canonical,high,/products/couple-matching-t-shirt-funny-beard-butt
/en-fr/products/elegant-chocolate-brown-monokini-for-mother-daughter-duo-sleek-halter-neckline-with-playful-polka-dot-tie-sides,1,2026-01-01,https://www.dresslikemommy.com/en-fr/products/elegant-chocolate-brown-monokini-for-mother-daughter-duo-sleek-halter-neckline-with-playful-polka-dot-tie-sides,,404,,redirect,product,live_product_canonical,high,/products/elegant-chocolate-brown-monokini-for-mother-daughter-duo-sleek-halter-neckline-with-playful-polka-dot-tie-sides
/en-fr/products/family-matching-battery-t-shirts,1,2026-01-03,https://www.dresslikemommy.com/en-fr/products/family-matching-battery-t-shirts,,404,,redirect,product,tops_category_match,medium,/collections/family-tops
/en-fr/products/family-matching-blue-coconut-swimsuits,1,2026-01-01,https://www.dresslikemommy.com/en-fr/products/family-matching-blue-coconut-swimsuits,,404,,redirect,product,swimwear_category_match,high,/collections/swimsuits
/en-fr/products/family-matching-boss-t-shirts,1,2025-12-25,https://www.dresslikemommy.com/en-fr/products/family-matching-boss-t-shirts,,404,,redirect,product,tops_category_match,medium,/collections/family-tops
/en-fr/products/family-matching-fun-beach-set,1,2026-01-01,https://www.dresslikemommy.com/en-fr/products/family-matching-fun-beach-set,,404,,redirect,product,set_or_outfit_category_match,medium,/collections/family-sets
/en-fr/products/father-son-matching-hawaiian-floral-shirts,1,2025-12-03,https://www.dresslikemommy.com/en-fr/products/father-son-matching-hawaiian-floral-shirts,,404,,redirect,product,daddy_and_me_general_match,medium,/collections/daddy-and-me
/en-fr/products/matching-hand-painted-family-four-t-shirt,1,2026-02-21,https://www.dresslikemommy.com/en-fr/products/matching-hand-painted-family-four-t-shirt,,404,,redirect,product,live_product_canonical,high,/products/matching-hand-painted-family-four-t-shirt
/en-fr/products/matching-mommy-me-sunflower-print-swimsuit,1,2025-10-27,https://www.dresslikemommy.com/en-fr/products/matching-mommy-me-sunflower-print-swimsuit,,404,,redirect,product,live_product_canonical,high,/products/matching-mommy-me-sunflower-print-swimsuit
/en-fr/products/matching-mommy-me-tie-dye-jumpsuit-romper,1,2025-11-01,https://www.dresslikemommy.com/en-fr/products/matching-mommy-me-tie-dye-jumpsuit-romper,,404,,redirect,product,live_product_canonical,high,/products/matching-mommy-me-tie-dye-jumpsuit-romper
/en-fr/products/matching-two-pieces-bikini-ruffle-swimsuit,1,2025-12-24,https://www.dresslikemommy.com/en-fr/products/matching-two-pieces-bikini-ruffle-swimsuit,,404,,redirect,product,live_product_canonical,high,/products/matching-two-pieces-bikini-ruffle-swimsuit
/en-fr/products/maternity-cotton-mermaid-trumpet-strapless-pregnant-dress,1,2025-11-01,https://www.dresslikemommy.com/en-fr/products/maternity-cotton-mermaid-trumpet-strapless-pregnant-dress,,404,,redirect,product,maternity_category_match,medium,/collections/maternity
/en-fr/products/mommy-and-me-unicorn-sweater-fall-and-winter,1,2025-12-24,https://www.dresslikemommy.com/en-fr/products/mommy-and-me-unicorn-sweater-fall-and-winter,,404,,redirect,product,live_product_canonical,high,/products/mommy-and-me-unicorn-sweater-fall-and-winter
/en-fr/products/mommy-me-matching-solid-long-dress,1,2026-03-20,https://www.dresslikemommy.com/en-fr/products/mommy-me-matching-solid-long-dress,,404,,redirect,product,live_product_canonical,high,/products/mommy-me-matching-solid-long-dress
/en-fr/products/mommy-me-spring-flowers-dress,1,2025-12-24,https://www.dresslikemommy.com/en-fr/products/mommy-me-spring-flowers-dress,,404,,redirect,product,dress_category_match,medium,/collections/mommy-and-me
/en-fr/products/mother-daughter-matching-deer-print-party-dress,1,2025-11-23,https://www.dresslikemommy.com/en-fr/products/mother-daughter-matching-deer-print-party-dress,,404,,redirect,product,dress_category_match,medium,/collections/mommy-and-me
/en-fr/products/mother-daughter-pastel-mermaid-scales-swimsuit-with-frill-detail,1,2025-12-24,https://www.dresslikemommy.com/en-fr/products/mother-daughter-pastel-mermaid-scales-swimsuit-with-frill-detail,,404,,redirect,product,live_product_canonical,high,/products/mother-daughter-pastel-mermaid-scales-swimsuit-with-frill-detail
/en-fr/products/parent-child-rainbow-bear-autumn-sweater,1,2026-01-01,https://www.dresslikemommy.com/en-fr/products/parent-child-rainbow-bear-autumn-sweater,,404,,redirect,product,live_product_canonical,high,/products/parent-child-rainbow-bear-autumn-sweater
/en-fr/products/royal-blue-high-neck-halter-swimsuit-set-with-paisley-print-bottoms-elegant-family-beachwear,1,2026-01-03,https://www.dresslikemommy.com/en-fr/products/royal-blue-high-neck-halter-swimsuit-set-with-paisley-print-bottoms-elegant-family-beachwear,,404,,redirect,product,live_product_canonical,high,/products/royal-blue-high-neck-halter-swimsuit-set-with-paisley-print-bottoms-elegant-family-beachwear
/en-fr/products/shimmering-silver-grey-party-dress-for-women-and-girls-elegant-a-line-dress-with-cross-back-detail,1,2025-12-03,https://www.dresslikemommy.com/en-fr/products/shimmering-silver-grey-party-dress-for-women-and-girls-elegant-a-line-dress-with-cross-back-detail,,404,,redirect,product,dress_category_match,medium,/collections/dresses
/en-gr/collections/matching-couples-t-shirts,1,2025-11-27,https://www.dresslikemommy.com/en-gr/collections/matching-couples-t-shirts,,404,,redirect,collection,live_collection_canonical,high,/collections/matching-couples-t-shirts
/en-gr/collections/popular-family-matching/products/family-matching-first-time-t-shirts,1,2025-11-21,https://www.dresslikemommy.com/en-gr/collections/popular-family-matching/products/family-matching-first-time-t-shirts,,404,,redirect,product,live_product_canonical,high,/products/family-matching-first-time-t-shirts
/en-gr/products/family-matching-battery-t-shirts,1,2026-01-03,https://www.dresslikemommy.com/en-gr/products/family-matching-battery-t-shirts,,404,,redirect,product,tops_category_match,medium,/collections/family-tops
/en-gr/products/family-matching-fun-beach-set,1,2026-01-01,https://www.dresslikemommy.com/en-gr/products/family-matching-fun-beach-set,,404,,redirect,product,set_or_outfit_category_match,medium,/collections/family-sets
/en-gr/products/family-matching-giraffe-sweater,1,2025-11-25,https://www.dresslikemommy.com/en-gr/products/family-matching-giraffe-sweater,,404,,redirect,product,sweater_or_outerwear_match,high,/collections/sweaters
/en-gr/products/family-matching-rule-maker-rule-breaker-t-shirts,1,2025-11-29,https://www.dresslikemommy.com/en-gr/products/family-matching-rule-maker-rule-breaker-t-shirts?variant=32232166162529,variant=32232166162529,404,,redirect,product,live_product_canonical,high,/products/family-matching-rule-maker-rule-breaker-t-shirts
/en-gr/products/family-matching-set-cute-and-stylish-outfits-for-mothers-fathers-and-children,1,2026-03-09,https://www.dresslikemommy.com/en-gr/products/family-matching-set-cute-and-stylish-outfits-for-mothers-fathers-and-children,,404,,redirect,product,live_product_canonical,high,/products/family-matching-set-cute-and-stylish-outfits-for-mothers-fathers-and-children
/en-gr/products/family-matching-smile-t-shirt,1,2026-01-02,https://www.dresslikemommy.com/en-gr/products/family-matching-smile-t-shirt,,404,,redirect,product,tops_category_match,medium,/collections/family-tops
/en-gr/products/matching-big-man-little-man-t-shirts,1,2025-09-28,https://www.dresslikemommy.com/en-gr/products/matching-big-man-little-man-t-shirts,,404,,redirect,product,daddy_and_me_tshirt_match,high,/collections/daddy-me-t-shirts
/en-gr/products/matching-mommy-and-me-hollow-out-bikini,1,2025-11-26,https://www.dresslikemommy.com/en-gr/products/matching-mommy-and-me-hollow-out-bikini,,404,,redirect,product,live_product_canonical,high,/products/matching-mommy-and-me-hollow-out-bikini
/en-gr/products/matching-mommy-me-two-piece-swimsuit,1,2025-09-26,https://www.dresslikemommy.com/en-gr/products/matching-mommy-me-two-piece-swimsuit,,404,,redirect,product,live_product_canonical,high,/products/matching-mommy-me-two-piece-swimsuit
/en-gr/products/maternity-dresses-sweet-heart-chiffon-cloak-maxi-gown,1,2026-01-02,https://www.dresslikemommy.com/en-gr/products/maternity-dresses-sweet-heart-chiffon-cloak-maxi-gown,,404,,redirect,product,maternity_category_match,medium,/collections/maternity
/en-gr/products/mommy-and-me-unicorn-sweater-fall-and-winter,1,2026-01-01,https://www.dresslikemommy.com/en-gr/products/mommy-and-me-unicorn-sweater-fall-and-winter,,404,,redirect,product,live_product_canonical,high,/products/mommy-and-me-unicorn-sweater-fall-and-winter
/en-gr/products/mommy-daughter-matching-tie-dye-dress,1,2025-12-31,https://www.dresslikemommy.com/en-gr/products/mommy-daughter-matching-tie-dye-dress,,404,,redirect,product,live_product_canonical,high,/products/mommy-daughter-matching-tie-dye-dress
/en-gr/products/mommy-me-angels-wing-swimsuit,1,2025-11-25,https://www.dresslikemommy.com/en-gr/products/mommy-me-angels-wing-swimsuit,,404,,redirect,product,swimwear_category_match,high,/collections/swimsuits
/en-gr/products/mommy-me-matching-leopard-print-two-piece-swimsuit,1,2026-01-01,https://www.dresslikemommy.com/en-gr/products/mommy-me-matching-leopard-print-two-piece-swimsuit,,404,,redirect,product,live_product_canonical,high,/products/mommy-me-matching-leopard-print-two-piece-swimsuit
/en-gr/products/mommy-me-maternity-solid-dress,1,2026-02-16,https://www.dresslikemommy.com/en-gr/products/mommy-me-maternity-solid-dress,,404,,redirect,product,maternity_category_match,medium,/collections/maternity
/en-gr/products/new-striped-matching-mother-daughter-clothes-father-son-outfits-family-look-2016-matching-family-shirts-cotton-family-outfits,1,2025-10-06,https://www.dresslikemommy.com/en-gr/products/new-striped-matching-mother-daughter-clothes-father-son-outfits-family-look-2016-matching-family-shirts-cotton-family-outfits,,404,,redirect,product,daddy_and_me_general_match,medium,/collections/daddy-and-me
/en-gr/products/royal-blue-high-neck-halter-swimsuit-set-with-paisley-print-bottoms-elegant-family-beachwear,1,2026-01-02,https://www.dresslikemommy.com/en-gr/products/royal-blue-high-neck-halter-swimsuit-set-with-paisley-print-bottoms-elegant-family-beachwear,,404,,redirect,product,live_product_canonical,high,/products/royal-blue-high-neck-halter-swimsuit-set-with-paisley-print-bottoms-elegant-family-beachwear
/en-hk/account/register,1,2025-10-26,https://www.dresslikemommy.com/en-hk/account/register,,404,,redirect,account,account_register_variant,high,/account/register
/en-hk/collections/best-sellers,1,2025-12-24,https://www.dresslikemommy.com/en-hk/collections/best-sellers,,404,,redirect,collection,live_collection_canonical,high,/collections/best-sellers
/en-hk/collections/fall-winter/products/matching-maxi-double-rose-patchwork,1,2026-02-13,https://www.dresslikemommy.com/en-hk/collections/fall-winter/products/matching-maxi-double-rose-patchwork,,404,,redirect,product,maxi_dress_category_match,low,/collections/maxi-dresses
/en-hk/collections/family-matching/products/memorable-family-matching-outfits-create-lasting-memories,1,2026-01-02,https://www.dresslikemommy.com/en-hk/collections/family-matching/products/memorable-family-matching-outfits-create-lasting-memories,,404,,redirect,product,live_product_canonical,high,/products/memorable-family-matching-outfits-create-lasting-memories
/en-hk/collections/family-matching/products/stylish-and-comfortable-family-matching-outfits,1,2026-01-02,https://www.dresslikemommy.com/en-hk/collections/family-matching/products/stylish-and-comfortable-family-matching-outfits,,404,,redirect,product,live_product_canonical,high,/products/stylish-and-comfortable-family-matching-outfits
/en-hk/collections/family-matching/products/tropical-vibes-matching-family-hawaiian-shirt-and-floral-dress,1,2026-01-02,https://www.dresslikemommy.com/en-hk/collections/family-matching/products/tropical-vibes-matching-family-hawaiian-shirt-and-floral-dress,,404,,redirect,product,live_product_canonical,high,/products/tropical-vibes-matching-family-hawaiian-shirt-and-floral-dress
/en-hk/collections/swimsuits/products/elegant-mother-daughter-matching-one-piece-swimsuit-with-patterned-mesh-skirt-family-beachwear-set,1,2026-03-03,https://www.dresslikemommy.com/en-hk/collections/swimsuits/products/elegant-mother-daughter-matching-one-piece-swimsuit-with-patterned-mesh-skirt-family-beachwear-set,,404,,redirect,product,live_product_canonical,high,/products/elegant-mother-daughter-matching-one-piece-swimsuit-with-patterned-mesh-skirt-family-beachwear-set
/en-hk/pages/secure-payments,1,2025-12-30,https://www.dresslikemommy.com/en-hk/pages/secure-payments,,404,,redirect,page,live_page_canonical,high,/pages/secure-payments
/en-hk/pages/shipping-and-delivery,1,2026-01-02,https://www.dresslikemommy.com/en-hk/pages/shipping-and-delivery,,404,,redirect,page,mapped_dead_page_handle,high,/pages/shipping-info
/en-hk/pages/terms-and-conditions,1,2025-12-30,https://www.dresslikemommy.com/en-hk/pages/terms-and-conditions,,404,,redirect,page,live_page_canonical,high,/pages/terms-and-conditions
/en-hk/products/casual-family-matching-outfits-mother-and-daughter-tees-father-and-son-t-shirts-mommy-and-baby-clothes-family-clothing,1,2026-01-01,https://www.dresslikemommy.com/en-hk/products/casual-family-matching-outfits-mother-and-daughter-tees-father-and-son-t-shirts-mommy-and-baby-clothes-family-clothing,,404,,redirect,product,live_product_canonical,high,/products/casual-family-matching-outfits-mother-and-daughter-tees-father-and-son-t-shirts-mommy-and-baby-clothes-family-clothing
/en-hk/products/chic-family-tides-mother-daughter-matching-two-piece-swimsuit-with-skirt-vibrant-versatile-swimwear-collection,1,2026-01-03,https://www.dresslikemommy.com/en-hk/products/chic-family-tides-mother-daughter-matching-two-piece-swimsuit-with-skirt-vibrant-versatile-swimwear-collection,,404,,redirect,product,live_product_canonical,high,/products/chic-family-tides-mother-daughter-matching-two-piece-swimsuit-with-skirt-vibrant-versatile-swimwear-collection
/en-hk/products/chiffon-shoulder-less-maternity-dresses-for-photo-shoot-white-front-open,1,2026-01-04,https://www.dresslikemommy.com/en-hk/products/chiffon-shoulder-less-maternity-dresses-for-photo-shoot-white-front-open,,404,,redirect,product,maternity_category_match,medium,/collections/maternity
/en-hk/products/daddy-and-me-i-have-created-a-monster-t-shirt,1,2025-10-05,https://www.dresslikemommy.com/en-hk/products/daddy-and-me-i-have-created-a-monster-t-shirt,,404,,redirect,product,daddy_and_me_tshirt_match,high,/collections/daddy-me-t-shirts
/en-hk/products/family-matching-colorful-sweater-dad-mother-son-daughter,1,2025-10-29,https://www.dresslikemommy.com/en-hk/products/family-matching-colorful-sweater-dad-mother-son-daughter,,404,,redirect,product,sweater_or_outerwear_match,high,/collections/sweaters
/en-hk/products/family-matching-dress-and-t-shirt-set-summer-fun-for-the-whole-family,1,2025-09-26,https://www.dresslikemommy.com/en-hk/products/family-matching-dress-and-t-shirt-set-summer-fun-for-the-whole-family,,404,,redirect,product,live_product_canonical,high,/products/family-matching-dress-and-t-shirt-set-summer-fun-for-the-whole-family
/en-hk/products/family-matching-fun-beach-set,1,2026-01-02,https://www.dresslikemommy.com/en-hk/products/family-matching-fun-beach-set,,404,,redirect,product,set_or_outfit_category_match,medium,/collections/family-sets
/en-hk/products/family-matching-smile-t-shirt,1,2026-01-02,https://www.dresslikemommy.com/en-hk/products/family-matching-smile-t-shirt?variant=12463565111393,variant=12463565111393,404,,redirect,product,tops_category_match,medium,/collections/family-tops
/en-hk/products/father-son-matching-hawaiian-floral-shirts,1,2025-10-09,https://www.dresslikemommy.com/en-hk/products/father-son-matching-hawaiian-floral-shirts,,404,,redirect,product,daddy_and_me_general_match,medium,/collections/daddy-and-me
/en-hk/products/matching-big-man-little-man-t-shirts,1,2026-03-18,https://www.dresslikemommy.com/en-hk/products/matching-big-man-little-man-t-shirts,,404,,redirect,product,daddy_and_me_tshirt_match,high,/collections/daddy-me-t-shirts
/en-hk/products/matching-heart-t-shirt-mommy-me,1,2025-11-30,https://www.dresslikemommy.com/en-hk/products/matching-heart-t-shirt-mommy-me,,404,,redirect,product,tops_category_match,medium,/collections/family-tops
/en-hk/products/matching-mamas-boy-t-shirt,1,2025-11-25,https://www.dresslikemommy.com/en-hk/products/matching-mamas-boy-t-shirt,,404,,redirect,product,live_product_canonical,high,/products/matching-mamas-boy-t-shirt
/en-hk/products/matching-mommy-me-orange-print-swimsuit,1,2026-03-13,https://www.dresslikemommy.com/en-hk/products/matching-mommy-me-orange-print-swimsuit,,404,,redirect,product,live_product_canonical,high,/products/matching-mommy-me-orange-print-swimsuit
/en-hk/products/matching-mommy-me-sunflower-print-swimsuit,1,2025-12-04,https://www.dresslikemommy.com/en-hk/products/matching-mommy-me-sunflower-print-swimsuit,,404,,redirect,product,live_product_canonical,high,/products/matching-mommy-me-sunflower-print-swimsuit
/en-hk/products/matching-mommy-me-tie-dye-jumpsuit-romper,1,2026-03-08,https://www.dresslikemommy.com/en-hk/products/matching-mommy-me-tie-dye-jumpsuit-romper,,404,,redirect,product,live_product_canonical,high,/products/matching-mommy-me-tie-dye-jumpsuit-romper
/en-hk/products/matching-outfit-mother-daughter-chiffon-dress,1,2026-01-03,https://www.dresslikemommy.com/en-hk/products/matching-outfit-mother-daughter-chiffon-dress,,404,,redirect,product,dress_category_match,medium,/collections/mommy-and-me
/en-hk/products/mommy-daughter-matching-tie-dye-dress,1,2025-12-30,https://www.dresslikemommy.com/en-hk/products/mommy-daughter-matching-tie-dye-dress,,404,,redirect,product,live_product_canonical,high,/products/mommy-daughter-matching-tie-dye-dress
/en-hk/products/mommy-me-angels-wing-swimsuit,1,2026-01-06,https://www.dresslikemommy.com/en-hk/products/mommy-me-angels-wing-swimsuit,,404,,redirect,product,swimwear_category_match,high,/collections/swimsuits
/en-hk/products/mommy-me-leaf-print-open-waist-swimsuit,1,2026-02-21,https://www.dresslikemommy.com/en-hk/products/mommy-me-leaf-print-open-waist-swimsuit,,404,,redirect,product,live_product_canonical,high,/products/mommy-me-leaf-print-open-waist-swimsuit
/en-hk/products/mommy-me-matching-solid-long-dress,1,2025-12-24,https://www.dresslikemommy.com/en-hk/products/mommy-me-matching-solid-long-dress,,404,,redirect,product,live_product_canonical,high,/products/mommy-me-matching-solid-long-dress
/en-hk/products/mommy-me-spring-flowers-dress,1,2026-01-02,https://www.dresslikemommy.com/en-hk/products/mommy-me-spring-flowers-dress,,404,,redirect,product,dress_category_match,medium,/collections/mommy-and-me
/en-ie/collections/family-matching/products/family-matching-outfits-summer-boho-chic-dress-and-shirt,1,2026-01-15,https://www.dresslikemommy.com/en-ie/collections/family-matching/products/family-matching-outfits-summer-boho-chic-dress-and-shirt,,404,,redirect,product,live_product_canonical,high,/products/family-matching-outfits-summer-boho-chic-dress-and-shirt
/en-ie/pages/secure-payments,1,2026-01-02,https://www.dresslikemommy.com/en-ie/pages/secure-payments,,404,,redirect,page,live_page_canonical,high,/pages/secure-payments
/en-ie/products/casual-family-matching-outfits-mother-and-daughter-tees-father-and-son-t-shirts-mommy-and-baby-clothes-family-clothing,1,2026-01-01,https://www.dresslikemommy.com/en-ie/products/casual-family-matching-outfits-mother-and-daughter-tees-father-and-son-t-shirts-mommy-and-baby-clothes-family-clothing,,404,,redirect,product,live_product_canonical,high,/products/casual-family-matching-outfits-mother-and-daughter-tees-father-and-son-t-shirts-mommy-and-baby-clothes-family-clothing
/en-ie/products/chic-family-bonding-mother-daughter-matching-swimsuit-set-with-long-sleeved-cover-up,1,2026-02-12,https://www.dresslikemommy.com/en-ie/products/chic-family-bonding-mother-daughter-matching-swimsuit-set-with-long-sleeved-cover-up,,404,,redirect,product,live_product_canonical,high,/products/chic-family-bonding-mother-daughter-matching-swimsuit-set-with-long-sleeved-cover-up
/en-ie/products/chiffon-shoulder-less-maternity-dresses-for-photo-shoot-white-front-open,1,2025-11-26,https://www.dresslikemommy.com/en-ie/products/chiffon-shoulder-less-maternity-dresses-for-photo-shoot-white-front-open,,404,,redirect,product,maternity_category_match,medium,/collections/maternity
/en-ie/products/cute-mother-daughter-matching-swimsuits,1,2026-01-03,https://www.dresslikemommy.com/en-ie/products/cute-mother-daughter-matching-swimsuits,,404,,redirect,product,live_product_canonical,high,/products/cute-mother-daughter-matching-swimsuits
/en-ie/products/family-matching-colorful-sweater-dad-mother-son-daughter,1,2025-11-24,https://www.dresslikemommy.com/en-ie/products/family-matching-colorful-sweater-dad-mother-son-daughter,,404,,redirect,product,sweater_or_outerwear_match,high,/collections/sweaters
/en-ie/products/family-matching-fun-beach-set,1,2026-01-01,https://www.dresslikemommy.com/en-ie/products/family-matching-fun-beach-set,,404,,redirect,product,set_or_outfit_category_match,medium,/collections/family-sets
/en-ie/products/family-matching-set-cute-and-stylish-outfits-for-mothers-fathers-and-children,1,2025-11-11,https://www.dresslikemommy.com/en-ie/products/family-matching-set-cute-and-stylish-outfits-for-mothers-fathers-and-children,,404,,redirect,product,live_product_canonical,high,/products/family-matching-set-cute-and-stylish-outfits-for-mothers-fathers-and-children
/en-ie/products/family-matching-summer-island-set,1,2025-10-20,https://www.dresslikemommy.com/en-ie/products/family-matching-summer-island-set,,404,,redirect,product,set_or_outfit_category_match,medium,/collections/family-sets
/en-ie/products/matching-hand-painted-family-four-t-shirt,1,2026-01-02,https://www.dresslikemommy.com/en-ie/products/matching-hand-painted-family-four-t-shirt,,404,,redirect,product,live_product_canonical,high,/products/matching-hand-painted-family-four-t-shirt
/en-ie/products/matching-mommy-and-me-hollow-out-bikini,1,2025-12-25,https://www.dresslikemommy.com/en-ie/products/matching-mommy-and-me-hollow-out-bikini,,404,,redirect,product,live_product_canonical,high,/products/matching-mommy-and-me-hollow-out-bikini
/en-ie/products/matching-mommy-me-sunflower-print-swimsuit,1,2026-01-01,https://www.dresslikemommy.com/en-ie/products/matching-mommy-me-sunflower-print-swimsuit,,404,,redirect,product,live_product_canonical,high,/products/matching-mommy-me-sunflower-print-swimsuit
/en-ie/products/matching-mommy-me-unicorn-t-shirt,1,2025-10-13,https://www.dresslikemommy.com/en-ie/products/matching-mommy-me-unicorn-t-shirt,,404,,redirect,product,tops_category_match,medium,/collections/family-tops
/en-ie/products/matching-ruffle-one-piece-swimsuit,1,2026-02-14,https://www.dresslikemommy.com/en-ie/products/matching-ruffle-one-piece-swimsuit,,404,,redirect,product,swimwear_category_match,high,/collections/swimsuits
/en-ie/products/matching-t-shirt-heart-rate-mommy-me,1,2025-11-25,https://www.dresslikemommy.com/en-ie/products/matching-t-shirt-heart-rate-mommy-me,,404,,redirect,product,tops_category_match,medium,/collections/family-tops
/en-ie/products/mommy-and-me-checkered-sweater-vest-matching-family-outfits,1,2025-11-26,https://www.dresslikemommy.com/en-ie/products/mommy-and-me-checkered-sweater-vest-matching-family-outfits,,404,,redirect,product,live_product_canonical,high,/products/mommy-and-me-checkered-sweater-vest-matching-family-outfits
/en-ie/products/mommy-me-cotton-silk-princess-pajamas,1,2025-11-25,https://www.dresslikemommy.com/en-ie/products/mommy-me-cotton-silk-princess-pajamas,,404,,redirect,product,pajama_category_match,high,/collections/family-pajamas
/en-ie/products/mommy-me-matching-leopard-print-two-piece-swimsuit,1,2025-11-28,https://www.dresslikemommy.com/en-ie/products/mommy-me-matching-leopard-print-two-piece-swimsuit,,404,,redirect,product,live_product_canonical,high,/products/mommy-me-matching-leopard-print-two-piece-swimsuit
/en-ie/products/mother-daughter-flag-maxi-dress,1,2025-11-10,https://www.dresslikemommy.com/en-ie/products/mother-daughter-flag-maxi-dress,,404,,redirect,product,live_product_canonical,high,/products/mother-daughter-flag-maxi-dress
/en-ie/products/mother-daughter-matching-deer-print-party-dress,1,2026-01-05,https://www.dresslikemommy.com/en-ie/products/mother-daughter-matching-deer-print-party-dress,,404,,redirect,product,dress_category_match,medium,/collections/mommy-and-me
/en-jp/products/casual-family-matching-outfits-mother-and-daughter-tees-father-and-son-t-shirts-mommy-and-baby-clothes-family-clothing,1,2025-11-25,https://www.dresslikemommy.com/en-jp/products/casual-family-matching-outfits-mother-and-daughter-tees-father-and-son-t-shirts-mommy-and-baby-clothes-family-clothing,,404,,redirect,product,live_product_canonical,high,/products/casual-family-matching-outfits-mother-and-daughter-tees-father-and-son-t-shirts-mommy-and-baby-clothes-family-clothing
/en-jp/products/chic-mother-daughter-one-shoulder-swimsuit-with-playful-ruffles-and-contrasting-stripes-nylon-polyester-blend,1,2025-12-27,https://www.dresslikemommy.com/en-jp/products/chic-mother-daughter-one-shoulder-swimsuit-with-playful-ruffles-and-contrasting-stripes-nylon-polyester-blend,,404,,redirect,product,live_product_canonical,high,/products/chic-mother-daughter-one-shoulder-swimsuit-with-playful-ruffles-and-contrasting-stripes-nylon-polyester-blend
/en-jp/products/family-matching-fun-beach-set,1,2025-11-08,https://www.dresslikemommy.com/en-jp/products/family-matching-fun-beach-set,,404,,redirect,product,set_or_outfit_category_match,medium,/collections/family-sets
/en-jp/products/family-matching-outfits-floral-dresses-and-shorts-with-a-touch-of-fun,1,2025-09-23,https://www.dresslikemommy.com/en-jp/products/family-matching-outfits-floral-dresses-and-shorts-with-a-touch-of-fun,,404,,redirect,product,live_product_canonical,high,/products/family-matching-outfits-floral-dresses-and-shorts-with-a-touch-of-fun
/en-jp/products/family-matching-rule-maker-rule-breaker-t-shirts,1,2026-02-19,https://www.dresslikemommy.com/en-jp/products/family-matching-rule-maker-rule-breaker-t-shirts?variant=32232166162529,variant=32232166162529,404,,redirect,product,live_product_canonical,high,/products/family-matching-rule-maker-rule-breaker-t-shirts
/en-jp/products/family-matching-shirt-and-dress-set-yellow-floral-for-a-springtime-look,1,2026-01-01,https://www.dresslikemommy.com/en-jp/products/family-matching-shirt-and-dress-set-yellow-floral-for-a-springtime-look,,404,,redirect,product,live_product_canonical,high,/products/family-matching-shirt-and-dress-set-yellow-floral-for-a-springtime-look
/en-jp/products/father-and-son-matching-swim-trunks-classic-paisley-pattern-in-blue-and-yellow,1,2025-11-25,https://www.dresslikemommy.com/en-jp/products/father-and-son-matching-swim-trunks-classic-paisley-pattern-in-blue-and-yellow,,404,,redirect,product,live_product_canonical,high,/products/father-and-son-matching-swim-trunks-classic-paisley-pattern-in-blue-and-yellow
/en-jp/products/matching-hand-painted-family-four-t-shirt,1,2026-02-05,https://www.dresslikemommy.com/en-jp/products/matching-hand-painted-family-four-t-shirt,,404,,redirect,product,live_product_canonical,high,/products/matching-hand-painted-family-four-t-shirt
/en-jp/products/matching-mommy-me-sunflower-print-swimsuit,1,2025-12-30,https://www.dresslikemommy.com/en-jp/products/matching-mommy-me-sunflower-print-swimsuit,,404,,redirect,product,live_product_canonical,high,/products/matching-mommy-me-sunflower-print-swimsuit
/en-jp/products/royal-blue-high-neck-halter-swimsuit-set-with-paisley-print-bottoms-elegant-family-beachwear,1,2026-01-01,https://www.dresslikemommy.com/en-jp/products/royal-blue-high-neck-halter-swimsuit-set-with-paisley-print-bottoms-elegant-family-beachwear,,404,,redirect,product,live_product_canonical,high,/products/royal-blue-high-neck-halter-swimsuit-set-with-paisley-print-bottoms-elegant-family-beachwear
/en-se/collections/fall-winter/products/mommy-me-matching-floral-v-sling-jumpsuit,1,2026-03-07,https://www.dresslikemommy.com/en-se/collections/fall-winter/products/mommy-me-matching-floral-v-sling-jumpsuit,,404,,redirect,product,jumpsuit_category_match,medium,/collections/jumpsuits
/en-se/collections/popular-mommy-me-1/products/parent-child-rainbow-bear-autumn-sweater,1,2025-11-26,https://www.dresslikemommy.com/en-se/collections/popular-mommy-me-1/products/parent-child-rainbow-bear-autumn-sweater?variant=40949491925089,variant=40949491925089,404,,redirect,product,live_product_canonical,high,/products/parent-child-rainbow-bear-autumn-sweater
/en-se/pages/secure-payments,1,2025-11-25,https://www.dresslikemommy.com/en-se/pages/secure-payments,,404,,redirect,page,live_page_canonical,high,/pages/secure-payments
/en-se/pages/terms-and-conditions,1,2025-11-25,https://www.dresslikemommy.com/en-se/pages/terms-and-conditions,,404,,redirect,page,live_page_canonical,high,/pages/terms-and-conditions
/en-se/products/boho-chic-family-matching-outfit-flowy-skirts-and-paisley-shirts,1,2026-01-24,https://www.dresslikemommy.com/en-se/products/boho-chic-family-matching-outfit-flowy-skirts-and-paisley-shirts,,404,,redirect,product,live_product_canonical,high,/products/boho-chic-family-matching-outfit-flowy-skirts-and-paisley-shirts
/en-se/products/casual-family-matching-outfits-mother-and-daughter-tees-father-and-son-t-shirts-mommy-and-baby-clothes-family-clothing,1,2026-01-01,https://www.dresslikemommy.com/en-se/products/casual-family-matching-outfits-mother-and-daughter-tees-father-and-son-t-shirts-mommy-and-baby-clothes-family-clothing,,404,,redirect,product,live_product_canonical,high,/products/casual-family-matching-outfits-mother-and-daughter-tees-father-and-son-t-shirts-mommy-and-baby-clothes-family-clothing
/en-se/products/dinosaur-family-matching-sweatshirts,1,2026-01-01,https://www.dresslikemommy.com/en-se/products/dinosaur-family-matching-sweatshirts,,404,,redirect,product,tops_category_match,medium,/collections/family-tops
/en-se/products/family-matching-fun-beach-set,1,2026-01-01,https://www.dresslikemommy.com/en-se/products/family-matching-fun-beach-set,,404,,redirect,product,set_or_outfit_category_match,medium,/collections/family-sets
/en-se/products/family-matching-rainbow-striped-sweater,1,2026-01-05,https://www.dresslikemommy.com/en-se/products/family-matching-rainbow-striped-sweater,,404,,redirect,product,sweater_or_outerwear_match,high,/collections/sweaters
/en-se/products/family-matching-saurus-t-shirts,1,2025-11-14,https://www.dresslikemommy.com/en-se/products/family-matching-saurus-t-shirts,,404,,redirect,product,tops_category_match,medium,/collections/family-tops
/en-se/products/family-matching-summer-island-set,1,2026-01-01,https://www.dresslikemommy.com/en-se/products/family-matching-summer-island-set,,404,,redirect,product,set_or_outfit_category_match,medium,/collections/family-sets
/en-se/products/family-matching-tropical-swimsuits,1,2026-01-01,https://www.dresslikemommy.com/en-se/products/family-matching-tropical-swimsuits,,404,,redirect,product,swimwear_category_match,high,/collections/swimsuits
/en-se/products/matching-maxi-double-rose-patchwork,1,2025-12-24,https://www.dresslikemommy.com/en-se/products/matching-maxi-double-rose-patchwork,,404,,redirect,product,maxi_dress_category_match,low,/collections/maxi-dresses
/en-se/products/matching-mermaid-scale-print-bikini,1,2026-01-11,https://www.dresslikemommy.com/en-se/products/matching-mermaid-scale-print-bikini,,404,,redirect,product,live_product_canonical,high,/products/matching-mermaid-scale-print-bikini
/en-se/products/matching-mommy-and-me-hollow-out-bikini,1,2025-12-25,https://www.dresslikemommy.com/en-se/products/matching-mommy-and-me-hollow-out-bikini,,404,,redirect,product,live_product_canonical,high,/products/matching-mommy-and-me-hollow-out-bikini
/en-se/products/matching-mommy-and-me-two-piece-tankini-swimsuit-set,1,2026-03-13,https://www.dresslikemommy.com/en-se/products/matching-mommy-and-me-two-piece-tankini-swimsuit-set,,404,,redirect,product,live_product_canonical,high,/products/matching-mommy-and-me-two-piece-tankini-swimsuit-set
/en-se/products/maternity-photography-props-maxi-dresses-see-through-eyelashes-lace,1,2025-11-26,https://www.dresslikemommy.com/en-se/products/maternity-photography-props-maxi-dresses-see-through-eyelashes-lace,,404,,redirect,product,maternity_category_match,medium,/collections/maternity
/en-se/products/mommy-me-matching-floral-v-sling-jumpsuit,1,2026-01-03,https://www.dresslikemommy.com/en-se/products/mommy-me-matching-floral-v-sling-jumpsuit,,404,,redirect,product,jumpsuit_category_match,medium,/collections/jumpsuits
/en-se/products/mother-daughter-flag-maxi-dress,1,2025-11-06,https://www.dresslikemommy.com/en-se/products/mother-daughter-flag-maxi-dress,,404,,redirect,product,live_product_canonical,high,/products/mother-daughter-flag-maxi-dress
/en-se/products/mother-daughter-matching-swim-set-abstract-print-two-piece-high-waisted-bikini-with-wrap-skirt,1,2026-01-01,https://www.dresslikemommy.com/en-se/products/mother-daughter-matching-swim-set-abstract-print-two-piece-high-waisted-bikini-with-wrap-skirt,,404,,redirect,product,live_product_canonical,high,/products/mother-daughter-matching-swim-set-abstract-print-two-piece-high-waisted-bikini-with-wrap-skirt
/es/products/2016-family-matching-outfits-summer-family-look-clothing-mother-daughter-dresses-clothes-chiffon-dress-korean-fashion,1,2026-03-20,https://www.dresslikemommy.com/es/products/2016-family-matching-outfits-summer-family-look-clothing-mother-daughter-dresses-clothes-chiffon-dress-korean-fashion,,404,,redirect,product,dress_category_match,medium,/es/collections/mommy-and-me
/es/products/daddy-and-me-i-have-created-a-monster-t-shirt,1,2026-03-21,https://www.dresslikemommy.com/es/products/daddy-and-me-i-have-created-a-monster-t-shirt,,404,,redirect,product,daddy_and_me_tshirt_match,high,/es/collections/daddy-me-t-shirts
/es/products/dinosaur-family-matching-sweatshirts,1,2026-03-19,https://www.dresslikemommy.com/es/products/dinosaur-family-matching-sweatshirts,,404,,redirect,product,tops_category_match,medium,/es/collections/family-tops
/es/products/family-matching-boss-t-shirts,1,2026-03-19,https://www.dresslikemommy.com/es/products/family-matching-boss-t-shirts,,404,,redirect,product,tops_category_match,medium,/es/collections/family-tops
/es/products/family-matching-outfits-father-son-mommy-me,1,2026-03-17,https://www.dresslikemommy.com/es/products/family-matching-outfits-father-son-mommy-me,,404,,redirect,product,set_or_outfit_category_match,medium,/es/collections/matching-outfits
/es/products/family-matching-shark-t-shirts,1,2026-03-12,https://www.dresslikemommy.com/es/products/family-matching-shark-t-shirts,,404,,redirect,product,tops_category_match,medium,/es/collections/family-tops
/es/products/father-son-matching-hawaiian-floral-shirts,1,2026-03-04,https://www.dresslikemommy.com/es/products/father-son-matching-hawaiian-floral-shirts,,404,,redirect,product,daddy_and_me_general_match,medium,/es/collections/daddy-and-me
/es/products/gift-card,1,2026-03-18,https://www.dresslikemommy.com/es/products/gift-card,,404,,redirect,product,set_or_outfit_category_match,medium,/es/collections/matching-outfits
/es/products/matching-big-man-little-man-t-shirts,1,2026-03-20,https://www.dresslikemommy.com/es/products/matching-big-man-little-man-t-shirts,,404,,redirect,product,daddy_and_me_tshirt_match,high,/es/collections/daddy-me-t-shirts
/es/products/maternity-photography-props-maxi-dresses-see-through-eyelashes-lace,1,2026-03-19,https://www.dresslikemommy.com/es/products/maternity-photography-props-maxi-dresses-see-through-eyelashes-lace,,404,,redirect,product,maternity_category_match,medium,/es/collections/maternity
/es/products/mommy-and-me-matching-coral-and-floral-print-sleeveless-maxi-dresses,1,2026-03-09,https://www.dresslikemommy.com/es/products/mommy-and-me-matching-coral-and-floral-print-sleeveless-maxi-dresses,,404,,redirect,product,maxi_dress_category_match,medium,/es/collections/maxi-dresses
/es/products/mommy-me-maternity-solid-dress,1,2026-03-19,https://www.dresslikemommy.com/es/products/mommy-me-maternity-solid-dress,,404,,redirect,product,maternity_category_match,medium,/es/collections/maternity
/fr/products/daddy-and-me-original-remix-t-shirt,1,2026-03-20,https://www.dresslikemommy.com/fr/products/daddy-and-me-original-remix-t-shirt,,404,,redirect,product,daddy_and_me_tshirt_match,high,/fr/collections/daddy-me-t-shirts
/fr/products/family-matching-boss-t-shirts,1,2026-03-15,https://www.dresslikemommy.com/fr/products/family-matching-boss-t-shirts,,404,,redirect,product,tops_category_match,medium,/fr/collections/family-tops
/fr/products/family-matching-colorful-sweater-dad-mother-son-daughter,1,2026-03-19,https://www.dresslikemommy.com/fr/products/family-matching-colorful-sweater-dad-mother-son-daughter,,404,,redirect,product,sweater_or_outerwear_match,high,/fr/collections/sweaters
/fr/products/family-matching-shark-t-shirts,1,2026-03-14,https://www.dresslikemommy.com/fr/products/family-matching-shark-t-shirts,,404,,redirect,product,tops_category_match,medium,/fr/collections/family-tops
/fr/products/father-son-matching-hawaiian-floral-shirts,1,2026-03-04,https://www.dresslikemommy.com/fr/products/father-son-matching-hawaiian-floral-shirts,,404,,redirect,product,daddy_and_me_general_match,medium,/fr/collections/daddy-and-me
/fr/products/matching-big-man-little-man-t-shirts,1,2026-03-20,https://www.dresslikemommy.com/fr/products/matching-big-man-little-man-t-shirts,,404,,redirect,product,daddy_and_me_tshirt_match,high,/fr/collections/daddy-me-t-shirts
/fr/products/matching-family-smile-hoodies-cute-comfortable-sweatshirts-for-parents-and-kids,1,2026-03-18,https://www.dresslikemommy.com/fr/products/matching-family-smile-hoodies-cute-comfortable-sweatshirts-for-parents-and-kids,,404,,redirect,product,sweater_or_outerwear_match,high,/fr/collections/sweaters
/fr/products/matching-outfit-mother-daughter-chiffon-dress,1,2026-03-19,https://www.dresslikemommy.com/fr/products/matching-outfit-mother-daughter-chiffon-dress,,404,,redirect,product,dress_category_match,medium,/fr/collections/mommy-and-me
/fr/products/mommy-and-me-matching-rainbow-stripe-jumpsuit-set-strapless-for-moms-tie-knot-for-girls,1,2026-03-18,https://www.dresslikemommy.com/fr/products/mommy-and-me-matching-rainbow-stripe-jumpsuit-set-strapless-for-moms-tie-knot-for-girls,,404,,redirect,product,jumpsuit_category_match,medium,/fr/collections/jumpsuits
/fr/products/mommy-me-cotton-silk-princess-pajamas,1,2026-03-19,https://www.dresslikemommy.com/fr/products/mommy-me-cotton-silk-princess-pajamas,,404,,redirect,product,pajama_category_match,high,/fr/collections/family-pajamas
/fr/products/mommy-me-matching-red-dress,1,2026-03-17,https://www.dresslikemommy.com/fr/products/mommy-me-matching-red-dress,,404,,redirect,product,dress_category_match,medium,/fr/collections/mommy-and-me
/fr/products/mommy-me-spring-flowers-dress,1,2026-03-20,https://www.dresslikemommy.com/fr/products/mommy-me-spring-flowers-dress,,404,,redirect,product,dress_category_match,medium,/fr/collections/mommy-and-me
/fr/products/tube-top-long-dress-maternity-photography,1,2026-03-18,https://www.dresslikemommy.com/fr/products/tube-top-long-dress-maternity-photography,,404,,redirect,product,maternity_category_match,medium,/fr/collections/maternity
/pages/shipping-and-delivery,1,2026-02-10,https://www.dresslikemommy.com/pages/shipping-and-delivery,,404,,redirect,page,mapped_dead_page_handle,high,/pages/shipping-info
/paginfo@dresslikemommy.com,1,2025-11-11,https://www.dresslikemommy.com/paginfo@dresslikemommy.com,,404,,redirect,misc,hardcoded_misc_home_redirect,medium,/
/products/2015-mom-and-daughter-dress-matching-mother-daughter-clothes-dresses-girl-princess-party-dress-women-robe-family-look-clothing,1,2025-12-24,https://www.dresslikemommy.com/products/2015-mom-and-daughter-dress-matching-mother-daughter-clothes-dresses-girl-princess-party-dress-women-robe-family-look-clothing?utm_source=pinterest&utm_campaign=outfy_sm_1491843682_612&utm_medium=socialmedia_post,utm_source=pinterest&utm_campaign=outfy_sm_1491843682_612&utm_medium=socialmedia_post,404,,redirect,product,dress_category_match,medium,/collections/mommy-and-me
/products/2016-family-matching-outfit-mother-and-daughter-clothes-long-sleeve-t-shirt-fashion-print-topsmatching-mother-daughter-clothes,1,2025-10-31,https://www.dresslikemommy.com/products/2016-family-matching-outfit-mother-and-daughter-clothes-long-sleeve-t-shirt-fashion-print-topsmatching-mother-daughter-clothes?utm_source=pinterest&utm_campaign=outfy_sm_1493142964_301&utm_medium=socialmedia_post,utm_source=pinterest&utm_campaign=outfy_sm_1493142964_301&utm_medium=socialmedia_post,404,,redirect,product,tops_category_match,medium,/collections/family-tops
/products/2016-family-matching-outfits-summer-family-look-mum-and-me-party-bow-clothes-mother-daughter-sloping-shoulder-dress-2-colors,1,2025-10-24,https://www.dresslikemommy.com/products/2016-family-matching-outfits-summer-family-look-mum-and-me-party-bow-clothes-mother-daughter-sloping-shoulder-dress-2-colors,,404,,redirect,product,dress_category_match,medium,/collections/mommy-and-me
/products/2016-mother-and-daughter-dress-mum-and-daughter-dress-matching-mom-and-daughter-clothes-fashion-lace-hollowed-dress,1,2026-02-07,https://www.dresslikemommy.com/products/2016-mother-and-daughter-dress-mum-and-daughter-dress-matching-mom-and-daughter-clothes-fashion-lace-hollowed-dress?utm_source=pinterest&utm_campaign=outfy_sm_1493664414_326&utm_medium=socialmedia_post,utm_source=pinterest&utm_campaign=outfy_sm_1493664414_326&utm_medium=socialmedia_post,404,,redirect,product,dress_category_match,medium,/collections/dresses
/products/2016-summer-dress-mother-and-daughter-dresses-family-matching-mother-daughter-clothes-family-clothing-paiting-sleeveless-dress,1,2025-10-23,https://www.dresslikemommy.com/products/2016-summer-dress-mother-and-daughter-dresses-family-matching-mother-daughter-clothes-family-clothing-paiting-sleeveless-dress,,404,,redirect,product,dress_category_match,medium,/collections/mommy-and-me
/products/2018-brand-new-family-matching-swimwear-mother-daughter-women-kids-baby-girls-swimsuit-bikini-one-piece-cute-cat-romper-swimwear,1,2026-02-13,https://www.dresslikemommy.com/products/2018-brand-new-family-matching-swimwear-mother-daughter-women-kids-baby-girls-swimsuit-bikini-one-piece-cute-cat-romper-swimwear,,404,,redirect,product,swimwear_category_match,high,/collections/swimsuits
/products/authentic-mother-daughter-dresses-wave-pattern-family-matching-clothes-summer-cotton-t-shirt-family-look-beach-wear-2016,1,2025-12-04,https://www.dresslikemommy.com/products/authentic-mother-daughter-dresses-wave-pattern-family-matching-clothes-summer-cotton-t-shirt-family-look-beach-wear-2016?utm_source=pinterest&utm_campaign=outfy_sm_1493136990_322&utm_medium=socialmedia_post,utm_source=pinterest&utm_campaign=outfy_sm_1493136990_322&utm_medium=socialmedia_post,404,,redirect,product,dress_category_match,medium,/collections/mommy-and-me
/products/campure-autumn-matching-mother-daughter-clothes-clouds-style-brand-mother-kids-sweaters-cotton-1-5yrs-baby-boys-girls-clothes,1,2025-10-20,https://www.dresslikemommy.com/products/campure-autumn-matching-mother-daughter-clothes-clouds-style-brand-mother-kids-sweaters-cotton-1-5yrs-baby-boys-girls-clothes,,404,,redirect,product,sweater_or_outerwear_match,high,/collections/sweaters
/products/colorful-geometric-knitted-sweater-unisex-retro-oversized-pullover,3,2026-02-24,https://www.dresslikemommy.com/products/colorful-geometric-knitted-sweater-unisex-retro-oversized-pullover?variant=41929775448161&country=US&currency=USD,variant=41929775317089&country=US&currency=USD | variant=41929775448161&country=US&currency=USD | variant=41929775513697&country=US&currency=USD,404,,redirect,product,sweater_or_outerwear_match,high,/collections/sweaters
/products/daddy-and-me-i-have-created-a-monster-t-shirt,3,2026-03-20,https://www.dresslikemommy.com/products/daddy-and-me-i-have-created-a-monster-t-shirt,variant=29816980439137 | variant=29817005080673,404,,redirect,product,daddy_and_me_tshirt_match,high,/collections/daddy-me-t-shirts
/products/daddy-and-me-like-father-like-son-t-shirt,1,2026-03-21,https://www.dresslikemommy.com/products/daddy-and-me-like-father-like-son-t-shirt,,404,,redirect,product,daddy_and_me_tshirt_match,high,/collections/daddy-me-t-shirts
/products/daddy-and-me-pizza-t-shirt,1,2025-10-13,https://www.dresslikemommy.com/products/daddy-and-me-pizza-t-shirt?variant=19650133491809,variant=19650133491809,404,,redirect,product,daddy_and_me_tshirt_match,high,/collections/daddy-me-t-shirts
/products/daddy-me-pilot-co-pilot,3,2026-02-27,https://www.dresslikemommy.com/products/daddy-me-pilot-co-pilot?variant=32225215316065,variant=32225215316065 | variant=32225215643745,404,,redirect,product,daddy_and_me_general_match,low,/collections/daddy-and-me
/products/family-matching-argyle-sweaters-classic-knit-unisex-pullovers,8,2026-02-23,https://www.dresslikemommy.com/products/family-matching-argyle-sweaters-classic-knit-unisex-pullovers,variant=41930223485025&country=US&currency=USD | variant=41930223681633&country=US&currency=USD | variant=41930223779937&country=US&currency=USD | variant=41930223976545&country=US&currency=USD | variant=41930224042081&country=US&currency=USD,404,,redirect,product,sweater_or_outerwear_match,high,/collections/sweaters
/products/family-matching-battery-t-shirts,1,2026-03-20,https://www.dresslikemommy.com/products/family-matching-battery-t-shirts,,404,,redirect,product,tops_category_match,medium,/collections/family-tops
/products/family-matching-faux-shearling-jackets-warm-winter-suede-coats,1,2026-02-27,https://www.dresslikemommy.com/products/family-matching-faux-shearling-jackets-warm-winter-suede-coats,,404,,redirect,product,sweater_or_outerwear_match,high,/collections/sweaters
/products/family-matching-fleece-loungewear-sets-cozy-two-piece-pajamas-for-mom-and-kids,2,2026-03-11,https://www.dresslikemommy.com/products/family-matching-fleece-loungewear-sets-cozy-two-piece-pajamas-for-mom-and-kids,variant=41930598285409&country=US&currency=USD,404,,redirect,product,sweater_or_outerwear_match,high,/collections/sweaters
/products/family-matching-halloween-pajamas,1,2026-02-09,https://www.dresslikemommy.com/products/family-matching-halloween-pajamas?variant=29829911871585,variant=29829911871585,404,,redirect,product,pajama_category_match,high,/collections/family-pajamas
/products/family-matching-king-queen-prince-princess-t-shirts,3,2026-03-21,https://www.dresslikemommy.com/products/family-matching-king-queen-prince-princess-t-shirts,variant=29816093442145 | variant=32675955376225,404,,redirect,product,tops_category_match,medium,/collections/family-tops
/products/family-matching-need-more,1,2026-02-10,https://www.dresslikemommy.com/products/family-matching-need-more?variant=19649864007777,variant=19649864007777,404,,redirect,product,family_matching_general_match,low,/collections/popular-family-matching
/products/family-matching-outfit-set-mom-cardigan-kids-tops-baby-romper,9,2026-03-20,https://www.dresslikemommy.com/products/family-matching-outfit-set-mom-cardigan-kids-tops-baby-romper?variant=42795505025121&country=US&currency=USD,variant=42795505025121&country=US&currency=USD | variant=42795505057889&country=US&currency=USD | variant=42795505156193&country=US&currency=USD | variant=42795505188961&country=US&currency=USD | variant=42795505221729&country=US&currency=USD,404,,redirect,product,sweater_or_outerwear_match,high,/collections/sweaters
/products/family-matching-outfits-mother-daughter-dresses-owl-mom-girl-dress-set-girls-cotton-lien-age-size-2-7-years-old-mom-size-s-m-l,1,2025-11-25,https://www.dresslikemommy.com/products/family-matching-outfits-mother-daughter-dresses-owl-mom-girl-dress-set-girls-cotton-lien-age-size-2-7-years-old-mom-size-s-m-l,,404,,redirect,product,dress_category_match,medium,/collections/mommy-and-me
/products/family-matching-summer-colors-swimsuits,1,2025-10-11,https://www.dresslikemommy.com/products/family-matching-summer-colors-swimsuits,,404,,redirect,product,swimwear_category_match,high,/collections/swimsuits
/products/family-matching-sun-cloud-plant-t-shirt,2,2026-02-10,https://www.dresslikemommy.com/products/family-matching-sun-cloud-plant-t-shirt?variant=18620431466593,variant=18620431466593 | variant=18620432679009,404,,redirect,product,tops_category_match,medium,/collections/family-tops
/products/family-matching-sunny-beach-outfit,1,2025-10-23,https://www.dresslikemommy.com/products/family-matching-sunny-beach-outfit?variant=18470911246433,variant=18470911246433,404,,redirect,product,set_or_outfit_category_match,medium,/collections/family-sets
/products/family-matching-yellow-floral-set,1,2026-03-21,https://www.dresslikemommy.com/products/family-matching-yellow-floral-set,,404,,redirect,product,set_or_outfit_category_match,medium,/collections/family-sets
/products/family-summer-striped-clothing-mom-and-daughter-me-dad-son-mother-matching-clothes-aile-giyim-setleri-outfits-suits-familia,1,2025-10-15,https://www.dresslikemommy.com/products/family-summer-striped-clothing-mom-and-daughter-me-dad-son-mother-matching-clothes-aile-giyim-setleri-outfits-suits-familia,,404,,redirect,product,set_or_outfit_category_match,medium,/collections/family-sets
/products/fashion-casual-dopamine-american-top-love-t-shirt-summer-couple-style-parent-child-outfit-family-of-three-short-sleeves-1,27,2026-03-01,https://www.dresslikemommy.com/products/fashion-casual-dopamine-american-top-love-t-shirt-summer-couple-style-parent-child-outfit-family-of-three-short-sleeves-1?variant=43031728586849&country=US&currency=USD,variant=43031727603809&country=US&currency=USD | variant=43031727636577&country=US&currency=USD | variant=43031727669345&country=US&currency=USD | variant=43031727702113&country=US&currency=USD | variant=43031727734881&country=US&currency=USD,404,,redirect,product,tops_category_match,medium,/collections/family-tops
/products/father-baby-fuel-gauge-matching-t-shirt-onesie-set-daddy-baby-fuel-theme-outfit,1,2026-03-20,https://www.dresslikemommy.com/products/father-baby-fuel-gauge-matching-t-shirt-onesie-set-daddy-baby-fuel-theme-outfit,,404,,redirect,product,daddy_and_me_tshirt_match,high,/collections/daddy-me-t-shirts
/products/father-son-matching-hawaiian-floral-shirts,6,2026-03-20,https://www.dresslikemommy.com/products/father-son-matching-hawaiian-floral-shirts,variant=40766581276769 | variant=40766581604449 | variant=40766581997665 | variant=40766600380513 | variant=40766601625697,404,,redirect,product,daddy_and_me_general_match,medium,/collections/daddy-and-me
/products/lace-floral-red-dress-mommy-me,1,2026-01-01,https://www.dresslikemommy.com/products/lace-floral-red-dress-mommy-me?variant=8162011644001,variant=8162011644001,404,,redirect,product,dress_category_match,medium,/collections/mommy-and-me
/products/lady-cultivate-dress-autumn-parent-child-outfit-wholesale-mother-and-daughter-dress,1,2026-01-04,https://www.dresslikemommy.com/products/lady-cultivate-dress-autumn-parent-child-outfit-wholesale-mother-and-daughter-dress?utm_source=pinterest&utm_campaign=outfy_sm_1491466849_583&utm_medium=socialmedia_post,utm_source=pinterest&utm_campaign=outfy_sm_1491466849_583&utm_medium=socialmedia_post,404,,redirect,product,dress_category_match,medium,/collections/dresses
/products/long-sleeved-pajamas-ice-silk-home-wear,1,2025-10-25,https://www.dresslikemommy.com/products/long-sleeved-pajamas-ice-silk-home-wear?variant=40361387491425,variant=40361387491425,404,,redirect,product,pajama_category_match,high,/collections/family-pajamas
/products/matching-colorful-geometric-dress,1,2025-11-24,https://www.dresslikemommy.com/products/matching-colorful-geometric-dress,,404,,redirect,product,dress_category_match,medium,/collections/dresses
/products/matching-family-colorblock-knit-sweaters-cozy-red-with-modern-style,1,2026-03-11,https://www.dresslikemommy.com/products/matching-family-colorblock-knit-sweaters-cozy-red-with-modern-style,,404,,redirect,product,sweater_or_outerwear_match,high,/collections/sweaters
/products/matching-family-faux-leather-jackets-trendy-and-versatile-outerwear,1,2026-03-17,https://www.dresslikemommy.com/products/matching-family-faux-leather-jackets-trendy-and-versatile-outerwear,,404,,redirect,product,sweater_or_outerwear_match,high,/collections/sweaters
/products/matching-family-red-heart-sweatshirt-mommy-and-me-valentines-day-outfit,28,2026-03-20,https://www.dresslikemommy.com/products/matching-family-red-heart-sweatshirt-mommy-and-me-valentines-day-outfit?variant=42961481367649&country=US&currency=USD,variant=42961480712289&country=US&currency=USD | variant=42961480745057&country=US&currency=USD | variant=42961480777825&country=US&currency=USD | variant=42961480810593&country=US&currency=USD | variant=42961480908897&country=US&currency=USD,404,,redirect,product,tops_category_match,medium,/collections/family-tops
/products/matching-family-striped-sweaters-cozy-stylish-knitwear,1,2026-02-27,https://www.dresslikemommy.com/products/matching-family-striped-sweaters-cozy-stylish-knitwear,,404,,redirect,product,sweater_or_outerwear_match,high,/collections/sweaters
/products/matching-father-and-child-me-mini-me-t-shirt-set-adorable-dad-and-kid-outfit,1,2026-03-20,https://www.dresslikemommy.com/products/matching-father-and-child-me-mini-me-t-shirt-set-adorable-dad-and-kid-outfit,,404,,redirect,product,daddy_and_me_tshirt_match,high,/collections/daddy-me-t-shirts
/products/matching-floral-mother-daughter-dresses-outfit,1,2026-01-12,https://www.dresslikemommy.com/products/matching-floral-mother-daughter-dresses-outfit,,404,,redirect,product,dress_category_match,medium,/collections/mommy-and-me
/products/matching-maxi-purple-double-rose-patchwork,1,2025-11-21,https://www.dresslikemommy.com/products/matching-maxi-purple-double-rose-patchwork,,404,,redirect,product,maxi_dress_category_match,low,/collections/maxi-dresses
/products/matching-mom-and-daughter-pink-sequins-long-dress,1,2026-01-01,https://www.dresslikemommy.com/products/matching-mom-and-daughter-pink-sequins-long-dress,,404,,redirect,product,dress_category_match,medium,/collections/dresses
/products/matching-mommy-me-embroidered-dress,1,2026-02-10,https://www.dresslikemommy.com/products/matching-mommy-me-embroidered-dress,,404,,redirect,product,dress_category_match,medium,/collections/mommy-and-me
/products/matching-mommy-me-pink-dream-dress,1,2025-11-01,https://www.dresslikemommy.com/products/matching-mommy-me-pink-dream-dress,,404,,redirect,product,dress_category_match,medium,/collections/mommy-and-me
/products/matching-mommy-me-splicing-winter-coat,1,2026-03-20,https://www.dresslikemommy.com/products/matching-mommy-me-splicing-winter-coat,,404,,redirect,product,sweater_or_outerwear_match,high,/collections/sweaters
/products/matching-mommy-me-tutu-skirts,1,2025-10-21,https://www.dresslikemommy.com/products/matching-mommy-me-tutu-skirts?variant=18607416705121,variant=18607416705121,404,,redirect,product,skirt_category_match,medium,/collections/skirts
/products/matching-mother-and-daughter-pajamas-elephant,1,2026-01-02,https://www.dresslikemommy.com/products/matching-mother-and-daughter-pajamas-elephant?utm_campaign=outfy_sm_1502887035_543&utm_medium=socialmedia_post&utm_source=pinterest,utm_campaign=outfy_sm_1502887035_543&utm_medium=socialmedia_post&utm_source=pinterest,404,,redirect,product,pajama_category_match,high,/collections/family-pajamas
/products/matching-mother-daughter-long-sleeve-plaid-lace-patchwork-dress,1,2025-11-21,https://www.dresslikemommy.com/products/matching-mother-daughter-long-sleeve-plaid-lace-patchwork-dress?variant=31302926205025,variant=31302926205025,404,,redirect,product,dress_category_match,medium,/collections/mommy-and-me
/products/matching-mother-girl-colorful-chiffon-dress,1,2025-09-26,https://www.dresslikemommy.com/products/matching-mother-girl-colorful-chiffon-dress,,404,,redirect,product,dress_category_match,medium,/collections/mommy-and-me
/products/matching-one-piece-solid-color-swimsuit,1,2026-03-09,https://www.dresslikemommy.com/products/matching-one-piece-solid-color-swimsuit?variant=8176526426209,variant=8176526426209,404,,redirect,product,swimwear_category_match,high,/collections/swimsuits
/products/matching-sequin-heart-shaped-printed-hoodies,1,2026-01-28,https://www.dresslikemommy.com/products/matching-sequin-heart-shaped-printed-hoodies?variant=39618264629345,variant=39618264629345,404,,redirect,product,sweater_or_outerwear_match,high,/collections/sweaters
/products/matching-t-shirt-heart-rate-mommy-me,1,2025-10-29,https://www.dresslikemommy.com/products/matching-t-shirt-heart-rate-mommy-me,,404,,redirect,product,tops_category_match,medium,/collections/family-tops
/products/matching-t-shirt-skirt-mom-and-daughter-dress,2,2026-02-06,https://www.dresslikemommy.com/products/matching-t-shirt-skirt-mom-and-daughter-dress,variant=21576139077,404,,redirect,product,dress_category_match,medium,/collections/mommy-and-me
/products/matching-teddy-bear-heart-fluffy-pajama-set-for-mother-daughter,1,2026-02-24,https://www.dresslikemommy.com/products/matching-teddy-bear-heart-fluffy-pajama-set-for-mother-daughter,,404,,redirect,product,pajama_category_match,high,/collections/family-pajamas
/products/matching-white-dress-mom-daughter,1,2025-11-16,https://www.dresslikemommy.com/products/matching-white-dress-mom-daughter,,404,,redirect,product,dress_category_match,medium,/collections/mommy-and-me
/products/maternity-ruffles-floral-print-maxi-dress-stretchy,1,2025-10-31,https://www.dresslikemommy.com/products/maternity-ruffles-floral-print-maxi-dress-stretchy,,404,,redirect,product,maternity_category_match,medium,/collections/maternity
/products/maternity-striped-dress,1,2026-03-13,https://www.dresslikemommy.com/products/maternity-striped-dress,,404,,redirect,product,maternity_category_match,medium,/collections/maternity
/products/mom-baby-white-lace-matching-swimsuit,1,2025-11-01,https://www.dresslikemommy.com/products/mom-baby-white-lace-matching-swimsuit?variant=29213797777505,variant=29213797777505,404,,redirect,product,swimwear_category_match,high,/collections/swimsuits
/products/mommy-and-me-matching-rainbow-stripe-midi-dresses,1,2025-12-09,https://www.dresslikemommy.com/products/mommy-and-me-matching-rainbow-stripe-midi-dresses,,404,,redirect,product,midi_dress_category_match,medium,/collections/midi-dresses
/products/mommy-and-me-sleepwear-pajamas,1,2026-02-18,https://www.dresslikemommy.com/products/mommy-and-me-sleepwear-pajamas?variant=29243797700705,variant=29243797700705,404,,redirect,product,pajama_category_match,high,/collections/family-pajamas
/products/mommy-me-angels-wing-swimsuit,1,2026-03-20,https://www.dresslikemommy.com/products/mommy-me-angels-wing-swimsuit,,404,,redirect,product,swimwear_category_match,high,/collections/swimsuits
/products/mommy-me-bohemian-floral-retro-printed-dress,1,2025-10-09,https://www.dresslikemommy.com/products/mommy-me-bohemian-floral-retro-printed-dress?variant=8144440426593,variant=8144440426593,404,,redirect,product,dress_category_match,medium,/collections/mommy-and-me
/products/mommy-me-cotton-silk-princess-pajamas,1,2026-03-20,https://www.dresslikemommy.com/products/mommy-me-cotton-silk-princess-pajamas,,404,,redirect,product,pajama_category_match,high,/collections/family-pajamas
/products/mommy-me-matching-bohemian-maxi-dress,1,2025-10-31,https://www.dresslikemommy.com/products/mommy-me-matching-bohemian-maxi-dress,,404,,redirect,product,maxi_dress_category_match,medium,/collections/maxi-dresses
/products/mommy-me-matching-bohemian-patchwork-dress,1,2025-11-27,https://www.dresslikemommy.com/products/mommy-me-matching-bohemian-patchwork-dress?variant=7626116988958,variant=7626116988958,404,,redirect,product,dress_category_match,medium,/collections/mommy-and-me
/products/mommy-me-matching-denim-dress,2,2026-01-01,https://www.dresslikemommy.com/products/mommy-me-matching-denim-dress?variant=32330768187489,variant=32330768187489,404,,redirect,product,dress_category_match,medium,/collections/mommy-and-me
/products/mommy-me-matching-polka-dot-dress,1,2026-02-07,https://www.dresslikemommy.com/products/mommy-me-matching-polka-dot-dress,,404,,redirect,product,dress_category_match,medium,/collections/mommy-and-me
/products/mommy-me-matching-red-dress,2,2026-03-13,https://www.dresslikemommy.com/products/mommy-me-matching-red-dress?variant=29820650651745,variant=29820650651745 | variant=29820650815585,404,,redirect,product,dress_category_match,medium,/collections/mommy-and-me
/products/mommy-me-splice-summer-maxi-dress,1,2025-11-25,https://www.dresslikemommy.com/products/mommy-me-splice-summer-maxi-dress,,404,,redirect,product,maxi_dress_category_match,medium,/collections/maxi-dresses
/products/mommy-me-spring-flowers-dress,1,2026-03-18,https://www.dresslikemommy.com/products/mommy-me-spring-flowers-dress,,404,,redirect,product,dress_category_match,medium,/collections/mommy-and-me
/products/mother-and-daughter-dresses-dresses-for-girls-family-matching-clothing-girls-sleeveless-summer-beach-party-dress,1,2025-10-23,https://www.dresslikemommy.com/products/mother-and-daughter-dresses-dresses-for-girls-family-matching-clothing-girls-sleeveless-summer-beach-party-dress,,404,,redirect,product,dress_category_match,medium,/collections/mommy-and-me
/products/mother-daughter-floral-patchwork-dress,1,2025-12-13,https://www.dresslikemommy.com/products/mother-daughter-floral-patchwork-dress,,404,,redirect,product,dress_category_match,medium,/collections/mommy-and-me
/products/mother-daughter-short-sleeve-striped-maxi-dress,1,2025-10-28,https://www.dresslikemommy.com/products/mother-daughter-short-sleeve-striped-maxi-dress,,404,,redirect,product,maxi_dress_category_match,medium,/collections/maxi-dresses
/products/new-2016-family-matching-clothing-lace-dresses-for-girls-and-mother-family-matching-mother-daughter-clothes-european-girl-dress,1,2025-11-20,https://www.dresslikemommy.com/products/new-2016-family-matching-clothing-lace-dresses-for-girls-and-mother-family-matching-mother-daughter-clothes-european-girl-dress?variant=24393305797,variant=24393305797,404,,redirect,product,dress_category_match,medium,/collections/mommy-and-me
/products/new-years-robe-parent-child-outfit-family-of-three-four-autumn-and-winter-red-2026-year-of-the-horse-natal-year-sweatshirt-new-years-greetings,2,2026-02-22,https://www.dresslikemommy.com/products/new-years-robe-parent-child-outfit-family-of-three-four-autumn-and-winter-red-2026-year-of-the-horse-natal-year-sweatshirt-new-years-greetings?variant=43031633887329&country=US&currency=USD,variant=43031633887329&country=US&currency=USD | variant=43031634182241&country=US&currency=USD,404,,redirect,product,tops_category_match,medium,/collections/family-tops
/products/one-shoulder-matching-evening-dresses-customize,4,2026-01-04,https://www.dresslikemommy.com/products/one-shoulder-matching-evening-dresses-customize?variant=32490735534177,variant=32490735534177 | variant=32490735566945 | variant=32490735665249 | variant=32490735698017,404,,redirect,product,dress_category_match,medium,/collections/dresses
/products/piece-dress-up-dress-up-dress-up-dress-up-dress-up-dress-up-dress-up-dress-up-dress-up,1,2025-10-17,https://www.dresslikemommy.com/products/piece-dress-up-dress-up-dress-up-dress-up-dress-up-dress-up-dress-up-dress-up-dress-up,,404,,redirect,product,dress_category_match,medium,/collections/dresses
/products/vintage-matching-flannel-princess-pjs,1,2025-12-23,https://www.dresslikemommy.com/products/vintage-matching-flannel-princess-pjs?ref=reachdog,ref=reachdog,404,,redirect,product,pajama_category_match,high,/collections/family-pajamas
/thank_you,1,2025-12-25,https://www.dresslikemommy.com/thank_you,,404,,redirect,misc,hardcoded_misc_home_redirect,medium,/
/wpm@0.0.256@3c84b172wd96a86fep64966476m4d4d6440/sandbox/products/matching-mommy-me-two-piece-swimsuit,1,2026-01-01,https://www.dresslikemommy.com/wpm@0.0.256@3c84b172wd96a86fep64966476m4d4d6440/sandbox/products/matching-mommy-me-two-piece-swimsuit?variant=39452574875745,variant=39452574875745,404,,redirect,product,live_product_canonical,high,/products/matching-mommy-me-two-piece-swimsuit
/wpm@0.0.261@f6c5cfebw0ef9605dpec92f505mf3672ede/sandbox/products/casual-family-matching-outfits-mother-and-daughter-tees-father-and-son-t-shirts-mommy-and-baby-clothes-family-clothing,1,2025-12-31,https://www.dresslikemommy.com/wpm@0.0.261@f6c5cfebw0ef9605dpec92f505mf3672ede/sandbox/products/casual-family-matching-outfits-mother-and-daughter-tees-father-and-son-t-shirts-mommy-and-baby-clothes-family-clothing?variant=21662271365,variant=21662271365,404,,redirect,product,live_product_canonical,high,/products/casual-family-matching-outfits-mother-and-daughter-tees-father-and-son-t-shirts-mommy-and-baby-clothes-family-clothing
/wpm@0.0.264@24271aa3w5f39399apdce3a888m968cefc2/sandbox/products/family-matching-bathing-suits-swimwear,1,2025-12-31,https://www.dresslikemommy.com/wpm@0.0.264@24271aa3w5f39399apdce3a888m968cefc2/sandbox/products/family-matching-bathing-suits-swimwear?variant=39772839247969,variant=39772839247969,404,,redirect,product,swimwear_category_match,high,/collections/swimsuits
/wpm@0.0.290@9b91aff1w4418c6afpfb9312f0m353e3d83/web-pixel-shopify-custom-pixel@0533/sandbox/products/family-matching-blue-coconut-swimsuits,1,2026-01-01,https://www.dresslikemommy.com/wpm@0.0.290@9b91aff1w4418c6afpfb9312f0m353e3d83/web-pixel-shopify-custom-pixel@0533/sandbox/products/family-matching-blue-coconut-swimsuits?variant=19593210298465,variant=19593210298465,404,,redirect,product,swimwear_category_match,high,/collections/swimsuits
/wpm@0.0.290@9b91aff1w4418c6afpfb9312f0m353e3d83/web-pixel-shopify-custom-pixel@0533/sandbox/products/mommy-me-angels-wing-swimsuit,1,2025-12-30,https://www.dresslikemommy.com/wpm@0.0.290@9b91aff1w4418c6afpfb9312f0m353e3d83/web-pixel-shopify-custom-pixel@0533/sandbox/products/mommy-me-angels-wing-swimsuit?variant=18471275135073,variant=18471275135073,404,,redirect,product,swimwear_category_match,high,/collections/swimsuits
/wpm@0.0.295@5995fe33we7716795p70e72afbmd3a6af29/web-pixel-shopify-custom-pixel@0538/sandbox/products/cute-mother-daughter-matching-swimsuits,1,2025-11-25,https://www.dresslikemommy.com/wpm@0.0.295@5995fe33we7716795p70e72afbmd3a6af29/web-pixel-shopify-custom-pixel@0538/sandbox/products/cute-mother-daughter-matching-swimsuits?variant=39772475129953,variant=39772475129953,404,,redirect,product,live_product_canonical,high,/products/cute-mother-daughter-matching-swimsuits
/wpm@0.0.296@b5837980w7bcadfe3p20a28281m8e5071b1/web-pixel-shopify-custom-pixel@0540/sandbox/products/matching-mother-daughter-tankini-swimsuit,1,2026-03-07,https://www.dresslikemommy.com/wpm@0.0.296@b5837980w7bcadfe3p20a28281m8e5071b1/web-pixel-shopify-custom-pixel@0540/sandbox/products/matching-mother-daughter-tankini-swimsuit?variant=39757236011105,variant=39757236011105,404,,redirect,product,live_product_canonical,high,/products/matching-mother-daughter-tankini-swimsuit
