item_id,product_title,product_group,custom_label_0,custom_label_4,search_term,query,impressions,clicks,cost,conversion_value,landing_url,candidate_handle,status,issues,price,language,effective_max_cpc
shopify_us_7108009197665_41493704540257,Mommy and Me Maxi Dresses - Pink Tie-Dye Print | Dress Like Mommy Child 9-10 Years / Multi Color,mommy_me,paid_eligible,us_test_ready,,,0,0,0.00,0.00,https://www.dresslikemommy.com/products/mommy-and-me-matching-pink-tie-dye-pleated-maxi-dresses-with-adjustable-straps,mommy-and-me-matching-pink-tie-dye-pleated-maxi-dresses-with-adjustable-straps,Eligible,,$19.99,English,$0.04
shopify_us_7227439546465_41871781232737,Family Matching Sets - Navy Floral Print | Dress Like Mommy Mother 2XL / Orange,swimsuits,paid_eligible,us_test_ready,,,0,0,0.00,0.00,https://www.dresslikemommy.com/products/matching-family-tropical-floral-beach-outfits-navy-and-orange-flower-print-dresses-shirts-set,matching-family-tropical-floral-beach-outfits-navy-and-orange-flower-print-dresses-shirts-set,Eligible,,$29.99,English,$0.04
shopify_us_7108125753441_41493913829473,Mommy and Me Matching Sets - Matching Style | Dress Like Mommy Child 4T / Pink,mommy_me,paid_eligible,us_test_ready,,,0,0,0.00,0.00,https://www.dresslikemommy.com/products/elegant-chiffon-sleeveless-dress-with-sequin-detail-mother-and-daughter-matching-outfits,elegant-chiffon-sleeveless-dress-with-sequin-detail-mother-and-daughter-matching-outfits,Eligible,,$23.99,English,$0.04
shopify_us_7108948820065_41496491622497,Mommy and Me Bikini Sets - Mermaid Scale | Dress Like Mommy Mother XL / Mermaid,swimsuits,paid_eligible,us_test_ready,,,0,0,0.00,0.00,https://www.dresslikemommy.com/products/enchanting-mermaid-scales-two-piece-swimsuit-set-for-mother-and-daughter-rainbow-hues-with-flirty-skirt-detail,enchanting-mermaid-scales-two-piece-swimsuit-set-for-mother-and-daughter-rainbow-hues-with-flirty-skirt-detail,Eligible,,$19.99,English,$0.04
shopify_us_7229124673633_41878467608673,Family Matching Sets - Green Floral Print | Dress Like Mommy Mother L / Dress,mommy_me,paid_eligible,us_test_ready,,,0,0,0.00,0.00,https://www.dresslikemommy.com/products/green-and-white-matching-family-outfits-stylish-floral-print-family-set-for-parents-and-kids,green-and-white-matching-family-outfits-stylish-floral-print-family-set-for-parents-and-kids,Eligible (limited),"Missing color
Missing gender",$27.99,English,$0.04
shopify_us_7109443256417_41497809322081,Family Matching One-Piece Swimsuits - One-Piece | Dress Like Mommy Child 8-10T / Green,swimsuits,paid_eligible,us_test_ready,,,0,0,0.00,0.00,https://www.dresslikemommy.com/products/mommy-me-vibrant-duo-tone-one-piece-swimsuit-with-ring-accent-family-matching-swimwear-collection,mommy-me-vibrant-duo-tone-one-piece-swimsuit-with-ring-accent-family-matching-swimwear-collection,Eligible,,$14.99,English,$0.04
shopify_us_7109454135393_41497850019937,Family Matching Bikini Sets - Blue Green Floral | Dress Like Mommy Child 10-12 years / black,swimsuits,paid_eligible,us_test_ready,,,0,0,0.00,0.00,https://www.dresslikemommy.com/products/chic-two-piece-swimsuit-with-skirt-family-matching-swimwear-for-mother-and-daughter-available-in-blue-green-black,chic-two-piece-swimsuit-with-skirt-family-matching-swimwear-for-mother-and-daughter-available-in-blue-green-black,Eligible,,$14.99,English,$0.04
shopify_us_7510791159905_43768835473505,Family Matching Swim Trunks - Pink Black Christmas | Dress Like Mommy Father L / Black,daddy_me,paid_eligible,us_test_ready,,,0,0,0.00,0.00,https://www.dresslikemommy.com/products/matching-dad-and-son-pink-black-color-block-swim-shorts,matching-dad-and-son-pink-black-color-block-swim-shorts,Eligible,,$15.99,English,$0.04
shopify_us_7109514395745_41498011402337,Family Matching One-Piece Swimsuits - One-Piece | Dress Like Mommy Child 2-3 years / Pink,swimsuits,paid_eligible,us_test_ready,,,0,0,0.00,0.00,https://www.dresslikemommy.com/products/elegant-mother-daughter-matching-one-piece-swimsuit-with-patterned-mesh-skirt-family-beachwear-set,elegant-mother-daughter-matching-one-piece-swimsuit-with-patterned-mesh-skirt-family-beachwear-set,Eligible,,$14.99,English,$0.04
shopify_us_7228773466209_41877252046945,Mommy and Me Matching Sets - Black White Striped | Dress Like Mommy Mother S / Multi Color,mommy_me,paid_eligible,us_test_ready,,,0,0,0.00,0.00,https://www.dresslikemommy.com/products/cozy-matching-black-white-striped-sweater-set-for-mom-and-daughter,cozy-matching-black-white-striped-sweater-set-for-mom-and-daughter,Eligible,,$29.99,English,$0.04
shopify_us_7229023846497_41878199107681,Mommy and Me Matching Sets - Rainbow Stripe | Dress Like Mommy Mother M / Multi Color,mommy_me,paid_eligible,us_test_ready,,,17,0,0.00,0.00,https://www.dresslikemommy.com/products/vibrant-rainbow-maxi-dress-set-for-mom-and-daughter-colorful-summer-matching-outfits,vibrant-rainbow-maxi-dress-set-for-mom-and-daughter-colorful-summer-matching-outfits,Eligible,,$27.99,English,$0.04
shopify_us_7229026304097_41878208643169,Mommy and Me Maxi Dresses - Floral Print | Dress Like Mommy Mother 2XL / Multi Color,mommy_me,paid_eligible,us_test_ready,,,394,12,2.72,0.00,https://www.dresslikemommy.com/products/elegant-floral-off-shoulder-mommy-and-me-dress-set-perfect-for-summer-outings,elegant-floral-off-shoulder-mommy-and-me-dress-set-perfect-for-summer-outings,Eligible,,$27.99,English,$0.04
shopify_us_7229128441953_41878471278689,Family Matching Sets - Rainbow Stripe | Dress Like Mommy Girl 9-10 years / Overall,family_matching,paid_eligible,us_test_ready,,,5,0,0.00,0.00,https://www.dresslikemommy.com/products/vibrant-rainbow-family-matching-outfits-striped-t-shirts-and-yellow-overalls-set-for-family-outings,vibrant-rainbow-family-matching-outfits-striped-t-shirts-and-yellow-overalls-set-for-family-outings,Eligible,,$23.99,English,$0.04
shopify_us_7108996530273_41496660181089,Mommy and Me Swimsuits - Red Floral Print | Dress Like Mommy Mother M / Red,swimsuits,paid_eligible,us_test_ready,,,4,0,0.00,0.00,https://www.dresslikemommy.com/products/elegant-tropical-high-waisted-swimsuit-set-for-mother-and-daughter-radiant-red-halter-neck-design,elegant-tropical-high-waisted-swimsuit-set-for-mother-and-daughter-radiant-red-halter-neck-design,Eligible,,$17.99,English,$0.04
shopify_us_7109292130401_41497360695393,Family Matching Bikini Sets - One-Piece | Dress Like Mommy Mother XL / Light Green,swimsuits,paid_eligible,us_test_ready,,,0,0,0.00,0.00,https://www.dresslikemommy.com/products/chic-mother-daughter-two-piece-swimsuit-family-matching-swimwear-in-vibrant-colors,chic-mother-daughter-two-piece-swimsuit-family-matching-swimwear-in-vibrant-colors,Eligible,,$16.99,English,$0.04
shopify_us_7510790733921_43768831639649,Family Matching Swim Trunks - Green Christmas Print | Dress Like Mommy Child 2-3 years / Green,daddy_me,paid_eligible,us_test_ready,,,0,0,0.00,0.00,https://www.dresslikemommy.com/products/green-tropical-leaf-daddy-and-me-matching-swim-shorts-for-pool-days,green-tropical-leaf-daddy-and-me-matching-swim-shorts-for-pool-days,Eligible,,$14.99,English,$0.04
shopify_us_7110368919649_41500577529953,Family Matching Swim Trunks - Matching Style | Dress Like Mommy Child 2-3 years / Orange,daddy_me,paid_eligible,us_test_ready,,,0,0,0.00,0.00,https://www.dresslikemommy.com/products/dynamic-duo-father-and-son-matching-swim-trunks-family-beachwear-set,dynamic-duo-father-and-son-matching-swim-trunks-family-beachwear-set,Eligible,,$14.99,English,$0.04
shopify_us_7227620982881_41872696508513,Family Matching Hoodies - Fleece | Dress Like Mommy Adult M / Striped,family_matching,paid_eligible,us_test_ready,,,0,0,0.00,0.00,https://www.dresslikemommy.com/products/matching-family-striped-fleece-hoodies-cozy-winter-pullover-for-parents-and-kids,matching-family-striped-fleece-hoodies-cozy-winter-pullover-for-parents-and-kids,Eligible,,$34.99,English,$0.04
shopify_us_7510791159905_43768835670113,Family Matching Swim Trunks - Pink Black Christmas | Dress Like Mommy Father 2XL / Black,daddy_me,paid_eligible,us_test_ready,,,0,0,0.00,0.00,https://www.dresslikemommy.com/products/matching-dad-and-son-pink-black-color-block-swim-shorts,matching-dad-and-son-pink-black-color-block-swim-shorts,Eligible,,$15.99,English,$0.04
shopify_us_7109122097249_41497077416033,Mommy and Me Swimsuits - One Shoulder | Dress Like Mommy Child 10-12 years / Pink,swimsuits,paid_eligible,us_test_ready,,,0,0,0.00,0.00,https://www.dresslikemommy.com/products/chic-floral-ruffle-one-shoulder-swimsuit-for-women-and-girls-elegant-asymmetrical-swimwear-set-in-vibrant-tropics-print,chic-floral-ruffle-one-shoulder-swimsuit-for-women-and-girls-elegant-asymmetrical-swimwear-set-in-vibrant-tropics-print,Eligible,,$14.99,English,$0.04
shopify_us_7109298487393_41497382125665,Mommy and Me Bikini Sets - Tropical Print | Dress Like Mommy Mother L / Black,swimsuits,paid_eligible,us_test_ready,,,0,0,0.00,0.00,https://www.dresslikemommy.com/products/chic-two-piece-swimsuit-set-ruffle-detail-top-and-high-waisted-bottoms-in-four-vibrant-colors,chic-two-piece-swimsuit-set-ruffle-detail-top-and-high-waisted-bottoms-in-four-vibrant-colors,Not eligible,Over capacity for Shopping ads (outside of CSS program),$16.99,English,$0.04
shopify_us_7108948820065_41496491589729,Mommy and Me Bikini Sets - Mermaid Scale | Dress Like Mommy Mother L / Mermaid,swimsuits,paid_eligible,us_test_ready,,,0,0,0.00,0.00,https://www.dresslikemommy.com/products/enchanting-mermaid-scales-two-piece-swimsuit-set-for-mother-and-daughter-rainbow-hues-with-flirty-skirt-detail,enchanting-mermaid-scales-two-piece-swimsuit-set-for-mother-and-daughter-rainbow-hues-with-flirty-skirt-detail,Eligible,,$19.99,English,$0.04
shopify_us_7227620982881_41872696541281,Family Matching Hoodies - Fleece | Dress Like Mommy Adult L / Striped,family_matching,paid_eligible,us_test_ready,,,0,0,0.00,0.00,https://www.dresslikemommy.com/products/matching-family-striped-fleece-hoodies-cozy-winter-pullover-for-parents-and-kids,matching-family-striped-fleece-hoodies-cozy-winter-pullover-for-parents-and-kids,Eligible,,$34.99,English,$0.04
shopify_us_7108986404961_41496623874145,Mommy and Me Swimsuits - One Shoulder | Dress Like Mommy Child 4-5 years / Black,swimsuits,paid_eligible,us_test_ready,,,0,0,0.00,0.00,https://www.dresslikemommy.com/products/modern-monochrome-one-shoulder-swimsuit-with-animal-print-ruffle-elegant-poolside-duo-for-mother-and-child,modern-monochrome-one-shoulder-swimsuit-with-animal-print-ruffle-elegant-poolside-duo-for-mother-and-child,Eligible,,$15.99,English,$0.04
shopify_us_7227439546465_41871780872289,Family Matching Sets - Navy Floral Print | Dress Like Mommy Girl 2-3 Years / Orange,swimsuits,paid_eligible,us_test_ready,,,0,0,0.00,0.00,https://www.dresslikemommy.com/products/matching-family-tropical-floral-beach-outfits-navy-and-orange-flower-print-dresses-shirts-set,matching-family-tropical-floral-beach-outfits-navy-and-orange-flower-print-dresses-shirts-set,Eligible,,$24.99,English,$0.04
shopify_us_7109502566497_41497976340577,Family Matching Bikini Sets - Matching Style | Dress Like Mommy Child 4-5 years / Red,swimsuits,paid_eligible,us_test_ready,,,0,0,0.00,0.00,https://www.dresslikemommy.com/products/chic-family-tides-mother-daughter-matching-two-piece-swimsuit-with-skirt-vibrant-versatile-swimwear-collection,chic-family-tides-mother-daughter-matching-two-piece-swimsuit-with-skirt-vibrant-versatile-swimwear-collection,Eligible,,$14.99,English,$0.04
shopify_us_7227356282977_41871478784097,Mommy and Me Maxi Dresses - Watercolor | Dress Like Mommy Child 4-5 Years / Multi Color,mommy_me,paid_eligible,us_test_ready,,,0,0,0.00,0.00,https://www.dresslikemommy.com/products/matching-mommy-me-colorful-watercolor-maxi-dresses-sleeveless-summer-dress,matching-mommy-me-colorful-watercolor-maxi-dresses-sleeveless-summer-dress,Eligible,,$23.99,English,$0.04
shopify_us_7227439546465_41871780905057,Family Matching Sets - Navy Floral Print | Dress Like Mommy Girl 3-4 Years / Orange,swimsuits,paid_eligible,us_test_ready,,,0,0,0.00,0.00,https://www.dresslikemommy.com/products/matching-family-tropical-floral-beach-outfits-navy-and-orange-flower-print-dresses-shirts-set,matching-family-tropical-floral-beach-outfits-navy-and-orange-flower-print-dresses-shirts-set,Eligible,,$24.99,English,$0.04
shopify_us_7109454135393_41497849397345,Family Matching Bikini Sets - Blue Green Floral | Dress Like Mommy Mother L / green,swimsuits,paid_eligible,us_test_ready,,,0,0,0.00,0.00,https://www.dresslikemommy.com/products/chic-two-piece-swimsuit-with-skirt-family-matching-swimwear-for-mother-and-daughter-available-in-blue-green-black,chic-two-piece-swimsuit-with-skirt-family-matching-swimwear-for-mother-and-daughter-available-in-blue-green-black,Eligible,,$16.99,English,$0.04
shopify_us_7228788867169_41877296152673,Mommy and Me Pajama Sets - Cartoon Print | Dress Like Mommy Girl 8-9 years / Purple,pajamas,paid_eligible,us_test_ready,,,19,0,0.00,0.00,https://www.dresslikemommy.com/products/cute-matching-mom-and-daughter-cartoon-pajama-set-fun-and-cozy-sleepwear,cute-matching-mom-and-daughter-cartoon-pajama-set-fun-and-cozy-sleepwear,Eligible,,$24.99,English,$0.04
shopify_us_7227435450465_41871766388833,Family Matching Sweaters - Color Block | Dress Like Mommy Child 7-8 Years / Multi Color,mommy_me,paid_eligible,us_test_ready,,,0,0,0.00,0.00,https://www.dresslikemommy.com/products/matching-color-block-knit-sweaters-vibrant-family-pullover-for-mom-and-kids,matching-color-block-knit-sweaters-vibrant-family-pullover-for-mom-and-kids,Eligible,,$23.99,English,$0.04
shopify_us_7228788867169_41877295726689,Mommy and Me Pajama Sets - Cartoon Print | Dress Like Mommy Girl 6-7 years / Yellow,pajamas,paid_eligible,us_test_ready,,,0,0,0.00,0.00,https://www.dresslikemommy.com/products/cute-matching-mom-and-daughter-cartoon-pajama-set-fun-and-cozy-sleepwear,cute-matching-mom-and-daughter-cartoon-pajama-set-fun-and-cozy-sleepwear,Eligible,,$24.99,English,$0.04
shopify_us_7229259874401_41878820847713,Family Matching T-Shirts - Heart Print | Dress Like Mommy Adult XL / Black,family_matching,paid_eligible,us_test_ready,,,0,0,0.00,0.00,https://www.dresslikemommy.com/products/family-matching-t-shirt-set-with-colorful-heart-brushstroke-design,family-matching-t-shirt-set-with-colorful-heart-brushstroke-design,Eligible,,$21.99,English,$0.04
shopify_us_7108141383777_41493944139873,Mommy and Me Midi Dresses - Ruffle Sleeve | Dress Like Mommy Mother M / Champagne,mommy_me,paid_eligible,us_test_ready,,,0,0,0.00,0.00,https://www.dresslikemommy.com/products/elegant-mother-daughter-matching-summer-dress-ruffled-layered-chiffon-with-sequin-embellishments,elegant-mother-daughter-matching-summer-dress-ruffled-layered-chiffon-with-sequin-embellishments,Eligible,,$29.99,English,$0.04
shopify_us_7108958519393_41496524619873,Mommy and Me Swimsuits - One Shoulder | Dress Like Mommy Child 2-3 years / Blue,swimsuits,paid_eligible,us_test_ready,,,0,0,0.00,0.00,https://www.dresslikemommy.com/products/vibrant-one-shoulder-rainbow-trim-swimsuit-set-chic-monochrome-blue-with-colorful-accents-for-mother-daughter,vibrant-one-shoulder-rainbow-trim-swimsuit-set-chic-monochrome-blue-with-colorful-accents-for-mother-daughter,Eligible,,$15.99,English,$0.04
shopify_us_7108951605345_41496502009953,Mommy and Me Swimsuits - Blue | Dress Like Mommy Mother XL / blue,swimsuits,paid_eligible,us_test_ready,,,0,0,0.00,0.00,https://www.dresslikemommy.com/products/chic-ocean-blue-mother-daughter-swimsuit-duo-stylish-ruffle-top-with-paisley-high-waisted-bottoms,chic-ocean-blue-mother-daughter-swimsuit-duo-stylish-ruffle-top-with-paisley-high-waisted-bottoms,Eligible,,$17.99,English,$0.04
shopify_us_7109123670113_41497082757217,Mommy and Me Tankinis - Animal Print | Dress Like Mommy Child 6-8 years / Black,swimsuits,paid_eligible,us_test_ready,,,0,0,0.00,0.00,https://www.dresslikemommy.com/products/modern-cow-print-tankini-swimsuit-set-for-mother-and-daughter-stylish-high-waisted-swimwear-with-ruffle-detail,modern-cow-print-tankini-swimsuit-set-for-mother-and-daughter-stylish-high-waisted-swimwear-with-ruffle-detail,Eligible,,$14.99,English,$0.04
shopify_us_7227630649441_41872774955105,Mommy and Me Maxi Dresses - Floral Print | Dress Like Mommy Child 4-5 Years / Black,mommy_me,paid_eligible,us_test_ready,,,0,0,0.00,0.00,https://www.dresslikemommy.com/products/mother-daughter-matching-summer-dresses-vibrant-printed-sleeveless-maxi-dresses,mother-daughter-matching-summer-dresses-vibrant-printed-sleeveless-maxi-dresses,Not eligible,Over capacity for Shopping ads (outside of CSS program),$16.99,English,$0.04
shopify_us_7109514395745_41498011631713,Family Matching One-Piece Swimsuits - One-Piece | Dress Like Mommy Mother M / Blue,swimsuits,paid_eligible,us_test_ready,,,0,0,0.00,0.00,https://www.dresslikemommy.com/products/elegant-mother-daughter-matching-one-piece-swimsuit-with-patterned-mesh-skirt-family-beachwear-set,elegant-mother-daughter-matching-one-piece-swimsuit-with-patterned-mesh-skirt-family-beachwear-set,Eligible,,$16.99,English,$0.04
shopify_us_7227378925665_41871521185889,Family Matching Sets - Tropical Print | Dress Like Mommy Boy 8-9 Years / Red,swimsuits,paid_eligible,us_test_ready,,,0,0,0.00,0.00,https://www.dresslikemommy.com/products/tropical-matching-family-beach-outfits-colorful-leaf-print-summer-dresses-shorts-set,tropical-matching-family-beach-outfits-colorful-leaf-print-summer-dresses-shorts-set,Eligible,,$21.99,English,$0.04
shopify_us_7227270791265_41871165620321,Mommy and Me Sundresses - Floral Print | Dress Like Mommy Mother XL / Yellow,mommy_me,paid_eligible,us_test_ready,,,0,0,0.00,0.00,https://www.dresslikemommy.com/products/matching-mommy-me-smocked-sundresses-vibrant-floral-and-patterned-summer-dresses,matching-mommy-me-smocked-sundresses-vibrant-floral-and-patterned-summer-dresses,Eligible,,$38.68,English,$0.04
shopify_us_7109502566497_41497976275041,Family Matching Bikini Sets - Matching Style | Dress Like Mommy Child 2-3 years / Red,swimsuits,paid_eligible,us_test_ready,,,0,0,0.00,0.00,https://www.dresslikemommy.com/products/chic-family-tides-mother-daughter-matching-two-piece-swimsuit-with-skirt-vibrant-versatile-swimwear-collection,chic-family-tides-mother-daughter-matching-two-piece-swimsuit-with-skirt-vibrant-versatile-swimwear-collection,Eligible,,$14.99,English,$0.04
shopify_us_7108071063649_41493807300705,Mommy and Me Black Ruffle Dresses | Dress Like Mommy Child 2 Years / Black,mommy_me,paid_eligible,us_test_ready,,,0,0,0.00,0.00,https://www.dresslikemommy.com/products/elegant-black-ruffle-dress-chic-sleeveless-layered-dress-for-mother-and-daughter-perfect-for-parties-and-events,elegant-black-ruffle-dress-chic-sleeveless-layered-dress-for-mother-and-daughter-perfect-for-parties-and-events,Eligible,,$19.99,English,$0.04
shopify_us_7510790733921_43768831967329,Family Matching Swim Trunks - Green Christmas Print | Dress Like Mommy Child 6-8 years / Green,daddy_me,paid_eligible,us_test_ready,,,0,0,0.00,0.00,https://www.dresslikemommy.com/products/green-tropical-leaf-daddy-and-me-matching-swim-shorts-for-pool-days,green-tropical-leaf-daddy-and-me-matching-swim-shorts-for-pool-days,Eligible,,$14.99,English,$0.04
shopify_us_7109125537889_41497086918753,Mommy and Me Swimsuits - One Shoulder | Dress Like Mommy Mother S / Multi-Color,swimsuits,paid_eligible,us_test_ready,,,0,0,0.00,0.00,https://www.dresslikemommy.com/products/chic-tropical-one-shoulder-ruffle-swimsuit-set-for-mother-and-daughter-vibrant-floral-pattern-with-comfort-stretch,chic-tropical-one-shoulder-ruffle-swimsuit-set-for-mother-and-daughter-vibrant-floral-pattern-with-comfort-stretch,Eligible,,$16.99,English,$0.04
shopify_us_7109443256417_41497808568417,Family Matching One-Piece Swimsuits - One-Piece | Dress Like Mommy Child 3-4T / Orange,swimsuits,paid_eligible,us_test_ready,,,0,0,0.00,0.00,https://www.dresslikemommy.com/products/mommy-me-vibrant-duo-tone-one-piece-swimsuit-with-ring-accent-family-matching-swimwear-collection,mommy-me-vibrant-duo-tone-one-piece-swimsuit-with-ring-accent-family-matching-swimwear-collection,Not eligible,Over capacity for Shopping ads (outside of CSS program),$14.99,English,$0.04
shopify_us_7228788867169_41877294940257,Mommy and Me Pajama Sets - Cartoon Print | Dress Like Mommy Girl 5-6 years / Red,pajamas,paid_eligible,us_test_ready,,,0,0,0.00,0.00,https://www.dresslikemommy.com/products/cute-matching-mom-and-daughter-cartoon-pajama-set-fun-and-cozy-sleepwear,cute-matching-mom-and-daughter-cartoon-pajama-set-fun-and-cozy-sleepwear,Eligible,,$24.99,English,$0.04
shopify_us_7229124673633_41878466920545,Family Matching Sets - Green Floral Print | Dress Like Mommy Boy 2 years / Shirt,family_matching,paid_eligible,us_test_ready,,,0,0,0.00,0.00,https://www.dresslikemommy.com/products/green-and-white-matching-family-outfits-stylish-floral-print-family-set-for-parents-and-kids,green-and-white-matching-family-outfits-stylish-floral-print-family-set-for-parents-and-kids,Eligible (limited),"Missing color
Missing gender",$16.99,English,$0.04
shopify_us_7229128441953_41878470230113,Family Matching Sets - Rainbow Stripe | Dress Like Mommy Girl 3-4 years / T-shirt,family_matching,paid_eligible,us_test_ready,,,0,0,0.00,0.00,https://www.dresslikemommy.com/products/vibrant-rainbow-family-matching-outfits-striped-t-shirts-and-yellow-overalls-set-for-family-outings,vibrant-rainbow-family-matching-outfits-striped-t-shirts-and-yellow-overalls-set-for-family-outings,Eligible,,$17.99,English,$0.04
shopify_us_7109292130401_41497361449057,Family Matching Bikini Sets - One-Piece | Dress Like Mommy Child 4-5 years / Red,swimsuits,paid_eligible,us_test_ready,,,0,0,0.00,0.00,https://www.dresslikemommy.com/products/chic-mother-daughter-two-piece-swimsuit-family-matching-swimwear-in-vibrant-colors,chic-mother-daughter-two-piece-swimsuit-family-matching-swimwear-in-vibrant-colors,Eligible,,$14.99,English,$0.04
shopify_us_7229130342497_41878478192737,Family Matching Sets - Pink Blue Ombre | Dress Like Mommy Child 3-4 Years / Multi Color,family_matching,paid_eligible,us_test_ready,,,0,0,0.00,0.00,https://www.dresslikemommy.com/products/gradient-ombre-family-matching-outfits-pink-blue-t-shirts-with-white-shorts-set,gradient-ombre-family-matching-outfits-pink-blue-t-shirts-with-white-shorts-set,Eligible,,$14.99,English,$0.04
shopify_us_7227270791265_41871164932193,Mommy and Me Sundresses - Floral Print | Dress Like Mommy Child 9-10 Years / Rainbow,mommy_me,paid_eligible,us_test_ready,,,0,0,0.00,0.00,https://www.dresslikemommy.com/products/matching-mommy-me-smocked-sundresses-vibrant-floral-and-patterned-summer-dresses,matching-mommy-me-smocked-sundresses-vibrant-floral-and-patterned-summer-dresses,Eligible,,$27.07,English,$0.04
shopify_us_7229259874401_41878821732449,Family Matching T-Shirts - Heart Print | Dress Like Mommy Child 3-4 years / Blue,family_matching,paid_eligible,us_test_ready,,,0,0,0.00,0.00,https://www.dresslikemommy.com/products/family-matching-t-shirt-set-with-colorful-heart-brushstroke-design,family-matching-t-shirt-set-with-colorful-heart-brushstroke-design,Eligible,,$17.99,English,$0.04
shopify_us_7227375714401_41871506767969,Family Matching Sets - Yellow Tropical Print | Dress Like Mommy Girl 4-5 Years / yellow,swimsuits,paid_eligible,us_test_ready,,,4,0,0.00,0.00,https://www.dresslikemommy.com/products/matching-family-yellow-beach-outfits-summer-vacation-dresses-shorts-set,matching-family-yellow-beach-outfits-summer-vacation-dresses-shorts-set,Eligible,,$33.19,English,$0.04
shopify_us_7227375714401_41871507062881,Family Matching Sets - Yellow Tropical Print | Dress Like Mommy Boy 7-8 Years / yellow,swimsuits,paid_eligible,us_test_ready,,,12,0,0.00,0.00,https://www.dresslikemommy.com/products/matching-family-yellow-beach-outfits-summer-vacation-dresses-shorts-set,matching-family-yellow-beach-outfits-summer-vacation-dresses-shorts-set,Eligible,,$27.57,English,$0.04
shopify_us_7227375714401_41871507357793,Family Matching Sets - Yellow Tropical Print | Dress Like Mommy Father XL / yellow,daddy_me,paid_eligible,us_test_ready,,,50,2,0.44,0.00,https://www.dresslikemommy.com/products/matching-family-yellow-beach-outfits-summer-vacation-dresses-shorts-set,matching-family-yellow-beach-outfits-summer-vacation-dresses-shorts-set,Eligible,,$33.19,English,$0.04
shopify_us_7227378892897_41871520497761,Family Matching Sets - Christmas Print | Dress Like Mommy Mother M / blue,swimsuits,paid_eligible,us_test_ready,,,1,0,0.00,0.00,https://www.dresslikemommy.com/products/matching-family-beach-outfits-holiday-palm-tree-print-summer-dresses-shorts-set,matching-family-beach-outfits-holiday-palm-tree-print-summer-dresses-shorts-set,Eligible,,$31.99,English,$0.04
shopify_us_7109267947617_41497324191841,Mommy and Me One-Piece Swimsuits - Color Block | Dress Like Mommy Child 6-8 years / Pink,swimsuits,paid_eligible,us_test_ready,,,0,0,0.00,0.00,https://www.dresslikemommy.com/products/chic-color-block-one-piece-swimsuit-for-mother-daughter-vibrant-sleek-beachwear,chic-color-block-one-piece-swimsuit-for-mother-daughter-vibrant-sleek-beachwear,Eligible,,$14.99,English,$0.04
shopify_us_7109481431137_41497931546721,Family Matching Swimsuits - Long Sleeve | Dress Like Mommy Mother XL / Blue,swimsuits,paid_eligible,us_test_ready,,,0,0,0.00,0.00,https://www.dresslikemommy.com/products/chic-family-bonding-mother-daughter-matching-swimsuit-set-with-long-sleeved-cover-up,chic-family-bonding-mother-daughter-matching-swimsuit-set-with-long-sleeved-cover-up,Eligible,,$16.99,English,$0.04
shopify_us_7108942397537_41496468619361,Mommy and Me Swimsuits - One Shoulder | Dress Like Mommy Child 5-6 years / Main picture,swimsuits,paid_eligible,us_test_ready,,,0,0,0.00,0.00,https://www.dresslikemommy.com/products/chic-mother-daughter-one-shoulder-swimsuit-with-playful-ruffles-and-contrasting-stripes-nylon-polyester-blend,chic-mother-daughter-one-shoulder-swimsuit-with-playful-ruffles-and-contrasting-stripes-nylon-polyester-blend,Eligible,,$16.99,English,$0.04
shopify_us_7109125537889_41497087148129,Mommy and Me Swimsuits - One Shoulder | Dress Like Mommy Child 6-8 years / Multi-Color,swimsuits,paid_eligible,us_test_ready,,,0,0,0.00,0.00,https://www.dresslikemommy.com/products/chic-tropical-one-shoulder-ruffle-swimsuit-set-for-mother-and-daughter-vibrant-floral-pattern-with-comfort-stretch,chic-tropical-one-shoulder-ruffle-swimsuit-set-for-mother-and-daughter-vibrant-floral-pattern-with-comfort-stretch,Not eligible,Over capacity for Shopping ads (outside of CSS program),$14.99,English,$0.04
shopify_us_7227438530657_41871777726561,Mommy and Me Maxi Dresses - Cream | Dress Like Mommy Mother XL / White,swimsuits,paid_eligible,us_test_ready,,,0,0,0.00,0.00,https://www.dresslikemommy.com/products/matching-mother-and-daughter-beach-dresses-elegant-cream-chiffon-maxi-dress-set,matching-mother-and-daughter-beach-dresses-elegant-cream-chiffon-maxi-dress-set,Eligible,,$33.99,English,$0.04
shopify_us_7227630649441_41872775217249,Mommy and Me Maxi Dresses - Floral Print | Dress Like Mommy Mother L / Black,mommy_me,paid_eligible,us_test_ready,,,0,0,0.00,0.00,https://www.dresslikemommy.com/products/mother-daughter-matching-summer-dresses-vibrant-printed-sleeveless-maxi-dresses,mother-daughter-matching-summer-dresses-vibrant-printed-sleeveless-maxi-dresses,Eligible,,$21.99,English,$0.04
shopify_us_7227378925665_41871521415265,Family Matching Sets - Tropical Print | Dress Like Mommy Father L / Red,daddy_me,paid_eligible,us_test_ready,,,0,0,0.00,0.00,https://www.dresslikemommy.com/products/tropical-matching-family-beach-outfits-colorful-leaf-print-summer-dresses-shorts-set,tropical-matching-family-beach-outfits-colorful-leaf-print-summer-dresses-shorts-set,Eligible,,$24.99,English,$0.04
shopify_us_7229259874401_41878821765217,Family Matching T-Shirts - Heart Print | Dress Like Mommy Child 4-5 years / Blue,family_matching,paid_eligible,us_test_ready,,,0,0,0.00,0.00,https://www.dresslikemommy.com/products/family-matching-t-shirt-set-with-colorful-heart-brushstroke-design,family-matching-t-shirt-set-with-colorful-heart-brushstroke-design,Eligible,,$17.99,English,$0.04
shopify_us_7229259874401_41878821142625,Family Matching T-Shirts - Heart Print | Dress Like Mommy Child 6-7 years / Pink,family_matching,paid_eligible,us_test_ready,,,0,0,0.00,0.00,https://www.dresslikemommy.com/products/family-matching-t-shirt-set-with-colorful-heart-brushstroke-design,family-matching-t-shirt-set-with-colorful-heart-brushstroke-design,Eligible,,$17.99,English,$0.04
shopify_us_7108992860257_41496647041121,Mommy and Me One-Piece Swimsuits - Striped | Dress Like Mommy Mother XL / Multi-Color,swimsuits,paid_eligible,us_test_ready,,,0,0,0.00,0.00,https://www.dresslikemommy.com/products/chic-striped-one-piece-swimsuit-with-playful-ruffle-detail-a-duo-of-elegance-for-mother-daughter,chic-striped-one-piece-swimsuit-with-playful-ruffle-detail-a-duo-of-elegance-for-mother-daughter,Eligible,,$17.99,English,$0.04
shopify_us_7227270791265_41871165227105,Mommy and Me Sundresses - Floral Print | Dress Like Mommy Child 9-10 Years / Purple,mommy_me,paid_eligible,us_test_ready,,,0,0,0.00,0.00,https://www.dresslikemommy.com/products/matching-mommy-me-smocked-sundresses-vibrant-floral-and-patterned-summer-dresses,matching-mommy-me-smocked-sundresses-vibrant-floral-and-patterned-summer-dresses,Eligible,,$27.07,English,$0.04
shopify_us_7227418738785_41871678439521,Family Matching Cardigans - Navy Red Striped | Dress Like Mommy Father S / Stripes,daddy_me,paid_eligible,us_test_ready,,,0,0,0.00,0.00,https://www.dresslikemommy.com/products/matching-family-striped-cardigans-navy-and-red-heart-embroidery-knit-sweaters-for-mom-dad-and-kids,matching-family-striped-cardigans-navy-and-red-heart-embroidery-knit-sweaters-for-mom-dad-and-kids,Eligible,,$29.99,English,$0.04
shopify_us_7109481431137_41497931186273,Family Matching Swimsuits - Long Sleeve | Dress Like Mommy Mother L / Orange,swimsuits,paid_eligible,us_test_ready,,,0,0,0.00,0.00,https://www.dresslikemommy.com/products/chic-family-bonding-mother-daughter-matching-swimsuit-set-with-long-sleeved-cover-up,chic-family-bonding-mother-daughter-matching-swimsuit-set-with-long-sleeved-cover-up,Eligible,,$16.99,English,$0.04
shopify_us_7108988764257_41496634622049,Mommy and Me One-Piece Swimsuits - Floral Print | Dress Like Mommy Mother L / Blue,swimsuits,paid_eligible,us_test_ready,,,0,0,0.00,0.00,https://www.dresslikemommy.com/products/elegant-blue-and-white-floral-one-piece-swimsuit-timeless-style-for-mother-and-daughter,elegant-blue-and-white-floral-one-piece-swimsuit-timeless-style-for-mother-and-daughter,Eligible,,$17.99,English,$0.04
shopify_us_7109298487393_41497381372001,Mommy and Me Bikini Sets - Tropical Print | Dress Like Mommy Child 10-12 years / Orange,swimsuits,paid_eligible,us_test_ready,,,10,0,0.00,0.00,https://www.dresslikemommy.com/products/chic-two-piece-swimsuit-set-ruffle-detail-top-and-high-waisted-bottoms-in-four-vibrant-colors,chic-two-piece-swimsuit-set-ruffle-detail-top-and-high-waisted-bottoms-in-four-vibrant-colors,Eligible,,$14.99,English,$0.04
shopify_us_7229259874401_41878819733601,Family Matching T-Shirts - Heart Print | Dress Like Mommy Child 8-9 years / White,family_matching,paid_eligible,us_test_ready,,,3,0,0.00,0.00,https://www.dresslikemommy.com/products/family-matching-t-shirt-set-with-colorful-heart-brushstroke-design,family-matching-t-shirt-set-with-colorful-heart-brushstroke-design,Eligible,,$17.99,English,$0.04
shopify_us_7228773466209_41877251948641,Mommy and Me Matching Sets - Black White Striped | Dress Like Mommy Girl 6-7 years / Multi Color,mommy_me,paid_eligible,us_test_ready,,,0,0,0.00,0.00,https://www.dresslikemommy.com/products/cozy-matching-black-white-striped-sweater-set-for-mom-and-daughter,cozy-matching-black-white-striped-sweater-set-for-mom-and-daughter,Eligible,,$25.99,English,$0.04
shopify_us_7229124673633_41878468034657,Family Matching Sets - Green Floral Print | Dress Like Mommy Father 2XL / Short,daddy_me,paid_eligible,us_test_ready,,,0,0,0.00,0.00,https://www.dresslikemommy.com/products/green-and-white-matching-family-outfits-stylish-floral-print-family-set-for-parents-and-kids,green-and-white-matching-family-outfits-stylish-floral-print-family-set-for-parents-and-kids,Eligible (limited),"Missing color
Missing gender",$17.99,English,$0.04
shopify_us_7229259874401_41878822551649,Family Matching T-Shirts - Heart Print | Dress Like Mommy Adult 2XL / Green,family_matching,paid_eligible,us_test_ready,,,0,0,0.00,0.00,https://www.dresslikemommy.com/products/family-matching-t-shirt-set-with-colorful-heart-brushstroke-design,family-matching-t-shirt-set-with-colorful-heart-brushstroke-design,Eligible,,$21.99,English,$0.04
shopify_us_7109472288865_41497918668897,Family Matching Swimsuits - Floral Print | Dress Like Mommy Child 2-3 years / Purple,swimsuits,paid_eligible,us_test_ready,,,0,0,0.00,0.00,https://www.dresslikemommy.com/products/chic-mother-daughter-matching-swimsuit-set-with-floral-cover-up-family-beachwear-collection,chic-mother-daughter-matching-swimsuit-set-with-floral-cover-up-family-beachwear-collection,Eligible,,$14.99,English,$0.04
shopify_us_7227438530657_41871777595489,Mommy and Me Maxi Dresses - Cream | Dress Like Mommy Child 7-8 Years / White,swimsuits,paid_eligible,us_test_ready,,,0,0,0.00,0.00,https://www.dresslikemommy.com/products/matching-mother-and-daughter-beach-dresses-elegant-cream-chiffon-maxi-dress-set,matching-mother-and-daughter-beach-dresses-elegant-cream-chiffon-maxi-dress-set,Eligible,,$27.99,English,$0.04
shopify_us_7227270299745_41871161786465,Mommy and Me Maxi Dresses - Floral Print | Dress Like Mommy Child 6-7 Years / black,mommy_me,paid_eligible,us_test_ready,,,0,0,0.00,0.00,https://www.dresslikemommy.com/products/matching-mommy-me-sunflower-maxi-dresses-sleeveless-floral-print-summer-dress,matching-mommy-me-sunflower-maxi-dresses-sleeveless-floral-print-summer-dress,Eligible,,$22.50,English,$0.04
shopify_us_7109443256417_41497808437345,Family Matching One-Piece Swimsuits - One-Piece | Dress Like Mommy Mother M / Orange,swimsuits,paid_eligible,us_test_ready,,,0,0,0.00,0.00,https://www.dresslikemommy.com/products/mommy-me-vibrant-duo-tone-one-piece-swimsuit-with-ring-accent-family-matching-swimwear-collection,mommy-me-vibrant-duo-tone-one-piece-swimsuit-with-ring-accent-family-matching-swimwear-collection,Eligible,,$16.99,English,$0.04
shopify_us_7227418738785_41871678046305,Family Matching Cardigans - Navy Red Striped | Dress Like Mommy Baby 1-2 Years / Stripes,mommy_me,paid_eligible,us_test_ready,,,0,0,0.00,0.00,https://www.dresslikemommy.com/products/matching-family-striped-cardigans-navy-and-red-heart-embroidery-knit-sweaters-for-mom-dad-and-kids,matching-family-striped-cardigans-navy-and-red-heart-embroidery-knit-sweaters-for-mom-dad-and-kids,Eligible,,$21.99,English,$0.04
shopify_us_7227270791265_41871166046305,Mommy and Me Sundresses - Floral Print | Dress Like Mommy Child 6-7 Years / Blue,mommy_me,paid_eligible,us_test_ready,,,0,0,0.00,0.00,https://www.dresslikemommy.com/products/matching-mommy-me-smocked-sundresses-vibrant-floral-and-patterned-summer-dresses,matching-mommy-me-smocked-sundresses-vibrant-floral-and-patterned-summer-dresses,Eligible,,$27.07,English,$0.04
shopify_us_7110356631649_41500537913441,Family Matching Swim Trunks - Floral Print | Dress Like Mommy Father XL / Multi-Color,daddy_me,paid_eligible,us_test_ready,,,0,0,0.00,0.00,https://www.dresslikemommy.com/products/father-and-son-matching-swim-trunks-tropical-floral-print-family-swimwear,father-and-son-matching-swim-trunks-tropical-floral-print-family-swimwear,Eligible,,$15.99,English,$0.04
shopify_us_7110363775073_41500564783201,Daddy and Me Swim Trunks - Blue White | Dress Like Mommy Father L / Photo Color,daddy_me,paid_eligible,us_test_ready,,,0,0,0.00,0.00,https://www.dresslikemommy.com/products/father-and-son-matching-swim-trunks-elegant-blue-and-white-paisley-design-quick-dry-beachwear,father-and-son-matching-swim-trunks-elegant-blue-and-white-paisley-design-quick-dry-beachwear,Eligible,,$15.99,English,$0.04
shopify_us_7109123670113_41497082822753,Mommy and Me Tankinis - Animal Print | Dress Like Mommy Child 10-12 years / Black,swimsuits,paid_eligible,us_test_ready,,,0,0,0.00,0.00,https://www.dresslikemommy.com/products/modern-cow-print-tankini-swimsuit-set-for-mother-and-daughter-stylish-high-waisted-swimwear-with-ruffle-detail,modern-cow-print-tankini-swimsuit-set-for-mother-and-daughter-stylish-high-waisted-swimwear-with-ruffle-detail,Eligible,,$14.99,English,$0.04
shopify_us_7110363775073_41500564815969,Daddy and Me Swim Trunks - Blue White | Dress Like Mommy Father XL / Photo Color,daddy_me,paid_eligible,us_test_ready,,,0,0,0.00,0.00,https://www.dresslikemommy.com/products/father-and-son-matching-swim-trunks-elegant-blue-and-white-paisley-design-quick-dry-beachwear,father-and-son-matching-swim-trunks-elegant-blue-and-white-paisley-design-quick-dry-beachwear,Eligible,,$15.99,English,$0.04
shopify_us_7227418738785_41871678210145,Family Matching Cardigans - Navy Red Striped | Dress Like Mommy Child 6-7 Years / Stripes,mommy_me,paid_eligible,us_test_ready,,,0,0,0.00,0.00,https://www.dresslikemommy.com/products/matching-family-striped-cardigans-navy-and-red-heart-embroidery-knit-sweaters-for-mom-dad-and-kids,matching-family-striped-cardigans-navy-and-red-heart-embroidery-knit-sweaters-for-mom-dad-and-kids,Eligible,,$21.99,English,$0.04
shopify_us_7228788867169_41877295431777,Mommy and Me Pajama Sets - Cartoon Print | Dress Like Mommy Girl 9-10 years / Pink,pajamas,paid_eligible,us_test_ready,,,19,0,0.00,0.00,https://www.dresslikemommy.com/products/cute-matching-mom-and-daughter-cartoon-pajama-set-fun-and-cozy-sleepwear,cute-matching-mom-and-daughter-cartoon-pajama-set-fun-and-cozy-sleepwear,Eligible,,$24.99,English,$0.04
shopify_us_7108938039393_41496456233057,Mommy and Me Swimsuits - One Shoulder | Dress Like Mommy Child 2-3 years / Red,swimsuits,paid_eligible,us_test_ready,,,9,0,0.00,0.00,https://www.dresslikemommy.com/products/chic-one-shoulder-striped-ruffle-swimsuit-for-women-and-girls-elegant-monokini-with-side-tie,chic-one-shoulder-striped-ruffle-swimsuit-for-women-and-girls-elegant-monokini-with-side-tie,Eligible,,$16.99,English,$0.04
shopify_us_7227379023969_41871522168929,Family Matching Sets - Blue | Dress Like Mommy Boy 7-8 Years / blue,family_matching,paid_eligible,us_test_ready,,,159,3,0.70,0.00,https://www.dresslikemommy.com/products/elegant-matching-family-outfits-light-blue-halter-dresses-casual-t-shirt-set-for-summer,elegant-matching-family-outfits-light-blue-halter-dresses-casual-t-shirt-set-for-summer,Eligible,,$21.99,English,$0.04
shopify_us_7227379023969_41871522431073,Family Matching Sets - Blue | Dress Like Mommy Father L / blue,daddy_me,paid_eligible,us_test_ready,,,165,1,0.24,0.00,https://www.dresslikemommy.com/products/elegant-matching-family-outfits-light-blue-halter-dresses-casual-t-shirt-set-for-summer,elegant-matching-family-outfits-light-blue-halter-dresses-casual-t-shirt-set-for-summer,Eligible,,$24.99,English,$0.04
shopify_us_7109481431137_41497931481185,Family Matching Swimsuits - Long Sleeve | Dress Like Mommy Mother M / Blue,swimsuits,paid_eligible,us_test_ready,,,9,0,0.00,0.00,https://www.dresslikemommy.com/products/chic-family-bonding-mother-daughter-matching-swimsuit-set-with-long-sleeved-cover-up,chic-family-bonding-mother-daughter-matching-swimsuit-set-with-long-sleeved-cover-up,Eligible,,$16.99,English,$0.04
shopify_us_7227418738785_41871678144609,Family Matching Cardigans - Navy Red Striped | Dress Like Mommy Child 4-5 Years / Stripes,mommy_me,paid_eligible,us_test_ready,,,9,0,0.00,0.00,https://www.dresslikemommy.com/products/matching-family-striped-cardigans-navy-and-red-heart-embroidery-knit-sweaters-for-mom-dad-and-kids,matching-family-striped-cardigans-navy-and-red-heart-embroidery-knit-sweaters-for-mom-dad-and-kids,Eligible,,$21.99,English,$0.04
shopify_us_7109472288865_41497918832737,Family Matching Swimsuits - Floral Print | Dress Like Mommy Child 10-12 years / Purple,swimsuits,paid_eligible,us_test_ready,,,1,0,0.00,0.00,https://www.dresslikemommy.com/products/chic-mother-daughter-matching-swimsuit-set-with-floral-cover-up-family-beachwear-collection,chic-mother-daughter-matching-swimsuit-set-with-floral-cover-up-family-beachwear-collection,Eligible,,$14.99,English,$0.04
shopify_us_7107978395745_41493653061729,Mommy and Me Maxi Dresses - Blue | Dress Like Mommy Child 6-7 Years / Blue,mommy_me,paid_eligible,us_test_ready,,,0,0,0.00,0.00,https://www.dresslikemommy.com/products/mommy-and-me-matching-light-blue-halter-neck-tiered-dresses,mommy-and-me-matching-light-blue-halter-neck-tiered-dresses,Eligible,,$24.99,English,$0.04
shopify_us_7229128441953_41878470623329,Family Matching Sets - Rainbow Stripe | Dress Like Mommy Father L / T-shirt,daddy_me,paid_eligible,us_test_ready,,,0,0,0.00,0.00,https://www.dresslikemommy.com/products/vibrant-rainbow-family-matching-outfits-striped-t-shirts-and-yellow-overalls-set-for-family-outings,vibrant-rainbow-family-matching-outfits-striped-t-shirts-and-yellow-overalls-set-for-family-outings,Eligible,,$19.99,English,$0.04
shopify_us_7109502566497_41497977094241,Family Matching Bikini Sets - Matching Style | Dress Like Mommy Child 10-12 years / Pink,swimsuits,paid_eligible,us_test_ready,,,0,0,0.00,0.00,https://www.dresslikemommy.com/products/chic-family-tides-mother-daughter-matching-two-piece-swimsuit-with-skirt-vibrant-versatile-swimwear-collection,chic-family-tides-mother-daughter-matching-two-piece-swimsuit-with-skirt-vibrant-versatile-swimwear-collection,Not eligible,Over capacity for Shopping ads (outside of CSS program),$14.99,English,$0.04
shopify_us_7107978395745_41493652963425,Mommy and Me Maxi Dresses - Blue | Dress Like Mommy Child 3-4 Years / Blue,mommy_me,paid_eligible,us_test_ready,,,0,0,0.00,0.00,https://www.dresslikemommy.com/products/mommy-and-me-matching-light-blue-halter-neck-tiered-dresses,mommy-and-me-matching-light-blue-halter-neck-tiered-dresses,Eligible,,$24.99,English,$0.04
shopify_us_7109472288865_41497918308449,Family Matching Swimsuits - Floral Print | Dress Like Mommy Mother XL / Green,swimsuits,paid_eligible,us_test_ready,,,0,0,0.00,0.00,https://www.dresslikemommy.com/products/chic-mother-daughter-matching-swimsuit-set-with-floral-cover-up-family-beachwear-collection,chic-mother-daughter-matching-swimsuit-set-with-floral-cover-up-family-beachwear-collection,Eligible,,$16.99,English,$0.04
shopify_us_7227356282977_41871478980705,Mommy and Me Maxi Dresses - Watercolor | Dress Like Mommy Mother M / Multi Color,mommy_me,paid_eligible,us_test_ready,,,0,0,0.00,0.00,https://www.dresslikemommy.com/products/matching-mommy-me-colorful-watercolor-maxi-dresses-sleeveless-summer-dress,matching-mommy-me-colorful-watercolor-maxi-dresses-sleeveless-summer-dress,Not eligible,Over capacity for Shopping ads (outside of CSS program),$29.99,English,$0.04
shopify_us_7229124673633_41878467543137,Family Matching Sets - Green Floral Print | Dress Like Mommy Mother S / Dress,mommy_me,paid_eligible,us_test_ready,,,0,0,0.00,0.00,https://www.dresslikemommy.com/products/green-and-white-matching-family-outfits-stylish-floral-print-family-set-for-parents-and-kids,green-and-white-matching-family-outfits-stylish-floral-print-family-set-for-parents-and-kids,Eligible (limited),"Missing color
Missing gender",$27.99,English,$0.04
shopify_us_7229130342497_41878478291041,Family Matching Sets - Pink Blue Ombre | Dress Like Mommy Child 9-10 Years / Multi Color,family_matching,paid_eligible,us_test_ready,,,0,0,0.00,0.00,https://www.dresslikemommy.com/products/gradient-ombre-family-matching-outfits-pink-blue-t-shirts-with-white-shorts-set,gradient-ombre-family-matching-outfits-pink-blue-t-shirts-with-white-shorts-set,Eligible,,$14.99,English,$0.04
shopify_us_7109454135393_41497849233505,Family Matching Bikini Sets - Blue Green Floral | Dress Like Mommy Child 6-8 years / blue,swimsuits,paid_eligible,us_test_ready,,,0,0,0.00,0.00,https://www.dresslikemommy.com/products/chic-two-piece-swimsuit-with-skirt-family-matching-swimwear-for-mother-and-daughter-available-in-blue-green-black,chic-two-piece-swimsuit-with-skirt-family-matching-swimwear-for-mother-and-daughter-available-in-blue-green-black,Eligible,,$14.99,English,$0.04
shopify_us_7108958519393_41496524685409,Mommy and Me Swimsuits - One Shoulder | Dress Like Mommy Child 4-5 years / Blue,swimsuits,paid_eligible,us_test_ready,,,0,0,0.00,0.00,https://www.dresslikemommy.com/products/vibrant-one-shoulder-rainbow-trim-swimsuit-set-chic-monochrome-blue-with-colorful-accents-for-mother-daughter,vibrant-one-shoulder-rainbow-trim-swimsuit-set-chic-monochrome-blue-with-colorful-accents-for-mother-daughter,Eligible,,$15.99,English,$0.04
shopify_us_7227270791265_41871164833889,Mommy and Me Sundresses - Floral Print | Dress Like Mommy Child 4 -5 Years / Rainbow,mommy_me,paid_eligible,us_test_ready,,,0,0,0.00,0.00,https://www.dresslikemommy.com/products/matching-mommy-me-smocked-sundresses-vibrant-floral-and-patterned-summer-dresses,matching-mommy-me-smocked-sundresses-vibrant-floral-and-patterned-summer-dresses,Not eligible,Over capacity for Shopping ads (outside of CSS program),$27.07,English,$0.04
shopify_us_7227270299745_41871162015841,Mommy and Me Maxi Dresses - Floral Print | Dress Like Mommy Mother 2XL / black,mommy_me,paid_eligible,us_test_ready,,,0,0,0.00,0.00,https://www.dresslikemommy.com/products/matching-mommy-me-sunflower-maxi-dresses-sleeveless-floral-print-summer-dress,matching-mommy-me-sunflower-maxi-dresses-sleeveless-floral-print-summer-dress,Not eligible,Over capacity for Shopping ads (outside of CSS program),$31.50,English,$0.04
shopify_us_7109298487393_41497381961825,Mommy and Me Bikini Sets - Tropical Print | Dress Like Mommy Child 6-8 years / Green,swimsuits,paid_eligible,us_test_ready,,,0,0,0.00,0.00,https://www.dresslikemommy.com/products/chic-two-piece-swimsuit-set-ruffle-detail-top-and-high-waisted-bottoms-in-four-vibrant-colors,chic-two-piece-swimsuit-set-ruffle-detail-top-and-high-waisted-bottoms-in-four-vibrant-colors,Eligible,,$14.99,English,$0.04
shopify_us_7108938039393_41496456298593,Mommy and Me Swimsuits - One Shoulder | Dress Like Mommy Child 5-6 years / Red,swimsuits,paid_eligible,us_test_ready,,,0,0,0.00,0.00,https://www.dresslikemommy.com/products/chic-one-shoulder-striped-ruffle-swimsuit-for-women-and-girls-elegant-monokini-with-side-tie,chic-one-shoulder-striped-ruffle-swimsuit-for-women-and-girls-elegant-monokini-with-side-tie,Not eligible,Over capacity for Shopping ads (outside of CSS program),$16.99,English,$0.04
shopify_us_7108951605345_41496502042721,Mommy and Me Swimsuits - Blue | Dress Like Mommy Child 2-3 years / blue,swimsuits,paid_eligible,us_test_ready,,,0,0,0.00,0.00,https://www.dresslikemommy.com/products/chic-ocean-blue-mother-daughter-swimsuit-duo-stylish-ruffle-top-with-paisley-high-waisted-bottoms,chic-ocean-blue-mother-daughter-swimsuit-duo-stylish-ruffle-top-with-paisley-high-waisted-bottoms,Eligible,,$15.99,English,$0.04
shopify_us_7109122097249_41497077252193,Mommy and Me Swimsuits - One Shoulder | Dress Like Mommy Child 2-3 years / Pink,swimsuits,paid_eligible,us_test_ready,,,0,0,0.00,0.00,https://www.dresslikemommy.com/products/chic-floral-ruffle-one-shoulder-swimsuit-for-women-and-girls-elegant-asymmetrical-swimwear-set-in-vibrant-tropics-print,chic-floral-ruffle-one-shoulder-swimsuit-for-women-and-girls-elegant-asymmetrical-swimwear-set-in-vibrant-tropics-print,Eligible,,$14.99,English,$0.04
shopify_us_7108969037921_41496561418337,Mommy and Me One-Piece Swimsuits - One-Piece | Dress Like Mommy Mother M / Blue,swimsuits,paid_eligible,us_test_ready,,,0,0,0.00,0.00,https://www.dresslikemommy.com/products/vibrant-halter-neck-one-piece-swimsuit-with-waist-tie-detail-mother-daughter-matching-swimwear-in-exquisite-baroque-print,vibrant-halter-neck-one-piece-swimsuit-with-waist-tie-detail-mother-daughter-matching-swimwear-in-exquisite-baroque-print,Eligible,,$17.99,English,$0.04
shopify_us_7108045897825_41493759918177,Mommy and Me Midi Dresses - Silver | Dress Like Mommy Child 3-4 Years / Gray,mommy_me,paid_eligible,us_test_ready,,,49,1,0.12,0.00,https://www.dresslikemommy.com/products/mommy-and-me-matching-silver-asymmetrical-chiffon-dresses-with-strappy-backs,mommy-and-me-matching-silver-asymmetrical-chiffon-dresses-with-strappy-backs,Eligible,,$24.99,English,$0.04
shopify_us_7108071063649_41493807530081,Mommy and Me Black Ruffle Dresses | Dress Like Mommy Mother M / Black,mommy_me,paid_eligible,us_test_ready,,,2,0,0.00,0.00,https://www.dresslikemommy.com/products/elegant-black-ruffle-dress-chic-sleeveless-layered-dress-for-mother-and-daughter-perfect-for-parties-and-events,elegant-black-ruffle-dress-chic-sleeveless-layered-dress-for-mother-and-daughter-perfect-for-parties-and-events,Eligible,,$25.99,English,$0.04
shopify_us_7229026304097_41878208282721,Mommy and Me Maxi Dresses - Floral Print | Dress Like Mommy Child 2 years / Multi Color,mommy_me,paid_eligible,us_test_ready,,,118,2,0.47,0.00,https://www.dresslikemommy.com/products/elegant-floral-off-shoulder-mommy-and-me-dress-set-perfect-for-summer-outings,elegant-floral-off-shoulder-mommy-and-me-dress-set-perfect-for-summer-outings,Eligible,,$22.99,English,$0.04
shopify_us_7227375714401_41871507226721,Family Matching Sets - Yellow Tropical Print | Dress Like Mommy Mother L / yellow,swimsuits,paid_eligible,us_test_ready,,,48,0,0.00,0.00,https://www.dresslikemommy.com/products/matching-family-yellow-beach-outfits-summer-vacation-dresses-shorts-set,matching-family-yellow-beach-outfits-summer-vacation-dresses-shorts-set,Eligible,,$44.44,English,$0.04
shopify_us_7109292130401_41497360302177,Family Matching Bikini Sets - One-Piece | Dress Like Mommy Mother M / Orange,swimsuits,paid_eligible,us_test_ready,,,0,0,0.00,0.00,https://www.dresslikemommy.com/products/chic-mother-daughter-two-piece-swimsuit-family-matching-swimwear-in-vibrant-colors,chic-mother-daughter-two-piece-swimsuit-family-matching-swimwear-in-vibrant-colors,Eligible,,$16.99,English,$0.04
shopify_us_7110361874529_41500560162913,Daddy and Me Swim Trunks - Blue Yellow | Dress Like Mommy Father XL / Main color,daddy_me,paid_eligible,us_test_ready,,,0,0,0.00,0.00,https://www.dresslikemommy.com/products/father-and-son-matching-swim-trunks-classic-paisley-pattern-in-blue-and-yellow,father-and-son-matching-swim-trunks-classic-paisley-pattern-in-blue-and-yellow,Eligible,,$15.99,English,$0.04
shopify_us_7109502566497_41497976209505,Family Matching Bikini Sets - Matching Style | Dress Like Mommy Mother L / Red,swimsuits,paid_eligible,us_test_ready,,,0,0,0.00,0.00,https://www.dresslikemommy.com/products/chic-family-tides-mother-daughter-matching-two-piece-swimsuit-with-skirt-vibrant-versatile-swimwear-collection,chic-family-tides-mother-daughter-matching-two-piece-swimsuit-with-skirt-vibrant-versatile-swimwear-collection,Eligible,,$16.99,English,$0.04
shopify_us_7109292130401_41497360531553,Family Matching Bikini Sets - One-Piece | Dress Like Mommy Child 8-10 years / Orange,swimsuits,paid_eligible,us_test_ready,,,0,0,0.00,0.00,https://www.dresslikemommy.com/products/chic-mother-daughter-two-piece-swimsuit-family-matching-swimwear-in-vibrant-colors,chic-mother-daughter-two-piece-swimsuit-family-matching-swimwear-in-vibrant-colors,Eligible,,$14.99,English,$0.04
shopify_us_7227270791265_41871164735585,Mommy and Me Sundresses - Floral Print | Dress Like Mommy Mother XL / Brown,mommy_me,paid_eligible,us_test_ready,,,0,0,0.00,0.00,https://www.dresslikemommy.com/products/matching-mommy-me-smocked-sundresses-vibrant-floral-and-patterned-summer-dresses,matching-mommy-me-smocked-sundresses-vibrant-floral-and-patterned-summer-dresses,Eligible,,$38.68,English,$0.04
shopify_us_7109292130401_41497361252449,Family Matching Bikini Sets - One-Piece | Dress Like Mommy Mother S / Red,swimsuits,paid_eligible,us_test_ready,,,0,0,0.00,0.00,https://www.dresslikemommy.com/products/chic-mother-daughter-two-piece-swimsuit-family-matching-swimwear-in-vibrant-colors,chic-mother-daughter-two-piece-swimsuit-family-matching-swimwear-in-vibrant-colors,Eligible,,$16.99,English,$0.04
shopify_us_7109119705185_41497069420641,Mommy and Me One-Piece Swimsuits - Striped | Dress Like Mommy Child 4-5 years / Blue,swimsuits,paid_eligible,us_test_ready,,,0,0,0.00,0.00,https://www.dresslikemommy.com/products/nautical-charm-flamingo-print-one-piece-swimsuits-for-mother-daughter,nautical-charm-flamingo-print-one-piece-swimsuits-for-mother-daughter,Eligible,,$14.99,English,$0.04
shopify_us_7110364856417_41500566847585,Daddy and Me Swim Trunks - Tropical Print | Dress Like Mommy Father XL / Main color,daddy_me,paid_eligible,us_test_ready,,,0,0,0.00,0.00,https://www.dresslikemommy.com/products/tropical-flair-father-and-son-matching-swim-trunks-flamingo-and-foliage-print,tropical-flair-father-and-son-matching-swim-trunks-flamingo-and-foliage-print,Eligible,,$15.99,English,$0.04
shopify_us_7108071063649_41493807497313,Mommy and Me Black Ruffle Dresses | Dress Like Mommy Mother S / Black,mommy_me,paid_eligible,us_test_ready,,,0,0,0.00,0.00,https://www.dresslikemommy.com/products/elegant-black-ruffle-dress-chic-sleeveless-layered-dress-for-mother-and-daughter-perfect-for-parties-and-events,elegant-black-ruffle-dress-chic-sleeveless-layered-dress-for-mother-and-daughter-perfect-for-parties-and-events,Eligible,,$25.99,English,$0.04
shopify_us_7108009197665_41493704573025,Mommy and Me Maxi Dresses - Pink Tie-Dye Print | Dress Like Mommy Child 11-12 Years / Multi Color,mommy_me,paid_eligible,us_test_ready,,,0,0,0.00,0.00,https://www.dresslikemommy.com/products/mommy-and-me-matching-pink-tie-dye-pleated-maxi-dresses-with-adjustable-straps,mommy-and-me-matching-pink-tie-dye-pleated-maxi-dresses-with-adjustable-straps,Eligible,,$19.99,English,$0.04
shopify_us_7229027876961_41878214017121,Mommy and Me Midi Dresses - Blue | Dress Like Mommy Mother 2XL / Blue,mommy_me,paid_eligible,us_test_ready,,,0,0,0.00,0.00,https://www.dresslikemommy.com/products/stylish-blue-sleeveless-mommy-and-me-dress-set-with-bow-detail-perfect-for-summer-outings,stylish-blue-sleeveless-mommy-and-me-dress-set-with-bow-detail-perfect-for-summer-outings,Eligible,,$29.99,English,$0.04
shopify_us_7109502566497_41497976995937,Family Matching Bikini Sets - Matching Style | Dress Like Mommy Child 4-5 years / Pink,swimsuits,paid_eligible,us_test_ready,,,0,0,0.00,0.00,https://www.dresslikemommy.com/products/chic-family-tides-mother-daughter-matching-two-piece-swimsuit-with-skirt-vibrant-versatile-swimwear-collection,chic-family-tides-mother-daughter-matching-two-piece-swimsuit-with-skirt-vibrant-versatile-swimwear-collection,Not eligible,Over capacity for Shopping ads (outside of CSS program),$14.99,English,$0.04
shopify_us_7227270791265_41871165653089,Mommy and Me Sundresses - Floral Print | Dress Like Mommy Child 1-2 Years / Red,mommy_me,paid_eligible,us_test_ready,,,0,0,0.00,0.00,https://www.dresslikemommy.com/products/matching-mommy-me-smocked-sundresses-vibrant-floral-and-patterned-summer-dresses,matching-mommy-me-smocked-sundresses-vibrant-floral-and-patterned-summer-dresses,Eligible,,$24.75,English,$0.04
shopify_us_7227624554593_41872740122721,Family Matching Shirts - Matching Style | Dress Like Mommy Child 7-8 Years / Blue,family_matching,paid_eligible,us_test_ready,,,0,0,0.00,0.00,https://www.dresslikemommy.com/products/matching-family-denim-button-up-shirts-casual-unisex-jean-jackets-for-parents-and-kids,matching-family-denim-button-up-shirts-casual-unisex-jean-jackets-for-parents-and-kids,Eligible,,$22.99,English,$0.04
shopify_us_7229128441953_41878471049313,Family Matching Sets - Rainbow Stripe | Dress Like Mommy Father XL / Short,daddy_me,paid_eligible,us_test_ready,,,0,0,0.00,0.00,https://www.dresslikemommy.com/products/vibrant-rainbow-family-matching-outfits-striped-t-shirts-and-yellow-overalls-set-for-family-outings,vibrant-rainbow-family-matching-outfits-striped-t-shirts-and-yellow-overalls-set-for-family-outings,Eligible,,$19.99,English,$0.04
shopify_us_7108962254945_41496538447969,Mommy and Me One-Piece Swimsuits - Tropical Print | Dress Like Mommy Mother XL / Red,swimsuits,paid_eligible,us_test_ready,,,0,0,0.00,0.00,https://www.dresslikemommy.com/products/chic-tropical-ruffle-one-piece-swimsuit-lush-botanical-print-with-elegant-solid-trim-for-mother-child,chic-tropical-ruffle-one-piece-swimsuit-lush-botanical-print-with-elegant-solid-trim-for-mother-child,Eligible,,$17.99,English,$0.04
shopify_us_7229128441953_41878470787169,Family Matching Sets - Rainbow Stripe | Dress Like Mommy Boy 3-4 years / Short,family_matching,paid_eligible,us_test_ready,,,0,0,0.00,0.00,https://www.dresslikemommy.com/products/vibrant-rainbow-family-matching-outfits-striped-t-shirts-and-yellow-overalls-set-for-family-outings,vibrant-rainbow-family-matching-outfits-striped-t-shirts-and-yellow-overalls-set-for-family-outings,Eligible,,$17.99,English,$0.04
shopify_us_7109514395745_41498011238497,Family Matching One-Piece Swimsuits - One-Piece | Dress Like Mommy Child 10-12 years / Black,swimsuits,paid_eligible,us_test_ready,,,0,0,0.00,0.00,https://www.dresslikemommy.com/products/elegant-mother-daughter-matching-one-piece-swimsuit-with-patterned-mesh-skirt-family-beachwear-set,elegant-mother-daughter-matching-one-piece-swimsuit-with-patterned-mesh-skirt-family-beachwear-set,Eligible,,$14.99,English,$0.04
shopify_us_7229027876961_41878213689441,Mommy and Me Midi Dresses - Blue | Dress Like Mommy Child 2 years / Blue,mommy_me,paid_eligible,us_test_ready,,,0,0,0.00,0.00,https://www.dresslikemommy.com/products/stylish-blue-sleeveless-mommy-and-me-dress-set-with-bow-detail-perfect-for-summer-outings,stylish-blue-sleeveless-mommy-and-me-dress-set-with-bow-detail-perfect-for-summer-outings,Eligible,,$23.99,English,$0.04
shopify_us_7228788867169_41877295169633,Mommy and Me Pajama Sets - Cartoon Print | Dress Like Mommy Mother XL / Red,pajamas,paid_eligible,us_test_ready,,,0,0,0.00,0.00,https://www.dresslikemommy.com/products/cute-matching-mom-and-daughter-cartoon-pajama-set-fun-and-cozy-sleepwear,cute-matching-mom-and-daughter-cartoon-pajama-set-fun-and-cozy-sleepwear,Eligible,,$27.99,English,$0.04
shopify_us_7109481431137_41497931153505,Family Matching Swimsuits - Long Sleeve | Dress Like Mommy Mother M / Orange,swimsuits,paid_eligible,us_test_ready,,,3,0,0.00,0.00,https://www.dresslikemommy.com/products/chic-family-bonding-mother-daughter-matching-swimsuit-set-with-long-sleeved-cover-up,chic-family-bonding-mother-daughter-matching-swimsuit-set-with-long-sleeved-cover-up,Eligible,,$16.99,English,$0.04
shopify_us_7109472288865_41497917882465,Family Matching Swimsuits - Floral Print | Dress Like Mommy Mother S / Black,swimsuits,paid_eligible,us_test_ready,,,0,0,0.00,0.00,https://www.dresslikemommy.com/products/chic-mother-daughter-matching-swimsuit-set-with-floral-cover-up-family-beachwear-collection,chic-mother-daughter-matching-swimsuit-set-with-floral-cover-up-family-beachwear-collection,Eligible,,$16.99,English,$0.04
shopify_us_7229259874401_41878820683873,Family Matching T-Shirts - Heart Print | Dress Like Mommy Child 7-8 years / Black,family_matching,paid_eligible,us_test_ready,,,0,0,0.00,0.00,https://www.dresslikemommy.com/products/family-matching-t-shirt-set-with-colorful-heart-brushstroke-design,family-matching-t-shirt-set-with-colorful-heart-brushstroke-design,Eligible,,$17.99,English,$0.04
shopify_us_7109986844769_41499305246817,Mommy and Me Bikini Sets - Wrap Skirt | Dress Like Mommy Child 6-8 years / Brown,swimsuits,paid_eligible,us_test_ready,,,0,0,0.00,0.00,https://www.dresslikemommy.com/products/mother-daughter-matching-swim-set-abstract-print-two-piece-high-waisted-bikini-with-wrap-skirt,mother-daughter-matching-swim-set-abstract-print-two-piece-high-waisted-bikini-with-wrap-skirt,Eligible,,$16.99,English,$0.04
shopify_us_7108992860257_41496646975585,Mommy and Me One-Piece Swimsuits - Striped | Dress Like Mommy Mother M / Multi-Color,swimsuits,paid_eligible,us_test_ready,,,0,0,0.00,0.00,https://www.dresslikemommy.com/products/chic-striped-one-piece-swimsuit-with-playful-ruffle-detail-a-duo-of-elegance-for-mother-daughter,chic-striped-one-piece-swimsuit-with-playful-ruffle-detail-a-duo-of-elegance-for-mother-daughter,Eligible,,$17.99,English,$0.04
shopify_us_7227439546465_41871781167201,Family Matching Sets - Navy Floral Print | Dress Like Mommy Mother L / Orange,swimsuits,paid_eligible,us_test_ready,,,0,0,0.00,0.00,https://www.dresslikemommy.com/products/matching-family-tropical-floral-beach-outfits-navy-and-orange-flower-print-dresses-shirts-set,matching-family-tropical-floral-beach-outfits-navy-and-orange-flower-print-dresses-shirts-set,Eligible,,$29.99,English,$0.04
shopify_us_7229027876961_41878213886049,Mommy and Me Midi Dresses - Blue | Dress Like Mommy Mother S / Blue,mommy_me,paid_eligible,us_test_ready,,,0,0,0.00,0.00,https://www.dresslikemommy.com/products/stylish-blue-sleeveless-mommy-and-me-dress-set-with-bow-detail-perfect-for-summer-outings,stylish-blue-sleeveless-mommy-and-me-dress-set-with-bow-detail-perfect-for-summer-outings,Eligible,,$29.99,English,$0.04
shopify_us_7110362136673_41500560883809,Daddy and Me Swim Trunks - Red Green Tropical Print | Dress Like Mommy Father XL / Photo Color,daddy_me,paid_eligible,us_test_ready,,,0,0,0.00,0.00,https://www.dresslikemommy.com/products/father-and-son-matching-swim-trunks-tropical-paradise-red-and-green-print,father-and-son-matching-swim-trunks-tropical-paradise-red-and-green-print,Eligible,,$15.99,English,$0.04
shopify_us_7109084807265_41496962728033,Mommy and Me Swimsuits - Mermaid Scale | Dress Like Mommy Child 6-8 years / Multi-Color,swimsuits,paid_eligible,us_test_ready,,,0,0,0.00,0.00,https://www.dresslikemommy.com/products/mother-daughter-pastel-mermaid-scales-swimsuit-with-frill-detail,mother-daughter-pastel-mermaid-scales-swimsuit-with-frill-detail,Eligible,,$14.99,English,$0.04
shopify_us_7109481431137_41497930793057,Family Matching Swimsuits - Long Sleeve | Dress Like Mommy Mother S / Green,swimsuits,paid_eligible,us_test_ready,,,0,0,0.00,0.00,https://www.dresslikemommy.com/products/chic-family-bonding-mother-daughter-matching-swimsuit-set-with-long-sleeved-cover-up,chic-family-bonding-mother-daughter-matching-swimsuit-set-with-long-sleeved-cover-up,Eligible,,$16.99,English,$0.04
shopify_us_7227270299745_41871161819233,Mommy and Me Maxi Dresses - Floral Print | Dress Like Mommy Child 7-8 Years / black,mommy_me,paid_eligible,us_test_ready,,,0,0,0.00,0.00,https://www.dresslikemommy.com/products/matching-mommy-me-sunflower-maxi-dresses-sleeveless-floral-print-summer-dress,matching-mommy-me-sunflower-maxi-dresses-sleeveless-floral-print-summer-dress,Eligible,,$22.50,English,$0.04
shopify_us_7109298487393_41497381797985,Mommy and Me Bikini Sets - Tropical Print | Dress Like Mommy Mother L / Green,swimsuits,paid_eligible,us_test_ready,,,0,0,0.00,0.00,https://www.dresslikemommy.com/products/chic-two-piece-swimsuit-set-ruffle-detail-top-and-high-waisted-bottoms-in-four-vibrant-colors,chic-two-piece-swimsuit-set-ruffle-detail-top-and-high-waisted-bottoms-in-four-vibrant-colors,Eligible,,$16.99,English,$0.04
shopify_us_7110364856417_41500566782049,Daddy and Me Swim Trunks - Tropical Print | Dress Like Mommy Father M / Main color,daddy_me,paid_eligible,us_test_ready,,,0,0,0.00,0.00,https://www.dresslikemommy.com/products/tropical-flair-father-and-son-matching-swim-trunks-flamingo-and-foliage-print,tropical-flair-father-and-son-matching-swim-trunks-flamingo-and-foliage-print,Eligible,,$15.99,English,$0.04
shopify_us_7227270791265_41871166308449,Mommy and Me Sundresses - Floral Print | Dress Like Mommy Child 4 -5 Years / Pink,mommy_me,paid_eligible,us_test_ready,,,0,0,0.00,0.00,https://www.dresslikemommy.com/products/matching-mommy-me-smocked-sundresses-vibrant-floral-and-patterned-summer-dresses,matching-mommy-me-smocked-sundresses-vibrant-floral-and-patterned-summer-dresses,Eligible,,$27.07,English,$0.04
shopify_us_7229130342497_41878478422113,Family Matching Sets - Pink Blue Ombre | Dress Like Mommy Mother M / Multi Color,mommy_me,paid_eligible,us_test_ready,,,0,0,0.00,0.00,https://www.dresslikemommy.com/products/gradient-ombre-family-matching-outfits-pink-blue-t-shirts-with-white-shorts-set,gradient-ombre-family-matching-outfits-pink-blue-t-shirts-with-white-shorts-set,Eligible,,$17.99,English,$0.04
shopify_us_7227378892897_41871520530529,Family Matching Sets - Christmas Print | Dress Like Mommy Mother L / blue,swimsuits,paid_eligible,us_test_ready,,,0,0,0.00,0.00,https://www.dresslikemommy.com/products/matching-family-beach-outfits-holiday-palm-tree-print-summer-dresses-shorts-set,matching-family-beach-outfits-holiday-palm-tree-print-summer-dresses-shorts-set,Eligible,,$31.99,English,$0.04
shopify_us_7227439546465_41871781199969,Family Matching Sets - Navy Floral Print | Dress Like Mommy Mother XL / Orange,swimsuits,paid_eligible,us_test_ready,,,0,0,0.00,0.00,https://www.dresslikemommy.com/products/matching-family-tropical-floral-beach-outfits-navy-and-orange-flower-print-dresses-shirts-set,matching-family-tropical-floral-beach-outfits-navy-and-orange-flower-print-dresses-shirts-set,Eligible,,$29.99,English,$0.04
shopify_us_7108998987873_41496666931297,Family Matching Swimsuits - One Shoulder | Dress Like Mommy Child 8-10 years / Multi-Color,swimsuits,paid_eligible,us_test_ready,,,0,0,0.00,0.00,https://www.dresslikemommy.com/products/tropical-one-shoulder-ruffle-swimsuit-for-women-and-girls-vibrant-floral-print-asymmetrical-design-family-matching-swimwear,tropical-one-shoulder-ruffle-swimsuit-for-women-and-girls-vibrant-floral-print-asymmetrical-design-family-matching-swimwear,Eligible,,$16.99,English,$0.04
shopify_us_7227355988065_41871477932129,Mommy and Me Matching Sets - Floral Print | Dress Like Mommy Mother M / Black,swimsuits,paid_eligible,us_test_ready,,,0,0,0.00,0.00,https://www.dresslikemommy.com/products/matching-mommy-me-floral-strappy-back-maxi-dresses-summer-beach-outfit,matching-mommy-me-floral-strappy-back-maxi-dresses-summer-beach-outfit,Eligible,,$34.99,English,$0.04
shopify_us_7109443256417_41497809420385,Family Matching One-Piece Swimsuits - One-Piece | Dress Like Mommy Mother M / Pink,swimsuits,paid_eligible,us_test_ready,,,0,0,0.00,0.00,https://www.dresslikemommy.com/products/mommy-me-vibrant-duo-tone-one-piece-swimsuit-with-ring-accent-family-matching-swimwear-collection,mommy-me-vibrant-duo-tone-one-piece-swimsuit-with-ring-accent-family-matching-swimwear-collection,Eligible,,$16.99,English,$0.04
shopify_us_7227378892897_41871520071777,Family Matching Sets - Christmas Print | Dress Like Mommy Girl 5-6 Years / blue,swimsuits,paid_eligible,us_test_ready,,,12,0,0.00,0.00,https://www.dresslikemommy.com/products/matching-family-beach-outfits-holiday-palm-tree-print-summer-dresses-shorts-set,matching-family-beach-outfits-holiday-palm-tree-print-summer-dresses-shorts-set,Eligible,,$24.99,English,$0.04
shopify_us_7227379023969_41871521808481,Family Matching Sets - Blue | Dress Like Mommy Girl 3-4 Years / blue,family_matching,paid_eligible,us_test_ready,,,3,0,0.00,0.00,https://www.dresslikemommy.com/products/elegant-matching-family-outfits-light-blue-halter-dresses-casual-t-shirt-set-for-summer,elegant-matching-family-outfits-light-blue-halter-dresses-casual-t-shirt-set-for-summer,Eligible,,$22.99,English,$0.04
shopify_us_7108996530273_41496660279393,Mommy and Me Swimsuits - Red Floral Print | Dress Like Mommy Child 2-3 years / Red,swimsuits,paid_eligible,us_test_ready,,,20,0,0.00,0.00,https://www.dresslikemommy.com/products/elegant-tropical-high-waisted-swimsuit-set-for-mother-and-daughter-radiant-red-halter-neck-design,elegant-tropical-high-waisted-swimsuit-set-for-mother-and-daughter-radiant-red-halter-neck-design,Eligible,,$15.99,English,$0.04
shopify_us_7229132472417_41878487007329,Mommy and Me Cardigans - Navy Gingham Print | Dress Like Mommy Mother M / Blue,mommy_me,paid_eligible,us_test_ready,,,32,0,0.00,0.00,https://www.dresslikemommy.com/products/mother-daughter-matching-navy-knit-cardigan-set-gingham-ruffle-trim-bow-accent,mother-daughter-matching-navy-knit-cardigan-set-gingham-ruffle-trim-bow-accent,Eligible,,$29.99,English,$0.04
shopify_us_7227375714401_41871507095649,Family Matching Sets - Yellow Tropical Print | Dress Like Mommy Boy 8-9 Years / yellow,swimsuits,paid_eligible,us_test_ready,,,6,0,0.00,0.00,https://www.dresslikemommy.com/products/matching-family-yellow-beach-outfits-summer-vacation-dresses-shorts-set,matching-family-yellow-beach-outfits-summer-vacation-dresses-shorts-set,Eligible,,$27.57,English,$0.04
shopify_us_7109298487393_41497381601377,Mommy and Me Bikini Sets - Tropical Print | Dress Like Mommy Child 4-5 years / Pink,swimsuits,paid_eligible,us_test_ready,,,0,0,0.00,0.00,https://www.dresslikemommy.com/products/chic-two-piece-swimsuit-set-ruffle-detail-top-and-high-waisted-bottoms-in-four-vibrant-colors,chic-two-piece-swimsuit-set-ruffle-detail-top-and-high-waisted-bottoms-in-four-vibrant-colors,Eligible,,$14.99,English,$0.04
shopify_us_7227355988065_41871478030433,Mommy and Me Matching Sets - Floral Print | Dress Like Mommy Child 3-4 Years / Black,swimsuits,paid_eligible,us_test_ready,,,0,0,0.00,0.00,https://www.dresslikemommy.com/products/matching-mommy-me-floral-strappy-back-maxi-dresses-summer-beach-outfit,matching-mommy-me-floral-strappy-back-maxi-dresses-summer-beach-outfit,Eligible,,$27.99,English,$0.04
shopify_us_7109298487393_41497382256737,Mommy and Me Bikini Sets - Tropical Print | Dress Like Mommy Child 4-5 years / Black,swimsuits,paid_eligible,us_test_ready,,,0,0,0.00,0.00,https://www.dresslikemommy.com/products/chic-two-piece-swimsuit-set-ruffle-detail-top-and-high-waisted-bottoms-in-four-vibrant-colors,chic-two-piece-swimsuit-set-ruffle-detail-top-and-high-waisted-bottoms-in-four-vibrant-colors,Eligible,,$14.99,English,$0.04
shopify_us_7108951605345_41496501944417,Mommy and Me Swimsuits - Blue | Dress Like Mommy Mother M / blue,swimsuits,paid_eligible,us_test_ready,,,0,0,0.00,0.00,https://www.dresslikemommy.com/products/chic-ocean-blue-mother-daughter-swimsuit-duo-stylish-ruffle-top-with-paisley-high-waisted-bottoms,chic-ocean-blue-mother-daughter-swimsuit-duo-stylish-ruffle-top-with-paisley-high-waisted-bottoms,Eligible,,$17.99,English,$0.04
shopify_us_7109514395745_41498011598945,Family Matching One-Piece Swimsuits - One-Piece | Dress Like Mommy Mother S / Blue,swimsuits,paid_eligible,us_test_ready,,,0,0,0.00,0.00,https://www.dresslikemommy.com/products/elegant-mother-daughter-matching-one-piece-swimsuit-with-patterned-mesh-skirt-family-beachwear-set,elegant-mother-daughter-matching-one-piece-swimsuit-with-patterned-mesh-skirt-family-beachwear-set,Eligible,,$16.99,English,$0.04
shopify_us_7110362136673_41500560916577,Daddy and Me Swim Trunks - Red Green Tropical Print | Dress Like Mommy Father 2XL / Photo Color,daddy_me,paid_eligible,us_test_ready,,,0,0,0.00,0.00,https://www.dresslikemommy.com/products/father-and-son-matching-swim-trunks-tropical-paradise-red-and-green-print,father-and-son-matching-swim-trunks-tropical-paradise-red-and-green-print,Eligible,,$15.99,English,$0.04
shopify_us_7229130342497_41878478454881,Family Matching Sets - Pink Blue Ombre | Dress Like Mommy Mother L / Multi Color,mommy_me,paid_eligible,us_test_ready,,,0,0,0.00,0.00,https://www.dresslikemommy.com/products/gradient-ombre-family-matching-outfits-pink-blue-t-shirts-with-white-shorts-set,gradient-ombre-family-matching-outfits-pink-blue-t-shirts-with-white-shorts-set,Eligible,,$17.99,English,$0.04
shopify_us_7510790996065_43768834261089,Family Matching Swim Trunks - Green Striped | Dress Like Mommy Father 2XL / White,daddy_me,paid_eligible,us_test_ready,,,0,0,0.00,0.00,https://www.dresslikemommy.com/products/matching-dad-and-son-green-stripe-swim-trunks-beach-shorts,matching-dad-and-son-green-stripe-swim-trunks-beach-shorts,Eligible,,$15.99,English,$0.04
shopify_us_7227435450465_41871766487137,Family Matching Sweaters - Color Block | Dress Like Mommy Mother M / Multi Color,mommy_me,paid_eligible,us_test_ready,,,0,0,0.00,0.00,https://www.dresslikemommy.com/products/matching-color-block-knit-sweaters-vibrant-family-pullover-for-mom-and-kids,matching-color-block-knit-sweaters-vibrant-family-pullover-for-mom-and-kids,Eligible,,$29.99,English,$0.04
shopify_us_7109986844769_41499305476193,Mommy and Me Bikini Sets - Wrap Skirt | Dress Like Mommy Child 2-3 years / White,swimsuits,paid_eligible,us_test_ready,,,0,0,0.00,0.00,https://www.dresslikemommy.com/products/mother-daughter-matching-swim-set-abstract-print-two-piece-high-waisted-bikini-with-wrap-skirt,mother-daughter-matching-swim-set-abstract-print-two-piece-high-waisted-bikini-with-wrap-skirt,Eligible,,$16.99,English,$0.04
shopify_us_7109986844769_41499305148513,Mommy and Me Bikini Sets - Wrap Skirt | Dress Like Mommy Child 2-3 years / Brown,swimsuits,paid_eligible,us_test_ready,,,0,0,0.00,0.00,https://www.dresslikemommy.com/products/mother-daughter-matching-swim-set-abstract-print-two-piece-high-waisted-bikini-with-wrap-skirt,mother-daughter-matching-swim-set-abstract-print-two-piece-high-waisted-bikini-with-wrap-skirt,Eligible,,$16.99,English,$0.04
shopify_us_7109514395745_41498011271265,Family Matching One-Piece Swimsuits - One-Piece | Dress Like Mommy Mother S / Pink,swimsuits,paid_eligible,us_test_ready,,,0,0,0.00,0.00,https://www.dresslikemommy.com/products/elegant-mother-daughter-matching-one-piece-swimsuit-with-patterned-mesh-skirt-family-beachwear-set,elegant-mother-daughter-matching-one-piece-swimsuit-with-patterned-mesh-skirt-family-beachwear-set,Eligible,,$16.99,English,$0.04
shopify_us_7227439546465_41871781134433,Family Matching Sets - Navy Floral Print | Dress Like Mommy Mother M / Orange,swimsuits,paid_eligible,us_test_ready,,,0,0,0.00,0.00,https://www.dresslikemommy.com/products/matching-family-tropical-floral-beach-outfits-navy-and-orange-flower-print-dresses-shirts-set,matching-family-tropical-floral-beach-outfits-navy-and-orange-flower-print-dresses-shirts-set,Eligible,,$29.99,English,$0.04
shopify_us_7109514395745_41498011467873,Family Matching One-Piece Swimsuits - One-Piece | Dress Like Mommy Child 4-5 years / Pink,swimsuits,paid_eligible,us_test_ready,,,0,0,0.00,0.00,https://www.dresslikemommy.com/products/elegant-mother-daughter-matching-one-piece-swimsuit-with-patterned-mesh-skirt-family-beachwear-set,elegant-mother-daughter-matching-one-piece-swimsuit-with-patterned-mesh-skirt-family-beachwear-set,Eligible,,$14.99,English,$0.04
shopify_us_7109443256417_41497808830561,Family Matching One-Piece Swimsuits - One-Piece | Dress Like Mommy Mother XL / Blue,swimsuits,paid_eligible,us_test_ready,,,0,0,0.00,0.00,https://www.dresslikemommy.com/products/mommy-me-vibrant-duo-tone-one-piece-swimsuit-with-ring-accent-family-matching-swimwear-collection,mommy-me-vibrant-duo-tone-one-piece-swimsuit-with-ring-accent-family-matching-swimwear-collection,Eligible,,$16.99,English,$0.04
shopify_us_7109454135393_41497849004129,Family Matching Bikini Sets - Blue Green Floral | Dress Like Mommy Mother S / blue,swimsuits,paid_eligible,us_test_ready,,,0,0,0.00,0.00,https://www.dresslikemommy.com/products/chic-two-piece-swimsuit-with-skirt-family-matching-swimwear-for-mother-and-daughter-available-in-blue-green-black,chic-two-piece-swimsuit-with-skirt-family-matching-swimwear-for-mother-and-daughter-available-in-blue-green-black,Eligible,,$16.99,English,$0.04
shopify_us_7227355988065_41871477899361,Mommy and Me Matching Sets - Floral Print | Dress Like Mommy Mother S / Black,swimsuits,paid_eligible,us_test_ready,,,247,2,0.50,0.00,https://www.dresslikemommy.com/products/matching-mommy-me-floral-strappy-back-maxi-dresses-summer-beach-outfit,matching-mommy-me-floral-strappy-back-maxi-dresses-summer-beach-outfit,Eligible,,$34.99,English,$0.04
shopify_us_7107978395745_41493653160033,Mommy and Me Maxi Dresses - Blue | Dress Like Mommy Mother S / Blue,mommy_me,paid_eligible,us_test_ready,,,6,0,0.00,0.00,https://www.dresslikemommy.com/products/mommy-and-me-matching-light-blue-halter-neck-tiered-dresses,mommy-and-me-matching-light-blue-halter-neck-tiered-dresses,Eligible,,$29.99,English,$0.04
shopify_us_7108958519393_41496524488801,Mommy and Me Swimsuits - One Shoulder | Dress Like Mommy Mother S / Blue,swimsuits,paid_eligible,us_test_ready,,,3,0,0.00,0.00,https://www.dresslikemommy.com/products/vibrant-one-shoulder-rainbow-trim-swimsuit-set-chic-monochrome-blue-with-colorful-accents-for-mother-daughter,vibrant-one-shoulder-rainbow-trim-swimsuit-set-chic-monochrome-blue-with-colorful-accents-for-mother-daughter,Eligible,,$17.99,English,$0.04
shopify_us_7109481431137_41497931874401,Family Matching Swimsuits - Long Sleeve | Dress Like Mommy Child 2-3 years / Black,swimsuits,paid_eligible,us_test_ready,,,13,0,0.00,0.00,https://www.dresslikemommy.com/products/chic-family-bonding-mother-daughter-matching-swimsuit-set-with-long-sleeved-cover-up,chic-family-bonding-mother-daughter-matching-swimsuit-set-with-long-sleeved-cover-up,Eligible,,$14.99,English,$0.04
shopify_us_7227378892897_41871520137313,Family Matching Sets - Christmas Print | Dress Like Mommy Girl 7-8 Years / blue,swimsuits,paid_eligible,us_test_ready,,,1,0,0.00,0.00,https://www.dresslikemommy.com/products/matching-family-beach-outfits-holiday-palm-tree-print-summer-dresses-shorts-set,matching-family-beach-outfits-holiday-palm-tree-print-summer-dresses-shorts-set,Eligible,,$24.99,English,$0.04
shopify_us_7108953604193_41496508465249,Family Matching Swimsuits - Blue | Dress Like Mommy Mother M / Blue,swimsuits,paid_eligible,us_test_ready,,,5,0,0.00,0.00,https://www.dresslikemommy.com/products/royal-blue-high-neck-halter-swimsuit-set-with-paisley-print-bottoms-elegant-family-beachwear,royal-blue-high-neck-halter-swimsuit-set-with-paisley-print-bottoms-elegant-family-beachwear,Eligible,,$17.99,English,$0.04
shopify_us_7229132472417_41878486843489,Mommy and Me Cardigans - Navy Gingham Print | Dress Like Mommy Child 5-6 Years / Blue,mommy_me,paid_eligible,us_test_ready,,,0,0,0.00,0.00,https://www.dresslikemommy.com/products/mother-daughter-matching-navy-knit-cardigan-set-gingham-ruffle-trim-bow-accent,mother-daughter-matching-navy-knit-cardigan-set-gingham-ruffle-trim-bow-accent,Eligible,,$24.99,English,$0.04
shopify_us_7227270299745_41871161458785,Mommy and Me Maxi Dresses - Floral Print | Dress Like Mommy Child 8-9 Years / white,mommy_me,paid_eligible,us_test_ready,,,0,0,0.00,0.00,https://www.dresslikemommy.com/products/matching-mommy-me-sunflower-maxi-dresses-sleeveless-floral-print-summer-dress,matching-mommy-me-sunflower-maxi-dresses-sleeveless-floral-print-summer-dress,Eligible,,$22.50,English,$0.04
shopify_us_7109443256417_41497808797793,Family Matching One-Piece Swimsuits - One-Piece | Dress Like Mommy Mother L / Blue,swimsuits,paid_eligible,us_test_ready,,,0,0,0.00,0.00,https://www.dresslikemommy.com/products/mommy-me-vibrant-duo-tone-one-piece-swimsuit-with-ring-accent-family-matching-swimwear-collection,mommy-me-vibrant-duo-tone-one-piece-swimsuit-with-ring-accent-family-matching-swimwear-collection,Eligible,,$16.99,English,$0.04
shopify_us_7108009197665_41493704310881,Mommy and Me Maxi Dresses - Pink Tie-Dye Print | Dress Like Mommy Mother S / Multi Color,mommy_me,paid_eligible,us_test_ready,,,0,0,0.00,0.00,https://www.dresslikemommy.com/products/mommy-and-me-matching-pink-tie-dye-pleated-maxi-dresses-with-adjustable-straps,mommy-and-me-matching-pink-tie-dye-pleated-maxi-dresses-with-adjustable-straps,Eligible,,$24.99,English,$0.04
shopify_us_7109472288865_41497918144609,Family Matching Swimsuits - Floral Print | Dress Like Mommy Child 8-10 years / Black,swimsuits,paid_eligible,us_test_ready,,,0,0,0.00,0.00,https://www.dresslikemommy.com/products/chic-mother-daughter-matching-swimsuit-set-with-floral-cover-up-family-beachwear-collection,chic-mother-daughter-matching-swimsuit-set-with-floral-cover-up-family-beachwear-collection,Eligible,,$14.99,English,$0.04
shopify_us_7227620982881_41872696410209,Family Matching Hoodies - Fleece | Dress Like Mommy Child 7-8 Years / Striped,family_matching,paid_eligible,us_test_ready,,,0,0,0.00,0.00,https://www.dresslikemommy.com/products/matching-family-striped-fleece-hoodies-cozy-winter-pullover-for-parents-and-kids,matching-family-striped-fleece-hoodies-cozy-winter-pullover-for-parents-and-kids,Eligible,,$27.99,English,$0.04
shopify_us_7227630649441_41872775774305,Mommy and Me Maxi Dresses - Floral Print | Dress Like Mommy Child 9-10 Years / Yellow,mommy_me,paid_eligible,us_test_ready,,,0,0,0.00,0.00,https://www.dresslikemommy.com/products/mother-daughter-matching-summer-dresses-vibrant-printed-sleeveless-maxi-dresses,mother-daughter-matching-summer-dresses-vibrant-printed-sleeveless-maxi-dresses,Eligible,,$16.99,English,$0.04
shopify_us_7227418738785_41871678472289,Family Matching Cardigans - Navy Red Striped | Dress Like Mommy Father M / Stripes,daddy_me,paid_eligible,us_test_ready,,,0,0,0.00,0.00,https://www.dresslikemommy.com/products/matching-family-striped-cardigans-navy-and-red-heart-embroidery-knit-sweaters-for-mom-dad-and-kids,matching-family-striped-cardigans-navy-and-red-heart-embroidery-knit-sweaters-for-mom-dad-and-kids,Eligible,,$29.99,English,$0.04
shopify_us_7108998987873_41496666701921,Family Matching Swimsuits - One Shoulder | Dress Like Mommy Mother M / Multi-Color,swimsuits,paid_eligible,us_test_ready,,,0,0,0.00,0.00,https://www.dresslikemommy.com/products/tropical-one-shoulder-ruffle-swimsuit-for-women-and-girls-vibrant-floral-print-asymmetrical-design-family-matching-swimwear,tropical-one-shoulder-ruffle-swimsuit-for-women-and-girls-vibrant-floral-print-asymmetrical-design-family-matching-swimwear,Eligible,,$19.99,English,$0.04
shopify_us_7108141383777_41493944107105,Mommy and Me Midi Dresses - Ruffle Sleeve | Dress Like Mommy Mother S / Champagne,mommy_me,paid_eligible,us_test_ready,,,0,0,0.00,0.00,https://www.dresslikemommy.com/products/elegant-mother-daughter-matching-summer-dress-ruffled-layered-chiffon-with-sequin-embellishments,elegant-mother-daughter-matching-summer-dress-ruffled-layered-chiffon-with-sequin-embellishments,Eligible,,$29.99,English,$0.04
shopify_us_7108998987873_41496666734689,Family Matching Swimsuits - One Shoulder | Dress Like Mommy Mother L / Multi-Color,swimsuits,paid_eligible,us_test_ready,,,0,0,0.00,0.00,https://www.dresslikemommy.com/products/tropical-one-shoulder-ruffle-swimsuit-for-women-and-girls-vibrant-floral-print-asymmetrical-design-family-matching-swimwear,tropical-one-shoulder-ruffle-swimsuit-for-women-and-girls-vibrant-floral-print-asymmetrical-design-family-matching-swimwear,Eligible,,$19.99,English,$0.04
shopify_us_7229130342497_41878478520417,Family Matching Sets - Pink Blue Ombre | Dress Like Mommy Mother 2XL / Multi Color,mommy_me,paid_eligible,us_test_ready,,,0,0,0.00,0.00,https://www.dresslikemommy.com/products/gradient-ombre-family-matching-outfits-pink-blue-t-shirts-with-white-shorts-set,gradient-ombre-family-matching-outfits-pink-blue-t-shirts-with-white-shorts-set,Not eligible,Over capacity for Shopping ads (outside of CSS program),$17.99,English,$0.04
shopify_us_7109472288865_41497918210145,Family Matching Swimsuits - Floral Print | Dress Like Mommy Mother S / Green,swimsuits,paid_eligible,us_test_ready,,,0,0,0.00,0.00,https://www.dresslikemommy.com/products/chic-mother-daughter-matching-swimsuit-set-with-floral-cover-up-family-beachwear-collection,chic-mother-daughter-matching-swimsuit-set-with-floral-cover-up-family-beachwear-collection,Eligible,,$16.99,English,$0.04
shopify_us_7109502566497_41497976242273,Family Matching Bikini Sets - Matching Style | Dress Like Mommy Mother XL / Red,swimsuits,paid_eligible,us_test_ready,,,0,0,0.00,0.00,https://www.dresslikemommy.com/products/chic-family-tides-mother-daughter-matching-two-piece-swimsuit-with-skirt-vibrant-versatile-swimwear-collection,chic-family-tides-mother-daughter-matching-two-piece-swimsuit-with-skirt-vibrant-versatile-swimwear-collection,Eligible,,$16.99,English,$0.04
shopify_us_7229124673633_41878467838049,Family Matching Sets - Green Floral Print | Dress Like Mommy Boy 9-10 years / Short,family_matching,paid_eligible,us_test_ready,,,0,0,0.00,0.00,https://www.dresslikemommy.com/products/green-and-white-matching-family-outfits-stylish-floral-print-family-set-for-parents-and-kids,green-and-white-matching-family-outfits-stylish-floral-print-family-set-for-parents-and-kids,Eligible (limited),"Missing color
Missing gender",$14.99,English,$0.04
shopify_us_7229259874401_41878821208161,Family Matching T-Shirts - Heart Print | Dress Like Mommy Child 8-9 years / Pink,family_matching,paid_eligible,us_test_ready,,,0,0,0.00,0.00,https://www.dresslikemommy.com/products/family-matching-t-shirt-set-with-colorful-heart-brushstroke-design,family-matching-t-shirt-set-with-colorful-heart-brushstroke-design,Eligible,,$17.99,English,$0.04
shopify_us_7109117280353_41497061851233,Mommy and Me Tankinis - Mermaid Scale | Dress Like Mommy Mother L / Multi-Color,mommy_me,paid_eligible,us_test_ready,,,0,0,0.00,0.00,https://www.dresslikemommy.com/products/chic-pink-mermaid-scales-tankini-set-for-mother-and-daughter,chic-pink-mermaid-scales-tankini-set-for-mother-and-daughter,Eligible,,$16.99,English,$0.04
shopify_us_7109481431137_41497931677793,Family Matching Swimsuits - Long Sleeve | Dress Like Mommy Child 8-10 years / Blue,swimsuits,paid_eligible,us_test_ready,,,2,0,0.00,0.00,https://www.dresslikemommy.com/products/chic-family-bonding-mother-daughter-matching-swimsuit-set-with-long-sleeved-cover-up,chic-family-bonding-mother-daughter-matching-swimsuit-set-with-long-sleeved-cover-up,Eligible,,$14.99,English,$0.04
shopify_us_7108984799329_41496617680993,Mommy and Me One-Piece Swimsuits - Animal Print | Dress Like Mommy Child 2-3 years / Leopard,swimsuits,paid_eligible,us_test_ready,,,34,2,0.40,0.00,https://www.dresslikemommy.com/products/chic-leopard-print-one-piece-swimsuit-with-ruffle-accent-timeless-mother-daughter-beachwear,chic-leopard-print-one-piece-swimsuit-with-ruffle-accent-timeless-mother-daughter-beachwear,Eligible,,$15.99,English,$0.04
shopify_us_7227379023969_41871521939553,Family Matching Sets - Blue | Dress Like Mommy Girl 7-8 Years / blue,family_matching,paid_eligible,us_test_ready,,,0,0,0.00,0.00,https://www.dresslikemommy.com/products/elegant-matching-family-outfits-light-blue-halter-dresses-casual-t-shirt-set-for-summer,elegant-matching-family-outfits-light-blue-halter-dresses-casual-t-shirt-set-for-summer,Not eligible,Over capacity for Shopping ads (outside of CSS program),$22.99,English,$0.04
shopify_us_7227630649441_41872775610465,Mommy and Me Maxi Dresses - Floral Print | Dress Like Mommy Child 4-5 Years / Yellow,mommy_me,paid_eligible,us_test_ready,,,0,0,0.00,0.00,https://www.dresslikemommy.com/products/mother-daughter-matching-summer-dresses-vibrant-printed-sleeveless-maxi-dresses,mother-daughter-matching-summer-dresses-vibrant-printed-sleeveless-maxi-dresses,Eligible,,$16.99,English,$0.04
shopify_us_7227378892897_41871520006241,Family Matching Sets - Christmas Print | Dress Like Mommy Girl 3-4 Years / blue,swimsuits,paid_eligible,us_test_ready,,,0,0,0.00,0.00,https://www.dresslikemommy.com/products/matching-family-beach-outfits-holiday-palm-tree-print-summer-dresses-shorts-set,matching-family-beach-outfits-holiday-palm-tree-print-summer-dresses-shorts-set,Eligible,,$24.99,English,$0.04
shopify_us_7228788867169_41877295628385,Mommy and Me Pajama Sets - Cartoon Print | Dress Like Mommy Girl 3-4 years / Yellow,pajamas,paid_eligible,us_test_ready,,,0,0,0.00,0.00,https://www.dresslikemommy.com/products/cute-matching-mom-and-daughter-cartoon-pajama-set-fun-and-cozy-sleepwear,cute-matching-mom-and-daughter-cartoon-pajama-set-fun-and-cozy-sleepwear,Eligible,,$24.99,English,$0.04
shopify_us_7109986844769_41499305279585,Mommy and Me Bikini Sets - Wrap Skirt | Dress Like Mommy Child 8-10 years / Brown,swimsuits,paid_eligible,us_test_ready,,,0,0,0.00,0.00,https://www.dresslikemommy.com/products/mother-daughter-matching-swim-set-abstract-print-two-piece-high-waisted-bikini-with-wrap-skirt,mother-daughter-matching-swim-set-abstract-print-two-piece-high-waisted-bikini-with-wrap-skirt,Eligible,,$16.99,English,$0.04
shopify_us_7109298487393_41497382158433,Mommy and Me Bikini Sets - Tropical Print | Dress Like Mommy Mother XL / Black,swimsuits,paid_eligible,us_test_ready,,,0,0,0.00,0.00,https://www.dresslikemommy.com/products/chic-two-piece-swimsuit-set-ruffle-detail-top-and-high-waisted-bottoms-in-four-vibrant-colors,chic-two-piece-swimsuit-set-ruffle-detail-top-and-high-waisted-bottoms-in-four-vibrant-colors,Eligible,,$16.99,English,$0.04
shopify_us_7108969037921_41496561516641,Mommy and Me One-Piece Swimsuits - One-Piece | Dress Like Mommy Child 2-3 years / Blue,swimsuits,paid_eligible,us_test_ready,,,0,0,0.00,0.00,https://www.dresslikemommy.com/products/vibrant-halter-neck-one-piece-swimsuit-with-waist-tie-detail-mother-daughter-matching-swimwear-in-exquisite-baroque-print,vibrant-halter-neck-one-piece-swimsuit-with-waist-tie-detail-mother-daughter-matching-swimwear-in-exquisite-baroque-print,Eligible,,$15.99,English,$0.04
shopify_us_7229259874401_41878819766369,Family Matching T-Shirts - Heart Print | Dress Like Mommy Adult S / White,family_matching,paid_eligible,us_test_ready,,,0,0,0.00,0.00,https://www.dresslikemommy.com/products/family-matching-t-shirt-set-with-colorful-heart-brushstroke-design,family-matching-t-shirt-set-with-colorful-heart-brushstroke-design,Eligible,,$21.99,English,$0.04
shopify_us_7109292130401_41497360990305,Family Matching Bikini Sets - One-Piece | Dress Like Mommy Mother L / Green,swimsuits,paid_eligible,us_test_ready,,,0,0,0.00,0.00,https://www.dresslikemommy.com/products/chic-mother-daughter-two-piece-swimsuit-family-matching-swimwear-in-vibrant-colors,chic-mother-daughter-two-piece-swimsuit-family-matching-swimwear-in-vibrant-colors,Eligible,,$16.99,English,$0.04
shopify_us_7109292130401_41497361121377,Family Matching Bikini Sets - One-Piece | Dress Like Mommy Child 4-5 years / Green,swimsuits,paid_eligible,us_test_ready,,,0,0,0.00,0.00,https://www.dresslikemommy.com/products/chic-mother-daughter-two-piece-swimsuit-family-matching-swimwear-in-vibrant-colors,chic-mother-daughter-two-piece-swimsuit-family-matching-swimwear-in-vibrant-colors,Eligible,,$14.99,English,$0.04
shopify_us_7109298487393_41497381634145,Mommy and Me Bikini Sets - Tropical Print | Dress Like Mommy Child 6-8 years / Pink,swimsuits,paid_eligible,us_test_ready,,,0,0,0.00,0.00,https://www.dresslikemommy.com/products/chic-two-piece-swimsuit-set-ruffle-detail-top-and-high-waisted-bottoms-in-four-vibrant-colors,chic-two-piece-swimsuit-set-ruffle-detail-top-and-high-waisted-bottoms-in-four-vibrant-colors,Eligible,,$14.99,English,$0.04
shopify_us_7227624554593_41872740319329,Family Matching Shirts - Matching Style | Dress Like Mommy Adult 3XL / Blue,family_matching,paid_eligible,us_test_ready,,,0,0,0.00,0.00,https://www.dresslikemommy.com/products/matching-family-denim-button-up-shirts-casual-unisex-jean-jackets-for-parents-and-kids,matching-family-denim-button-up-shirts-casual-unisex-jean-jackets-for-parents-and-kids,Eligible,,$29.99,English,$0.04
shopify_us_7108071063649_41493807399009,Mommy and Me Black Ruffle Dresses | Dress Like Mommy Child 7-8 Years / Black,mommy_me,paid_eligible,us_test_ready,,,0,0,0.00,0.00,https://www.dresslikemommy.com/products/elegant-black-ruffle-dress-chic-sleeveless-layered-dress-for-mother-and-daughter-perfect-for-parties-and-events,elegant-black-ruffle-dress-chic-sleeveless-layered-dress-for-mother-and-daughter-perfect-for-parties-and-events,Not eligible,Over capacity for Shopping ads (outside of CSS program),$19.99,English,$0.04
shopify_us_7510790733921_43768830984289,Family Matching Swim Trunks - Green Christmas Print | Dress Like Mommy Father M / Green,daddy_me,paid_eligible,us_test_ready,,,0,0,0.00,0.00,https://www.dresslikemommy.com/products/green-tropical-leaf-daddy-and-me-matching-swim-shorts-for-pool-days,green-tropical-leaf-daddy-and-me-matching-swim-shorts-for-pool-days,Eligible,,$15.99,English,$0.04
shopify_us_7227252670561_41871110373473,Mommy and Me Maxi Dresses - Pink | Dress Like Mommy Child 9-10 Years / Pink,mommy_me,paid_eligible,us_test_ready,,,0,0,0.00,0.00,https://www.dresslikemommy.com/products/mommy-and-me-matching-pink-sleeveless-summer-dress-elegant-sundress-for-mother-daughter,mommy-and-me-matching-pink-sleeveless-summer-dress-elegant-sundress-for-mother-daughter,Eligible,,$30.24,English,$0.04
shopify_us_7227630649441_41872775544929,Mommy and Me Maxi Dresses - Floral Print | Dress Like Mommy Mother L / White,mommy_me,paid_eligible,us_test_ready,,,0,0,0.00,0.00,https://www.dresslikemommy.com/products/mother-daughter-matching-summer-dresses-vibrant-printed-sleeveless-maxi-dresses,mother-daughter-matching-summer-dresses-vibrant-printed-sleeveless-maxi-dresses,Eligible,,$21.99,English,$0.04
shopify_us_7228788867169_41877294907489,Mommy and Me Pajama Sets - Cartoon Print | Dress Like Mommy Girl 4-5 years / Red,pajamas,paid_eligible,us_test_ready,,,0,0,0.00,0.00,https://www.dresslikemommy.com/products/cute-matching-mom-and-daughter-cartoon-pajama-set-fun-and-cozy-sleepwear,cute-matching-mom-and-daughter-cartoon-pajama-set-fun-and-cozy-sleepwear,Eligible,,$24.99,English,$0.04
shopify_us_7109481431137_41497930858593,Family Matching Swimsuits - Long Sleeve | Dress Like Mommy Mother L / Green,swimsuits,paid_eligible,us_test_ready,,,0,0,0.00,0.00,https://www.dresslikemommy.com/products/chic-family-bonding-mother-daughter-matching-swimsuit-set-with-long-sleeved-cover-up,chic-family-bonding-mother-daughter-matching-swimsuit-set-with-long-sleeved-cover-up,Eligible,,$16.99,English,$0.04
shopify_us_7109472288865_41497918406753,Family Matching Swimsuits - Floral Print | Dress Like Mommy Child 4-5 years / Green,swimsuits,paid_eligible,us_test_ready,,,0,0,0.00,0.00,https://www.dresslikemommy.com/products/chic-mother-daughter-matching-swimsuit-set-with-floral-cover-up-family-beachwear-collection,chic-mother-daughter-matching-swimsuit-set-with-floral-cover-up-family-beachwear-collection,Eligible,,$14.99,English,$0.04
shopify_us_7510790996065_43768834130017,Family Matching Swim Trunks - Green Striped | Dress Like Mommy Father XL / White,daddy_me,paid_eligible,us_test_ready,,,0,0,0.00,0.00,https://www.dresslikemommy.com/products/matching-dad-and-son-green-stripe-swim-trunks-beach-shorts,matching-dad-and-son-green-stripe-swim-trunks-beach-shorts,Eligible,,$15.99,English,$0.04
shopify_us_7227378892897_41871520464993,Family Matching Sets - Christmas Print | Dress Like Mommy Mother S / blue,swimsuits,paid_eligible,us_test_ready,,,1,0,0.00,0.00,https://www.dresslikemommy.com/products/matching-family-beach-outfits-holiday-palm-tree-print-summer-dresses-shorts-set,matching-family-beach-outfits-holiday-palm-tree-print-summer-dresses-shorts-set,Eligible,,$31.99,English,$0.04
shopify_us_7227630649441_41872775250017,Mommy and Me Maxi Dresses - Floral Print | Dress Like Mommy Mother XL / Black,mommy_me,paid_eligible,us_test_ready,,,5,0,0.00,0.00,https://www.dresslikemommy.com/products/mother-daughter-matching-summer-dresses-vibrant-printed-sleeveless-maxi-dresses,mother-daughter-matching-summer-dresses-vibrant-printed-sleeveless-maxi-dresses,Eligible,,$21.99,English,$0.04
shopify_us_7228788867169_41877295956065,Mommy and Me Pajama Sets - Cartoon Print | Dress Like Mommy Girl 2-3 years / Purple,pajamas,paid_eligible,us_test_ready,,,1,0,0.00,0.00,https://www.dresslikemommy.com/products/cute-matching-mom-and-daughter-cartoon-pajama-set-fun-and-cozy-sleepwear,cute-matching-mom-and-daughter-cartoon-pajama-set-fun-and-cozy-sleepwear,Eligible,,$24.99,English,$0.04
shopify_us_7227379023969_41871522267233,Family Matching Sets - Blue | Dress Like Mommy Mother S / blue,mommy_me,paid_eligible,us_test_ready,,,38,1,0.02,0.00,https://www.dresslikemommy.com/products/elegant-matching-family-outfits-light-blue-halter-dresses-casual-t-shirt-set-for-summer,elegant-matching-family-outfits-light-blue-halter-dresses-casual-t-shirt-set-for-summer,Eligible,,$29.99,English,$0.04
shopify_us_7227624554593_41872740253793,Family Matching Shirts - Matching Style | Dress Like Mommy Adult XL / Blue,family_matching,paid_eligible,us_test_ready,,,0,0,0.00,0.00,https://www.dresslikemommy.com/products/matching-family-denim-button-up-shirts-casual-unisex-jean-jackets-for-parents-and-kids,matching-family-denim-button-up-shirts-casual-unisex-jean-jackets-for-parents-and-kids,Eligible,,$29.99,English,$0.04
shopify_us_7227418738785_41871678013537,Family Matching Cardigans - Navy Red Striped | Dress Like Mommy Baby 6-12 Months / Stripes,mommy_me,paid_eligible,us_test_ready,,,0,0,0.00,0.00,https://www.dresslikemommy.com/products/matching-family-striped-cardigans-navy-and-red-heart-embroidery-knit-sweaters-for-mom-dad-and-kids,matching-family-striped-cardigans-navy-and-red-heart-embroidery-knit-sweaters-for-mom-dad-and-kids,Eligible,,$21.99,English,$0.04
shopify_us_7108951605345_41496502141025,Mommy and Me Swimsuits - Blue | Dress Like Mommy Child 6-8 years / blue,swimsuits,paid_eligible,us_test_ready,,,0,0,0.00,0.00,https://www.dresslikemommy.com/products/chic-ocean-blue-mother-daughter-swimsuit-duo-stylish-ruffle-top-with-paisley-high-waisted-bottoms,chic-ocean-blue-mother-daughter-swimsuit-duo-stylish-ruffle-top-with-paisley-high-waisted-bottoms,Eligible,,$15.99,English,$0.04
shopify_us_7109125537889_41497087049825,Mommy and Me Swimsuits - One Shoulder | Dress Like Mommy Child 2-3 years / Multi-Color,swimsuits,paid_eligible,us_test_ready,,,0,0,0.00,0.00,https://www.dresslikemommy.com/products/chic-tropical-one-shoulder-ruffle-swimsuit-set-for-mother-and-daughter-vibrant-floral-pattern-with-comfort-stretch,chic-tropical-one-shoulder-ruffle-swimsuit-set-for-mother-and-daughter-vibrant-floral-pattern-with-comfort-stretch,Eligible,,$14.99,English,$0.04
shopify_us_7110363119713_41500563079265,Family Matching Swim Trunks - Animal Print | Dress Like Mommy Child 8-10 years / Photo Color,daddy_me,paid_eligible,us_test_ready,,,0,0,0.00,0.00,https://www.dresslikemommy.com/products/father-and-son-matching-swim-trunks-bold-cow-print-family-beachwear,father-and-son-matching-swim-trunks-bold-cow-print-family-beachwear,Eligible,,$14.99,English,$0.04
shopify_us_7108998987873_41496666898529,Family Matching Swimsuits - One Shoulder | Dress Like Mommy Child 6-8 years / Multi-Color,swimsuits,paid_eligible,us_test_ready,,,0,0,0.00,0.00,https://www.dresslikemommy.com/products/tropical-one-shoulder-ruffle-swimsuit-for-women-and-girls-vibrant-floral-print-asymmetrical-design-family-matching-swimwear,tropical-one-shoulder-ruffle-swimsuit-for-women-and-girls-vibrant-floral-print-asymmetrical-design-family-matching-swimwear,Not eligible,Over capacity for Shopping ads (outside of CSS program),$16.99,English,$0.04
shopify_us_7229027876961_41878213787745,Mommy and Me Midi Dresses - Blue | Dress Like Mommy Child 8 years / Blue,mommy_me,paid_eligible,us_test_ready,,,0,0,0.00,0.00,https://www.dresslikemommy.com/products/stylish-blue-sleeveless-mommy-and-me-dress-set-with-bow-detail-perfect-for-summer-outings,stylish-blue-sleeveless-mommy-and-me-dress-set-with-bow-detail-perfect-for-summer-outings,Eligible,,$23.99,English,$0.04
shopify_us_7227270791265_41871165390945,Mommy and Me Sundresses - Floral Print | Dress Like Mommy Child 2-3 Years / Yellow,mommy_me,paid_eligible,us_test_ready,,,0,0,0.00,0.00,https://www.dresslikemommy.com/products/matching-mommy-me-smocked-sundresses-vibrant-floral-and-patterned-summer-dresses,matching-mommy-me-smocked-sundresses-vibrant-floral-and-patterned-summer-dresses,Eligible,,$27.07,English,$0.04
shopify_us_7110364856417_41500566978657,Daddy and Me Swim Trunks - Tropical Print | Dress Like Mommy Child 4-5 years / Main color,daddy_me,paid_eligible,us_test_ready,,,0,0,0.00,0.00,https://www.dresslikemommy.com/products/tropical-flair-father-and-son-matching-swim-trunks-flamingo-and-foliage-print,tropical-flair-father-and-son-matching-swim-trunks-flamingo-and-foliage-print,Eligible,,$14.99,English,$0.04
shopify_us_7108141383777_41493943812193,Mommy and Me Midi Dresses - Ruffle Sleeve | Dress Like Mommy Child 2-3 years / Champagne,mommy_me,paid_eligible,us_test_ready,,,0,0,0.00,0.00,https://www.dresslikemommy.com/products/elegant-mother-daughter-matching-summer-dress-ruffled-layered-chiffon-with-sequin-embellishments,elegant-mother-daughter-matching-summer-dress-ruffled-layered-chiffon-with-sequin-embellishments,Eligible,,$23.99,English,$0.04
shopify_us_7109084807265_41496962498657,Mommy and Me Swimsuits - Mermaid Scale | Dress Like Mommy Mother S / Multi-Color,swimsuits,paid_eligible,us_test_ready,,,0,0,0.00,0.00,https://www.dresslikemommy.com/products/mother-daughter-pastel-mermaid-scales-swimsuit-with-frill-detail,mother-daughter-pastel-mermaid-scales-swimsuit-with-frill-detail,Eligible,,$16.99,English,$0.04
shopify_us_7109443256417_41497808961633,Family Matching One-Piece Swimsuits - One-Piece | Dress Like Mommy Child 6-8T / Blue,swimsuits,paid_eligible,us_test_ready,,,0,0,0.00,0.00,https://www.dresslikemommy.com/products/mommy-me-vibrant-duo-tone-one-piece-swimsuit-with-ring-accent-family-matching-swimwear-collection,mommy-me-vibrant-duo-tone-one-piece-swimsuit-with-ring-accent-family-matching-swimwear-collection,Eligible,,$14.99,English,$0.04
shopify_us_7227379023969_41871522463841,Family Matching Sets - Blue | Dress Like Mommy Father XL / blue,daddy_me,paid_eligible,us_test_ready,,,44,0,0.00,0.00,https://www.dresslikemommy.com/products/elegant-matching-family-outfits-light-blue-halter-dresses-casual-t-shirt-set-for-summer,elegant-matching-family-outfits-light-blue-halter-dresses-casual-t-shirt-set-for-summer,Eligible,,$24.99,English,$0.04
shopify_us_7228788867169_41877295071329,Mommy and Me Pajama Sets - Cartoon Print | Dress Like Mommy Girl 9-10 years / Red,pajamas,paid_eligible,us_test_ready,,,2,0,0.00,0.00,https://www.dresslikemommy.com/products/cute-matching-mom-and-daughter-cartoon-pajama-set-fun-and-cozy-sleepwear,cute-matching-mom-and-daughter-cartoon-pajama-set-fun-and-cozy-sleepwear,Eligible,,$24.99,English,$0.04
shopify_us_7109122097249_41497077186657,Mommy and Me Swimsuits - One Shoulder | Dress Like Mommy Mother L / Pink,swimsuits,paid_eligible,us_test_ready,,,0,0,0.00,0.00,https://www.dresslikemommy.com/products/chic-floral-ruffle-one-shoulder-swimsuit-for-women-and-girls-elegant-asymmetrical-swimwear-set-in-vibrant-tropics-print,chic-floral-ruffle-one-shoulder-swimsuit-for-women-and-girls-elegant-asymmetrical-swimwear-set-in-vibrant-tropics-print,Eligible,,$16.99,English,$0.04
shopify_us_7227418738785_41871678341217,Family Matching Cardigans - Navy Red Striped | Dress Like Mommy Mother M / Stripes,mommy_me,paid_eligible,us_test_ready,,,0,0,0.00,0.00,https://www.dresslikemommy.com/products/matching-family-striped-cardigans-navy-and-red-heart-embroidery-knit-sweaters-for-mom-dad-and-kids,matching-family-striped-cardigans-navy-and-red-heart-embroidery-knit-sweaters-for-mom-dad-and-kids,Eligible,,$29.99,English,$0.04
shopify_us_7510790996065_43768834523233,Family Matching Swim Trunks - Green Striped | Dress Like Mommy Child 4-5 years / White,daddy_me,paid_eligible,us_test_ready,,,0,0,0.00,0.00,https://www.dresslikemommy.com/products/matching-dad-and-son-green-stripe-swim-trunks-beach-shorts,matching-dad-and-son-green-stripe-swim-trunks-beach-shorts,Eligible,,$14.99,English,$0.04
shopify_us_7109122097249_41497077219425,Mommy and Me Swimsuits - One Shoulder | Dress Like Mommy Mother XL / Pink,swimsuits,paid_eligible,us_test_ready,,,0,0,0.00,0.00,https://www.dresslikemommy.com/products/chic-floral-ruffle-one-shoulder-swimsuit-for-women-and-girls-elegant-asymmetrical-swimwear-set-in-vibrant-tropics-print,chic-floral-ruffle-one-shoulder-swimsuit-for-women-and-girls-elegant-asymmetrical-swimwear-set-in-vibrant-tropics-print,Eligible,,$16.99,English,$0.04
shopify_us_7227270791265_41871165423713,Mommy and Me Sundresses - Floral Print | Dress Like Mommy Child 4 -5 Years / Yellow,mommy_me,paid_eligible,us_test_ready,,,0,0,0.00,0.00,https://www.dresslikemommy.com/products/matching-mommy-me-smocked-sundresses-vibrant-floral-and-patterned-summer-dresses,matching-mommy-me-smocked-sundresses-vibrant-floral-and-patterned-summer-dresses,Not eligible,Over capacity for Shopping ads (outside of CSS program),$27.07,English,$0.04
shopify_us_7229259874401_41878819995745,Family Matching T-Shirts - Heart Print | Dress Like Mommy Adult 5XL / White,family_matching,paid_eligible,us_test_ready,,,0,0,0.00,0.00,https://www.dresslikemommy.com/products/family-matching-t-shirt-set-with-colorful-heart-brushstroke-design,family-matching-t-shirt-set-with-colorful-heart-brushstroke-design,Eligible,,$21.99,English,$0.04
shopify_us_7229128441953_41878470099041,Family Matching Sets - Rainbow Stripe | Dress Like Mommy Boy 9-10 years / T-shirt,family_matching,paid_eligible,us_test_ready,,,0,0,0.00,0.00,https://www.dresslikemommy.com/products/vibrant-rainbow-family-matching-outfits-striped-t-shirts-and-yellow-overalls-set-for-family-outings,vibrant-rainbow-family-matching-outfits-striped-t-shirts-and-yellow-overalls-set-for-family-outings,Not eligible,Over capacity for Shopping ads (outside of CSS program),$17.99,English,$0.04
shopify_us_7510790733921_43768831475809,Family Matching Swim Trunks - Green Christmas Print | Dress Like Mommy Father 2XL / Green,daddy_me,paid_eligible,us_test_ready,,,0,0,0.00,0.00,https://www.dresslikemommy.com/products/green-tropical-leaf-daddy-and-me-matching-swim-shorts-for-pool-days,green-tropical-leaf-daddy-and-me-matching-swim-shorts-for-pool-days,Eligible,,$15.99,English,$0.04
shopify_us_7108009197665_41493704343649,Mommy and Me Maxi Dresses - Pink Tie-Dye Print | Dress Like Mommy Mother M / Multi Color,mommy_me,paid_eligible,us_test_ready,,,0,0,0.00,0.00,https://www.dresslikemommy.com/products/mommy-and-me-matching-pink-tie-dye-pleated-maxi-dresses-with-adjustable-straps,mommy-and-me-matching-pink-tie-dye-pleated-maxi-dresses-with-adjustable-straps,Eligible,,$24.99,English,$0.04
shopify_us_7227438530657_41871777628257,Mommy and Me Maxi Dresses - Cream | Dress Like Mommy Mother S / White,swimsuits,paid_eligible,us_test_ready,,,0,0,0.00,0.00,https://www.dresslikemommy.com/products/matching-mother-and-daughter-beach-dresses-elegant-cream-chiffon-maxi-dress-set,matching-mother-and-daughter-beach-dresses-elegant-cream-chiffon-maxi-dress-set,Eligible,,$33.99,English,$0.04
shopify_us_7108951605345_41496502108257,Mommy and Me Swimsuits - Blue | Dress Like Mommy Child 4-5 years / blue,swimsuits,paid_eligible,us_test_ready,,,0,0,0.00,0.00,https://www.dresslikemommy.com/products/chic-ocean-blue-mother-daughter-swimsuit-duo-stylish-ruffle-top-with-paisley-high-waisted-bottoms,chic-ocean-blue-mother-daughter-swimsuit-duo-stylish-ruffle-top-with-paisley-high-waisted-bottoms,Eligible,,$15.99,English,$0.04
shopify_us_7109472288865_41497918570593,Family Matching Swimsuits - Floral Print | Dress Like Mommy Mother M / Purple,swimsuits,paid_eligible,us_test_ready,,,0,0,0.00,0.00,https://www.dresslikemommy.com/products/chic-mother-daughter-matching-swimsuit-set-with-floral-cover-up-family-beachwear-collection,chic-mother-daughter-matching-swimsuit-set-with-floral-cover-up-family-beachwear-collection,Eligible,,$16.99,English,$0.04
shopify_us_7108942397537_41496468684897,Mommy and Me Swimsuits - One Shoulder | Dress Like Mommy Child 8-10 years / Main picture,swimsuits,paid_eligible,us_test_ready,,,0,0,0.00,0.00,https://www.dresslikemommy.com/products/chic-mother-daughter-one-shoulder-swimsuit-with-playful-ruffles-and-contrasting-stripes-nylon-polyester-blend,chic-mother-daughter-one-shoulder-swimsuit-with-playful-ruffles-and-contrasting-stripes-nylon-polyester-blend,Eligible,,$16.99,English,$0.04
shopify_us_7109122097249_41497077317729,Mommy and Me Swimsuits - One Shoulder | Dress Like Mommy Child 5-6 years / Pink,swimsuits,paid_eligible,us_test_ready,,,0,0,0.00,0.00,https://www.dresslikemommy.com/products/chic-floral-ruffle-one-shoulder-swimsuit-for-women-and-girls-elegant-asymmetrical-swimwear-set-in-vibrant-tropics-print,chic-floral-ruffle-one-shoulder-swimsuit-for-women-and-girls-elegant-asymmetrical-swimwear-set-in-vibrant-tropics-print,Eligible,,$14.99,English,$0.04
shopify_us_7228788867169_41877295595617,Mommy and Me Pajama Sets - Cartoon Print | Dress Like Mommy Girl 2-3 years / Yellow,pajamas,paid_eligible,us_test_ready,,,0,0,0.00,0.00,https://www.dresslikemommy.com/products/cute-matching-mom-and-daughter-cartoon-pajama-set-fun-and-cozy-sleepwear,cute-matching-mom-and-daughter-cartoon-pajama-set-fun-and-cozy-sleepwear,Eligible,,$24.99,English,$0.04
shopify_us_7109298487393_41497381306465,Mommy and Me Bikini Sets - Tropical Print | Dress Like Mommy Child 6-8 years / Orange,swimsuits,paid_eligible,us_test_ready,,,0,0,0.00,0.00,https://www.dresslikemommy.com/products/chic-two-piece-swimsuit-set-ruffle-detail-top-and-high-waisted-bottoms-in-four-vibrant-colors,chic-two-piece-swimsuit-set-ruffle-detail-top-and-high-waisted-bottoms-in-four-vibrant-colors,Eligible,,$14.99,English,$0.04
shopify_us_7108125753441_41493913731169,Mommy and Me Matching Sets - Matching Style | Dress Like Mommy Mother L / Pink,mommy_me,paid_eligible,us_test_ready,,,0,0,0.00,0.00,https://www.dresslikemommy.com/products/elegant-chiffon-sleeveless-dress-with-sequin-detail-mother-and-daughter-matching-outfits,elegant-chiffon-sleeveless-dress-with-sequin-detail-mother-and-daughter-matching-outfits,Eligible,,$29.99,English,$0.04
shopify_us_7227270791265_41871165096033,Mommy and Me Sundresses - Floral Print | Dress Like Mommy Child 2-3 Years / Purple,mommy_me,paid_eligible,us_test_ready,,,0,0,0.00,0.00,https://www.dresslikemommy.com/products/matching-mommy-me-smocked-sundresses-vibrant-floral-and-patterned-summer-dresses,matching-mommy-me-smocked-sundresses-vibrant-floral-and-patterned-summer-dresses,Eligible,,$27.07,English,$0.04
shopify_us_7229026304097_41878208446561,Mommy and Me Maxi Dresses - Floral Print | Dress Like Mommy Child 10 years / Multi Color,mommy_me,paid_eligible,us_test_ready,,,15,1,0.22,0.00,https://www.dresslikemommy.com/products/elegant-floral-off-shoulder-mommy-and-me-dress-set-perfect-for-summer-outings,elegant-floral-off-shoulder-mommy-and-me-dress-set-perfect-for-summer-outings,Eligible,,$22.99,English,$0.04
shopify_us_7229259874401_41878821339233,Family Matching T-Shirts - Heart Print | Dress Like Mommy Adult XL / Pink,family_matching,paid_eligible,us_test_ready,,,0,0,0.00,0.00,https://www.dresslikemommy.com/products/family-matching-t-shirt-set-with-colorful-heart-brushstroke-design,family-matching-t-shirt-set-with-colorful-heart-brushstroke-design,Eligible,,$21.99,English,$0.04
shopify_us_7108938039393_41496456265825,Mommy and Me Swimsuits - One Shoulder | Dress Like Mommy Child 4-5 years / Red,swimsuits,paid_eligible,us_test_ready,,,4,0,0.00,0.00,https://www.dresslikemommy.com/products/chic-one-shoulder-striped-ruffle-swimsuit-for-women-and-girls-elegant-monokini-with-side-tie,chic-one-shoulder-striped-ruffle-swimsuit-for-women-and-girls-elegant-monokini-with-side-tie,Eligible,,$16.99,English,$0.04
shopify_us_7227418738785_41871678406753,Family Matching Cardigans - Navy Red Striped | Dress Like Mommy Mother XL / Stripes,mommy_me,paid_eligible,us_test_ready,,,0,0,0.00,0.00,https://www.dresslikemommy.com/products/matching-family-striped-cardigans-navy-and-red-heart-embroidery-knit-sweaters-for-mom-dad-and-kids,matching-family-striped-cardigans-navy-and-red-heart-embroidery-knit-sweaters-for-mom-dad-and-kids,Eligible,,$29.99,English,$0.04
shopify_us_7109117280353_41497061949537,Mommy and Me Tankinis - Mermaid Scale | Dress Like Mommy Child 4-5 years / Multi-Color,mommy_me,paid_eligible,us_test_ready,,,0,0,0.00,0.00,https://www.dresslikemommy.com/products/chic-pink-mermaid-scales-tankini-set-for-mother-and-daughter,chic-pink-mermaid-scales-tankini-set-for-mother-and-daughter,Eligible,,$14.99,English,$0.04
shopify_us_7227418738785_41871677980769,Family Matching Cardigans - Navy Red Striped | Dress Like Mommy Baby 0-6 Months / Stripes,mommy_me,paid_eligible,us_test_ready,,,0,0,0.00,0.00,https://www.dresslikemommy.com/products/matching-family-striped-cardigans-navy-and-red-heart-embroidery-knit-sweaters-for-mom-dad-and-kids,matching-family-striped-cardigans-navy-and-red-heart-embroidery-knit-sweaters-for-mom-dad-and-kids,Eligible,,$21.99,English,$0.04
shopify_us_7227620982881_41872696279137,Family Matching Hoodies - Fleece | Dress Like Mommy Child 3-4 Years / Striped,family_matching,paid_eligible,us_test_ready,,,0,0,0.00,0.00,https://www.dresslikemommy.com/products/matching-family-striped-fleece-hoodies-cozy-winter-pullover-for-parents-and-kids,matching-family-striped-fleece-hoodies-cozy-winter-pullover-for-parents-and-kids,Eligible,,$27.99,English,$0.04
shopify_us_7227436367969_41871770189921,Family Matching Sets - Cream | Dress Like Mommy Mother 2XL / White,mommy_me,paid_eligible,us_test_ready,,,0,0,0.00,0.00,https://www.dresslikemommy.com/products/matching-star-knit-sweater-dress-cozy-cream-family-outfit-for-mom-and-daughter,matching-star-knit-sweater-dress-cozy-cream-family-outfit-for-mom-and-daughter,Eligible,,$33.99,English,$0.04
shopify_us_7109117280353_41497061916769,Mommy and Me Tankinis - Mermaid Scale | Dress Like Mommy Child 2-3 years / Multi-Color,mommy_me,paid_eligible,us_test_ready,,,0,0,0.00,0.00,https://www.dresslikemommy.com/products/chic-pink-mermaid-scales-tankini-set-for-mother-and-daughter,chic-pink-mermaid-scales-tankini-set-for-mother-and-daughter,Eligible,,$14.99,English,$0.04
shopify_us_7229259874401_41878822060129,Family Matching T-Shirts - Heart Print | Dress Like Mommy Adult 2XL / Blue,family_matching,paid_eligible,us_test_ready,,,0,0,0.00,0.00,https://www.dresslikemommy.com/products/family-matching-t-shirt-set-with-colorful-heart-brushstroke-design,family-matching-t-shirt-set-with-colorful-heart-brushstroke-design,Eligible,,$21.99,English,$0.04
shopify_us_7229130342497_41878478389345,Family Matching Sets - Pink Blue Ombre | Dress Like Mommy Mother S / Multi Color,mommy_me,paid_eligible,us_test_ready,,,0,0,0.00,0.00,https://www.dresslikemommy.com/products/gradient-ombre-family-matching-outfits-pink-blue-t-shirts-with-white-shorts-set,gradient-ombre-family-matching-outfits-pink-blue-t-shirts-with-white-shorts-set,Not eligible,Over capacity for Shopping ads (outside of CSS program),$17.99,English,$0.04
shopify_us_7109481431137_41497931841633,Family Matching Swimsuits - Long Sleeve | Dress Like Mommy Mother XL / Black,swimsuits,paid_eligible,us_test_ready,,,0,0,0.00,0.00,https://www.dresslikemommy.com/products/chic-family-bonding-mother-daughter-matching-swimsuit-set-with-long-sleeved-cover-up,chic-family-bonding-mother-daughter-matching-swimsuit-set-with-long-sleeved-cover-up,Eligible,,$16.99,English,$0.04
shopify_us_7109443256417_41497808666721,Family Matching One-Piece Swimsuits - One-Piece | Dress Like Mommy Child 8-10T / Orange,swimsuits,paid_eligible,us_test_ready,,,0,0,0.00,0.00,https://www.dresslikemommy.com/products/mommy-me-vibrant-duo-tone-one-piece-swimsuit-with-ring-accent-family-matching-swimwear-collection,mommy-me-vibrant-duo-tone-one-piece-swimsuit-with-ring-accent-family-matching-swimwear-collection,Eligible,,$14.99,English,$0.04
shopify_us_7109072257121_41496915607649,Mommy and Me Swimsuits - Floral Print | Dress Like Mommy Mother XL / Black,swimsuits,paid_eligible,us_test_ready,,,0,0,0.00,0.00,https://www.dresslikemommy.com/products/chic-tropical-floral-high-neck-swimsuit-set-for-women-and-girls-zippered-sleeveless-quick-dry-swimwear,chic-tropical-floral-high-neck-swimsuit-set-for-women-and-girls-zippered-sleeveless-quick-dry-swimwear,Eligible,,$16.99,English,$0.04
shopify_us_7110368919649_41500577398881,Family Matching Swim Trunks - Matching Style | Dress Like Mommy Father L / Orange,daddy_me,paid_eligible,us_test_ready,,,0,0,0.00,0.00,https://www.dresslikemommy.com/products/dynamic-duo-father-and-son-matching-swim-trunks-family-beachwear-set,dynamic-duo-father-and-son-matching-swim-trunks-family-beachwear-set,Eligible,,$15.99,English,$0.04
shopify_us_7109481431137_41497930924129,Family Matching Swimsuits - Long Sleeve | Dress Like Mommy Child 2-3 years / Green,swimsuits,paid_eligible,us_test_ready,,,0,0,0.00,0.00,https://www.dresslikemommy.com/products/chic-family-bonding-mother-daughter-matching-swimsuit-set-with-long-sleeved-cover-up,chic-family-bonding-mother-daughter-matching-swimsuit-set-with-long-sleeved-cover-up,Eligible,,$14.99,English,$0.04
shopify_us_7229124673633_41878467772513,Family Matching Sets - Green Floral Print | Dress Like Mommy Boy 5-6 years / Short,family_matching,paid_eligible,us_test_ready,,,0,0,0.00,0.00,https://www.dresslikemommy.com/products/green-and-white-matching-family-outfits-stylish-floral-print-family-set-for-parents-and-kids,green-and-white-matching-family-outfits-stylish-floral-print-family-set-for-parents-and-kids,Eligible (limited),"Missing color
Missing gender",$14.99,English,$0.04
shopify_us_7109292130401_41497361350753,Family Matching Bikini Sets - One-Piece | Dress Like Mommy Mother XL / Red,swimsuits,paid_eligible,us_test_ready,,,0,0,0.00,0.00,https://www.dresslikemommy.com/products/chic-mother-daughter-two-piece-swimsuit-family-matching-swimwear-in-vibrant-colors,chic-mother-daughter-two-piece-swimsuit-family-matching-swimwear-in-vibrant-colors,Eligible,,$16.99,English,$0.04
shopify_us_7109083267169_41496956108897,Mommy and Me Swimsuits - Animal Print | Dress Like Mommy Mother L / Black,swimsuits,paid_eligible,us_test_ready,,,0,0,0.00,0.00,https://www.dresslikemommy.com/products/elegant-long-sleeve-leopard-print-swimsuit-for-mother-and-daughter,elegant-long-sleeve-leopard-print-swimsuit-for-mother-and-daughter,Eligible,,$16.99,English,$0.04
shopify_us_7109986844769_41499305312353,Mommy and Me Bikini Sets - Wrap Skirt | Dress Like Mommy Child 10-12 years / Brown,swimsuits,paid_eligible,us_test_ready,,,0,0,0.00,0.00,https://www.dresslikemommy.com/products/mother-daughter-matching-swim-set-abstract-print-two-piece-high-waisted-bikini-with-wrap-skirt,mother-daughter-matching-swim-set-abstract-print-two-piece-high-waisted-bikini-with-wrap-skirt,Eligible,,$16.99,English,$0.04
shopify_us_7227356282977_41871478751329,Mommy and Me Maxi Dresses - Watercolor | Dress Like Mommy Child 3-4 Years / Multi Color,mommy_me,paid_eligible,us_test_ready,,,0,0,0.00,0.00,https://www.dresslikemommy.com/products/matching-mommy-me-colorful-watercolor-maxi-dresses-sleeveless-summer-dress,matching-mommy-me-colorful-watercolor-maxi-dresses-sleeveless-summer-dress,Eligible,,$23.99,English,$0.04
shopify_us_7110356631649_41500537978977,Family Matching Swim Trunks - Floral Print | Dress Like Mommy Child 2-3 years / Multi-Color,daddy_me,paid_eligible,us_test_ready,,,0,0,0.00,0.00,https://www.dresslikemommy.com/products/father-and-son-matching-swim-trunks-tropical-floral-print-family-swimwear,father-and-son-matching-swim-trunks-tropical-floral-print-family-swimwear,Not eligible,Over capacity for Shopping ads (outside of CSS program),$14.99,English,$0.04
shopify_us_7229124673633_41878467182689,Family Matching Sets - Green Floral Print | Dress Like Mommy Father L / Shirt,daddy_me,paid_eligible,us_test_ready,,,0,0,0.00,0.00,https://www.dresslikemommy.com/products/green-and-white-matching-family-outfits-stylish-floral-print-family-set-for-parents-and-kids,green-and-white-matching-family-outfits-stylish-floral-print-family-set-for-parents-and-kids,Not eligible,"Over capacity for Shopping ads (outside of CSS program)
Missing color
Missing gender",$21.99,English,$0.04
shopify_us_7109292130401_41497360924769,Family Matching Bikini Sets - One-Piece | Dress Like Mommy Mother S / Green,swimsuits,paid_eligible,us_test_ready,,,0,0,0.00,0.00,https://www.dresslikemommy.com/products/chic-mother-daughter-two-piece-swimsuit-family-matching-swimwear-in-vibrant-colors,chic-mother-daughter-two-piece-swimsuit-family-matching-swimwear-in-vibrant-colors,Eligible,,$16.99,English,$0.04
shopify_us_7109481431137_41497931710561,Family Matching Swimsuits - Long Sleeve | Dress Like Mommy Child 10-12 years / Blue,swimsuits,paid_eligible,us_test_ready,,,2,0,0.00,0.00,https://www.dresslikemommy.com/products/chic-family-bonding-mother-daughter-matching-swimsuit-set-with-long-sleeved-cover-up,chic-family-bonding-mother-daughter-matching-swimsuit-set-with-long-sleeved-cover-up,Eligible,,$14.99,English,$0.04
shopify_us_7229128441953_41878471376993,Family Matching Sets - Rainbow Stripe | Dress Like Mommy Mother S / Overall,mommy_me,paid_eligible,us_test_ready,,,35,2,0.37,0.00,https://www.dresslikemommy.com/products/vibrant-rainbow-family-matching-outfits-striped-t-shirts-and-yellow-overalls-set-for-family-outings,vibrant-rainbow-family-matching-outfits-striped-t-shirts-and-yellow-overalls-set-for-family-outings,Eligible,,$26.99,English,$0.04
shopify_us_7228788867169_41877295136865,Mommy and Me Pajama Sets - Cartoon Print | Dress Like Mommy Mother L / Red,pajamas,paid_eligible,us_test_ready,,,21,1,0.23,0.00,https://www.dresslikemommy.com/products/cute-matching-mom-and-daughter-cartoon-pajama-set-fun-and-cozy-sleepwear,cute-matching-mom-and-daughter-cartoon-pajama-set-fun-and-cozy-sleepwear,Eligible,,$27.99,English,$0.04
shopify_us_7227379023969_41871522136161,Family Matching Sets - Blue | Dress Like Mommy Boy 6-7 Years / blue,family_matching,paid_eligible,us_test_ready,,,5,0,0.00,0.00,https://www.dresslikemommy.com/products/elegant-matching-family-outfits-light-blue-halter-dresses-casual-t-shirt-set-for-summer,elegant-matching-family-outfits-light-blue-halter-dresses-casual-t-shirt-set-for-summer,Not eligible,Over capacity for Shopping ads (outside of CSS program),$21.99,English,$0.04
shopify_us_7229023846497_41878199140449,Mommy and Me Matching Sets - Rainbow Stripe | Dress Like Mommy Mother L / Multi Color,mommy_me,paid_eligible,us_test_ready,,,28,0,0.00,0.00,https://www.dresslikemommy.com/products/vibrant-rainbow-maxi-dress-set-for-mom-and-daughter-colorful-summer-matching-outfits,vibrant-rainbow-maxi-dress-set-for-mom-and-daughter-colorful-summer-matching-outfits,Eligible,,$27.99,English,$0.04
shopify_us_7229130342497_41878478225505,Family Matching Sets - Pink Blue Ombre | Dress Like Mommy Child 5-6 Years / Multi Color,family_matching,paid_eligible,us_test_ready,,,0,0,0.00,0.00,https://www.dresslikemommy.com/products/gradient-ombre-family-matching-outfits-pink-blue-t-shirts-with-white-shorts-set,gradient-ombre-family-matching-outfits-pink-blue-t-shirts-with-white-shorts-set,Eligible,,$14.99,English,$0.04
shopify_us_7108998987873_41496666832993,Family Matching Swimsuits - One Shoulder | Dress Like Mommy Child 3-4 years / Multi-Color,swimsuits,paid_eligible,us_test_ready,,,0,0,0.00,0.00,https://www.dresslikemommy.com/products/tropical-one-shoulder-ruffle-swimsuit-for-women-and-girls-vibrant-floral-print-asymmetrical-design-family-matching-swimwear,tropical-one-shoulder-ruffle-swimsuit-for-women-and-girls-vibrant-floral-print-asymmetrical-design-family-matching-swimwear,Eligible,,$16.99,English,$0.04
shopify_us_7109454135393_41497849430113,Family Matching Bikini Sets - Blue Green Floral | Dress Like Mommy Mother XL / green,swimsuits,paid_eligible,us_test_ready,,,0,0,0.00,0.00,https://www.dresslikemommy.com/products/chic-two-piece-swimsuit-with-skirt-family-matching-swimwear-for-mother-and-daughter-available-in-blue-green-black,chic-two-piece-swimsuit-with-skirt-family-matching-swimwear-for-mother-and-daughter-available-in-blue-green-black,Eligible,,$16.99,English,$0.04
shopify_us_7109267947617_41497324290145,Mommy and Me One-Piece Swimsuits - Color Block | Dress Like Mommy Mother S / Brown,swimsuits,paid_eligible,us_test_ready,,,0,0,0.00,0.00,https://www.dresslikemommy.com/products/chic-color-block-one-piece-swimsuit-for-mother-daughter-vibrant-sleek-beachwear,chic-color-block-one-piece-swimsuit-for-mother-daughter-vibrant-sleek-beachwear,Eligible,,$16.99,English,$0.04
shopify_us_7227620982881_41872696606817,Family Matching Hoodies - Fleece | Dress Like Mommy Adult 2XL / Striped,family_matching,paid_eligible,us_test_ready,,,0,0,0.00,0.00,https://www.dresslikemommy.com/products/matching-family-striped-fleece-hoodies-cozy-winter-pullover-for-parents-and-kids,matching-family-striped-fleece-hoodies-cozy-winter-pullover-for-parents-and-kids,Eligible,,$34.99,English,$0.04
shopify_us_7227624554593_41872740221025,Family Matching Shirts - Matching Style | Dress Like Mommy Adult L / Blue,family_matching,paid_eligible,us_test_ready,,,0,0,0.00,0.00,https://www.dresslikemommy.com/products/matching-family-denim-button-up-shirts-casual-unisex-jean-jackets-for-parents-and-kids,matching-family-denim-button-up-shirts-casual-unisex-jean-jackets-for-parents-and-kids,Not eligible,Over capacity for Shopping ads (outside of CSS program),$29.99,English,$0.04
shopify_us_7107978395745_41493653094497,Mommy and Me Maxi Dresses - Blue | Dress Like Mommy Child 8-9 Years / Blue,mommy_me,paid_eligible,us_test_ready,,,0,0,0.00,0.00,https://www.dresslikemommy.com/products/mommy-and-me-matching-light-blue-halter-neck-tiered-dresses,mommy-and-me-matching-light-blue-halter-neck-tiered-dresses,Eligible,,$24.99,English,$0.04
shopify_us_7229259874401_41878821404769,Family Matching T-Shirts - Heart Print | Dress Like Mommy Adult 3XL / Pink,family_matching,paid_eligible,us_test_ready,,,0,0,0.00,0.00,https://www.dresslikemommy.com/products/family-matching-t-shirt-set-with-colorful-heart-brushstroke-design,family-matching-t-shirt-set-with-colorful-heart-brushstroke-design,Eligible,,$21.99,English,$0.04
shopify_us_7110356631649_41500538110049,Family Matching Swim Trunks - Floral Print | Dress Like Mommy Child 8-10 years / Multi-Color,daddy_me,paid_eligible,us_test_ready,,,0,0,0.00,0.00,https://www.dresslikemommy.com/products/father-and-son-matching-swim-trunks-tropical-floral-print-family-swimwear,father-and-son-matching-swim-trunks-tropical-floral-print-family-swimwear,Not eligible,Over capacity for Shopping ads (outside of CSS program),$14.99,English,$0.04
shopify_us_7227620982881_41872696246369,Family Matching Hoodies - Fleece | Dress Like Mommy Child 2-3 Years / Striped,family_matching,paid_eligible,us_test_ready,,,0,0,0.00,0.00,https://www.dresslikemommy.com/products/matching-family-striped-fleece-hoodies-cozy-winter-pullover-for-parents-and-kids,matching-family-striped-fleece-hoodies-cozy-winter-pullover-for-parents-and-kids,Eligible,,$27.99,English,$0.04
shopify_us_7227630649441_41872775413857,Mommy and Me Maxi Dresses - Floral Print | Dress Like Mommy Child 8-9 Years / White,mommy_me,paid_eligible,us_test_ready,,,0,0,0.00,0.00,https://www.dresslikemommy.com/products/mother-daughter-matching-summer-dresses-vibrant-printed-sleeveless-maxi-dresses,mother-daughter-matching-summer-dresses-vibrant-printed-sleeveless-maxi-dresses,Eligible,,$16.99,English,$0.04
shopify_us_7228788867169_41877294973025,Mommy and Me Pajama Sets - Cartoon Print | Dress Like Mommy Girl 6-7 years / Red,pajamas,paid_eligible,us_test_ready,,,0,0,0.00,0.00,https://www.dresslikemommy.com/products/cute-matching-mom-and-daughter-cartoon-pajama-set-fun-and-cozy-sleepwear,cute-matching-mom-and-daughter-cartoon-pajama-set-fun-and-cozy-sleepwear,Eligible,,$24.99,English,$0.04
shopify_us_7227378892897_41871520661601,Family Matching Sets - Christmas Print | Dress Like Mommy Father XL / blue,daddy_me,paid_eligible,us_test_ready,,,8,0,0.00,0.00,https://www.dresslikemommy.com/products/matching-family-beach-outfits-holiday-palm-tree-print-summer-dresses-shorts-set,matching-family-beach-outfits-holiday-palm-tree-print-summer-dresses-shorts-set,Eligible,,$27.99,English,$0.04
shopify_us_7227620982881_41872696639585,Family Matching Hoodies - Fleece | Dress Like Mommy Adult 3XL / Striped,family_matching,paid_eligible,us_test_ready,,,0,0,0.00,0.00,https://www.dresslikemommy.com/products/matching-family-striped-fleece-hoodies-cozy-winter-pullover-for-parents-and-kids,matching-family-striped-fleece-hoodies-cozy-winter-pullover-for-parents-and-kids,Eligible,,$34.99,English,$0.04
shopify_us_7229124673633_41878467084385,Family Matching Sets - Green Floral Print | Dress Like Mommy Boy 11-12 years / Shirt,family_matching,paid_eligible,us_test_ready,,,0,0,0.00,0.00,https://www.dresslikemommy.com/products/green-and-white-matching-family-outfits-stylish-floral-print-family-set-for-parents-and-kids,green-and-white-matching-family-outfits-stylish-floral-print-family-set-for-parents-and-kids,Eligible (limited),"Missing color
Missing gender",$16.99,English,$0.04
shopify_us_7109298487393_41497381109857,Mommy and Me Bikini Sets - Tropical Print | Dress Like Mommy Mother M / Orange,swimsuits,paid_eligible,us_test_ready,,,0,0,0.00,0.00,https://www.dresslikemommy.com/products/chic-two-piece-swimsuit-set-ruffle-detail-top-and-high-waisted-bottoms-in-four-vibrant-colors,chic-two-piece-swimsuit-set-ruffle-detail-top-and-high-waisted-bottoms-in-four-vibrant-colors,Eligible,,$16.99,English,$0.04
shopify_us_7109472288865_41497917980769,Family Matching Swimsuits - Floral Print | Dress Like Mommy Mother XL / Black,swimsuits,paid_eligible,us_test_ready,,,0,0,0.00,0.00,https://www.dresslikemommy.com/products/chic-mother-daughter-matching-swimsuit-set-with-floral-cover-up-family-beachwear-collection,chic-mother-daughter-matching-swimsuit-set-with-floral-cover-up-family-beachwear-collection,Eligible,,$16.99,English,$0.04
shopify_us_7108984799329_41496617812065,Mommy and Me One-Piece Swimsuits - Animal Print | Dress Like Mommy Child 8-10 years / Leopard,swimsuits,paid_eligible,us_test_ready,,,0,0,0.00,0.00,https://www.dresslikemommy.com/products/chic-leopard-print-one-piece-swimsuit-with-ruffle-accent-timeless-mother-daughter-beachwear,chic-leopard-print-one-piece-swimsuit-with-ruffle-accent-timeless-mother-daughter-beachwear,Not eligible,Over capacity for Shopping ads (outside of CSS program),$15.99,English,$0.04
shopify_us_7108969037921_41496561647713,Mommy and Me One-Piece Swimsuits - One-Piece | Dress Like Mommy Child 8-10 years / Blue,swimsuits,paid_eligible,us_test_ready,,,0,0,0.00,0.00,https://www.dresslikemommy.com/products/vibrant-halter-neck-one-piece-swimsuit-with-waist-tie-detail-mother-daughter-matching-swimwear-in-exquisite-baroque-print,vibrant-halter-neck-one-piece-swimsuit-with-waist-tie-detail-mother-daughter-matching-swimwear-in-exquisite-baroque-print,Eligible,,$15.99,English,$0.04
shopify_us_7108986404961_41496623972449,Mommy and Me Swimsuits - One Shoulder | Dress Like Mommy Child 10-12 years / Black,swimsuits,paid_eligible,us_test_ready,,,0,0,0.00,0.00,https://www.dresslikemommy.com/products/modern-monochrome-one-shoulder-swimsuit-with-animal-print-ruffle-elegant-poolside-duo-for-mother-and-child,modern-monochrome-one-shoulder-swimsuit-with-animal-print-ruffle-elegant-poolside-duo-for-mother-and-child,Eligible,,$15.99,English,$0.04
shopify_us_7227356282977_41871478849633,Mommy and Me Maxi Dresses - Watercolor | Dress Like Mommy Child 6-7 Years / Multi Color,mommy_me,paid_eligible,us_test_ready,,,0,0,0.00,0.00,https://www.dresslikemommy.com/products/matching-mommy-me-colorful-watercolor-maxi-dresses-sleeveless-summer-dress,matching-mommy-me-colorful-watercolor-maxi-dresses-sleeveless-summer-dress,Eligible,,$23.99,English,$0.04
shopify_us_7109298487393_41497381994593,Mommy and Me Bikini Sets - Tropical Print | Dress Like Mommy Child 8-10 years / Green,swimsuits,paid_eligible,us_test_ready,,,0,0,0.00,0.00,https://www.dresslikemommy.com/products/chic-two-piece-swimsuit-set-ruffle-detail-top-and-high-waisted-bottoms-in-four-vibrant-colors,chic-two-piece-swimsuit-set-ruffle-detail-top-and-high-waisted-bottoms-in-four-vibrant-colors,Eligible,,$14.99,English,$0.04
shopify_us_7109084807265_41496962760801,Mommy and Me Swimsuits - Mermaid Scale | Dress Like Mommy Child 8-10 years / Multi-Color,swimsuits,paid_eligible,us_test_ready,,,0,0,0.00,0.00,https://www.dresslikemommy.com/products/mother-daughter-pastel-mermaid-scales-swimsuit-with-frill-detail,mother-daughter-pastel-mermaid-scales-swimsuit-with-frill-detail,Not eligible,Over capacity for Shopping ads (outside of CSS program),$14.99,English,$0.04
shopify_us_7108071063649_41493807464545,Mommy and Me Black Ruffle Dresses | Dress Like Mommy Child 11-12 Years / Black,mommy_me,paid_eligible,us_test_ready,,,0,0,0.00,0.00,https://www.dresslikemommy.com/products/elegant-black-ruffle-dress-chic-sleeveless-layered-dress-for-mother-and-daughter-perfect-for-parties-and-events,elegant-black-ruffle-dress-chic-sleeveless-layered-dress-for-mother-and-daughter-perfect-for-parties-and-events,Eligible,,$19.99,English,$0.04
shopify_us_7229027876961_41878213722209,Mommy and Me Midi Dresses - Blue | Dress Like Mommy Child 4 years / Blue,mommy_me,paid_eligible,us_test_ready,,,0,0,0.00,0.00,https://www.dresslikemommy.com/products/stylish-blue-sleeveless-mommy-and-me-dress-set-with-bow-detail-perfect-for-summer-outings,stylish-blue-sleeveless-mommy-and-me-dress-set-with-bow-detail-perfect-for-summer-outings,Eligible,,$23.99,English,$0.04
shopify_us_7229259874401_41878821470305,Family Matching T-Shirts - Heart Print | Dress Like Mommy Adult 5XL / Pink,family_matching,paid_eligible,us_test_ready,,,0,0,0.00,0.00,https://www.dresslikemommy.com/products/family-matching-t-shirt-set-with-colorful-heart-brushstroke-design,family-matching-t-shirt-set-with-colorful-heart-brushstroke-design,Eligible,,$21.99,English,$0.04
shopify_us_7109514395745_41498011041889,Family Matching One-Piece Swimsuits - One-Piece | Dress Like Mommy Mother XL / Black,swimsuits,paid_eligible,us_test_ready,,,0,0,0.00,0.00,https://www.dresslikemommy.com/products/elegant-mother-daughter-matching-one-piece-swimsuit-with-patterned-mesh-skirt-family-beachwear-set,elegant-mother-daughter-matching-one-piece-swimsuit-with-patterned-mesh-skirt-family-beachwear-set,Eligible,,$16.99,English,$0.04
shopify_us_7227630649441_41872775381089,Mommy and Me Maxi Dresses - Floral Print | Dress Like Mommy Child 7-8 Years / White,mommy_me,paid_eligible,us_test_ready,,,0,0,0.00,0.00,https://www.dresslikemommy.com/products/mother-daughter-matching-summer-dresses-vibrant-printed-sleeveless-maxi-dresses,mother-daughter-matching-summer-dresses-vibrant-printed-sleeveless-maxi-dresses,Eligible,,$16.99,English,$0.04
shopify_us_7110364856417_41500566814817,Daddy and Me Swim Trunks - Tropical Print | Dress Like Mommy Father L / Main color,daddy_me,paid_eligible,us_test_ready,,,0,0,0.00,0.00,https://www.dresslikemommy.com/products/tropical-flair-father-and-son-matching-swim-trunks-flamingo-and-foliage-print,tropical-flair-father-and-son-matching-swim-trunks-flamingo-and-foliage-print,Eligible,,$15.99,English,$0.04
shopify_us_7109292130401_41497360334945,Family Matching Bikini Sets - One-Piece | Dress Like Mommy Mother L / Orange,swimsuits,paid_eligible,us_test_ready,,,0,0,0.00,0.00,https://www.dresslikemommy.com/products/chic-mother-daughter-two-piece-swimsuit-family-matching-swimwear-in-vibrant-colors,chic-mother-daughter-two-piece-swimsuit-family-matching-swimwear-in-vibrant-colors,Eligible,,$16.99,English,$0.04
shopify_us_7108141383777_41493944205409,Mommy and Me Midi Dresses - Ruffle Sleeve | Dress Like Mommy Mother XL / Champagne,mommy_me,paid_eligible,us_test_ready,,,0,0,0.00,0.00,https://www.dresslikemommy.com/products/elegant-mother-daughter-matching-summer-dress-ruffled-layered-chiffon-with-sequin-embellishments,elegant-mother-daughter-matching-summer-dress-ruffled-layered-chiffon-with-sequin-embellishments,Eligible,,$29.99,English,$0.04
shopify_us_7229026304097_41878208610401,Mommy and Me Maxi Dresses - Floral Print | Dress Like Mommy Mother XL / Multi Color,mommy_me,paid_eligible,us_test_ready,,,34,2,0.48,0.00,https://www.dresslikemommy.com/products/elegant-floral-off-shoulder-mommy-and-me-dress-set-perfect-for-summer-outings,elegant-floral-off-shoulder-mommy-and-me-dress-set-perfect-for-summer-outings,Eligible,,$27.99,English,$0.04
shopify_us_7227378892897_41871520366689,Family Matching Sets - Christmas Print | Dress Like Mommy Boy 7-8 Years / blue,swimsuits,paid_eligible,us_test_ready,,,21,0,0.00,0.00,https://www.dresslikemommy.com/products/matching-family-beach-outfits-holiday-palm-tree-print-summer-dresses-shorts-set,matching-family-beach-outfits-holiday-palm-tree-print-summer-dresses-shorts-set,Eligible,,$22.99,English,$0.04
shopify_us_7108996530273_41496660443233,Mommy and Me Swimsuits - Red Floral Print | Dress Like Mommy Child 10-12 years / Red,swimsuits,paid_eligible,us_test_ready,,,7,0,0.00,0.00,https://www.dresslikemommy.com/products/elegant-tropical-high-waisted-swimsuit-set-for-mother-and-daughter-radiant-red-halter-neck-design,elegant-tropical-high-waisted-swimsuit-set-for-mother-and-daughter-radiant-red-halter-neck-design,Eligible,,$15.99,English,$0.04
shopify_us_7109986844769_41499305115745,Mommy and Me Bikini Sets - Wrap Skirt | Dress Like Mommy Mother XL / Brown,swimsuits,paid_eligible,us_test_ready,,,0,0,0.00,0.00,https://www.dresslikemommy.com/products/mother-daughter-matching-swim-set-abstract-print-two-piece-high-waisted-bikini-with-wrap-skirt,mother-daughter-matching-swim-set-abstract-print-two-piece-high-waisted-bikini-with-wrap-skirt,Eligible,,$19.99,English,$0.04
shopify_us_7108951605345_41496502206561,Mommy and Me Swimsuits - Blue | Dress Like Mommy Child 10-12 years / blue,swimsuits,paid_eligible,us_test_ready,,,0,0,0.00,0.00,https://www.dresslikemommy.com/products/chic-ocean-blue-mother-daughter-swimsuit-duo-stylish-ruffle-top-with-paisley-high-waisted-bottoms,chic-ocean-blue-mother-daughter-swimsuit-duo-stylish-ruffle-top-with-paisley-high-waisted-bottoms,Eligible,,$15.99,English,$0.04
shopify_us_7227435450465_41871766356065,Family Matching Sweaters - Color Block | Dress Like Mommy Child 6-7 Years / Multi Color,mommy_me,paid_eligible,us_test_ready,,,0,0,0.00,0.00,https://www.dresslikemommy.com/products/matching-color-block-knit-sweaters-vibrant-family-pullover-for-mom-and-kids,matching-color-block-knit-sweaters-vibrant-family-pullover-for-mom-and-kids,Eligible,,$23.99,English,$0.04
shopify_us_7228788867169_41877295366241,Mommy and Me Pajama Sets - Cartoon Print | Dress Like Mommy Girl 7-8 years / Pink,pajamas,paid_eligible,us_test_ready,,,0,0,0.00,0.00,https://www.dresslikemommy.com/products/cute-matching-mom-and-daughter-cartoon-pajama-set-fun-and-cozy-sleepwear,cute-matching-mom-and-daughter-cartoon-pajama-set-fun-and-cozy-sleepwear,Not eligible,Over capacity for Shopping ads (outside of CSS program),$24.99,English,$0.04
shopify_us_7109119705185_41497069322337,Mommy and Me One-Piece Swimsuits - Striped | Dress Like Mommy Mother XL / Blue,swimsuits,paid_eligible,us_test_ready,,,0,0,0.00,0.00,https://www.dresslikemommy.com/products/nautical-charm-flamingo-print-one-piece-swimsuits-for-mother-daughter,nautical-charm-flamingo-print-one-piece-swimsuits-for-mother-daughter,Eligible,,$16.99,English,$0.04
shopify_us_7229259874401_41878822486113,Family Matching T-Shirts - Heart Print | Dress Like Mommy Adult L / Green,family_matching,paid_eligible,us_test_ready,,,0,0,0.00,0.00,https://www.dresslikemommy.com/products/family-matching-t-shirt-set-with-colorful-heart-brushstroke-design,family-matching-t-shirt-set-with-colorful-heart-brushstroke-design,Eligible,,$21.99,English,$0.04
shopify_us_7229259874401_41878819635297,Family Matching T-Shirts - Heart Print | Dress Like Mommy Child 5-6 years / White,family_matching,paid_eligible,us_test_ready,,,0,0,0.00,0.00,https://www.dresslikemommy.com/products/family-matching-t-shirt-set-with-colorful-heart-brushstroke-design,family-matching-t-shirt-set-with-colorful-heart-brushstroke-design,Eligible,,$17.99,English,$0.04
shopify_us_7109123670113_41497082789985,Mommy and Me Tankinis - Animal Print | Dress Like Mommy Child 8-10 years / Black,swimsuits,paid_eligible,us_test_ready,,,0,0,0.00,0.00,https://www.dresslikemommy.com/products/modern-cow-print-tankini-swimsuit-set-for-mother-and-daughter-stylish-high-waisted-swimwear-with-ruffle-detail,modern-cow-print-tankini-swimsuit-set-for-mother-and-daughter-stylish-high-waisted-swimwear-with-ruffle-detail,Eligible,,$14.99,English,$0.04
shopify_us_7228788867169_41877296185441,Mommy and Me Pajama Sets - Cartoon Print | Dress Like Mommy Girl 9-10 years / Purple,pajamas,paid_eligible,us_test_ready,,,0,0,0.00,0.00,https://www.dresslikemommy.com/products/cute-matching-mom-and-daughter-cartoon-pajama-set-fun-and-cozy-sleepwear,cute-matching-mom-and-daughter-cartoon-pajama-set-fun-and-cozy-sleepwear,Not eligible,Over capacity for Shopping ads (outside of CSS program),$24.99,English,$0.04
shopify_us_7229130342497_41878478684257,Family Matching Sets - Pink Blue Ombre | Dress Like Mommy Father XL / Multi Color,daddy_me,paid_eligible,us_test_ready,,,0,0,0.00,0.00,https://www.dresslikemommy.com/products/gradient-ombre-family-matching-outfits-pink-blue-t-shirts-with-white-shorts-set,gradient-ombre-family-matching-outfits-pink-blue-t-shirts-with-white-shorts-set,Eligible,,$17.99,English,$0.04
shopify_us_7229128441953_41878470721633,Family Matching Sets - Rainbow Stripe | Dress Like Mommy Father 3XL / T-shirt,daddy_me,paid_eligible,us_test_ready,,,0,0,0.00,0.00,https://www.dresslikemommy.com/products/vibrant-rainbow-family-matching-outfits-striped-t-shirts-and-yellow-overalls-set-for-family-outings,vibrant-rainbow-family-matching-outfits-striped-t-shirts-and-yellow-overalls-set-for-family-outings,Eligible,,$19.99,English,$0.04
shopify_us_7109454135393_41497849561185,Family Matching Bikini Sets - Blue Green Floral | Dress Like Mommy Child 6-8 years / green,swimsuits,paid_eligible,us_test_ready,,,0,0,0.00,0.00,https://www.dresslikemommy.com/products/chic-two-piece-swimsuit-with-skirt-family-matching-swimwear-for-mother-and-daughter-available-in-blue-green-black,chic-two-piece-swimsuit-with-skirt-family-matching-swimwear-for-mother-and-daughter-available-in-blue-green-black,Eligible,,$14.99,English,$0.04
shopify_us_7108045897825_41493759950945,Mommy and Me Midi Dresses - Silver | Dress Like Mommy Child 5-6 Years / Gray,mommy_me,paid_eligible,us_test_ready,,,323,6,1.46,0.00,https://www.dresslikemommy.com/products/mommy-and-me-matching-silver-asymmetrical-chiffon-dresses-with-strappy-backs,mommy-and-me-matching-silver-asymmetrical-chiffon-dresses-with-strappy-backs,Eligible,,$24.99,English,$0.04
shopify_us_7227270299745_41871161852001,Mommy and Me Maxi Dresses - Floral Print | Dress Like Mommy Child 8-9 Years / black,mommy_me,paid_eligible,us_test_ready,,,170,1,0.25,0.00,https://www.dresslikemommy.com/products/matching-mommy-me-sunflower-maxi-dresses-sleeveless-floral-print-summer-dress,matching-mommy-me-sunflower-maxi-dresses-sleeveless-floral-print-summer-dress,Eligible,,$22.50,English,$0.04
shopify_us_7227436367969_41871769895009,Family Matching Sets - Cream | Dress Like Mommy Child 4-5 Years / White,mommy_me,paid_eligible,us_test_ready,,,0,0,0.00,0.00,https://www.dresslikemommy.com/products/matching-star-knit-sweater-dress-cozy-cream-family-outfit-for-mom-and-daughter,matching-star-knit-sweater-dress-cozy-cream-family-outfit-for-mom-and-daughter,Not eligible,Over capacity for Shopping ads (outside of CSS program),$27.99,English,$0.04
shopify_us_7228788867169_41877295300705,Mommy and Me Pajama Sets - Cartoon Print | Dress Like Mommy Girl 5-6 years / Pink,pajamas,paid_eligible,us_test_ready,,,0,0,0.00,0.00,https://www.dresslikemommy.com/products/cute-matching-mom-and-daughter-cartoon-pajama-set-fun-and-cozy-sleepwear,cute-matching-mom-and-daughter-cartoon-pajama-set-fun-and-cozy-sleepwear,Eligible,,$24.99,English,$0.04
shopify_us_7227435450465_41871766224993,Family Matching Sweaters - Color Block | Dress Like Mommy Child 2-3 Years / Multi Color,mommy_me,paid_eligible,us_test_ready,,,0,0,0.00,0.00,https://www.dresslikemommy.com/products/matching-color-block-knit-sweaters-vibrant-family-pullover-for-mom-and-kids,matching-color-block-knit-sweaters-vibrant-family-pullover-for-mom-and-kids,Eligible,,$23.99,English,$0.04
shopify_us_7109443256417_41497808732257,Family Matching One-Piece Swimsuits - One-Piece | Dress Like Mommy Mother S / Blue,swimsuits,paid_eligible,us_test_ready,,,0,0,0.00,0.00,https://www.dresslikemommy.com/products/mommy-me-vibrant-duo-tone-one-piece-swimsuit-with-ring-accent-family-matching-swimwear-collection,mommy-me-vibrant-duo-tone-one-piece-swimsuit-with-ring-accent-family-matching-swimwear-collection,Eligible,,$16.99,English,$0.04
shopify_us_7109298487393_41497381929057,Mommy and Me Bikini Sets - Tropical Print | Dress Like Mommy Child 4-5 years / Green,swimsuits,paid_eligible,us_test_ready,,,0,0,0.00,0.00,https://www.dresslikemommy.com/products/chic-two-piece-swimsuit-set-ruffle-detail-top-and-high-waisted-bottoms-in-four-vibrant-colors,chic-two-piece-swimsuit-set-ruffle-detail-top-and-high-waisted-bottoms-in-four-vibrant-colors,Eligible,,$14.99,English,$0.04
shopify_us_7229259874401_41878819668065,Family Matching T-Shirts - Heart Print | Dress Like Mommy Child 6-7 years / White,family_matching,paid_eligible,us_test_ready,,,0,0,0.00,0.00,https://www.dresslikemommy.com/products/family-matching-t-shirt-set-with-colorful-heart-brushstroke-design,family-matching-t-shirt-set-with-colorful-heart-brushstroke-design,Eligible,,$17.99,English,$0.04
shopify_us_7227418738785_41871678570593,Family Matching Cardigans - Navy Red Striped | Dress Like Mommy Father 2XL / Stripes,daddy_me,paid_eligible,us_test_ready,,,0,0,0.00,0.00,https://www.dresslikemommy.com/products/matching-family-striped-cardigans-navy-and-red-heart-embroidery-knit-sweaters-for-mom-dad-and-kids,matching-family-striped-cardigans-navy-and-red-heart-embroidery-knit-sweaters-for-mom-dad-and-kids,Eligible,,$29.99,English,$0.04
shopify_us_7108009197665_41493704441953,Mommy and Me Maxi Dresses - Pink Tie-Dye Print | Dress Like Mommy Child 3-4 Years / Multi Color,mommy_me,paid_eligible,us_test_ready,,,0,0,0.00,0.00,https://www.dresslikemommy.com/products/mommy-and-me-matching-pink-tie-dye-pleated-maxi-dresses-with-adjustable-straps,mommy-and-me-matching-pink-tie-dye-pleated-maxi-dresses-with-adjustable-straps,Eligible,,$19.99,English,$0.04
shopify_us_7229128441953_41878470197345,Family Matching Sets - Rainbow Stripe | Dress Like Mommy Girl 2 years / T-shirt,family_matching,paid_eligible,us_test_ready,,,0,0,0.00,0.00,https://www.dresslikemommy.com/products/vibrant-rainbow-family-matching-outfits-striped-t-shirts-and-yellow-overalls-set-for-family-outings,vibrant-rainbow-family-matching-outfits-striped-t-shirts-and-yellow-overalls-set-for-family-outings,Eligible,,$17.99,English,$0.04
shopify_us_7108984799329_41496617779297,Mommy and Me One-Piece Swimsuits - Animal Print | Dress Like Mommy Child 6-8 years / Leopard,swimsuits,paid_eligible,us_test_ready,,,0,0,0.00,0.00,https://www.dresslikemommy.com/products/chic-leopard-print-one-piece-swimsuit-with-ruffle-accent-timeless-mother-daughter-beachwear,chic-leopard-print-one-piece-swimsuit-with-ruffle-accent-timeless-mother-daughter-beachwear,Not eligible,Over capacity for Shopping ads (outside of CSS program),$15.99,English,$0.04
shopify_us_7227624554593_41872740024417,Family Matching Shirts - Matching Style | Dress Like Mommy Child 4-5 Years / Blue,family_matching,paid_eligible,us_test_ready,,,0,0,0.00,0.00,https://www.dresslikemommy.com/products/matching-family-denim-button-up-shirts-casual-unisex-jean-jackets-for-parents-and-kids,matching-family-denim-button-up-shirts-casual-unisex-jean-jackets-for-parents-and-kids,Eligible,,$22.99,English,$0.04
shopify_us_7227378925665_41871521218657,Family Matching Sets - Tropical Print | Dress Like Mommy Boy 9-10 Years / Red,swimsuits,paid_eligible,us_test_ready,,,0,0,0.00,0.00,https://www.dresslikemommy.com/products/tropical-matching-family-beach-outfits-colorful-leaf-print-summer-dresses-shorts-set,tropical-matching-family-beach-outfits-colorful-leaf-print-summer-dresses-shorts-set,Eligible,,$21.99,English,$0.04
shopify_us_7229128441953_41878470492257,Family Matching Sets - Rainbow Stripe | Dress Like Mommy Mother L / T-shirt,mommy_me,paid_eligible,us_test_ready,,,0,0,0.00,0.00,https://www.dresslikemommy.com/products/vibrant-rainbow-family-matching-outfits-striped-t-shirts-and-yellow-overalls-set-for-family-outings,vibrant-rainbow-family-matching-outfits-striped-t-shirts-and-yellow-overalls-set-for-family-outings,Eligible,,$19.99,English,$0.04
shopify_us_7229259874401_41878822322273,Family Matching T-Shirts - Heart Print | Dress Like Mommy Child 6-7 years / Green,family_matching,paid_eligible,us_test_ready,,,0,0,0.00,0.00,https://www.dresslikemommy.com/products/family-matching-t-shirt-set-with-colorful-heart-brushstroke-design,family-matching-t-shirt-set-with-colorful-heart-brushstroke-design,Eligible,,$17.99,English,$0.04
shopify_us_7229259874401_41878821273697,Family Matching T-Shirts - Heart Print | Dress Like Mommy Adult M / Pink,family_matching,paid_eligible,us_test_ready,,,0,0,0.00,0.00,https://www.dresslikemommy.com/products/family-matching-t-shirt-set-with-colorful-heart-brushstroke-design,family-matching-t-shirt-set-with-colorful-heart-brushstroke-design,Eligible,,$21.99,English,$0.04
shopify_us_7227379023969_41871522300001,Family Matching Sets - Blue | Dress Like Mommy Mother M / blue,mommy_me,paid_eligible,us_test_ready,,,114,1,0.01,0.00,https://www.dresslikemommy.com/products/elegant-matching-family-outfits-light-blue-halter-dresses-casual-t-shirt-set-for-summer,elegant-matching-family-outfits-light-blue-halter-dresses-casual-t-shirt-set-for-summer,Eligible,,$29.99,English,$0.04
shopify_us_7229026304097_41878208315489,Mommy and Me Maxi Dresses - Floral Print | Dress Like Mommy Child 4 years / Multi Color,mommy_me,paid_eligible,us_test_ready,,,14,0,0.00,0.00,https://www.dresslikemommy.com/products/elegant-floral-off-shoulder-mommy-and-me-dress-set-perfect-for-summer-outings,elegant-floral-off-shoulder-mommy-and-me-dress-set-perfect-for-summer-outings,Eligible,,$22.99,English,$0.04
shopify_us_7228788867169_41877295530081,Mommy and Me Pajama Sets - Cartoon Print | Dress Like Mommy Mother XL / Pink,pajamas,paid_eligible,us_test_ready,,,1,0,0.00,0.00,https://www.dresslikemommy.com/products/cute-matching-mom-and-daughter-cartoon-pajama-set-fun-and-cozy-sleepwear,cute-matching-mom-and-daughter-cartoon-pajama-set-fun-and-cozy-sleepwear,Eligible,,$27.99,English,$0.04
shopify_us_7227270791265_41871165194337,Mommy and Me Sundresses - Floral Print | Dress Like Mommy Child 8-9 Years / Purple,mommy_me,paid_eligible,us_test_ready,,,0,0,0.00,0.00,https://www.dresslikemommy.com/products/matching-mommy-me-smocked-sundresses-vibrant-floral-and-patterned-summer-dresses,matching-mommy-me-smocked-sundresses-vibrant-floral-and-patterned-summer-dresses,Eligible,,$27.07,English,$0.04
shopify_us_7109123670113_41497082626145,Mommy and Me Tankinis - Animal Print | Dress Like Mommy Adult XL / Black,swimsuits,paid_eligible,us_test_ready,,,0,0,0.00,0.00,https://www.dresslikemommy.com/products/modern-cow-print-tankini-swimsuit-set-for-mother-and-daughter-stylish-high-waisted-swimwear-with-ruffle-detail,modern-cow-print-tankini-swimsuit-set-for-mother-and-daughter-stylish-high-waisted-swimwear-with-ruffle-detail,Eligible,,$16.99,English,$0.04
shopify_us_7227270791265_41871164473441,Mommy and Me Sundresses - Floral Print | Dress Like Mommy Child 1-2 Years / Brown,mommy_me,paid_eligible,us_test_ready,,,0,0,0.00,0.00,https://www.dresslikemommy.com/products/matching-mommy-me-smocked-sundresses-vibrant-floral-and-patterned-summer-dresses,matching-mommy-me-smocked-sundresses-vibrant-floral-and-patterned-summer-dresses,Eligible,,$24.75,English,$0.04
shopify_us_7229259874401_41878820356193,Family Matching T-Shirts - Heart Print | Dress Like Mommy Adult XL / Red,family_matching,paid_eligible,us_test_ready,,,0,0,0.00,0.00,https://www.dresslikemommy.com/products/family-matching-t-shirt-set-with-colorful-heart-brushstroke-design,family-matching-t-shirt-set-with-colorful-heart-brushstroke-design,Eligible,,$21.99,English,$0.04
shopify_us_7109267947617_41497323634785,Mommy and Me One-Piece Swimsuits - Color Block | Dress Like Mommy Mother S / Black,swimsuits,paid_eligible,us_test_ready,,,0,0,0.00,0.00,https://www.dresslikemommy.com/products/chic-color-block-one-piece-swimsuit-for-mother-daughter-vibrant-sleek-beachwear,chic-color-block-one-piece-swimsuit-for-mother-daughter-vibrant-sleek-beachwear,Eligible,,$16.99,English,$0.04
shopify_us_7229130342497_41878478258273,Family Matching Sets - Pink Blue Ombre | Dress Like Mommy Child 7-8 Years / Multi Color,family_matching,paid_eligible,us_test_ready,,,0,0,0.00,0.00,https://www.dresslikemommy.com/products/gradient-ombre-family-matching-outfits-pink-blue-t-shirts-with-white-shorts-set,gradient-ombre-family-matching-outfits-pink-blue-t-shirts-with-white-shorts-set,Eligible,,$14.99,English,$0.04
shopify_us_7109122097249_41497077121121,Mommy and Me Swimsuits - One Shoulder | Dress Like Mommy Mother S / Pink,swimsuits,paid_eligible,us_test_ready,,,0,0,0.00,0.00,https://www.dresslikemommy.com/products/chic-floral-ruffle-one-shoulder-swimsuit-for-women-and-girls-elegant-asymmetrical-swimwear-set-in-vibrant-tropics-print,chic-floral-ruffle-one-shoulder-swimsuit-for-women-and-girls-elegant-asymmetrical-swimwear-set-in-vibrant-tropics-print,Not eligible,Over capacity for Shopping ads (outside of CSS program),$16.99,English,$0.04
shopify_us_7108996530273_41496660213857,Mommy and Me Swimsuits - Red Floral Print | Dress Like Mommy Mother L / Red,swimsuits,paid_eligible,us_test_ready,,,0,0,0.00,0.00,https://www.dresslikemommy.com/products/elegant-tropical-high-waisted-swimsuit-set-for-mother-and-daughter-radiant-red-halter-neck-design,elegant-tropical-high-waisted-swimsuit-set-for-mother-and-daughter-radiant-red-halter-neck-design,Eligible,,$17.99,English,$0.04
shopify_us_7110362136673_41500560949345,Daddy and Me Swim Trunks - Red Green Tropical Print | Dress Like Mommy Child 2-3 years / Photo Color,daddy_me,paid_eligible,us_test_ready,,,0,0,0.00,0.00,https://www.dresslikemommy.com/products/father-and-son-matching-swim-trunks-tropical-paradise-red-and-green-print,father-and-son-matching-swim-trunks-tropical-paradise-red-and-green-print,Eligible,,$14.99,English,$0.04
shopify_us_7108141383777_41493944041569,Mommy and Me Midi Dresses - Ruffle Sleeve | Dress Like Mommy Child 7-8 years / Champagne,mommy_me,paid_eligible,us_test_ready,,,0,0,0.00,0.00,https://www.dresslikemommy.com/products/elegant-mother-daughter-matching-summer-dress-ruffled-layered-chiffon-with-sequin-embellishments,elegant-mother-daughter-matching-summer-dress-ruffled-layered-chiffon-with-sequin-embellishments,Eligible,,$23.99,English,$0.04
shopify_us_7109292130401_41497361317985,Family Matching Bikini Sets - One-Piece | Dress Like Mommy Mother L / Red,swimsuits,paid_eligible,us_test_ready,,,0,0,0.00,0.00,https://www.dresslikemommy.com/products/chic-mother-daughter-two-piece-swimsuit-family-matching-swimwear-in-vibrant-colors,chic-mother-daughter-two-piece-swimsuit-family-matching-swimwear-in-vibrant-colors,Eligible,,$16.99,English,$0.04
shopify_us_7109267947617_41497324486753,Mommy and Me One-Piece Swimsuits - Color Block | Dress Like Mommy Child 4-5 years / Brown,swimsuits,paid_eligible,us_test_ready,,,0,0,0.00,0.00,https://www.dresslikemommy.com/products/chic-color-block-one-piece-swimsuit-for-mother-daughter-vibrant-sleek-beachwear,chic-color-block-one-piece-swimsuit-for-mother-daughter-vibrant-sleek-beachwear,Eligible,,$14.99,English,$0.04
shopify_us_7110363775073_41500564848737,Daddy and Me Swim Trunks - Blue White | Dress Like Mommy Father 2XL / Photo Color,daddy_me,paid_eligible,us_test_ready,,,0,0,0.00,0.00,https://www.dresslikemommy.com/products/father-and-son-matching-swim-trunks-elegant-blue-and-white-paisley-design-quick-dry-beachwear,father-and-son-matching-swim-trunks-elegant-blue-and-white-paisley-design-quick-dry-beachwear,Eligible,,$15.99,English,$0.04
shopify_us_7109443256417_41497808502881,Family Matching One-Piece Swimsuits - One-Piece | Dress Like Mommy Mother XL / Orange,swimsuits,paid_eligible,us_test_ready,,,0,0,0.00,0.00,https://www.dresslikemommy.com/products/mommy-me-vibrant-duo-tone-one-piece-swimsuit-with-ring-accent-family-matching-swimwear-collection,mommy-me-vibrant-duo-tone-one-piece-swimsuit-with-ring-accent-family-matching-swimwear-collection,Eligible,,$16.99,English,$0.04
shopify_us_7229128441953_41878470951009,Family Matching Sets - Rainbow Stripe | Dress Like Mommy Boy 13-14 years / Short,family_matching,paid_eligible,us_test_ready,,,0,0,0.00,0.00,https://www.dresslikemommy.com/products/vibrant-rainbow-family-matching-outfits-striped-t-shirts-and-yellow-overalls-set-for-family-outings,vibrant-rainbow-family-matching-outfits-striped-t-shirts-and-yellow-overalls-set-for-family-outings,Eligible,,$17.99,English,$0.04
shopify_us_7108938039393_41496456331361,Mommy and Me Swimsuits - One Shoulder | Dress Like Mommy Child 6-8 years / Red,swimsuits,paid_eligible,us_test_ready,,,0,0,0.00,0.00,https://www.dresslikemommy.com/products/chic-one-shoulder-striped-ruffle-swimsuit-for-women-and-girls-elegant-monokini-with-side-tie,chic-one-shoulder-striped-ruffle-swimsuit-for-women-and-girls-elegant-monokini-with-side-tie,Eligible,,$16.99,English,$0.04
shopify_us_7109454135393_41497849692257,Family Matching Bikini Sets - Blue Green Floral | Dress Like Mommy Mother M / black,swimsuits,paid_eligible,us_test_ready,,,0,0,0.00,0.00,https://www.dresslikemommy.com/products/chic-two-piece-swimsuit-with-skirt-family-matching-swimwear-for-mother-and-daughter-available-in-blue-green-black,chic-two-piece-swimsuit-with-skirt-family-matching-swimwear-for-mother-and-daughter-available-in-blue-green-black,Eligible,,$16.99,English,$0.04
shopify_us_7108996530273_41496660377697,Mommy and Me Swimsuits - Red Floral Print | Dress Like Mommy Child 6-8 years / Red,swimsuits,paid_eligible,us_test_ready,,,0,0,0.00,0.00,https://www.dresslikemommy.com/products/elegant-tropical-high-waisted-swimsuit-set-for-mother-and-daughter-radiant-red-halter-neck-design,elegant-tropical-high-waisted-swimsuit-set-for-mother-and-daughter-radiant-red-halter-neck-design,Eligible,,$15.99,English,$0.04
shopify_us_7110368919649_41500577628257,Family Matching Swim Trunks - Matching Style | Dress Like Mommy Child 6-8 years / Orange,daddy_me,paid_eligible,us_test_ready,,,0,0,0.00,0.00,https://www.dresslikemommy.com/products/dynamic-duo-father-and-son-matching-swim-trunks-family-beachwear-set,dynamic-duo-father-and-son-matching-swim-trunks-family-beachwear-set,Eligible,,$14.99,English,$0.04
shopify_us_7227356282977_41871478816865,Mommy and Me Maxi Dresses - Watercolor | Dress Like Mommy Child 5-6 Years / Multi Color,mommy_me,paid_eligible,us_test_ready,,,0,0,0.00,0.00,https://www.dresslikemommy.com/products/matching-mommy-me-colorful-watercolor-maxi-dresses-sleeveless-summer-dress,matching-mommy-me-colorful-watercolor-maxi-dresses-sleeveless-summer-dress,Eligible,,$23.99,English,$0.04
shopify_us_7229259874401_41878820094049,Family Matching T-Shirts - Heart Print | Dress Like Mommy Child 4-5 years / Red,family_matching,paid_eligible,us_test_ready,,,0,0,0.00,0.00,https://www.dresslikemommy.com/products/family-matching-t-shirt-set-with-colorful-heart-brushstroke-design,family-matching-t-shirt-set-with-colorful-heart-brushstroke-design,Eligible,,$17.99,English,$0.04
shopify_us_7227378925665_41871521054817,Family Matching Sets - Tropical Print | Dress Like Mommy Boy 4-5 Years / Red,swimsuits,paid_eligible,us_test_ready,,,0,0,0.00,0.00,https://www.dresslikemommy.com/products/tropical-matching-family-beach-outfits-colorful-leaf-print-summer-dresses-shorts-set,tropical-matching-family-beach-outfits-colorful-leaf-print-summer-dresses-shorts-set,Eligible,,$21.99,English,$0.04
shopify_us_7229128441953_41878470885473,Family Matching Sets - Rainbow Stripe | Dress Like Mommy Boy 9-10 years / Short,family_matching,paid_eligible,us_test_ready,,,0,0,0.00,0.00,https://www.dresslikemommy.com/products/vibrant-rainbow-family-matching-outfits-striped-t-shirts-and-yellow-overalls-set-for-family-outings,vibrant-rainbow-family-matching-outfits-striped-t-shirts-and-yellow-overalls-set-for-family-outings,Eligible,,$17.99,English,$0.04
shopify_us_7229259874401_41878820651105,Family Matching T-Shirts - Heart Print | Dress Like Mommy Child 6-7 years / Black,family_matching,paid_eligible,us_test_ready,,,0,0,0.00,0.00,https://www.dresslikemommy.com/products/family-matching-t-shirt-set-with-colorful-heart-brushstroke-design,family-matching-t-shirt-set-with-colorful-heart-brushstroke-design,Eligible,,$17.99,English,$0.04
shopify_us_7227436367969_41871769862241,Family Matching Sets - Cream | Dress Like Mommy Child 3-4 Years / White,mommy_me,paid_eligible,us_test_ready,,,0,0,0.00,0.00,https://www.dresslikemommy.com/products/matching-star-knit-sweater-dress-cozy-cream-family-outfit-for-mom-and-daughter,matching-star-knit-sweater-dress-cozy-cream-family-outfit-for-mom-and-daughter,Eligible,,$27.99,English,$0.04
shopify_us_7108988764257_41496634785889,Mommy and Me One-Piece Swimsuits - Floral Print | Dress Like Mommy Child 6-8 years / Blue,swimsuits,paid_eligible,us_test_ready,,,0,0,0.00,0.00,https://www.dresslikemommy.com/products/elegant-blue-and-white-floral-one-piece-swimsuit-timeless-style-for-mother-and-daughter,elegant-blue-and-white-floral-one-piece-swimsuit-timeless-style-for-mother-and-daughter,Eligible,,$15.99,English,$0.04
shopify_us_7227436367969_41871769993313,Family Matching Sets - Cream | Dress Like Mommy Child 7-8 Years / White,mommy_me,paid_eligible,us_test_ready,,,0,0,0.00,0.00,https://www.dresslikemommy.com/products/matching-star-knit-sweater-dress-cozy-cream-family-outfit-for-mom-and-daughter,matching-star-knit-sweater-dress-cozy-cream-family-outfit-for-mom-and-daughter,Eligible,,$27.99,English,$0.04
shopify_us_7108125753441_41493913763937,Mommy and Me Matching Sets - Matching Style | Dress Like Mommy Mother XL / Pink,mommy_me,paid_eligible,us_test_ready,,,0,0,0.00,0.00,https://www.dresslikemommy.com/products/elegant-chiffon-sleeveless-dress-with-sequin-detail-mother-and-daughter-matching-outfits,elegant-chiffon-sleeveless-dress-with-sequin-detail-mother-and-daughter-matching-outfits,Eligible,,$29.99,English,$0.04
shopify_us_7227270299745_41871161524321,Mommy and Me Maxi Dresses - Floral Print | Dress Like Mommy Mother M / white,mommy_me,paid_eligible,us_test_ready,,,0,0,0.00,0.00,https://www.dresslikemommy.com/products/matching-mommy-me-sunflower-maxi-dresses-sleeveless-floral-print-summer-dress,matching-mommy-me-sunflower-maxi-dresses-sleeveless-floral-print-summer-dress,Eligible,,$31.50,English,$0.04
shopify_us_7229128441953_41878470557793,Family Matching Sets - Rainbow Stripe | Dress Like Mommy Mother 2XL / T-shirt,mommy_me,paid_eligible,us_test_ready,,,0,0,0.00,0.00,https://www.dresslikemommy.com/products/vibrant-rainbow-family-matching-outfits-striped-t-shirts-and-yellow-overalls-set-for-family-outings,vibrant-rainbow-family-matching-outfits-striped-t-shirts-and-yellow-overalls-set-for-family-outings,Eligible,,$19.99,English,$0.04
shopify_us_7228773466209_41877251850337,Mommy and Me Matching Sets - Black White Striped | Dress Like Mommy Girl 2-3 years / Multi Color,mommy_me,paid_eligible,us_test_ready,,,0,0,0.00,0.00,https://www.dresslikemommy.com/products/cozy-matching-black-white-striped-sweater-set-for-mom-and-daughter,cozy-matching-black-white-striped-sweater-set-for-mom-and-daughter,Not eligible,Over capacity for Shopping ads (outside of CSS program),$25.99,English,$0.04
shopify_us_7108992860257_41496647172193,Mommy and Me One-Piece Swimsuits - Striped | Dress Like Mommy Child 4-5 years / Multi-Color,swimsuits,paid_eligible,us_test_ready,,,0,0,0.00,0.00,https://www.dresslikemommy.com/products/chic-striped-one-piece-swimsuit-with-playful-ruffle-detail-a-duo-of-elegance-for-mother-daughter,chic-striped-one-piece-swimsuit-with-playful-ruffle-detail-a-duo-of-elegance-for-mother-daughter,Eligible,,$15.99,English,$0.04
shopify_us_7109472288865_41497918242913,Family Matching Swimsuits - Floral Print | Dress Like Mommy Mother M / Green,swimsuits,paid_eligible,us_test_ready,,,0,0,0.00,0.00,https://www.dresslikemommy.com/products/chic-mother-daughter-matching-swimsuit-set-with-floral-cover-up-family-beachwear-collection,chic-mother-daughter-matching-swimsuit-set-with-floral-cover-up-family-beachwear-collection,Eligible,,$16.99,English,$0.04
shopify_us_7229259874401_41878821994593,Family Matching T-Shirts - Heart Print | Dress Like Mommy Adult L / Blue,family_matching,paid_eligible,us_test_ready,,,0,0,0.00,0.00,https://www.dresslikemommy.com/products/family-matching-t-shirt-set-with-colorful-heart-brushstroke-design,family-matching-t-shirt-set-with-colorful-heart-brushstroke-design,Eligible,,$21.99,English,$0.04
shopify_us_7108988764257_41496634654817,Mommy and Me One-Piece Swimsuits - Floral Print | Dress Like Mommy Mother XL / Blue,swimsuits,paid_eligible,us_test_ready,,,0,0,0.00,0.00,https://www.dresslikemommy.com/products/elegant-blue-and-white-floral-one-piece-swimsuit-timeless-style-for-mother-and-daughter,elegant-blue-and-white-floral-one-piece-swimsuit-timeless-style-for-mother-and-daughter,Eligible,,$17.99,English,$0.04
shopify_us_7229124673633_41878467412065,Family Matching Sets - Green Floral Print | Dress Like Mommy Girl 7-8 years / Dress,family_matching,paid_eligible,us_test_ready,,,0,0,0.00,0.00,https://www.dresslikemommy.com/products/green-and-white-matching-family-outfits-stylish-floral-print-family-set-for-parents-and-kids,green-and-white-matching-family-outfits-stylish-floral-print-family-set-for-parents-and-kids,Eligible (limited),"Missing color
Missing gender",$23.99,English,$0.04
shopify_us_7110356631649_41500537847905,Family Matching Swim Trunks - Floral Print | Dress Like Mommy Father M / Multi-Color,daddy_me,paid_eligible,us_test_ready,,,0,0,0.00,0.00,https://www.dresslikemommy.com/products/father-and-son-matching-swim-trunks-tropical-floral-print-family-swimwear,father-and-son-matching-swim-trunks-tropical-floral-print-family-swimwear,Eligible,,$15.99,English,$0.04
shopify_us_7109084807265_41496962531425,Mommy and Me Swimsuits - Mermaid Scale | Dress Like Mommy Mother M / Multi-Color,swimsuits,paid_eligible,us_test_ready,,,6,0,0.00,0.00,https://www.dresslikemommy.com/products/mother-daughter-pastel-mermaid-scales-swimsuit-with-frill-detail,mother-daughter-pastel-mermaid-scales-swimsuit-with-frill-detail,Eligible,,$16.99,English,$0.04
shopify_us_7227436367969_41871769960545,Family Matching Sets - Cream | Dress Like Mommy Child 6-7 Years / White,mommy_me,paid_eligible,us_test_ready,,,6,0,0.00,0.00,https://www.dresslikemommy.com/products/matching-star-knit-sweater-dress-cozy-cream-family-outfit-for-mom-and-daughter,matching-star-knit-sweater-dress-cozy-cream-family-outfit-for-mom-and-daughter,Eligible,,$27.99,English,$0.04
shopify_us_7108953604193_41496508694625,Family Matching Swimsuits - Blue | Dress Like Mommy Child 6-8 years / Blue,swimsuits,paid_eligible,us_test_ready,,,17,0,0.00,0.00,https://www.dresslikemommy.com/products/royal-blue-high-neck-halter-swimsuit-set-with-paisley-print-bottoms-elegant-family-beachwear,royal-blue-high-neck-halter-swimsuit-set-with-paisley-print-bottoms-elegant-family-beachwear,Eligible,,$15.99,English,$0.04
shopify_us_7110363119713_41500562948193,Family Matching Swim Trunks - Animal Print | Dress Like Mommy Child 2-3 years / Photo Color,daddy_me,paid_eligible,us_test_ready,,,0,0,0.00,0.00,https://www.dresslikemommy.com/products/father-and-son-matching-swim-trunks-bold-cow-print-family-beachwear,father-and-son-matching-swim-trunks-bold-cow-print-family-beachwear,Eligible,,$14.99,English,$0.04
shopify_us_7109472288865_41497917948001,Family Matching Swimsuits - Floral Print | Dress Like Mommy Mother L / Black,swimsuits,paid_eligible,us_test_ready,,,0,0,0.00,0.00,https://www.dresslikemommy.com/products/chic-mother-daughter-matching-swimsuit-set-with-floral-cover-up-family-beachwear-collection,chic-mother-daughter-matching-swimsuit-set-with-floral-cover-up-family-beachwear-collection,Eligible,,$16.99,English,$0.04
shopify_us_7229259874401_41878819962977,Family Matching T-Shirts - Heart Print | Dress Like Mommy Adult 4XL / White,family_matching,paid_eligible,us_test_ready,,,0,0,0.00,0.00,https://www.dresslikemommy.com/products/family-matching-t-shirt-set-with-colorful-heart-brushstroke-design,family-matching-t-shirt-set-with-colorful-heart-brushstroke-design,Eligible,,$21.99,English,$0.04
shopify_us_7109298487393_41497381666913,Mommy and Me Bikini Sets - Tropical Print | Dress Like Mommy Child 8-10 years / Pink,swimsuits,paid_eligible,us_test_ready,,,0,0,0.00,0.00,https://www.dresslikemommy.com/products/chic-two-piece-swimsuit-set-ruffle-detail-top-and-high-waisted-bottoms-in-four-vibrant-colors,chic-two-piece-swimsuit-set-ruffle-detail-top-and-high-waisted-bottoms-in-four-vibrant-colors,Eligible,,$14.99,English,$0.04
shopify_us_7109481431137_41497931972705,Family Matching Swimsuits - Long Sleeve | Dress Like Mommy Child 6-8 years / Black,swimsuits,paid_eligible,us_test_ready,,,0,0,0.00,0.00,https://www.dresslikemommy.com/products/chic-family-bonding-mother-daughter-matching-swimsuit-set-with-long-sleeved-cover-up,chic-family-bonding-mother-daughter-matching-swimsuit-set-with-long-sleeved-cover-up,Eligible,,$14.99,English,$0.04
shopify_us_7229259874401_41878820421729,Family Matching T-Shirts - Heart Print | Dress Like Mommy Adult 3XL / Red,family_matching,paid_eligible,us_test_ready,,,0,0,0.00,0.00,https://www.dresslikemommy.com/products/family-matching-t-shirt-set-with-colorful-heart-brushstroke-design,family-matching-t-shirt-set-with-colorful-heart-brushstroke-design,Eligible,,$21.99,English,$0.04
shopify_us_7229124673633_41878467444833,Family Matching Sets - Green Floral Print | Dress Like Mommy Girl 9-10 years / Dress,family_matching,paid_eligible,us_test_ready,,,0,0,0.00,0.00,https://www.dresslikemommy.com/products/green-and-white-matching-family-outfits-stylish-floral-print-family-set-for-parents-and-kids,green-and-white-matching-family-outfits-stylish-floral-print-family-set-for-parents-and-kids,Not eligible,"Over capacity for Shopping ads (outside of CSS program)
Missing color
Missing gender",$23.99,English,$0.04
shopify_us_7227620982881_41872696475745,Family Matching Hoodies - Fleece | Dress Like Mommy Adult S / Striped,family_matching,paid_eligible,us_test_ready,,,0,0,0.00,0.00,https://www.dresslikemommy.com/products/matching-family-striped-fleece-hoodies-cozy-winter-pullover-for-parents-and-kids,matching-family-striped-fleece-hoodies-cozy-winter-pullover-for-parents-and-kids,Eligible,,$34.99,English,$0.04
shopify_us_7108992860257_41496647270497,Mommy and Me One-Piece Swimsuits - Striped | Dress Like Mommy Child 10-12 years / Multi-Color,swimsuits,paid_eligible,us_test_ready,,,0,0,0.00,0.00,https://www.dresslikemommy.com/products/chic-striped-one-piece-swimsuit-with-playful-ruffle-detail-a-duo-of-elegance-for-mother-daughter,chic-striped-one-piece-swimsuit-with-playful-ruffle-detail-a-duo-of-elegance-for-mother-daughter,Not eligible,Over capacity for Shopping ads (outside of CSS program),$15.99,English,$0.04
shopify_us_7229124673633_41878466953313,Family Matching Sets - Green Floral Print | Dress Like Mommy Boy 3-4 years / Shirt,family_matching,paid_eligible,us_test_ready,,,0,0,0.00,0.00,https://www.dresslikemommy.com/products/green-and-white-matching-family-outfits-stylish-floral-print-family-set-for-parents-and-kids,green-and-white-matching-family-outfits-stylish-floral-print-family-set-for-parents-and-kids,Eligible (limited),"Missing color
Missing gender",$16.99,English,$0.04
shopify_us_7227439546465_41871781036129,Family Matching Sets - Navy Floral Print | Dress Like Mommy Girl 7-8 Years / Orange,swimsuits,paid_eligible,us_test_ready,,,0,0,0.00,0.00,https://www.dresslikemommy.com/products/matching-family-tropical-floral-beach-outfits-navy-and-orange-flower-print-dresses-shirts-set,matching-family-tropical-floral-beach-outfits-navy-and-orange-flower-print-dresses-shirts-set,Eligible,,$24.99,English,$0.04
shopify_us_7229259874401_41878819831905,Family Matching T-Shirts - Heart Print | Dress Like Mommy Adult L / White,family_matching,paid_eligible,us_test_ready,,,0,0,0.00,0.00,https://www.dresslikemommy.com/products/family-matching-t-shirt-set-with-colorful-heart-brushstroke-design,family-matching-t-shirt-set-with-colorful-heart-brushstroke-design,Eligible,,$21.99,English,$0.04
shopify_us_7229259874401_41878820585569,Family Matching T-Shirts - Heart Print | Dress Like Mommy Child 4-5 years / Black,family_matching,paid_eligible,us_test_ready,,,0,0,0.00,0.00,https://www.dresslikemommy.com/products/family-matching-t-shirt-set-with-colorful-heart-brushstroke-design,family-matching-t-shirt-set-with-colorful-heart-brushstroke-design,Eligible,,$17.99,English,$0.04
shopify_us_7110362136673_41500561014881,Daddy and Me Swim Trunks - Red Green Tropical Print | Dress Like Mommy Child 4-5 years / Photo Color,daddy_me,paid_eligible,us_test_ready,,,0,0,0.00,0.00,https://www.dresslikemommy.com/products/father-and-son-matching-swim-trunks-tropical-paradise-red-and-green-print,father-and-son-matching-swim-trunks-tropical-paradise-red-and-green-print,Eligible,,$14.99,English,$0.04
shopify_us_7109298487393_41497382322273,Mommy and Me Bikini Sets - Tropical Print | Dress Like Mommy Child 8-10 years / Black,swimsuits,paid_eligible,us_test_ready,,,0,0,0.00,0.00,https://www.dresslikemommy.com/products/chic-two-piece-swimsuit-set-ruffle-detail-top-and-high-waisted-bottoms-in-four-vibrant-colors,chic-two-piece-swimsuit-set-ruffle-detail-top-and-high-waisted-bottoms-in-four-vibrant-colors,Eligible,,$14.99,English,$0.04
shopify_us_7109472288865_41497918275681,Family Matching Swimsuits - Floral Print | Dress Like Mommy Mother L / Green,swimsuits,paid_eligible,us_test_ready,,,0,0,0.00,0.00,https://www.dresslikemommy.com/products/chic-mother-daughter-matching-swimsuit-set-with-floral-cover-up-family-beachwear-collection,chic-mother-daughter-matching-swimsuit-set-with-floral-cover-up-family-beachwear-collection,Eligible,,$16.99,English,$0.04
shopify_us_7227438530657_41871777693793,Mommy and Me Maxi Dresses - Cream | Dress Like Mommy Mother L / White,swimsuits,paid_eligible,us_test_ready,,,0,0,0.00,0.00,https://www.dresslikemommy.com/products/matching-mother-and-daughter-beach-dresses-elegant-cream-chiffon-maxi-dress-set,matching-mother-and-daughter-beach-dresses-elegant-cream-chiffon-maxi-dress-set,Eligible,,$33.99,English,$0.04
shopify_us_7108948820065_41496491753569,Mommy and Me Bikini Sets - Mermaid Scale | Dress Like Mommy Child 6-8 years / Mermaid,swimsuits,paid_eligible,us_test_ready,,,0,0,0.00,0.00,https://www.dresslikemommy.com/products/enchanting-mermaid-scales-two-piece-swimsuit-set-for-mother-and-daughter-rainbow-hues-with-flirty-skirt-detail,enchanting-mermaid-scales-two-piece-swimsuit-set-for-mother-and-daughter-rainbow-hues-with-flirty-skirt-detail,Eligible,,$16.99,English,$0.04
shopify_us_7109292130401_41497361154145,Family Matching Bikini Sets - One-Piece | Dress Like Mommy Child 6-8 years / Green,swimsuits,paid_eligible,us_test_ready,,,0,0,0.00,0.00,https://www.dresslikemommy.com/products/chic-mother-daughter-two-piece-swimsuit-family-matching-swimwear-in-vibrant-colors,chic-mother-daughter-two-piece-swimsuit-family-matching-swimwear-in-vibrant-colors,Not eligible,Over capacity for Shopping ads (outside of CSS program),$14.99,English,$0.04
shopify_us_7229124673633_41878467117153,Family Matching Sets - Green Floral Print | Dress Like Mommy Boy 13-14 years / Shirt,family_matching,paid_eligible,us_test_ready,,,0,0,0.00,0.00,https://www.dresslikemommy.com/products/green-and-white-matching-family-outfits-stylish-floral-print-family-set-for-parents-and-kids,green-and-white-matching-family-outfits-stylish-floral-print-family-set-for-parents-and-kids,Eligible (limited),"Missing color
Missing gender",$16.99,English,$0.04
shopify_us_7227630649441_41872775512161,Mommy and Me Maxi Dresses - Floral Print | Dress Like Mommy Mother M / White,mommy_me,paid_eligible,us_test_ready,,,0,0,0.00,0.00,https://www.dresslikemommy.com/products/mother-daughter-matching-summer-dresses-vibrant-printed-sleeveless-maxi-dresses,mother-daughter-matching-summer-dresses-vibrant-printed-sleeveless-maxi-dresses,Eligible,,$21.99,English,$0.04
shopify_us_7227270791265_41871165882465,Mommy and Me Sundresses - Floral Print | Dress Like Mommy Mother L / Red,mommy_me,paid_eligible,us_test_ready,,,0,0,0.00,0.00,https://www.dresslikemommy.com/products/matching-mommy-me-smocked-sundresses-vibrant-floral-and-patterned-summer-dresses,matching-mommy-me-smocked-sundresses-vibrant-floral-and-patterned-summer-dresses,Eligible,,$34.81,English,$0.04
shopify_us_7228788867169_41877295464545,Mommy and Me Pajama Sets - Cartoon Print | Dress Like Mommy Mother M / Pink,pajamas,paid_eligible,us_test_ready,,,45,4,0.94,0.00,https://www.dresslikemommy.com/products/cute-matching-mom-and-daughter-cartoon-pajama-set-fun-and-cozy-sleepwear,cute-matching-mom-and-daughter-cartoon-pajama-set-fun-and-cozy-sleepwear,Eligible,,$27.99,English,$0.04
shopify_us_7229124673633_41878467149921,Family Matching Sets - Green Floral Print | Dress Like Mommy Father M / Shirt,daddy_me,paid_eligible,us_test_ready,,,2,0,0.00,0.00,https://www.dresslikemommy.com/products/green-and-white-matching-family-outfits-stylish-floral-print-family-set-for-parents-and-kids,green-and-white-matching-family-outfits-stylish-floral-print-family-set-for-parents-and-kids,Eligible (limited),"Missing color
Missing gender",$21.99,English,$0.04
shopify_us_7229128441953_41878471016545,Family Matching Sets - Rainbow Stripe | Dress Like Mommy Father L / Short,daddy_me,paid_eligible,us_test_ready,,,0,0,0.00,0.00,https://www.dresslikemommy.com/products/vibrant-rainbow-family-matching-outfits-striped-t-shirts-and-yellow-overalls-set-for-family-outings,vibrant-rainbow-family-matching-outfits-striped-t-shirts-and-yellow-overalls-set-for-family-outings,Eligible,,$19.99,English,$0.04
shopify_us_7228788867169_41877295759457,Mommy and Me Pajama Sets - Cartoon Print | Dress Like Mommy Girl 7-8 years / Yellow,pajamas,paid_eligible,us_test_ready,,,0,0,0.00,0.00,https://www.dresslikemommy.com/products/cute-matching-mom-and-daughter-cartoon-pajama-set-fun-and-cozy-sleepwear,cute-matching-mom-and-daughter-cartoon-pajama-set-fun-and-cozy-sleepwear,Not eligible,Over capacity for Shopping ads (outside of CSS program),$24.99,English,$0.04
shopify_us_7109443256417_41497809191009,Family Matching One-Piece Swimsuits - One-Piece | Dress Like Mommy Child 2-3T / Green,swimsuits,paid_eligible,us_test_ready,,,0,0,0.00,0.00,https://www.dresslikemommy.com/products/mommy-me-vibrant-duo-tone-one-piece-swimsuit-with-ring-accent-family-matching-swimwear-collection,mommy-me-vibrant-duo-tone-one-piece-swimsuit-with-ring-accent-family-matching-swimwear-collection,Eligible,,$14.99,English,$0.04
shopify_us_7229259874401_41878821503073,Family Matching T-Shirts - Heart Print | Dress Like Mommy Adult S / Purple,family_matching,paid_eligible,us_test_ready,,,0,0,0.00,0.00,https://www.dresslikemommy.com/products/family-matching-t-shirt-set-with-colorful-heart-brushstroke-design,family-matching-t-shirt-set-with-colorful-heart-brushstroke-design,Eligible,,$21.99,English,$0.04
shopify_us_7227624554593_41872740188257,Family Matching Shirts - Matching Style | Dress Like Mommy Adult M / Blue,family_matching,paid_eligible,us_test_ready,,,0,0,0.00,0.00,https://www.dresslikemommy.com/products/matching-family-denim-button-up-shirts-casual-unisex-jean-jackets-for-parents-and-kids,matching-family-denim-button-up-shirts-casual-unisex-jean-jackets-for-parents-and-kids,Eligible,,$29.99,English,$0.04
shopify_us_7229259874401_41878821175393,Family Matching T-Shirts - Heart Print | Dress Like Mommy Child 7-8 years / Pink,family_matching,paid_eligible,us_test_ready,,,0,0,0.00,0.00,https://www.dresslikemommy.com/products/family-matching-t-shirt-set-with-colorful-heart-brushstroke-design,family-matching-t-shirt-set-with-colorful-heart-brushstroke-design,Eligible,,$17.99,English,$0.04
shopify_us_7108071063649_41493807431777,Mommy and Me Black Ruffle Dresses | Dress Like Mommy Child 9-10 Years / Black,mommy_me,paid_eligible,us_test_ready,,,0,0,0.00,0.00,https://www.dresslikemommy.com/products/elegant-black-ruffle-dress-chic-sleeveless-layered-dress-for-mother-and-daughter-perfect-for-parties-and-events,elegant-black-ruffle-dress-chic-sleeveless-layered-dress-for-mother-and-daughter-perfect-for-parties-and-events,Eligible,,$19.99,English,$0.04
shopify_us_7229124673633_41878467805281,Family Matching Sets - Green Floral Print | Dress Like Mommy Boy 7-8 years / Short,family_matching,paid_eligible,us_test_ready,,,0,0,0.00,0.00,https://www.dresslikemommy.com/products/green-and-white-matching-family-outfits-stylish-floral-print-family-set-for-parents-and-kids,green-and-white-matching-family-outfits-stylish-floral-print-family-set-for-parents-and-kids,Eligible (limited),"Missing color
Missing gender",$14.99,English,$0.04
shopify_us_7229259874401_41878821666913,Family Matching T-Shirts - Heart Print | Dress Like Mommy Adult 5XL / Purple,family_matching,paid_eligible,us_test_ready,,,0,0,0.00,0.00,https://www.dresslikemommy.com/products/family-matching-t-shirt-set-with-colorful-heart-brushstroke-design,family-matching-t-shirt-set-with-colorful-heart-brushstroke-design,Eligible,,$21.99,English,$0.04
shopify_us_7229124673633_41878467051617,Family Matching Sets - Green Floral Print | Dress Like Mommy Boy 9-10 years / Shirt,family_matching,paid_eligible,us_test_ready,,,0,0,0.00,0.00,https://www.dresslikemommy.com/products/green-and-white-matching-family-outfits-stylish-floral-print-family-set-for-parents-and-kids,green-and-white-matching-family-outfits-stylish-floral-print-family-set-for-parents-and-kids,Eligible (limited),"Missing color
Missing gender",$16.99,English,$0.04
shopify_us_7227436367969_41871770157153,Family Matching Sets - Cream | Dress Like Mommy Mother XL / White,mommy_me,paid_eligible,us_test_ready,,,0,0,0.00,0.00,https://www.dresslikemommy.com/products/matching-star-knit-sweater-dress-cozy-cream-family-outfit-for-mom-and-daughter,matching-star-knit-sweater-dress-cozy-cream-family-outfit-for-mom-and-daughter,Eligible,,$33.99,English,$0.04
shopify_us_7109123670113_41497082527841,Mommy and Me Tankinis - Animal Print | Dress Like Mommy Adult S / Black,swimsuits,paid_eligible,us_test_ready,,,0,0,0.00,0.00,https://www.dresslikemommy.com/products/modern-cow-print-tankini-swimsuit-set-for-mother-and-daughter-stylish-high-waisted-swimwear-with-ruffle-detail,modern-cow-print-tankini-swimsuit-set-for-mother-and-daughter-stylish-high-waisted-swimwear-with-ruffle-detail,Eligible,,$16.99,English,$0.04
shopify_us_7227270791265_41871166341217,Mommy and Me Sundresses - Floral Print | Dress Like Mommy Child 6-7 Years / Pink,mommy_me,paid_eligible,us_test_ready,,,0,0,0.00,0.00,https://www.dresslikemommy.com/products/matching-mommy-me-smocked-sundresses-vibrant-floral-and-patterned-summer-dresses,matching-mommy-me-smocked-sundresses-vibrant-floral-and-patterned-summer-dresses,Eligible,,$27.07,English,$0.04
shopify_us_7227434958945_41871763865697,Mommy and Me Cardigans - Cream Black Heart Print | Dress Like Mommy Child 6-7 Years / Beige,mommy_me,paid_eligible,us_test_ready,,,0,0,0.00,0.00,https://www.dresslikemommy.com/products/matching-mother-and-daughter-heart-knit-cardigans-cream-and-black-sweaters-for-mommy-me,matching-mother-and-daughter-heart-knit-cardigans-cream-and-black-sweaters-for-mommy-me,Eligible,,$24.99,English,$0.04
shopify_us_7510790996065_43768833998945,Family Matching Swim Trunks - Green Striped | Dress Like Mommy Father L / White,daddy_me,paid_eligible,us_test_ready,,,0,0,0.00,0.00,https://www.dresslikemommy.com/products/matching-dad-and-son-green-stripe-swim-trunks-beach-shorts,matching-dad-and-son-green-stripe-swim-trunks-beach-shorts,Eligible,,$15.99,English,$0.04
shopify_us_7109123670113_41497082560609,Mommy and Me Tankinis - Animal Print | Dress Like Mommy Adult M / Black,swimsuits,paid_eligible,us_test_ready,,,0,0,0.00,0.00,https://www.dresslikemommy.com/products/modern-cow-print-tankini-swimsuit-set-for-mother-and-daughter-stylish-high-waisted-swimwear-with-ruffle-detail,modern-cow-print-tankini-swimsuit-set-for-mother-and-daughter-stylish-high-waisted-swimwear-with-ruffle-detail,Eligible,,$16.99,English,$0.04
shopify_us_7108998987873_41496666800225,Family Matching Swimsuits - One Shoulder | Dress Like Mommy Child 2-3 years / Multi-Color,swimsuits,paid_eligible,us_test_ready,,,0,0,0.00,0.00,https://www.dresslikemommy.com/products/tropical-one-shoulder-ruffle-swimsuit-for-women-and-girls-vibrant-floral-print-asymmetrical-design-family-matching-swimwear,tropical-one-shoulder-ruffle-swimsuit-for-women-and-girls-vibrant-floral-print-asymmetrical-design-family-matching-swimwear,Eligible,,$16.99,English,$0.04
shopify_us_7227379023969_41871522234465,Family Matching Sets - Blue | Dress Like Mommy Boy 9-10 Years / blue,family_matching,paid_eligible,us_test_ready,,,2,0,0.00,0.00,https://www.dresslikemommy.com/products/elegant-matching-family-outfits-light-blue-halter-dresses-casual-t-shirt-set-for-summer,elegant-matching-family-outfits-light-blue-halter-dresses-casual-t-shirt-set-for-summer,Eligible,,$21.99,English,$0.04
shopify_us_7229128441953_41878471409761,Family Matching Sets - Rainbow Stripe | Dress Like Mommy Mother M / Overall,mommy_me,paid_eligible,us_test_ready,,,21,0,0.00,0.00,https://www.dresslikemommy.com/products/vibrant-rainbow-family-matching-outfits-striped-t-shirts-and-yellow-overalls-set-for-family-outings,vibrant-rainbow-family-matching-outfits-striped-t-shirts-and-yellow-overalls-set-for-family-outings,Eligible,,$26.99,English,$0.04
shopify_us_7110361874529_41500560359521,Daddy and Me Swim Trunks - Blue Yellow | Dress Like Mommy Child 8-10 years / Main color,daddy_me,paid_eligible,us_test_ready,,,14,0,0.00,0.00,https://www.dresslikemommy.com/products/father-and-son-matching-swim-trunks-classic-paisley-pattern-in-blue-and-yellow,father-and-son-matching-swim-trunks-classic-paisley-pattern-in-blue-and-yellow,Eligible,,$14.99,English,$0.04
shopify_us_7227630649441_41872775905377,Mommy and Me Maxi Dresses - Floral Print | Dress Like Mommy Mother XL / Yellow,mommy_me,paid_eligible,us_test_ready,,,43,0,0.00,0.00,https://www.dresslikemommy.com/products/mother-daughter-matching-summer-dresses-vibrant-printed-sleeveless-maxi-dresses,mother-daughter-matching-summer-dresses-vibrant-printed-sleeveless-maxi-dresses,Eligible,,$21.99,English,$0.04
shopify_us_7227270791265_41871165784161,Mommy and Me Sundresses - Floral Print | Dress Like Mommy Child 8-9 Years / Red,mommy_me,paid_eligible,us_test_ready,,,0,0,0.00,0.00,https://www.dresslikemommy.com/products/matching-mommy-me-smocked-sundresses-vibrant-floral-and-patterned-summer-dresses,matching-mommy-me-smocked-sundresses-vibrant-floral-and-patterned-summer-dresses,Eligible,,$27.07,English,$0.04
shopify_us_7109292130401_41497360564321,Family Matching Bikini Sets - One-Piece | Dress Like Mommy Child 10-12 years / Orange,swimsuits,paid_eligible,us_test_ready,,,0,0,0.00,0.00,https://www.dresslikemommy.com/products/chic-mother-daughter-two-piece-swimsuit-family-matching-swimwear-in-vibrant-colors,chic-mother-daughter-two-piece-swimsuit-family-matching-swimwear-in-vibrant-colors,Eligible,,$14.99,English,$0.04
shopify_us_7227252670561_41871110471777,Mommy and Me Maxi Dresses - Pink | Dress Like Mommy Mother M / Pink,mommy_me,paid_eligible,us_test_ready,,,0,0,0.00,0.00,https://www.dresslikemommy.com/products/mommy-and-me-matching-pink-sleeveless-summer-dress-elegant-sundress-for-mother-daughter,mommy-and-me-matching-pink-sleeveless-summer-dress-elegant-sundress-for-mother-daughter,Eligible,,$39.38,English,$0.04
shopify_us_7510791159905_43768835866721,Family Matching Swim Trunks - Pink Black Christmas | Dress Like Mommy Child 4-5 years / Black,daddy_me,paid_eligible,us_test_ready,,,0,0,0.00,0.00,https://www.dresslikemommy.com/products/matching-dad-and-son-pink-black-color-block-swim-shorts,matching-dad-and-son-pink-black-color-block-swim-shorts,Eligible,,$14.99,English,$0.04
shopify_us_7227624554593_41872740286561,Family Matching Shirts - Matching Style | Dress Like Mommy Adult 2XL / Blue,family_matching,paid_eligible,us_test_ready,,,0,0,0.00,0.00,https://www.dresslikemommy.com/products/matching-family-denim-button-up-shirts-casual-unisex-jean-jackets-for-parents-and-kids,matching-family-denim-button-up-shirts-casual-unisex-jean-jackets-for-parents-and-kids,Eligible,,$29.99,English,$0.04
shopify_us_7110361874529_41500560326753,Daddy and Me Swim Trunks - Blue Yellow | Dress Like Mommy Child 6-8 years / Main color,daddy_me,paid_eligible,us_test_ready,,,0,0,0.00,0.00,https://www.dresslikemommy.com/products/father-and-son-matching-swim-trunks-classic-paisley-pattern-in-blue-and-yellow,father-and-son-matching-swim-trunks-classic-paisley-pattern-in-blue-and-yellow,Eligible,,$14.99,English,$0.04
shopify_us_7227434958945_41871764029537,Mommy and Me Cardigans - Cream Black Heart Print | Dress Like Mommy Mother L / Beige,mommy_me,paid_eligible,us_test_ready,,,0,0,0.00,0.00,https://www.dresslikemommy.com/products/matching-mother-and-daughter-heart-knit-cardigans-cream-and-black-sweaters-for-mommy-me,matching-mother-and-daughter-heart-knit-cardigans-cream-and-black-sweaters-for-mommy-me,Eligible,,$32.99,English,$0.04
shopify_us_7109481431137_41497930891361,Family Matching Swimsuits - Long Sleeve | Dress Like Mommy Mother XL / Green,swimsuits,paid_eligible,us_test_ready,,,0,0,0.00,0.00,https://www.dresslikemommy.com/products/chic-family-bonding-mother-daughter-matching-swimsuit-set-with-long-sleeved-cover-up,chic-family-bonding-mother-daughter-matching-swimsuit-set-with-long-sleeved-cover-up,Eligible,,$16.99,English,$0.04
shopify_us_7109072257121_41496915574881,Mommy and Me Swimsuits - Floral Print | Dress Like Mommy Mother L / Black,swimsuits,paid_eligible,us_test_ready,,,0,0,0.00,0.00,https://www.dresslikemommy.com/products/chic-tropical-floral-high-neck-swimsuit-set-for-women-and-girls-zippered-sleeveless-quick-dry-swimwear,chic-tropical-floral-high-neck-swimsuit-set-for-women-and-girls-zippered-sleeveless-quick-dry-swimwear,Eligible,,$16.99,English,$0.04
shopify_us_7110363119713_41500562817121,Family Matching Swim Trunks - Animal Print | Dress Like Mommy Father M / Photo Color,daddy_me,paid_eligible,us_test_ready,,,0,0,0.00,0.00,https://www.dresslikemommy.com/products/father-and-son-matching-swim-trunks-bold-cow-print-family-beachwear,father-and-son-matching-swim-trunks-bold-cow-print-family-beachwear,Eligible,,$15.99,English,$0.04
shopify_us_7109472288865_41497917915233,Family Matching Swimsuits - Floral Print | Dress Like Mommy Mother M / Black,swimsuits,paid_eligible,us_test_ready,,,0,0,0.00,0.00,https://www.dresslikemommy.com/products/chic-mother-daughter-matching-swimsuit-set-with-floral-cover-up-family-beachwear-collection,chic-mother-daughter-matching-swimsuit-set-with-floral-cover-up-family-beachwear-collection,Eligible,,$16.99,English,$0.04
shopify_us_7109267947617_41497323733089,Mommy and Me One-Piece Swimsuits - Color Block | Dress Like Mommy Mother XL / Black,swimsuits,paid_eligible,us_test_ready,,,0,0,0.00,0.00,https://www.dresslikemommy.com/products/chic-color-block-one-piece-swimsuit-for-mother-daughter-vibrant-sleek-beachwear,chic-color-block-one-piece-swimsuit-for-mother-daughter-vibrant-sleek-beachwear,Eligible,,$16.99,English,$0.04
shopify_us_7227439546465_41871781101665,Family Matching Sets - Navy Floral Print | Dress Like Mommy Mother S / Orange,swimsuits,paid_eligible,us_test_ready,,,0,0,0.00,0.00,https://www.dresslikemommy.com/products/matching-family-tropical-floral-beach-outfits-navy-and-orange-flower-print-dresses-shirts-set,matching-family-tropical-floral-beach-outfits-navy-and-orange-flower-print-dresses-shirts-set,Eligible,,$29.99,English,$0.04
shopify_us_7227630649441_41872775315553,Mommy and Me Maxi Dresses - Floral Print | Dress Like Mommy Child 5-6 Years / White,mommy_me,paid_eligible,us_test_ready,,,0,0,0.00,0.00,https://www.dresslikemommy.com/products/mother-daughter-matching-summer-dresses-vibrant-printed-sleeveless-maxi-dresses,mother-daughter-matching-summer-dresses-vibrant-printed-sleeveless-maxi-dresses,Eligible,,$16.99,English,$0.04
shopify_us_7510791258209_43768836358241,Daddy and Me Swim Trunks - Pink Orange Chevron | Dress Like Mommy Father M / Pink,daddy_me,paid_eligible,us_test_ready,,,1,0,0.00,0.00,https://www.dresslikemommy.com/products/matching-dad-and-son-pink-orange-chevron-swim-trunks,matching-dad-and-son-pink-orange-chevron-swim-trunks,Eligible,,$15.99,English,$0.04
shopify_us_7109481431137_41497931251809,Family Matching Swimsuits - Long Sleeve | Dress Like Mommy Child 2-3 years / Orange,swimsuits,paid_eligible,us_test_ready,,,15,0,0.00,0.00,https://www.dresslikemommy.com/products/chic-family-bonding-mother-daughter-matching-swimsuit-set-with-long-sleeved-cover-up,chic-family-bonding-mother-daughter-matching-swimsuit-set-with-long-sleeved-cover-up,Eligible,,$14.99,English,$0.04
shopify_us_7229026304097_41878208249953,Mommy and Me Maxi Dresses - Floral Print | Dress Like Mommy Child 1 years / Multi Color,mommy_me,paid_eligible,us_test_ready,,,1,0,0.00,0.00,https://www.dresslikemommy.com/products/elegant-floral-off-shoulder-mommy-and-me-dress-set-perfect-for-summer-outings,elegant-floral-off-shoulder-mommy-and-me-dress-set-perfect-for-summer-outings,Eligible,,$22.99,English,$0.04
shopify_us_7107978395745_41493653225569,Mommy and Me Maxi Dresses - Blue | Dress Like Mommy Mother L / Blue,mommy_me,paid_eligible,us_test_ready,,,27,0,0.00,0.00,https://www.dresslikemommy.com/products/mommy-and-me-matching-light-blue-halter-neck-tiered-dresses,mommy-and-me-matching-light-blue-halter-neck-tiered-dresses,Eligible,,$29.99,English,$0.04
shopify_us_7227375714401_41871507193953,Family Matching Sets - Yellow Tropical Print | Dress Like Mommy Mother M / yellow,swimsuits,paid_eligible,us_test_ready,,,82,3,0.51,0.00,https://www.dresslikemommy.com/products/matching-family-yellow-beach-outfits-summer-vacation-dresses-shorts-set,matching-family-yellow-beach-outfits-summer-vacation-dresses-shorts-set,Eligible,,$44.44,English,$0.04
shopify_us_7227378925665_41871521022049,Family Matching Sets - Tropical Print | Dress Like Mommy Boy 3-4 Years / Red,swimsuits,paid_eligible,us_test_ready,,,0,0,0.00,0.00,https://www.dresslikemommy.com/products/tropical-matching-family-beach-outfits-colorful-leaf-print-summer-dresses-shorts-set,tropical-matching-family-beach-outfits-colorful-leaf-print-summer-dresses-shorts-set,Eligible,,$21.99,English,$0.04
shopify_us_7227252670561_41871110275169,Mommy and Me Maxi Dresses - Pink | Dress Like Mommy Child 3-4 Years / Pink,mommy_me,paid_eligible,us_test_ready,,,0,0,0.00,0.00,https://www.dresslikemommy.com/products/mommy-and-me-matching-pink-sleeveless-summer-dress-elegant-sundress-for-mother-daughter,mommy-and-me-matching-pink-sleeveless-summer-dress-elegant-sundress-for-mother-daughter,Eligible,,$30.24,English,$0.04
shopify_us_7108141383777_41493943976033,Mommy and Me Midi Dresses - Ruffle Sleeve | Dress Like Mommy Child 6-7 years / Champagne,mommy_me,paid_eligible,us_test_ready,,,0,0,0.00,0.00,https://www.dresslikemommy.com/products/elegant-mother-daughter-matching-summer-dress-ruffled-layered-chiffon-with-sequin-embellishments,elegant-mother-daughter-matching-summer-dress-ruffled-layered-chiffon-with-sequin-embellishments,Eligible,,$23.99,English,$0.04
shopify_us_7108045897825_41493760049249,Mommy and Me Midi Dresses - Silver | Dress Like Mommy Child 11-12 Years / Gray,mommy_me,paid_eligible,us_test_ready,,,0,0,0.00,0.00,https://www.dresslikemommy.com/products/mommy-and-me-matching-silver-asymmetrical-chiffon-dresses-with-strappy-backs,mommy-and-me-matching-silver-asymmetrical-chiffon-dresses-with-strappy-backs,Eligible,,$24.99,English,$0.04
shopify_us_7229259874401_41878820814945,Family Matching T-Shirts - Heart Print | Dress Like Mommy Adult L / Black,family_matching,paid_eligible,us_test_ready,,,0,0,0.00,0.00,https://www.dresslikemommy.com/products/family-matching-t-shirt-set-with-colorful-heart-brushstroke-design,family-matching-t-shirt-set-with-colorful-heart-brushstroke-design,Eligible,,$21.99,English,$0.04
shopify_us_7229130342497_41878478651489,Family Matching Sets - Pink Blue Ombre | Dress Like Mommy Father L / Multi Color,daddy_me,paid_eligible,us_test_ready,,,0,0,0.00,0.00,https://www.dresslikemommy.com/products/gradient-ombre-family-matching-outfits-pink-blue-t-shirts-with-white-shorts-set,gradient-ombre-family-matching-outfits-pink-blue-t-shirts-with-white-shorts-set,Eligible,,$17.99,English,$0.04
shopify_us_7108953604193_41496508432481,Family Matching Swimsuits - Blue | Dress Like Mommy Mother S / Blue,swimsuits,paid_eligible,us_test_ready,,,0,0,0.00,0.00,https://www.dresslikemommy.com/products/royal-blue-high-neck-halter-swimsuit-set-with-paisley-print-bottoms-elegant-family-beachwear,royal-blue-high-neck-halter-swimsuit-set-with-paisley-print-bottoms-elegant-family-beachwear,Eligible,,$17.99,English,$0.04
shopify_us_7109443256417_41497809485921,Family Matching One-Piece Swimsuits - One-Piece | Dress Like Mommy Mother XL / Pink,swimsuits,paid_eligible,us_test_ready,,,0,0,0.00,0.00,https://www.dresslikemommy.com/products/mommy-me-vibrant-duo-tone-one-piece-swimsuit-with-ring-accent-family-matching-swimwear-collection,mommy-me-vibrant-duo-tone-one-piece-swimsuit-with-ring-accent-family-matching-swimwear-collection,Eligible,,$16.99,English,$0.04
shopify_us_7227438530657_41871777464417,Mommy and Me Maxi Dresses - Cream | Dress Like Mommy Child 3-4 Years / White,swimsuits,paid_eligible,us_test_ready,,,0,0,0.00,0.00,https://www.dresslikemommy.com/products/matching-mother-and-daughter-beach-dresses-elegant-cream-chiffon-maxi-dress-set,matching-mother-and-daughter-beach-dresses-elegant-cream-chiffon-maxi-dress-set,Eligible,,$27.99,English,$0.04
shopify_us_7109514395745_41498011304033,Family Matching One-Piece Swimsuits - One-Piece | Dress Like Mommy Mother M / Pink,swimsuits,paid_eligible,us_test_ready,,,0,0,0.00,0.00,https://www.dresslikemommy.com/products/elegant-mother-daughter-matching-one-piece-swimsuit-with-patterned-mesh-skirt-family-beachwear-set,elegant-mother-daughter-matching-one-piece-swimsuit-with-patterned-mesh-skirt-family-beachwear-set,Eligible,,$16.99,English,$0.04
shopify_us_7229124673633_41878467313761,Family Matching Sets - Green Floral Print | Dress Like Mommy Girl 2 years / Dress,family_matching,paid_eligible,us_test_ready,,,0,0,0.00,0.00,https://www.dresslikemommy.com/products/green-and-white-matching-family-outfits-stylish-floral-print-family-set-for-parents-and-kids,green-and-white-matching-family-outfits-stylish-floral-print-family-set-for-parents-and-kids,Eligible (limited),"Missing color
Missing gender",$23.99,English,$0.04
shopify_us_7110364856417_41500567011425,Daddy and Me Swim Trunks - Tropical Print | Dress Like Mommy Child 6-8 years / Main color,daddy_me,paid_eligible,us_test_ready,,,0,0,0.00,0.00,https://www.dresslikemommy.com/products/tropical-flair-father-and-son-matching-swim-trunks-flamingo-and-foliage-print,tropical-flair-father-and-son-matching-swim-trunks-flamingo-and-foliage-print,Eligible,,$14.99,English,$0.04
shopify_us_7109986844769_41499305082977,Mommy and Me Bikini Sets - Wrap Skirt | Dress Like Mommy Mother L / Brown,swimsuits,paid_eligible,us_test_ready,,,0,0,0.00,0.00,https://www.dresslikemommy.com/products/mother-daughter-matching-swim-set-abstract-print-two-piece-high-waisted-bikini-with-wrap-skirt,mother-daughter-matching-swim-set-abstract-print-two-piece-high-waisted-bikini-with-wrap-skirt,Eligible,,$19.99,English,$0.04
shopify_us_7108071063649_41493807366241,Mommy and Me Black Ruffle Dresses | Dress Like Mommy Child 5-6 Years / Black,mommy_me,paid_eligible,us_test_ready,,,0,0,0.00,0.00,https://www.dresslikemommy.com/products/elegant-black-ruffle-dress-chic-sleeveless-layered-dress-for-mother-and-daughter-perfect-for-parties-and-events,elegant-black-ruffle-dress-chic-sleeveless-layered-dress-for-mother-and-daughter-perfect-for-parties-and-events,Eligible,,$19.99,English,$0.04
shopify_us_7110361874529_41500560293985,Daddy and Me Swim Trunks - Blue Yellow | Dress Like Mommy Child 4-5 years / Main color,daddy_me,paid_eligible,us_test_ready,,,0,0,0.00,0.00,https://www.dresslikemommy.com/products/father-and-son-matching-swim-trunks-classic-paisley-pattern-in-blue-and-yellow,father-and-son-matching-swim-trunks-classic-paisley-pattern-in-blue-and-yellow,Eligible,,$14.99,English,$0.04
shopify_us_7108988764257_41496634589281,Mommy and Me One-Piece Swimsuits - Floral Print | Dress Like Mommy Mother M / Blue,swimsuits,paid_eligible,us_test_ready,,,0,0,0.00,0.00,https://www.dresslikemommy.com/products/elegant-blue-and-white-floral-one-piece-swimsuit-timeless-style-for-mother-and-daughter,elegant-blue-and-white-floral-one-piece-swimsuit-timeless-style-for-mother-and-daughter,Not eligible,Over capacity for Shopping ads (outside of CSS program),$17.99,English,$0.04
shopify_us_7109454135393_41497849626721,Family Matching Bikini Sets - Blue Green Floral | Dress Like Mommy Child 10-12 years / green,swimsuits,paid_eligible,us_test_ready,,,0,0,0.00,0.00,https://www.dresslikemommy.com/products/chic-two-piece-swimsuit-with-skirt-family-matching-swimwear-for-mother-and-daughter-available-in-blue-green-black,chic-two-piece-swimsuit-with-skirt-family-matching-swimwear-for-mother-and-daughter-available-in-blue-green-black,Eligible,,$14.99,English,$0.04
shopify_us_7229023846497_41878199009377,Mommy and Me Matching Sets - Rainbow Stripe | Dress Like Mommy Girl 6-7 Years / Multi Color,mommy_me,paid_eligible,us_test_ready,,,2,0,0.00,0.00,https://www.dresslikemommy.com/products/vibrant-rainbow-maxi-dress-set-for-mom-and-daughter-colorful-summer-matching-outfits,vibrant-rainbow-maxi-dress-set-for-mom-and-daughter-colorful-summer-matching-outfits,Eligible,,$23.99,English,$0.04
shopify_us_7229128441953_41878471311457,Family Matching Sets - Rainbow Stripe | Dress Like Mommy Girl 10-12 years / Overall,family_matching,paid_eligible,us_test_ready,,,2,0,0.00,0.00,https://www.dresslikemommy.com/products/vibrant-rainbow-family-matching-outfits-striped-t-shirts-and-yellow-overalls-set-for-family-outings,vibrant-rainbow-family-matching-outfits-striped-t-shirts-and-yellow-overalls-set-for-family-outings,Eligible,,$23.99,English,$0.04
shopify_us_7109481431137_41497931317345,Family Matching Swimsuits - Long Sleeve | Dress Like Mommy Child 4-5 years / Orange,swimsuits,paid_eligible,us_test_ready,,,10,1,0.25,0.00,https://www.dresslikemommy.com/products/chic-family-bonding-mother-daughter-matching-swimsuit-set-with-long-sleeved-cover-up,chic-family-bonding-mother-daughter-matching-swimsuit-set-with-long-sleeved-cover-up,Eligible,,$14.99,English,$0.04
shopify_us_7227378892897_41871520694369,Family Matching Sets - Christmas Print | Dress Like Mommy Father 2XL / blue,daddy_me,paid_eligible,us_test_ready,,,2,0,0.00,0.00,https://www.dresslikemommy.com/products/matching-family-beach-outfits-holiday-palm-tree-print-summer-dresses-shorts-set,matching-family-beach-outfits-holiday-palm-tree-print-summer-dresses-shorts-set,Eligible,,$27.99,English,$0.04
shopify_us_7227270791265_41871166177377,Mommy and Me Sundresses - Floral Print | Dress Like Mommy Mother L / Blue,mommy_me,paid_eligible,us_test_ready,,,0,0,0.00,0.00,https://www.dresslikemommy.com/products/matching-mommy-me-smocked-sundresses-vibrant-floral-and-patterned-summer-dresses,matching-mommy-me-smocked-sundresses-vibrant-floral-and-patterned-summer-dresses,Eligible,,$34.81,English,$0.04
shopify_us_7229259874401_41878820716641,Family Matching T-Shirts - Heart Print | Dress Like Mommy Child 8-9 years / Black,family_matching,paid_eligible,us_test_ready,,,0,0,0.00,0.00,https://www.dresslikemommy.com/products/family-matching-t-shirt-set-with-colorful-heart-brushstroke-design,family-matching-t-shirt-set-with-colorful-heart-brushstroke-design,Eligible,,$17.99,English,$0.04
shopify_us_7109986844769_41499305050209,Mommy and Me Bikini Sets - Wrap Skirt | Dress Like Mommy Mother M / Brown,swimsuits,paid_eligible,us_test_ready,,,0,0,0.00,0.00,https://www.dresslikemommy.com/products/mother-daughter-matching-swim-set-abstract-print-two-piece-high-waisted-bikini-with-wrap-skirt,mother-daughter-matching-swim-set-abstract-print-two-piece-high-waisted-bikini-with-wrap-skirt,Eligible,,$19.99,English,$0.04
shopify_us_7227270791265_41871165948001,Mommy and Me Sundresses - Floral Print | Dress Like Mommy Child 1-2 Years / Blue,mommy_me,paid_eligible,us_test_ready,,,0,0,0.00,0.00,https://www.dresslikemommy.com/products/matching-mommy-me-smocked-sundresses-vibrant-floral-and-patterned-summer-dresses,matching-mommy-me-smocked-sundresses-vibrant-floral-and-patterned-summer-dresses,Eligible,,$24.75,English,$0.04
shopify_us_7108996530273_41496660148321,Mommy and Me Swimsuits - Red Floral Print | Dress Like Mommy Mother S / Red,swimsuits,paid_eligible,us_test_ready,,,0,0,0.00,0.00,https://www.dresslikemommy.com/products/elegant-tropical-high-waisted-swimsuit-set-for-mother-and-daughter-radiant-red-halter-neck-design,elegant-tropical-high-waisted-swimsuit-set-for-mother-and-daughter-radiant-red-halter-neck-design,Eligible,,$17.99,English,$0.04
shopify_us_7109454135393_41497849102433,Family Matching Bikini Sets - Blue Green Floral | Dress Like Mommy Mother XL / blue,swimsuits,paid_eligible,us_test_ready,,,0,0,0.00,0.00,https://www.dresslikemommy.com/products/chic-two-piece-swimsuit-with-skirt-family-matching-swimwear-for-mother-and-daughter-available-in-blue-green-black,chic-two-piece-swimsuit-with-skirt-family-matching-swimwear-for-mother-and-daughter-available-in-blue-green-black,Eligible,,$16.99,English,$0.04
shopify_us_7109443256417_41497809059937,Family Matching One-Piece Swimsuits - One-Piece | Dress Like Mommy Mother S / Green,swimsuits,paid_eligible,us_test_ready,,,0,0,0.00,0.00,https://www.dresslikemommy.com/products/mommy-me-vibrant-duo-tone-one-piece-swimsuit-with-ring-accent-family-matching-swimwear-collection,mommy-me-vibrant-duo-tone-one-piece-swimsuit-with-ring-accent-family-matching-swimwear-collection,Eligible,,$16.99,English,$0.04
shopify_us_7227434958945_41871763800161,Mommy and Me Cardigans - Cream Black Heart Print | Dress Like Mommy Child 4-5 Years / Beige,mommy_me,paid_eligible,us_test_ready,,,0,0,0.00,0.00,https://www.dresslikemommy.com/products/matching-mother-and-daughter-heart-knit-cardigans-cream-and-black-sweaters-for-mommy-me,matching-mother-and-daughter-heart-knit-cardigans-cream-and-black-sweaters-for-mommy-me,Eligible,,$24.99,English,$0.04
shopify_us_7227378925665_41871521120353,Family Matching Sets - Tropical Print | Dress Like Mommy Boy 6-7 Years / Red,swimsuits,paid_eligible,us_test_ready,,,0,0,0.00,0.00,https://www.dresslikemommy.com/products/tropical-matching-family-beach-outfits-colorful-leaf-print-summer-dresses-shorts-set,tropical-matching-family-beach-outfits-colorful-leaf-print-summer-dresses-shorts-set,Eligible,,$21.99,English,$0.04
shopify_us_7110368919649_41500578807905,Family Matching Swim Trunks - Matching Style | Dress Like Mommy Father 2XL / Pink,daddy_me,paid_eligible,us_test_ready,,,0,0,0.00,0.00,https://www.dresslikemommy.com/products/dynamic-duo-father-and-son-matching-swim-trunks-family-beachwear-set,dynamic-duo-father-and-son-matching-swim-trunks-family-beachwear-set,Eligible,,$15.99,English,$0.04
shopify_us_7227438530657_41871777497185,Mommy and Me Maxi Dresses - Cream | Dress Like Mommy Child 4-5 Years / White,swimsuits,paid_eligible,us_test_ready,,,0,0,0.00,0.00,https://www.dresslikemommy.com/products/matching-mother-and-daughter-beach-dresses-elegant-cream-chiffon-maxi-dress-set,matching-mother-and-daughter-beach-dresses-elegant-cream-chiffon-maxi-dress-set,Eligible,,$27.99,English,$0.04
shopify_us_7228788867169_41877295005793,Mommy and Me Pajama Sets - Cartoon Print | Dress Like Mommy Girl 7-8 years / Red,pajamas,paid_eligible,us_test_ready,,,0,0,0.00,0.00,https://www.dresslikemommy.com/products/cute-matching-mom-and-daughter-cartoon-pajama-set-fun-and-cozy-sleepwear,cute-matching-mom-and-daughter-cartoon-pajama-set-fun-and-cozy-sleepwear,Eligible,,$24.99,English,$0.04
shopify_us_7109125537889_41497087213665,Mommy and Me Swimsuits - One Shoulder | Dress Like Mommy Child 10-12 years / Multi-Color,swimsuits,paid_eligible,us_test_ready,,,0,0,0.00,0.00,https://www.dresslikemommy.com/products/chic-tropical-one-shoulder-ruffle-swimsuit-set-for-mother-and-daughter-vibrant-floral-pattern-with-comfort-stretch,chic-tropical-one-shoulder-ruffle-swimsuit-set-for-mother-and-daughter-vibrant-floral-pattern-with-comfort-stretch,Eligible,,$14.99,English,$0.04
shopify_us_7227252670561_41871110504545,Mommy and Me Maxi Dresses - Pink | Dress Like Mommy Mother L / Pink,mommy_me,paid_eligible,us_test_ready,,,0,0,0.00,0.00,https://www.dresslikemommy.com/products/mommy-and-me-matching-pink-sleeveless-summer-dress-elegant-sundress-for-mother-daughter,mommy-and-me-matching-pink-sleeveless-summer-dress-elegant-sundress-for-mother-daughter,Eligible,,$39.38,English,$0.04
shopify_us_7108942397537_41496468422753,Mommy and Me Swimsuits - One Shoulder | Dress Like Mommy Mother S / Main picture,swimsuits,paid_eligible,us_test_ready,,,0,0,0.00,0.00,https://www.dresslikemommy.com/products/chic-mother-daughter-one-shoulder-swimsuit-with-playful-ruffles-and-contrasting-stripes-nylon-polyester-blend,chic-mother-daughter-one-shoulder-swimsuit-with-playful-ruffles-and-contrasting-stripes-nylon-polyester-blend,Eligible,,$19.99,English,$0.04
shopify_us_7109514395745_41498010976353,Family Matching One-Piece Swimsuits - One-Piece | Dress Like Mommy Mother M / Black,swimsuits,paid_eligible,us_test_ready,,,0,0,0.00,0.00,https://www.dresslikemommy.com/products/elegant-mother-daughter-matching-one-piece-swimsuit-with-patterned-mesh-skirt-family-beachwear-set,elegant-mother-daughter-matching-one-piece-swimsuit-with-patterned-mesh-skirt-family-beachwear-set,Eligible,,$16.99,English,$0.04
shopify_us_7228788867169_41877294841953,Mommy and Me Pajama Sets - Cartoon Print | Dress Like Mommy Girl 2-3 years / Red,pajamas,paid_eligible,us_test_ready,,,0,0,0.00,0.00,https://www.dresslikemommy.com/products/cute-matching-mom-and-daughter-cartoon-pajama-set-fun-and-cozy-sleepwear,cute-matching-mom-and-daughter-cartoon-pajama-set-fun-and-cozy-sleepwear,Eligible,,$24.99,English,$0.04
shopify_us_7110363775073_41500564881505,Daddy and Me Swim Trunks - Blue White | Dress Like Mommy Child 2-3 years / Photo Color,daddy_me,paid_eligible,us_test_ready,,,0,0,0.00,0.00,https://www.dresslikemommy.com/products/father-and-son-matching-swim-trunks-elegant-blue-and-white-paisley-design-quick-dry-beachwear,father-and-son-matching-swim-trunks-elegant-blue-and-white-paisley-design-quick-dry-beachwear,Eligible,,$14.99,English,$0.04
shopify_us_7109514395745_41498011795553,Family Matching One-Piece Swimsuits - One-Piece | Dress Like Mommy Child 4-5 years / Blue,swimsuits,paid_eligible,us_test_ready,,,0,0,0.00,0.00,https://www.dresslikemommy.com/products/elegant-mother-daughter-matching-one-piece-swimsuit-with-patterned-mesh-skirt-family-beachwear-set,elegant-mother-daughter-matching-one-piece-swimsuit-with-patterned-mesh-skirt-family-beachwear-set,Eligible,,$14.99,English,$0.04
shopify_us_7110363775073_41500565045345,Daddy and Me Swim Trunks - Blue White | Dress Like Mommy Child 10-12 years / Photo Color,daddy_me,paid_eligible,us_test_ready,,,0,0,0.00,0.00,https://www.dresslikemommy.com/products/father-and-son-matching-swim-trunks-elegant-blue-and-white-paisley-design-quick-dry-beachwear,father-and-son-matching-swim-trunks-elegant-blue-and-white-paisley-design-quick-dry-beachwear,Eligible,,$14.99,English,$0.04
shopify_us_7227436367969_41871769829473,Family Matching Sets - Cream | Dress Like Mommy Child 2-3 Years / White,mommy_me,paid_eligible,us_test_ready,,,0,0,0.00,0.00,https://www.dresslikemommy.com/products/matching-star-knit-sweater-dress-cozy-cream-family-outfit-for-mom-and-daughter,matching-star-knit-sweater-dress-cozy-cream-family-outfit-for-mom-and-daughter,Eligible,,$27.99,English,$0.04
shopify_us_7229259874401_41878821961825,Family Matching T-Shirts - Heart Print | Dress Like Mommy Adult M / Blue,family_matching,paid_eligible,us_test_ready,,,0,0,0.00,0.00,https://www.dresslikemommy.com/products/family-matching-t-shirt-set-with-colorful-heart-brushstroke-design,family-matching-t-shirt-set-with-colorful-heart-brushstroke-design,Eligible,,$21.99,English,$0.04
shopify_us_7109986844769_41499305574497,Mommy and Me Bikini Sets - Wrap Skirt | Dress Like Mommy Child 6-8 years / White,swimsuits,paid_eligible,us_test_ready,,,0,0,0.00,0.00,https://www.dresslikemommy.com/products/mother-daughter-matching-swim-set-abstract-print-two-piece-high-waisted-bikini-with-wrap-skirt,mother-daughter-matching-swim-set-abstract-print-two-piece-high-waisted-bikini-with-wrap-skirt,Eligible,,$16.99,English,$0.04
shopify_us_7109502566497_41497976569953,Family Matching Bikini Sets - Matching Style | Dress Like Mommy Mother XL / Green,swimsuits,paid_eligible,us_test_ready,,,0,0,0.00,0.00,https://www.dresslikemommy.com/products/chic-family-tides-mother-daughter-matching-two-piece-swimsuit-with-skirt-vibrant-versatile-swimwear-collection,chic-family-tides-mother-daughter-matching-two-piece-swimsuit-with-skirt-vibrant-versatile-swimwear-collection,Not eligible,Over capacity for Shopping ads (outside of CSS program),$16.99,English,$0.04
shopify_us_7227270791265_41871165030497,Mommy and Me Sundresses - Floral Print | Dress Like Mommy Mother XL / Rainbow,mommy_me,paid_eligible,us_test_ready,,,0,0,0.00,0.00,https://www.dresslikemommy.com/products/matching-mommy-me-smocked-sundresses-vibrant-floral-and-patterned-summer-dresses,matching-mommy-me-smocked-sundresses-vibrant-floral-and-patterned-summer-dresses,Eligible,,$38.68,English,$0.04
shopify_us_7229026304097_41878208479329,Mommy and Me Maxi Dresses - Floral Print | Dress Like Mommy Child 12 years / Multi Color,mommy_me,paid_eligible,us_test_ready,,,25,0,0.00,0.00,https://www.dresslikemommy.com/products/elegant-floral-off-shoulder-mommy-and-me-dress-set-perfect-for-summer-outings,elegant-floral-off-shoulder-mommy-and-me-dress-set-perfect-for-summer-outings,Eligible,,$22.99,English,$0.04
shopify_us_7109083267169_41496956174433,Mommy and Me Swimsuits - Animal Print | Dress Like Mommy Child 2-3 years / Black,swimsuits,paid_eligible,us_test_ready,,,4,0,0.00,0.00,https://www.dresslikemommy.com/products/elegant-long-sleeve-leopard-print-swimsuit-for-mother-and-daughter,elegant-long-sleeve-leopard-print-swimsuit-for-mother-and-daughter,Eligible,,$14.99,English,$0.04
shopify_us_7108045897825_41493760082017,Mommy and Me Midi Dresses - Silver | Dress Like Mommy Mother S / Gray,mommy_me,paid_eligible,us_test_ready,,,5,0,0.00,0.00,https://www.dresslikemommy.com/products/mommy-and-me-matching-silver-asymmetrical-chiffon-dresses-with-strappy-backs,mommy-and-me-matching-silver-asymmetrical-chiffon-dresses-with-strappy-backs,Eligible,,$29.99,English,$0.04
shopify_us_7510790733921_43768831311969,Family Matching Swim Trunks - Green Christmas Print | Dress Like Mommy Father XL / Green,daddy_me,paid_eligible,us_test_ready,,,0,0,0.00,0.00,https://www.dresslikemommy.com/products/green-tropical-leaf-daddy-and-me-matching-swim-shorts-for-pool-days,green-tropical-leaf-daddy-and-me-matching-swim-shorts-for-pool-days,Eligible,,$15.99,English,$0.04
shopify_us_7109514395745_41498011730017,Family Matching One-Piece Swimsuits - One-Piece | Dress Like Mommy Child 2-3 years / Blue,swimsuits,paid_eligible,us_test_ready,,,0,0,0.00,0.00,https://www.dresslikemommy.com/products/elegant-mother-daughter-matching-one-piece-swimsuit-with-patterned-mesh-skirt-family-beachwear-set,elegant-mother-daughter-matching-one-piece-swimsuit-with-patterned-mesh-skirt-family-beachwear-set,Eligible,,$14.99,English,$0.04
shopify_us_7227436367969_41871770058849,Family Matching Sets - Cream | Dress Like Mommy Mother S / White,mommy_me,paid_eligible,us_test_ready,,,0,0,0.00,0.00,https://www.dresslikemommy.com/products/matching-star-knit-sweater-dress-cozy-cream-family-outfit-for-mom-and-daughter,matching-star-knit-sweater-dress-cozy-cream-family-outfit-for-mom-and-daughter,Eligible,,$33.99,English,$0.04
shopify_us_7109267947617_41497323995233,Mommy and Me One-Piece Swimsuits - Color Block | Dress Like Mommy Mother M / Pink,swimsuits,paid_eligible,us_test_ready,,,0,0,0.00,0.00,https://www.dresslikemommy.com/products/chic-color-block-one-piece-swimsuit-for-mother-daughter-vibrant-sleek-beachwear,chic-color-block-one-piece-swimsuit-for-mother-daughter-vibrant-sleek-beachwear,Eligible,,$16.99,English,$0.04
shopify_us_7108988764257_41496634687585,Mommy and Me One-Piece Swimsuits - Floral Print | Dress Like Mommy Child 2-3 years / Blue,swimsuits,paid_eligible,us_test_ready,,,0,0,0.00,0.00,https://www.dresslikemommy.com/products/elegant-blue-and-white-floral-one-piece-swimsuit-timeless-style-for-mother-and-daughter,elegant-blue-and-white-floral-one-piece-swimsuit-timeless-style-for-mother-and-daughter,Eligible,,$15.99,English,$0.04
shopify_us_7227436367969_41871770026081,Family Matching Sets - Cream | Dress Like Mommy Child 8-9 Years / White,mommy_me,paid_eligible,us_test_ready,,,0,0,0.00,0.00,https://www.dresslikemommy.com/products/matching-star-knit-sweater-dress-cozy-cream-family-outfit-for-mom-and-daughter,matching-star-knit-sweater-dress-cozy-cream-family-outfit-for-mom-and-daughter,Eligible,,$27.99,English,$0.04
shopify_us_7229128441953_41878471213153,Family Matching Sets - Rainbow Stripe | Dress Like Mommy Girl 5-6 years / Overall,family_matching,paid_eligible,us_test_ready,,,0,0,0.00,0.00,https://www.dresslikemommy.com/products/vibrant-rainbow-family-matching-outfits-striped-t-shirts-and-yellow-overalls-set-for-family-outings,vibrant-rainbow-family-matching-outfits-striped-t-shirts-and-yellow-overalls-set-for-family-outings,Eligible,,$23.99,English,$0.04
shopify_us_7229259874401_41878822453345,Family Matching T-Shirts - Heart Print | Dress Like Mommy Adult M / Green,family_matching,paid_eligible,us_test_ready,,,0,0,0.00,0.00,https://www.dresslikemommy.com/products/family-matching-t-shirt-set-with-colorful-heart-brushstroke-design,family-matching-t-shirt-set-with-colorful-heart-brushstroke-design,Eligible,,$21.99,English,$0.04
shopify_us_7227270791265_41871164702817,Mommy and Me Sundresses - Floral Print | Dress Like Mommy Mother L / Brown,mommy_me,paid_eligible,us_test_ready,,,0,0,0.00,0.00,https://www.dresslikemommy.com/products/matching-mommy-me-smocked-sundresses-vibrant-floral-and-patterned-summer-dresses,matching-mommy-me-smocked-sundresses-vibrant-floral-and-patterned-summer-dresses,Eligible,,$34.81,English,$0.04
shopify_us_7227378925665_41871520825441,Family Matching Sets - Tropical Print | Dress Like Mommy Girl 4-5 Years / Red,swimsuits,paid_eligible,us_test_ready,,,0,0,0.00,0.00,https://www.dresslikemommy.com/products/tropical-matching-family-beach-outfits-colorful-leaf-print-summer-dresses-shorts-set,tropical-matching-family-beach-outfits-colorful-leaf-print-summer-dresses-shorts-set,Eligible,,$24.99,English,$0.04
shopify_us_7227378925665_41871521349729,Family Matching Sets - Tropical Print | Dress Like Mommy Mother XL / Red,swimsuits,paid_eligible,us_test_ready,,,0,0,0.00,0.00,https://www.dresslikemommy.com/products/tropical-matching-family-beach-outfits-colorful-leaf-print-summer-dresses-shorts-set,tropical-matching-family-beach-outfits-colorful-leaf-print-summer-dresses-shorts-set,Not eligible,Over capacity for Shopping ads (outside of CSS program),$29.99,English,$0.04
shopify_us_7109502566497_41497977028705,Family Matching Bikini Sets - Matching Style | Dress Like Mommy Child 6-8 years / Pink,swimsuits,paid_eligible,us_test_ready,,,0,0,0.00,0.00,https://www.dresslikemommy.com/products/chic-family-tides-mother-daughter-matching-two-piece-swimsuit-with-skirt-vibrant-versatile-swimwear-collection,chic-family-tides-mother-daughter-matching-two-piece-swimsuit-with-skirt-vibrant-versatile-swimwear-collection,Eligible,,$14.99,English,$0.04
shopify_us_7109122097249_41497077284961,Mommy and Me Swimsuits - One Shoulder | Dress Like Mommy Child 4-5 years / Pink,swimsuits,paid_eligible,us_test_ready,,,0,0,0.00,0.00,https://www.dresslikemommy.com/products/chic-floral-ruffle-one-shoulder-swimsuit-for-women-and-girls-elegant-asymmetrical-swimwear-set-in-vibrant-tropics-print,chic-floral-ruffle-one-shoulder-swimsuit-for-women-and-girls-elegant-asymmetrical-swimwear-set-in-vibrant-tropics-print,Not eligible,Over capacity for Shopping ads (outside of CSS program),$14.99,English,$0.04
shopify_us_7229124673633_41878467903585,Family Matching Sets - Green Floral Print | Dress Like Mommy Boy 13-14 years / Short,family_matching,paid_eligible,us_test_ready,,,0,0,0.00,0.00,https://www.dresslikemommy.com/products/green-and-white-matching-family-outfits-stylish-floral-print-family-set-for-parents-and-kids,green-and-white-matching-family-outfits-stylish-floral-print-family-set-for-parents-and-kids,Eligible (limited),"Missing color
Missing gender",$14.99,English,$0.04
shopify_us_7229259874401_41878821601377,Family Matching T-Shirts - Heart Print | Dress Like Mommy Adult 3XL / Purple,family_matching,paid_eligible,us_test_ready,,,1,0,0.00,0.00,https://www.dresslikemommy.com/products/family-matching-t-shirt-set-with-colorful-heart-brushstroke-design,family-matching-t-shirt-set-with-colorful-heart-brushstroke-design,Eligible,,$21.99,English,$0.04
shopify_us_7109481431137_41497931055201,Family Matching Swimsuits - Long Sleeve | Dress Like Mommy Child 8-10 years / Green,swimsuits,paid_eligible,us_test_ready,,,1,0,0.00,0.00,https://www.dresslikemommy.com/products/chic-family-bonding-mother-daughter-matching-swimsuit-set-with-long-sleeved-cover-up,chic-family-bonding-mother-daughter-matching-swimsuit-set-with-long-sleeved-cover-up,Eligible,,$14.99,English,$0.04
shopify_us_7110368919649_41500577693793,Family Matching Swim Trunks - Matching Style | Dress Like Mommy Child 10-12 years / Orange,daddy_me,paid_eligible,us_test_ready,,,0,0,0.00,0.00,https://www.dresslikemommy.com/products/dynamic-duo-father-and-son-matching-swim-trunks-family-beachwear-set,dynamic-duo-father-and-son-matching-swim-trunks-family-beachwear-set,Eligible,,$14.99,English,$0.04
shopify_us_7227418738785_41871678373985,Family Matching Cardigans - Navy Red Striped | Dress Like Mommy Mother L / Stripes,mommy_me,paid_eligible,us_test_ready,,,0,0,0.00,0.00,https://www.dresslikemommy.com/products/matching-family-striped-cardigans-navy-and-red-heart-embroidery-knit-sweaters-for-mom-dad-and-kids,matching-family-striped-cardigans-navy-and-red-heart-embroidery-knit-sweaters-for-mom-dad-and-kids,Eligible,,$29.99,English,$0.04
shopify_us_7108984799329_41496617549921,Mommy and Me One-Piece Swimsuits - Animal Print | Dress Like Mommy Mother S / Leopard,swimsuits,paid_eligible,us_test_ready,,,0,0,0.00,0.00,https://www.dresslikemommy.com/products/chic-leopard-print-one-piece-swimsuit-with-ruffle-accent-timeless-mother-daughter-beachwear,chic-leopard-print-one-piece-swimsuit-with-ruffle-accent-timeless-mother-daughter-beachwear,Eligible,,$17.99,English,$0.04
shopify_us_7227434958945_41871763701857,Mommy and Me Cardigans - Cream Black Heart Print | Dress Like Mommy Baby 1-2 Years / Beige,mommy_me,paid_eligible,us_test_ready,,,0,0,0.00,0.00,https://www.dresslikemommy.com/products/matching-mother-and-daughter-heart-knit-cardigans-cream-and-black-sweaters-for-mommy-me,matching-mother-and-daughter-heart-knit-cardigans-cream-and-black-sweaters-for-mommy-me,Eligible,,$25.60,English,$0.04
shopify_us_7227378892897_41871520727137,Family Matching Sets - Christmas Print | Dress Like Mommy Father 3XL / blue,daddy_me,paid_eligible,us_test_ready,,,0,0,0.00,0.00,https://www.dresslikemommy.com/products/matching-family-beach-outfits-holiday-palm-tree-print-summer-dresses-shorts-set,matching-family-beach-outfits-holiday-palm-tree-print-summer-dresses-shorts-set,Eligible,,$27.99,English,$0.04
shopify_us_7227270299745_41871161393249,Mommy and Me Maxi Dresses - Floral Print | Dress Like Mommy Child 6-7 Years / white,mommy_me,paid_eligible,us_test_ready,,,0,0,0.00,0.00,https://www.dresslikemommy.com/products/matching-mommy-me-sunflower-maxi-dresses-sleeveless-floral-print-summer-dress,matching-mommy-me-sunflower-maxi-dresses-sleeveless-floral-print-summer-dress,Eligible,,$22.50,English,$0.04
shopify_us_7227270791265_41871164899425,Mommy and Me Sundresses - Floral Print | Dress Like Mommy Child 8-9 Years / Rainbow,mommy_me,paid_eligible,us_test_ready,,,0,0,0.00,0.00,https://www.dresslikemommy.com/products/matching-mommy-me-smocked-sundresses-vibrant-floral-and-patterned-summer-dresses,matching-mommy-me-smocked-sundresses-vibrant-floral-and-patterned-summer-dresses,Eligible,,$27.07,English,$0.04
shopify_us_7108125753441_41493913862241,Mommy and Me Matching Sets - Matching Style | Dress Like Mommy Child 5-6T / Pink,mommy_me,paid_eligible,us_test_ready,,,0,0,0.00,0.00,https://www.dresslikemommy.com/products/elegant-chiffon-sleeveless-dress-with-sequin-detail-mother-and-daughter-matching-outfits,elegant-chiffon-sleeveless-dress-with-sequin-detail-mother-and-daughter-matching-outfits,Eligible,,$23.99,English,$0.04
shopify_us_7110362136673_41500560818273,Daddy and Me Swim Trunks - Red Green Tropical Print | Dress Like Mommy Father M / Photo Color,daddy_me,paid_eligible,us_test_ready,,,0,0,0.00,0.00,https://www.dresslikemommy.com/products/father-and-son-matching-swim-trunks-tropical-paradise-red-and-green-print,father-and-son-matching-swim-trunks-tropical-paradise-red-and-green-print,Eligible,,$15.99,English,$0.04
shopify_us_7109083267169_41496956043361,Mommy and Me Swimsuits - Animal Print | Dress Like Mommy Mother S / Black,swimsuits,paid_eligible,us_test_ready,,,0,0,0.00,0.00,https://www.dresslikemommy.com/products/elegant-long-sleeve-leopard-print-swimsuit-for-mother-and-daughter,elegant-long-sleeve-leopard-print-swimsuit-for-mother-and-daughter,Eligible,,$16.99,English,$0.04
shopify_us_7110368919649_41500577497185,Family Matching Swim Trunks - Matching Style | Dress Like Mommy Father 2XL / Orange,daddy_me,paid_eligible,us_test_ready,,,0,0,0.00,0.00,https://www.dresslikemommy.com/products/dynamic-duo-father-and-son-matching-swim-trunks-family-beachwear-set,dynamic-duo-father-and-son-matching-swim-trunks-family-beachwear-set,Eligible,,$15.99,English,$0.04
shopify_us_7228788867169_41877296054369,Mommy and Me Pajama Sets - Cartoon Print | Dress Like Mommy Girl 5-6 years / Purple,pajamas,paid_eligible,us_test_ready,,,0,0,0.00,0.00,https://www.dresslikemommy.com/products/cute-matching-mom-and-daughter-cartoon-pajama-set-fun-and-cozy-sleepwear,cute-matching-mom-and-daughter-cartoon-pajama-set-fun-and-cozy-sleepwear,Eligible,,$24.99,English,$0.04
shopify_us_7109454135393_41497849364577,Family Matching Bikini Sets - Blue Green Floral | Dress Like Mommy Mother M / green,swimsuits,paid_eligible,us_test_ready,,,0,0,0.00,0.00,https://www.dresslikemommy.com/products/chic-two-piece-swimsuit-with-skirt-family-matching-swimwear-for-mother-and-daughter-available-in-blue-green-black,chic-two-piece-swimsuit-with-skirt-family-matching-swimwear-for-mother-and-daughter-available-in-blue-green-black,Eligible,,$16.99,English,$0.04
shopify_us_7109072257121_41496915705953,Mommy and Me Swimsuits - Floral Print | Dress Like Mommy Child 4-5 years / Black,swimsuits,paid_eligible,us_test_ready,,,0,0,0.00,0.00,https://www.dresslikemommy.com/products/chic-tropical-floral-high-neck-swimsuit-set-for-women-and-girls-zippered-sleeveless-quick-dry-swimwear,chic-tropical-floral-high-neck-swimsuit-set-for-women-and-girls-zippered-sleeveless-quick-dry-swimwear,Eligible,,$14.99,English,$0.04
shopify_us_7108948820065_41496491556961,Mommy and Me Bikini Sets - Mermaid Scale | Dress Like Mommy Mother M / Mermaid,swimsuits,paid_eligible,us_test_ready,,,0,0,0.00,0.00,https://www.dresslikemommy.com/products/enchanting-mermaid-scales-two-piece-swimsuit-set-for-mother-and-daughter-rainbow-hues-with-flirty-skirt-detail,enchanting-mermaid-scales-two-piece-swimsuit-set-for-mother-and-daughter-rainbow-hues-with-flirty-skirt-detail,Eligible,,$19.99,English,$0.04
shopify_us_7109292130401_41497360498785,Family Matching Bikini Sets - One-Piece | Dress Like Mommy Child 6-8 years / Orange,swimsuits,paid_eligible,us_test_ready,,,0,0,0.00,0.00,https://www.dresslikemommy.com/products/chic-mother-daughter-two-piece-swimsuit-family-matching-swimwear-in-vibrant-colors,chic-mother-daughter-two-piece-swimsuit-family-matching-swimwear-in-vibrant-colors,Not eligible,Over capacity for Shopping ads (outside of CSS program),$14.99,English,$0.04
shopify_us_7227270299745_41871161884769,Mommy and Me Maxi Dresses - Floral Print | Dress Like Mommy Mother S / black,mommy_me,paid_eligible,us_test_ready,,,0,0,0.00,0.00,https://www.dresslikemommy.com/products/matching-mommy-me-sunflower-maxi-dresses-sleeveless-floral-print-summer-dress,matching-mommy-me-sunflower-maxi-dresses-sleeveless-floral-print-summer-dress,Eligible,,$31.50,English,$0.04
shopify_us_7510790733921_43768832295009,Family Matching Swim Trunks - Green Christmas Print | Dress Like Mommy Child 10-12 years / Green,daddy_me,paid_eligible,us_test_ready,,,0,0,0.00,0.00,https://www.dresslikemommy.com/products/green-tropical-leaf-daddy-and-me-matching-swim-shorts-for-pool-days,green-tropical-leaf-daddy-and-me-matching-swim-shorts-for-pool-days,Eligible,,$14.99,English,$0.04
shopify_us_7229026304097_41878208577633,Mommy and Me Maxi Dresses - Floral Print | Dress Like Mommy Mother L / Multi Color,mommy_me,paid_eligible,us_test_ready,,,0,0,0.00,0.00,https://www.dresslikemommy.com/products/elegant-floral-off-shoulder-mommy-and-me-dress-set-perfect-for-summer-outings,elegant-floral-off-shoulder-mommy-and-me-dress-set-perfect-for-summer-outings,Eligible,,$27.99,English,$0.04
shopify_us_7229128441953_41878471180385,Family Matching Sets - Rainbow Stripe | Dress Like Mommy Girl 3-4 years / Overall,family_matching,paid_eligible,us_test_ready,,,0,0,0.00,0.00,https://www.dresslikemommy.com/products/vibrant-rainbow-family-matching-outfits-striped-t-shirts-and-yellow-overalls-set-for-family-outings,vibrant-rainbow-family-matching-outfits-striped-t-shirts-and-yellow-overalls-set-for-family-outings,Eligible,,$23.99,English,$0.04
shopify_us_7109443256417_41497809387617,Family Matching One-Piece Swimsuits - One-Piece | Dress Like Mommy Mother S / Pink,swimsuits,paid_eligible,us_test_ready,,,0,0,0.00,0.00,https://www.dresslikemommy.com/products/mommy-me-vibrant-duo-tone-one-piece-swimsuit-with-ring-accent-family-matching-swimwear-collection,mommy-me-vibrant-duo-tone-one-piece-swimsuit-with-ring-accent-family-matching-swimwear-collection,Eligible,,$16.99,English,$0.04
shopify_us_7109443256417_41497808863329,Family Matching One-Piece Swimsuits - One-Piece | Dress Like Mommy Child 2-3T / Blue,swimsuits,paid_eligible,us_test_ready,,,0,0,0.00,0.00,https://www.dresslikemommy.com/products/mommy-me-vibrant-duo-tone-one-piece-swimsuit-with-ring-accent-family-matching-swimwear-collection,mommy-me-vibrant-duo-tone-one-piece-swimsuit-with-ring-accent-family-matching-swimwear-collection,Eligible,,$14.99,English,$0.04
shopify_us_7227375714401_41871507325025,Family Matching Sets - Yellow Tropical Print | Dress Like Mommy Father L / yellow,daddy_me,paid_eligible,us_test_ready,,,5,0,0.00,0.00,https://www.dresslikemommy.com/products/matching-family-yellow-beach-outfits-summer-vacation-dresses-shorts-set,matching-family-yellow-beach-outfits-summer-vacation-dresses-shorts-set,Eligible,,$33.19,English,$0.04
shopify_us_7227379023969_41871522005089,Family Matching Sets - Blue | Dress Like Mommy Girl 9-10 Years / blue,family_matching,paid_eligible,us_test_ready,,,7,0,0.00,0.00,https://www.dresslikemommy.com/products/elegant-matching-family-outfits-light-blue-halter-dresses-casual-t-shirt-set-for-summer,elegant-matching-family-outfits-light-blue-halter-dresses-casual-t-shirt-set-for-summer,Eligible,,$22.99,English,$0.04
shopify_us_7227378892897_41871520235617,Family Matching Sets - Christmas Print | Dress Like Mommy Boy 3-4 Years / blue,swimsuits,paid_eligible,us_test_ready,,,22,0,0.00,0.00,https://www.dresslikemommy.com/products/matching-family-beach-outfits-holiday-palm-tree-print-summer-dresses-shorts-set,matching-family-beach-outfits-holiday-palm-tree-print-summer-dresses-shorts-set,Eligible,,$22.99,English,$0.04
shopify_us_7108938039393_41496456101985,Mommy and Me Swimsuits - One Shoulder | Dress Like Mommy Mother S / Red,swimsuits,paid_eligible,us_test_ready,,,2,0,0.00,0.00,https://www.dresslikemommy.com/products/chic-one-shoulder-striped-ruffle-swimsuit-for-women-and-girls-elegant-monokini-with-side-tie,chic-one-shoulder-striped-ruffle-swimsuit-for-women-and-girls-elegant-monokini-with-side-tie,Eligible,,$19.99,English,$0.04
shopify_us_7229128441953_41878471344225,Family Matching Sets - Rainbow Stripe | Dress Like Mommy Girl 12-14 years / Overall,family_matching,paid_eligible,us_test_ready,,,3,0,0.00,0.00,https://www.dresslikemommy.com/products/vibrant-rainbow-family-matching-outfits-striped-t-shirts-and-yellow-overalls-set-for-family-outings,vibrant-rainbow-family-matching-outfits-striped-t-shirts-and-yellow-overalls-set-for-family-outings,Eligible,,$23.99,English,$0.04
shopify_us_7109481431137_41497930825825,Family Matching Swimsuits - Long Sleeve | Dress Like Mommy Mother M / Green,swimsuits,paid_eligible,us_test_ready,,,0,0,0.00,0.00,https://www.dresslikemommy.com/products/chic-family-bonding-mother-daughter-matching-swimsuit-set-with-long-sleeved-cover-up,chic-family-bonding-mother-daughter-matching-swimsuit-set-with-long-sleeved-cover-up,Eligible,,$16.99,English,$0.04
shopify_us_7229130801249_41878479929441,Family Matching Sets - Beige | Dress Like Mommy Child 7-8 years / Beige,mommy_me,paid_eligible,us_test_ready,,,0,0,0.00,0.00,https://www.dresslikemommy.com/products/elegant-beige-chiffon-family-matching-dresses-mother-daughter-summer-outfits,elegant-beige-chiffon-family-matching-dresses-mother-daughter-summer-outfits,Not eligible,Over capacity for Shopping ads (outside of CSS program),$24.99,English,$0.04
shopify_us_7109267947617_41497324585057,Mommy and Me One-Piece Swimsuits - Color Block | Dress Like Mommy Child 10-12 years / Brown,swimsuits,paid_eligible,us_test_ready,,,0,0,0.00,0.00,https://www.dresslikemommy.com/products/chic-color-block-one-piece-swimsuit-for-mother-daughter-vibrant-sleek-beachwear,chic-color-block-one-piece-swimsuit-for-mother-daughter-vibrant-sleek-beachwear,Eligible,,$14.99,English,$0.04
shopify_us_7109986844769_41499305607265,Mommy and Me Bikini Sets - Wrap Skirt | Dress Like Mommy Child 8-10 years / White,swimsuits,paid_eligible,us_test_ready,,,0,0,0.00,0.00,https://www.dresslikemommy.com/products/mother-daughter-matching-swim-set-abstract-print-two-piece-high-waisted-bikini-with-wrap-skirt,mother-daughter-matching-swim-set-abstract-print-two-piece-high-waisted-bikini-with-wrap-skirt,Eligible,,$16.99,English,$0.04
shopify_us_7109119705185_41497069289569,Mommy and Me One-Piece Swimsuits - Striped | Dress Like Mommy Mother L / Blue,swimsuits,paid_eligible,us_test_ready,,,0,0,0.00,0.00,https://www.dresslikemommy.com/products/nautical-charm-flamingo-print-one-piece-swimsuits-for-mother-daughter,nautical-charm-flamingo-print-one-piece-swimsuits-for-mother-daughter,Eligible,,$16.99,English,$0.04
shopify_us_7227270299745_41871161360481,Mommy and Me Maxi Dresses - Floral Print | Dress Like Mommy Child 5-6 Years / white,mommy_me,paid_eligible,us_test_ready,,,0,0,0.00,0.00,https://www.dresslikemommy.com/products/matching-mommy-me-sunflower-maxi-dresses-sleeveless-floral-print-summer-dress,matching-mommy-me-sunflower-maxi-dresses-sleeveless-floral-print-summer-dress,Eligible,,$22.50,English,$0.04
shopify_us_7227270791265_41871165456481,Mommy and Me Sundresses - Floral Print | Dress Like Mommy Child 6-7 Years / Yellow,mommy_me,paid_eligible,us_test_ready,,,0,0,0.00,0.00,https://www.dresslikemommy.com/products/matching-mommy-me-smocked-sundresses-vibrant-floral-and-patterned-summer-dresses,matching-mommy-me-smocked-sundresses-vibrant-floral-and-patterned-summer-dresses,Eligible,,$27.07,English,$0.04
shopify_us_7109454135393_41497849856097,Family Matching Bikini Sets - Blue Green Floral | Dress Like Mommy Child 4-5 years / black,swimsuits,paid_eligible,us_test_ready,,,0,0,0.00,0.00,https://www.dresslikemommy.com/products/chic-two-piece-swimsuit-with-skirt-family-matching-swimwear-for-mother-and-daughter-available-in-blue-green-black,chic-two-piece-swimsuit-with-skirt-family-matching-swimwear-for-mother-and-daughter-available-in-blue-green-black,Eligible,,$14.99,English,$0.04
shopify_us_7228788867169_41877296087137,Mommy and Me Pajama Sets - Cartoon Print | Dress Like Mommy Girl 6-7 years / Purple,pajamas,paid_eligible,us_test_ready,,,0,0,0.00,0.00,https://www.dresslikemommy.com/products/cute-matching-mom-and-daughter-cartoon-pajama-set-fun-and-cozy-sleepwear,cute-matching-mom-and-daughter-cartoon-pajama-set-fun-and-cozy-sleepwear,Not eligible,Over capacity for Shopping ads (outside of CSS program),$24.99,English,$0.04
shopify_us_7110362136673_41500561113185,Daddy and Me Swim Trunks - Red Green Tropical Print | Dress Like Mommy Child 10-12 years / Photo Color,daddy_me,paid_eligible,us_test_ready,,,0,0,0.00,0.00,https://www.dresslikemommy.com/products/father-and-son-matching-swim-trunks-tropical-paradise-red-and-green-print,father-and-son-matching-swim-trunks-tropical-paradise-red-and-green-print,Eligible,,$14.99,English,$0.04
shopify_us_7109267947617_41497324028001,Mommy and Me One-Piece Swimsuits - Color Block | Dress Like Mommy Mother L / Pink,swimsuits,paid_eligible,us_test_ready,,,0,0,0.00,0.00,https://www.dresslikemommy.com/products/chic-color-block-one-piece-swimsuit-for-mother-daughter-vibrant-sleek-beachwear,chic-color-block-one-piece-swimsuit-for-mother-daughter-vibrant-sleek-beachwear,Eligible,,$16.99,English,$0.04
shopify_us_7227630649441_41872775053409,Mommy and Me Maxi Dresses - Floral Print | Dress Like Mommy Child 7-8 Years / Black,mommy_me,paid_eligible,us_test_ready,,,0,0,0.00,0.00,https://www.dresslikemommy.com/products/mother-daughter-matching-summer-dresses-vibrant-printed-sleeveless-maxi-dresses,mother-daughter-matching-summer-dresses-vibrant-printed-sleeveless-maxi-dresses,Eligible,,$16.99,English,$0.04
shopify_us_7227355988065_41871478128737,Mommy and Me Matching Sets - Floral Print | Dress Like Mommy Child 6-7 Years / Black,swimsuits,paid_eligible,us_test_ready,,,0,0,0.00,0.00,https://www.dresslikemommy.com/products/matching-mommy-me-floral-strappy-back-maxi-dresses-summer-beach-outfit,matching-mommy-me-floral-strappy-back-maxi-dresses-summer-beach-outfit,Eligible,,$27.99,English,$0.04
shopify_us_7229023846497_41878199173217,Mommy and Me Matching Sets - Rainbow Stripe | Dress Like Mommy Mother XL / Multi Color,mommy_me,paid_eligible,us_test_ready,,,34,3,0.71,0.00,https://www.dresslikemommy.com/products/vibrant-rainbow-maxi-dress-set-for-mom-and-daughter-colorful-summer-matching-outfits,vibrant-rainbow-maxi-dress-set-for-mom-and-daughter-colorful-summer-matching-outfits,Eligible,,$27.99,English,$0.04
shopify_us_7108953604193_41496508760161,Family Matching Swimsuits - Blue | Dress Like Mommy Child 10-12 years / Blue,swimsuits,paid_eligible,us_test_ready,,,5,0,0.00,0.00,https://www.dresslikemommy.com/products/royal-blue-high-neck-halter-swimsuit-set-with-paisley-print-bottoms-elegant-family-beachwear,royal-blue-high-neck-halter-swimsuit-set-with-paisley-print-bottoms-elegant-family-beachwear,Eligible,,$15.99,English,$0.04
shopify_us_7227434958945_41871763964001,Mommy and Me Cardigans - Cream Black Heart Print | Dress Like Mommy Mother S / Beige,mommy_me,paid_eligible,us_test_ready,,,38,0,0.00,0.00,https://www.dresslikemommy.com/products/matching-mother-and-daughter-heart-knit-cardigans-cream-and-black-sweaters-for-mommy-me,matching-mother-and-daughter-heart-knit-cardigans-cream-and-black-sweaters-for-mommy-me,Eligible,,$32.99,English,$0.04
shopify_us_7227379023969_41871522070625,Family Matching Sets - Blue | Dress Like Mommy Boy 4-5 Years / blue,family_matching,paid_eligible,us_test_ready,,,20,0,0.00,0.00,https://www.dresslikemommy.com/products/elegant-matching-family-outfits-light-blue-halter-dresses-casual-t-shirt-set-for-summer,elegant-matching-family-outfits-light-blue-halter-dresses-casual-t-shirt-set-for-summer,Not eligible,Over capacity for Shopping ads (outside of CSS program),$21.99,English,$0.04
shopify_us_7229259874401_41878821568609,Family Matching T-Shirts - Heart Print | Dress Like Mommy Adult 2XL / Purple,family_matching,paid_eligible,us_test_ready,,,0,0,0.00,0.00,https://www.dresslikemommy.com/products/family-matching-t-shirt-set-with-colorful-heart-brushstroke-design,family-matching-t-shirt-set-with-colorful-heart-brushstroke-design,Eligible,,$21.99,English,$0.04
shopify_us_7229130342497_41878478356577,Family Matching Sets - Pink Blue Ombre | Dress Like Mommy Child 13-14 Years / Multi Color,family_matching,paid_eligible,us_test_ready,,,0,0,0.00,0.00,https://www.dresslikemommy.com/products/gradient-ombre-family-matching-outfits-pink-blue-t-shirts-with-white-shorts-set,gradient-ombre-family-matching-outfits-pink-blue-t-shirts-with-white-shorts-set,Eligible,,$14.99,English,$0.04
shopify_us_7227630649441_41872775479393,Mommy and Me Maxi Dresses - Floral Print | Dress Like Mommy Mother S / White,mommy_me,paid_eligible,us_test_ready,,,0,0,0.00,0.00,https://www.dresslikemommy.com/products/mother-daughter-matching-summer-dresses-vibrant-printed-sleeveless-maxi-dresses,mother-daughter-matching-summer-dresses-vibrant-printed-sleeveless-maxi-dresses,Eligible,,$21.99,English,$0.04
shopify_us_7109298487393_41497382060129,Mommy and Me Bikini Sets - Tropical Print | Dress Like Mommy Mother S / Black,swimsuits,paid_eligible,us_test_ready,,,0,0,0.00,0.00,https://www.dresslikemommy.com/products/chic-two-piece-swimsuit-set-ruffle-detail-top-and-high-waisted-bottoms-in-four-vibrant-colors,chic-two-piece-swimsuit-set-ruffle-detail-top-and-high-waisted-bottoms-in-four-vibrant-colors,Eligible,,$16.99,English,$0.04
shopify_us_7227252670561_41871110406241,Mommy and Me Maxi Dresses - Pink | Dress Like Mommy Child 11-12 Years / Pink,mommy_me,paid_eligible,us_test_ready,,,0,0,0.00,0.00,https://www.dresslikemommy.com/products/mommy-and-me-matching-pink-sleeveless-summer-dress-elegant-sundress-for-mother-daughter,mommy-and-me-matching-pink-sleeveless-summer-dress-elegant-sundress-for-mother-daughter,Eligible,,$35.16,English,$0.04
shopify_us_7227630649441_41872775839841,Mommy and Me Maxi Dresses - Floral Print | Dress Like Mommy Mother M / Yellow,mommy_me,paid_eligible,us_test_ready,,,0,0,0.00,0.00,https://www.dresslikemommy.com/products/mother-daughter-matching-summer-dresses-vibrant-printed-sleeveless-maxi-dresses,mother-daughter-matching-summer-dresses-vibrant-printed-sleeveless-maxi-dresses,Eligible,,$21.99,English,$0.04
shopify_us_7227270299745_41871161294945,Mommy and Me Maxi Dresses - Floral Print | Dress Like Mommy Child 3-4 Years / white,mommy_me,paid_eligible,us_test_ready,,,0,0,0.00,0.00,https://www.dresslikemommy.com/products/matching-mommy-me-sunflower-maxi-dresses-sleeveless-floral-print-summer-dress,matching-mommy-me-sunflower-maxi-dresses-sleeveless-floral-print-summer-dress,Eligible,,$22.50,English,$0.04
shopify_us_7109298487393_41497381470305,Mommy and Me Bikini Sets - Tropical Print | Dress Like Mommy Mother L / Pink,swimsuits,paid_eligible,us_test_ready,,,0,0,0.00,0.00,https://www.dresslikemommy.com/products/chic-two-piece-swimsuit-set-ruffle-detail-top-and-high-waisted-bottoms-in-four-vibrant-colors,chic-two-piece-swimsuit-set-ruffle-detail-top-and-high-waisted-bottoms-in-four-vibrant-colors,Eligible,,$16.99,English,$0.04
shopify_us_7227270791265_41871165816929,Mommy and Me Sundresses - Floral Print | Dress Like Mommy Child 9-10 Years / Red,mommy_me,paid_eligible,us_test_ready,,,0,0,0.00,0.00,https://www.dresslikemommy.com/products/matching-mommy-me-smocked-sundresses-vibrant-floral-and-patterned-summer-dresses,matching-mommy-me-smocked-sundresses-vibrant-floral-and-patterned-summer-dresses,Eligible,,$27.07,English,$0.04
shopify_us_7227252670561_41871110242401,Mommy and Me Maxi Dresses - Pink | Dress Like Mommy Child 2 Years / Pink,mommy_me,paid_eligible,us_test_ready,,,0,0,0.00,0.00,https://www.dresslikemommy.com/products/mommy-and-me-matching-pink-sleeveless-summer-dress-elegant-sundress-for-mother-daughter,mommy-and-me-matching-pink-sleeveless-summer-dress-elegant-sundress-for-mother-daughter,Eligible,,$30.24,English,$0.04
shopify_us_7510790733921_43768832131169,Family Matching Swim Trunks - Green Christmas Print | Dress Like Mommy Child 8-10 years / Green,daddy_me,paid_eligible,us_test_ready,,,0,0,0.00,0.00,https://www.dresslikemommy.com/products/green-tropical-leaf-daddy-and-me-matching-swim-shorts-for-pool-days,green-tropical-leaf-daddy-and-me-matching-swim-shorts-for-pool-days,Eligible,,$14.99,English,$0.04
shopify_us_7109083267169_41496956141665,Mommy and Me Swimsuits - Animal Print | Dress Like Mommy Mother XL / Black,swimsuits,paid_eligible,us_test_ready,,,0,0,0.00,0.00,https://www.dresslikemommy.com/products/elegant-long-sleeve-leopard-print-swimsuit-for-mother-and-daughter,elegant-long-sleeve-leopard-print-swimsuit-for-mother-and-daughter,Eligible,,$16.99,English,$0.04
shopify_us_7108948820065_41496491786337,Mommy and Me Bikini Sets - Mermaid Scale | Dress Like Mommy Child 8-10 years / Mermaid,swimsuits,paid_eligible,us_test_ready,,,0,0,0.00,0.00,https://www.dresslikemommy.com/products/enchanting-mermaid-scales-two-piece-swimsuit-set-for-mother-and-daughter-rainbow-hues-with-flirty-skirt-detail,enchanting-mermaid-scales-two-piece-swimsuit-set-for-mother-and-daughter-rainbow-hues-with-flirty-skirt-detail,Eligible,,$16.99,English,$0.04
shopify_us_7109298487393_41497381503073,Mommy and Me Bikini Sets - Tropical Print | Dress Like Mommy Mother XL / Pink,swimsuits,paid_eligible,us_test_ready,,,0,0,0.00,0.00,https://www.dresslikemommy.com/products/chic-two-piece-swimsuit-set-ruffle-detail-top-and-high-waisted-bottoms-in-four-vibrant-colors,chic-two-piece-swimsuit-set-ruffle-detail-top-and-high-waisted-bottoms-in-four-vibrant-colors,Eligible,,$16.99,English,$0.04
shopify_us_7229130801249_41878479962209,Family Matching Sets - Beige | Dress Like Mommy Child 9-10 years / Beige,mommy_me,paid_eligible,us_test_ready,,,0,0,0.00,0.00,https://www.dresslikemommy.com/products/elegant-beige-chiffon-family-matching-dresses-mother-daughter-summer-outfits,elegant-beige-chiffon-family-matching-dresses-mother-daughter-summer-outfits,Not eligible,Over capacity for Shopping ads (outside of CSS program),$24.99,English,$0.04
shopify_us_7229124673633_41878467575905,Family Matching Sets - Green Floral Print | Dress Like Mommy Mother M / Dress,mommy_me,paid_eligible,us_test_ready,,,0,0,0.00,0.00,https://www.dresslikemommy.com/products/green-and-white-matching-family-outfits-stylish-floral-print-family-set-for-parents-and-kids,green-and-white-matching-family-outfits-stylish-floral-print-family-set-for-parents-and-kids,Eligible (limited),"Missing color
Missing gender",$27.99,English,$0.04
shopify_us_7227435450465_41871766454369,Family Matching Sweaters - Color Block | Dress Like Mommy Mother S / Multi Color,mommy_me,paid_eligible,us_test_ready,,,0,0,0.00,0.00,https://www.dresslikemommy.com/products/matching-color-block-knit-sweaters-vibrant-family-pullover-for-mom-and-kids,matching-color-block-knit-sweaters-vibrant-family-pullover-for-mom-and-kids,Eligible,,$29.99,English,$0.04
shopify_us_7227270791265_41871164801121,Mommy and Me Sundresses - Floral Print | Dress Like Mommy Child 2-3 Years / Rainbow,mommy_me,paid_eligible,us_test_ready,,,0,0,0.00,0.00,https://www.dresslikemommy.com/products/matching-mommy-me-smocked-sundresses-vibrant-floral-and-patterned-summer-dresses,matching-mommy-me-smocked-sundresses-vibrant-floral-and-patterned-summer-dresses,Eligible,,$27.07,English,$0.04
shopify_us_7227270791265_41871165161569,Mommy and Me Sundresses - Floral Print | Dress Like Mommy Child 6-7 Years / Purple,mommy_me,paid_eligible,us_test_ready,,,0,0,0.00,0.00,https://www.dresslikemommy.com/products/matching-mommy-me-smocked-sundresses-vibrant-floral-and-patterned-summer-dresses,matching-mommy-me-smocked-sundresses-vibrant-floral-and-patterned-summer-dresses,Eligible,,$27.07,English,$0.04
shopify_us_7227252670561_41871110307937,Mommy and Me Maxi Dresses - Pink | Dress Like Mommy Child 5-6 Years / Pink,mommy_me,paid_eligible,us_test_ready,,,0,0,0.00,0.00,https://www.dresslikemommy.com/products/mommy-and-me-matching-pink-sleeveless-summer-dress-elegant-sundress-for-mother-daughter,mommy-and-me-matching-pink-sleeveless-summer-dress-elegant-sundress-for-mother-daughter,Eligible,,$30.24,English,$0.04
shopify_us_7227630649441_41872775020641,Mommy and Me Maxi Dresses - Floral Print | Dress Like Mommy Child 6-7 Years / Black,mommy_me,paid_eligible,us_test_ready,,,0,0,0.00,0.00,https://www.dresslikemommy.com/products/mother-daughter-matching-summer-dresses-vibrant-printed-sleeveless-maxi-dresses,mother-daughter-matching-summer-dresses-vibrant-printed-sleeveless-maxi-dresses,Eligible,,$16.99,English,$0.04
shopify_us_7227378925665_41871520858209,Family Matching Sets - Tropical Print | Dress Like Mommy Girl 5-6 Years / Red,swimsuits,paid_eligible,us_test_ready,,,0,0,0.00,0.00,https://www.dresslikemommy.com/products/tropical-matching-family-beach-outfits-colorful-leaf-print-summer-dresses-shorts-set,tropical-matching-family-beach-outfits-colorful-leaf-print-summer-dresses-shorts-set,Eligible,,$24.99,English,$0.04
shopify_us_7227630649441_41872775676001,Mommy and Me Maxi Dresses - Floral Print | Dress Like Mommy Child 6-7 Years / Yellow,mommy_me,paid_eligible,us_test_ready,,,0,0,0.00,0.00,https://www.dresslikemommy.com/products/mother-daughter-matching-summer-dresses-vibrant-printed-sleeveless-maxi-dresses,mother-daughter-matching-summer-dresses-vibrant-printed-sleeveless-maxi-dresses,Eligible,,$16.99,English,$0.04
shopify_us_7108984799329_41496617844833,Mommy and Me One-Piece Swimsuits - Animal Print | Dress Like Mommy Child 10-12 years / Leopard,swimsuits,paid_eligible,us_test_ready,,,21,2,0.50,0.00,https://www.dresslikemommy.com/products/chic-leopard-print-one-piece-swimsuit-with-ruffle-accent-timeless-mother-daughter-beachwear,chic-leopard-print-one-piece-swimsuit-with-ruffle-accent-timeless-mother-daughter-beachwear,Eligible,,$15.99,English,$0.04
shopify_us_7229130801249_41878480191585,Family Matching Sets - Beige | Dress Like Mommy Mother 2XL / Beige,mommy_me,paid_eligible,us_test_ready,,,36,0,0.00,0.00,https://www.dresslikemommy.com/products/elegant-beige-chiffon-family-matching-dresses-mother-daughter-summer-outfits,elegant-beige-chiffon-family-matching-dresses-mother-daughter-summer-outfits,Eligible,,$29.99,English,$0.04
shopify_us_7228788867169_41877295923297,Mommy and Me Pajama Sets - Cartoon Print | Dress Like Mommy Mother XL / Yellow,pajamas,paid_eligible,us_test_ready,,,29,0,0.00,0.00,https://www.dresslikemommy.com/products/cute-matching-mom-and-daughter-cartoon-pajama-set-fun-and-cozy-sleepwear,cute-matching-mom-and-daughter-cartoon-pajama-set-fun-and-cozy-sleepwear,Eligible,,$27.99,English,$0.04
shopify_us_7229128441953_41878471147617,Family Matching Sets - Rainbow Stripe | Dress Like Mommy Girl 2 years / Overall,family_matching,paid_eligible,us_test_ready,,,1,0,0.00,0.00,https://www.dresslikemommy.com/products/vibrant-rainbow-family-matching-outfits-striped-t-shirts-and-yellow-overalls-set-for-family-outings,vibrant-rainbow-family-matching-outfits-striped-t-shirts-and-yellow-overalls-set-for-family-outings,Not eligible,Over capacity for Shopping ads (outside of CSS program),$23.99,English,$0.04
shopify_us_7228788867169_41877295038561,Mommy and Me Pajama Sets - Cartoon Print | Dress Like Mommy Girl 8-9 years / Red,pajamas,paid_eligible,us_test_ready,,,10,0,0.00,0.00,https://www.dresslikemommy.com/products/cute-matching-mom-and-daughter-cartoon-pajama-set-fun-and-cozy-sleepwear,cute-matching-mom-and-daughter-cartoon-pajama-set-fun-and-cozy-sleepwear,Eligible,,$24.99,English,$0.04
shopify_us_7109292130401_41497360466017,Family Matching Bikini Sets - One-Piece | Dress Like Mommy Child 4-5 years / Orange,swimsuits,paid_eligible,us_test_ready,,,0,0,0.00,0.00,https://www.dresslikemommy.com/products/chic-mother-daughter-two-piece-swimsuit-family-matching-swimwear-in-vibrant-colors,chic-mother-daughter-two-piece-swimsuit-family-matching-swimwear-in-vibrant-colors,Eligible,,$14.99,English,$0.04
shopify_us_7109472288865_41497918603361,Family Matching Swimsuits - Floral Print | Dress Like Mommy Mother L / Purple,swimsuits,paid_eligible,us_test_ready,,,0,0,0.00,0.00,https://www.dresslikemommy.com/products/chic-mother-daughter-matching-swimsuit-set-with-floral-cover-up-family-beachwear-collection,chic-mother-daughter-matching-swimsuit-set-with-floral-cover-up-family-beachwear-collection,Eligible,,$16.99,English,$0.04
shopify_us_7229130342497_41878478749793,Family Matching Sets - Pink Blue Ombre | Dress Like Mommy Father 3XL / Multi Color,daddy_me,paid_eligible,us_test_ready,,,0,0,0.00,0.00,https://www.dresslikemommy.com/products/gradient-ombre-family-matching-outfits-pink-blue-t-shirts-with-white-shorts-set,gradient-ombre-family-matching-outfits-pink-blue-t-shirts-with-white-shorts-set,Eligible,,$17.99,English,$0.04
shopify_us_7510790996065_43768834654305,Family Matching Swim Trunks - Green Striped | Dress Like Mommy Child 6-8 years / White,daddy_me,paid_eligible,us_test_ready,,,0,0,0.00,0.00,https://www.dresslikemommy.com/products/matching-dad-and-son-green-stripe-swim-trunks-beach-shorts,matching-dad-and-son-green-stripe-swim-trunks-beach-shorts,Eligible,,$14.99,English,$0.04
shopify_us_7227436367969_41871769927777,Family Matching Sets - Cream | Dress Like Mommy Child 5-6 Years / White,mommy_me,paid_eligible,us_test_ready,,,0,0,0.00,0.00,https://www.dresslikemommy.com/products/matching-star-knit-sweater-dress-cozy-cream-family-outfit-for-mom-and-daughter,matching-star-knit-sweater-dress-cozy-cream-family-outfit-for-mom-and-daughter,Eligible,,$27.99,English,$0.04
shopify_us_7227435450465_41871766519905,Family Matching Sweaters - Color Block | Dress Like Mommy Mother L / Multi Color,mommy_me,paid_eligible,us_test_ready,,,0,0,0.00,0.00,https://www.dresslikemommy.com/products/matching-color-block-knit-sweaters-vibrant-family-pullover-for-mom-and-kids,matching-color-block-knit-sweaters-vibrant-family-pullover-for-mom-and-kids,Eligible,,$29.99,English,$0.04
shopify_us_7227418738785_41871678537825,Family Matching Cardigans - Navy Red Striped | Dress Like Mommy Father XL / Stripes,daddy_me,paid_eligible,us_test_ready,,,0,0,0.00,0.00,https://www.dresslikemommy.com/products/matching-family-striped-cardigans-navy-and-red-heart-embroidery-knit-sweaters-for-mom-dad-and-kids,matching-family-striped-cardigans-navy-and-red-heart-embroidery-knit-sweaters-for-mom-dad-and-kids,Eligible,,$29.99,English,$0.04
shopify_us_7227624554593_41872740089953,Family Matching Shirts - Matching Style | Dress Like Mommy Child 6-7 Years / Blue,family_matching,paid_eligible,us_test_ready,,,0,0,0.00,0.00,https://www.dresslikemommy.com/products/matching-family-denim-button-up-shirts-casual-unisex-jean-jackets-for-parents-and-kids,matching-family-denim-button-up-shirts-casual-unisex-jean-jackets-for-parents-and-kids,Eligible,,$22.99,English,$0.04
shopify_us_7109514395745_41498011697249,Family Matching One-Piece Swimsuits - One-Piece | Dress Like Mommy Mother XL / Blue,swimsuits,paid_eligible,us_test_ready,,,0,0,0.00,0.00,https://www.dresslikemommy.com/products/elegant-mother-daughter-matching-one-piece-swimsuit-with-patterned-mesh-skirt-family-beachwear-set,elegant-mother-daughter-matching-one-piece-swimsuit-with-patterned-mesh-skirt-family-beachwear-set,Eligible,,$16.99,English,$0.04
shopify_us_7108009197665_41493704507489,Mommy and Me Maxi Dresses - Pink Tie-Dye Print | Dress Like Mommy Child 7-8 Years / Multi Color,mommy_me,paid_eligible,us_test_ready,,,0,0,0.00,0.00,https://www.dresslikemommy.com/products/mommy-and-me-matching-pink-tie-dye-pleated-maxi-dresses-with-adjustable-straps,mommy-and-me-matching-pink-tie-dye-pleated-maxi-dresses-with-adjustable-straps,Eligible,,$19.99,English,$0.04
shopify_us_7227252670561_41871110439009,Mommy and Me Maxi Dresses - Pink | Dress Like Mommy Mother S / Pink,mommy_me,paid_eligible,us_test_ready,,,0,0,0.00,0.00,https://www.dresslikemommy.com/products/mommy-and-me-matching-pink-sleeveless-summer-dress-elegant-sundress-for-mother-daughter,mommy-and-me-matching-pink-sleeveless-summer-dress-elegant-sundress-for-mother-daughter,Not eligible,Over capacity for Shopping ads (outside of CSS program),$39.38,English,$0.04
shopify_us_7227270791265_41871165980769,Mommy and Me Sundresses - Floral Print | Dress Like Mommy Child 2-3 Years / Blue,mommy_me,paid_eligible,us_test_ready,,,0,0,0.00,0.00,https://www.dresslikemommy.com/products/matching-mommy-me-smocked-sundresses-vibrant-floral-and-patterned-summer-dresses,matching-mommy-me-smocked-sundresses-vibrant-floral-and-patterned-summer-dresses,Eligible,,$27.07,English,$0.04
shopify_us_7228773466209_41877252014177,Mommy and Me Matching Sets - Black White Striped | Dress Like Mommy Girl 8-9 years / Multi Color,mommy_me,paid_eligible,us_test_ready,,,0,0,0.00,0.00,https://www.dresslikemommy.com/products/cozy-matching-black-white-striped-sweater-set-for-mom-and-daughter,cozy-matching-black-white-striped-sweater-set-for-mom-and-daughter,Not eligible,Over capacity for Shopping ads (outside of CSS program),$25.99,English,$0.04
shopify_us_7108942397537_41496468521057,Mommy and Me Swimsuits - One Shoulder | Dress Like Mommy Mother XL / Main picture,swimsuits,paid_eligible,us_test_ready,,,0,0,0.00,0.00,https://www.dresslikemommy.com/products/chic-mother-daughter-one-shoulder-swimsuit-with-playful-ruffles-and-contrasting-stripes-nylon-polyester-blend,chic-mother-daughter-one-shoulder-swimsuit-with-playful-ruffles-and-contrasting-stripes-nylon-polyester-blend,Eligible,,$19.99,English,$0.04
shopify_us_7510790996065_43768834785377,Family Matching Swim Trunks - Green Striped | Dress Like Mommy Child 8-10 years / White,daddy_me,paid_eligible,us_test_ready,,,0,0,0.00,0.00,https://www.dresslikemommy.com/products/matching-dad-and-son-green-stripe-swim-trunks-beach-shorts,matching-dad-and-son-green-stripe-swim-trunks-beach-shorts,Eligible,,$14.99,English,$0.04
shopify_us_7109267947617_41497323896929,Mommy and Me One-Piece Swimsuits - Color Block | Dress Like Mommy Child 8-10 years / Black,swimsuits,paid_eligible,us_test_ready,,,0,0,0.00,0.00,https://www.dresslikemommy.com/products/chic-color-block-one-piece-swimsuit-for-mother-daughter-vibrant-sleek-beachwear,chic-color-block-one-piece-swimsuit-for-mother-daughter-vibrant-sleek-beachwear,Eligible,,$14.99,English,$0.04
shopify_us_7110368919649_41500578938977,Family Matching Swim Trunks - Matching Style | Dress Like Mommy Child 6-8 years / Pink,daddy_me,paid_eligible,us_test_ready,,,0,0,0.00,0.00,https://www.dresslikemommy.com/products/dynamic-duo-father-and-son-matching-swim-trunks-family-beachwear-set,dynamic-duo-father-and-son-matching-swim-trunks-family-beachwear-set,Eligible,,$14.99,English,$0.04
shopify_us_7227356282977_41871478915169,Mommy and Me Maxi Dresses - Watercolor | Dress Like Mommy Child 8-9 Years / Multi Color,mommy_me,paid_eligible,us_test_ready,,,0,0,0.00,0.00,https://www.dresslikemommy.com/products/matching-mommy-me-colorful-watercolor-maxi-dresses-sleeveless-summer-dress,matching-mommy-me-colorful-watercolor-maxi-dresses-sleeveless-summer-dress,Eligible,,$23.99,English,$0.04
shopify_us_7109986844769_41499305410657,Mommy and Me Bikini Sets - Wrap Skirt | Dress Like Mommy Mother L / White,swimsuits,paid_eligible,us_test_ready,,,0,0,0.00,0.00,https://www.dresslikemommy.com/products/mother-daughter-matching-swim-set-abstract-print-two-piece-high-waisted-bikini-with-wrap-skirt,mother-daughter-matching-swim-set-abstract-print-two-piece-high-waisted-bikini-with-wrap-skirt,Eligible,,$19.99,English,$0.04
shopify_us_7227356282977_41871478882401,Mommy and Me Maxi Dresses - Watercolor | Dress Like Mommy Child 7-8 Years / Multi Color,mommy_me,paid_eligible,us_test_ready,,,0,0,0.00,0.00,https://www.dresslikemommy.com/products/matching-mommy-me-colorful-watercolor-maxi-dresses-sleeveless-summer-dress,matching-mommy-me-colorful-watercolor-maxi-dresses-sleeveless-summer-dress,Eligible,,$23.99,English,$0.04
shopify_us_7108938039393_41496456167521,Mommy and Me Swimsuits - One Shoulder | Dress Like Mommy Mother L / Red,swimsuits,paid_eligible,us_test_ready,,,15,0,0.00,0.00,https://www.dresslikemommy.com/products/chic-one-shoulder-striped-ruffle-swimsuit-for-women-and-girls-elegant-monokini-with-side-tie,chic-one-shoulder-striped-ruffle-swimsuit-for-women-and-girls-elegant-monokini-with-side-tie,Eligible,,$19.99,English,$0.04
shopify_us_7108953604193_41496508530785,Family Matching Swimsuits - Blue | Dress Like Mommy Mother XL / Blue,swimsuits,paid_eligible,us_test_ready,,,23,0,0.00,0.00,https://www.dresslikemommy.com/products/royal-blue-high-neck-halter-swimsuit-set-with-paisley-print-bottoms-elegant-family-beachwear,royal-blue-high-neck-halter-swimsuit-set-with-paisley-print-bottoms-elegant-family-beachwear,Eligible,,$17.99,English,$0.04
shopify_us_7227375714401_41871506964577,Family Matching Sets - Yellow Tropical Print | Dress Like Mommy Boy 4-5 Years / yellow,swimsuits,paid_eligible,us_test_ready,,,86,6,1.42,0.00,https://www.dresslikemommy.com/products/matching-family-yellow-beach-outfits-summer-vacation-dresses-shorts-set,matching-family-yellow-beach-outfits-summer-vacation-dresses-shorts-set,Eligible,,$27.57,English,$0.04
shopify_us_7109481431137_41497931219041,Family Matching Swimsuits - Long Sleeve | Dress Like Mommy Mother XL / Orange,swimsuits,paid_eligible,us_test_ready,,,0,0,0.00,0.00,https://www.dresslikemommy.com/products/chic-family-bonding-mother-daughter-matching-swimsuit-set-with-long-sleeved-cover-up,chic-family-bonding-mother-daughter-matching-swimsuit-set-with-long-sleeved-cover-up,Eligible,,$16.99,English,$0.04
shopify_us_7229128441953_41878470852705,Family Matching Sets - Rainbow Stripe | Dress Like Mommy Boy 7-8 years / Short,family_matching,paid_eligible,us_test_ready,,,0,0,0.00,0.00,https://www.dresslikemommy.com/products/vibrant-rainbow-family-matching-outfits-striped-t-shirts-and-yellow-overalls-set-for-family-outings,vibrant-rainbow-family-matching-outfits-striped-t-shirts-and-yellow-overalls-set-for-family-outings,Eligible,,$17.99,English,$0.04
shopify_us_7109292130401_41497360892001,Family Matching Bikini Sets - One-Piece | Dress Like Mommy Child 10-12 years / Light Green,swimsuits,paid_eligible,us_test_ready,,,0,0,0.00,0.00,https://www.dresslikemommy.com/products/chic-mother-daughter-two-piece-swimsuit-family-matching-swimwear-in-vibrant-colors,chic-mother-daughter-two-piece-swimsuit-family-matching-swimwear-in-vibrant-colors,Eligible,,$14.99,English,$0.04
shopify_us_7108986404961_41496623906913,Mommy and Me Swimsuits - One Shoulder | Dress Like Mommy Child 6-8 years / Black,swimsuits,paid_eligible,us_test_ready,,,0,0,0.00,0.00,https://www.dresslikemommy.com/products/modern-monochrome-one-shoulder-swimsuit-with-animal-print-ruffle-elegant-poolside-duo-for-mother-and-child,modern-monochrome-one-shoulder-swimsuit-with-animal-print-ruffle-elegant-poolside-duo-for-mother-and-child,Eligible,,$15.99,English,$0.04
shopify_us_7108951605345_41496502173793,Mommy and Me Swimsuits - Blue | Dress Like Mommy Child 8-10 years / blue,swimsuits,paid_eligible,us_test_ready,,,0,0,0.00,0.00,https://www.dresslikemommy.com/products/chic-ocean-blue-mother-daughter-swimsuit-duo-stylish-ruffle-top-with-paisley-high-waisted-bottoms,chic-ocean-blue-mother-daughter-swimsuit-duo-stylish-ruffle-top-with-paisley-high-waisted-bottoms,Eligible,,$15.99,English,$0.04
shopify_us_7227434958945_41871763767393,Mommy and Me Cardigans - Cream Black Heart Print | Dress Like Mommy Child 3-4 Years / Beige,mommy_me,paid_eligible,us_test_ready,,,0,0,0.00,0.00,https://www.dresslikemommy.com/products/matching-mother-and-daughter-heart-knit-cardigans-cream-and-black-sweaters-for-mommy-me,matching-mother-and-daughter-heart-knit-cardigans-cream-and-black-sweaters-for-mommy-me,Eligible,,$24.99,English,$0.04
shopify_us_7110368919649_41500578840673,Family Matching Swim Trunks - Matching Style | Dress Like Mommy Child 2-3 years / Pink,daddy_me,paid_eligible,us_test_ready,,,0,0,0.00,0.00,https://www.dresslikemommy.com/products/dynamic-duo-father-and-son-matching-swim-trunks-family-beachwear-set,dynamic-duo-father-and-son-matching-swim-trunks-family-beachwear-set,Eligible,,$14.99,English,$0.04
shopify_us_7227378925665_41871520890977,Family Matching Sets - Tropical Print | Dress Like Mommy Girl 6-7 Years / Red,swimsuits,paid_eligible,us_test_ready,,,0,0,0.00,0.00,https://www.dresslikemommy.com/products/tropical-matching-family-beach-outfits-colorful-leaf-print-summer-dresses-shorts-set,tropical-matching-family-beach-outfits-colorful-leaf-print-summer-dresses-shorts-set,Eligible,,$24.99,English,$0.04
shopify_us_7108992860257_41496647237729,Mommy and Me One-Piece Swimsuits - Striped | Dress Like Mommy Child 8-10 years / Multi-Color,swimsuits,paid_eligible,us_test_ready,,,0,0,0.00,0.00,https://www.dresslikemommy.com/products/chic-striped-one-piece-swimsuit-with-playful-ruffle-detail-a-duo-of-elegance-for-mother-daughter,chic-striped-one-piece-swimsuit-with-playful-ruffle-detail-a-duo-of-elegance-for-mother-daughter,Eligible,,$15.99,English,$0.04
shopify_us_7108141383777_41493944172641,Mommy and Me Midi Dresses - Ruffle Sleeve | Dress Like Mommy Mother L / Champagne,mommy_me,paid_eligible,us_test_ready,,,0,0,0.00,0.00,https://www.dresslikemommy.com/products/elegant-mother-daughter-matching-summer-dress-ruffled-layered-chiffon-with-sequin-embellishments,elegant-mother-daughter-matching-summer-dress-ruffled-layered-chiffon-with-sequin-embellishments,Eligible,,$29.99,English,$0.04
shopify_us_7107978395745_41493653127265,Mommy and Me Maxi Dresses - Blue | Dress Like Mommy Child 9-10 Years / Blue,mommy_me,paid_eligible,us_test_ready,,,0,0,0.00,0.00,https://www.dresslikemommy.com/products/mommy-and-me-matching-light-blue-halter-neck-tiered-dresses,mommy-and-me-matching-light-blue-halter-neck-tiered-dresses,Not eligible,Over capacity for Shopping ads (outside of CSS program),$24.99,English,$0.04
shopify_us_7109267947617_41497324159073,Mommy and Me One-Piece Swimsuits - Color Block | Dress Like Mommy Child 4-5 years / Pink,swimsuits,paid_eligible,us_test_ready,,,0,0,0.00,0.00,https://www.dresslikemommy.com/products/chic-color-block-one-piece-swimsuit-for-mother-daughter-vibrant-sleek-beachwear,chic-color-block-one-piece-swimsuit-for-mother-daughter-vibrant-sleek-beachwear,Eligible,,$14.99,English,$0.04
shopify_us_7229132472417_41878486745185,Mommy and Me Cardigans - Navy Gingham Print | Dress Like Mommy Child 2-3 Years / Blue,mommy_me,paid_eligible,us_test_ready,,,0,0,0.00,0.00,https://www.dresslikemommy.com/products/mother-daughter-matching-navy-knit-cardigan-set-gingham-ruffle-trim-bow-accent,mother-daughter-matching-navy-knit-cardigan-set-gingham-ruffle-trim-bow-accent,Eligible,,$24.99,English,$0.04
shopify_us_7227434958945_41871763931233,Mommy and Me Cardigans - Cream Black Heart Print | Dress Like Mommy Child 8-9 Years / Beige,mommy_me,paid_eligible,us_test_ready,,,0,0,0.00,0.00,https://www.dresslikemommy.com/products/matching-mother-and-daughter-heart-knit-cardigans-cream-and-black-sweaters-for-mommy-me,matching-mother-and-daughter-heart-knit-cardigans-cream-and-black-sweaters-for-mommy-me,Eligible,,$24.99,English,$0.04
shopify_us_7109298487393_41497382191201,Mommy and Me Bikini Sets - Tropical Print | Dress Like Mommy Child 2-3 years / Black,swimsuits,paid_eligible,us_test_ready,,,0,0,0.00,0.00,https://www.dresslikemommy.com/products/chic-two-piece-swimsuit-set-ruffle-detail-top-and-high-waisted-bottoms-in-four-vibrant-colors,chic-two-piece-swimsuit-set-ruffle-detail-top-and-high-waisted-bottoms-in-four-vibrant-colors,Eligible,,$14.99,English,$0.04
shopify_us_7109292130401_41497361023073,Family Matching Bikini Sets - One-Piece | Dress Like Mommy Mother XL / Green,swimsuits,paid_eligible,us_test_ready,,,0,0,0.00,0.00,https://www.dresslikemommy.com/products/chic-mother-daughter-two-piece-swimsuit-family-matching-swimwear-in-vibrant-colors,chic-mother-daughter-two-piece-swimsuit-family-matching-swimwear-in-vibrant-colors,Eligible,,$16.99,English,$0.04
shopify_us_7510790996065_43768834392161,Family Matching Swim Trunks - Green Striped | Dress Like Mommy Child 2-3 years / White,daddy_me,paid_eligible,us_test_ready,,,0,0,0.00,0.00,https://www.dresslikemommy.com/products/matching-dad-and-son-green-stripe-swim-trunks-beach-shorts,matching-dad-and-son-green-stripe-swim-trunks-beach-shorts,Eligible,,$14.99,English,$0.04
shopify_us_7109986844769_41499305377889,Mommy and Me Bikini Sets - Wrap Skirt | Dress Like Mommy Mother M / White,swimsuits,paid_eligible,us_test_ready,,,0,0,0.00,0.00,https://www.dresslikemommy.com/products/mother-daughter-matching-swim-set-abstract-print-two-piece-high-waisted-bikini-with-wrap-skirt,mother-daughter-matching-swim-set-abstract-print-two-piece-high-waisted-bikini-with-wrap-skirt,Not eligible,Over capacity for Shopping ads (outside of CSS program),$19.99,English,$0.04
shopify_us_7229027876961_41878213984353,Mommy and Me Midi Dresses - Blue | Dress Like Mommy Mother XL / Blue,mommy_me,paid_eligible,us_test_ready,,,0,0,0.00,0.00,https://www.dresslikemommy.com/products/stylish-blue-sleeveless-mommy-and-me-dress-set-with-bow-detail-perfect-for-summer-outings,stylish-blue-sleeveless-mommy-and-me-dress-set-with-bow-detail-perfect-for-summer-outings,Eligible,,$29.99,English,$0.04
shopify_us_7108942397537_41496468455521,Mommy and Me Swimsuits - One Shoulder | Dress Like Mommy Mother M / Main picture,swimsuits,paid_eligible,us_test_ready,,,0,0,0.00,0.00,https://www.dresslikemommy.com/products/chic-mother-daughter-one-shoulder-swimsuit-with-playful-ruffles-and-contrasting-stripes-nylon-polyester-blend,chic-mother-daughter-one-shoulder-swimsuit-with-playful-ruffles-and-contrasting-stripes-nylon-polyester-blend,Eligible,,$19.99,English,$0.04
shopify_us_7109443256417_41497809223777,Family Matching One-Piece Swimsuits - One-Piece | Dress Like Mommy Child 3-4T / Green,swimsuits,paid_eligible,us_test_ready,,,0,0,0.00,0.00,https://www.dresslikemommy.com/products/mommy-me-vibrant-duo-tone-one-piece-swimsuit-with-ring-accent-family-matching-swimwear-collection,mommy-me-vibrant-duo-tone-one-piece-swimsuit-with-ring-accent-family-matching-swimwear-collection,Eligible,,$14.99,English,$0.04
shopify_us_7109502566497_41497976930401,Family Matching Bikini Sets - Matching Style | Dress Like Mommy Child 2-3 years / Pink,swimsuits,paid_eligible,us_test_ready,,,0,0,0.00,0.00,https://www.dresslikemommy.com/products/chic-family-tides-mother-daughter-matching-two-piece-swimsuit-with-skirt-vibrant-versatile-swimwear-collection,chic-family-tides-mother-daughter-matching-two-piece-swimsuit-with-skirt-vibrant-versatile-swimwear-collection,Eligible,,$14.99,English,$0.04
shopify_us_7109267947617_41497324322913,Mommy and Me One-Piece Swimsuits - Color Block | Dress Like Mommy Mother M / Brown,swimsuits,paid_eligible,us_test_ready,,,0,0,0.00,0.00,https://www.dresslikemommy.com/products/chic-color-block-one-piece-swimsuit-for-mother-daughter-vibrant-sleek-beachwear,chic-color-block-one-piece-swimsuit-for-mother-daughter-vibrant-sleek-beachwear,Eligible,,$16.99,English,$0.04
shopify_us_7110362136673_41500561047649,Daddy and Me Swim Trunks - Red Green Tropical Print | Dress Like Mommy Child 6-8 years / Photo Color,daddy_me,paid_eligible,us_test_ready,,,0,0,0.00,0.00,https://www.dresslikemommy.com/products/father-and-son-matching-swim-trunks-tropical-paradise-red-and-green-print,father-and-son-matching-swim-trunks-tropical-paradise-red-and-green-print,Eligible,,$14.99,English,$0.04
shopify_us_7109083267169_41496956239969,Mommy and Me Swimsuits - Animal Print | Dress Like Mommy Child 4-5 years / Black,swimsuits,paid_eligible,us_test_ready,,,0,0,0.00,0.00,https://www.dresslikemommy.com/products/elegant-long-sleeve-leopard-print-swimsuit-for-mother-and-daughter,elegant-long-sleeve-leopard-print-swimsuit-for-mother-and-daughter,Eligible,,$14.99,English,$0.04
shopify_us_7109117280353_41497062015073,Mommy and Me Tankinis - Mermaid Scale | Dress Like Mommy Child 6-8 years / Multi-Color,mommy_me,paid_eligible,us_test_ready,,,0,0,0.00,0.00,https://www.dresslikemommy.com/products/chic-pink-mermaid-scales-tankini-set-for-mother-and-daughter,chic-pink-mermaid-scales-tankini-set-for-mother-and-daughter,Not eligible,Over capacity for Shopping ads (outside of CSS program),$14.99,English,$0.04
shopify_us_7108962254945_41496538349665,Mommy and Me One-Piece Swimsuits - Tropical Print | Dress Like Mommy Mother S / Red,swimsuits,paid_eligible,us_test_ready,,,0,0,0.00,0.00,https://www.dresslikemommy.com/products/chic-tropical-ruffle-one-piece-swimsuit-lush-botanical-print-with-elegant-solid-trim-for-mother-child,chic-tropical-ruffle-one-piece-swimsuit-lush-botanical-print-with-elegant-solid-trim-for-mother-child,Eligible,,$17.99,English,$0.04
shopify_us_7109083267169_41496956338273,Mommy and Me Swimsuits - Animal Print | Dress Like Mommy Child 10-12 years / Black,swimsuits,paid_eligible,us_test_ready,,,0,0,0.00,0.00,https://www.dresslikemommy.com/products/elegant-long-sleeve-leopard-print-swimsuit-for-mother-and-daughter,elegant-long-sleeve-leopard-print-swimsuit-for-mother-and-daughter,Eligible,,$14.99,English,$0.04
shopify_us_7109123670113_41497082593377,Mommy and Me Tankinis - Animal Print | Dress Like Mommy Adult L / Black,swimsuits,paid_eligible,us_test_ready,,,0,0,0.00,0.00,https://www.dresslikemommy.com/products/modern-cow-print-tankini-swimsuit-set-for-mother-and-daughter-stylish-high-waisted-swimwear-with-ruffle-detail,modern-cow-print-tankini-swimsuit-set-for-mother-and-daughter-stylish-high-waisted-swimwear-with-ruffle-detail,Eligible,,$16.99,English,$0.04
shopify_us_7109443256417_41497808765025,Family Matching One-Piece Swimsuits - One-Piece | Dress Like Mommy Mother M / Blue,swimsuits,paid_eligible,us_test_ready,,,0,0,0.00,0.00,https://www.dresslikemommy.com/products/mommy-me-vibrant-duo-tone-one-piece-swimsuit-with-ring-accent-family-matching-swimwear-collection,mommy-me-vibrant-duo-tone-one-piece-swimsuit-with-ring-accent-family-matching-swimwear-collection,Eligible,,$16.99,English,$0.04
shopify_us_7227439546465_41871780970593,Family Matching Sets - Navy Floral Print | Dress Like Mommy Girl 5-6 Years / Orange,swimsuits,paid_eligible,us_test_ready,,,0,0,0.00,0.00,https://www.dresslikemommy.com/products/matching-family-tropical-floral-beach-outfits-navy-and-orange-flower-print-dresses-shirts-set,matching-family-tropical-floral-beach-outfits-navy-and-orange-flower-print-dresses-shirts-set,Eligible,,$24.99,English,$0.04
shopify_us_7108984799329_41496617615457,Mommy and Me One-Piece Swimsuits - Animal Print | Dress Like Mommy Mother L / Leopard,swimsuits,paid_eligible,us_test_ready,,,2,0,0.00,0.00,https://www.dresslikemommy.com/products/chic-leopard-print-one-piece-swimsuit-with-ruffle-accent-timeless-mother-daughter-beachwear,chic-leopard-print-one-piece-swimsuit-with-ruffle-accent-timeless-mother-daughter-beachwear,Eligible,,$17.99,English,$0.04
shopify_us_7109454135393_41497849036897,Family Matching Bikini Sets - Blue Green Floral | Dress Like Mommy Mother M / blue,swimsuits,paid_eligible,us_test_ready,,,0,0,0.00,0.00,https://www.dresslikemommy.com/products/chic-two-piece-swimsuit-with-skirt-family-matching-swimwear-for-mother-and-daughter-available-in-blue-green-black,chic-two-piece-swimsuit-with-skirt-family-matching-swimwear-for-mother-and-daughter-available-in-blue-green-black,Eligible,,$16.99,English,$0.04
shopify_us_7109072257121_41496915804257,Mommy and Me Swimsuits - Floral Print | Dress Like Mommy Child 10-12 years / Black,swimsuits,paid_eligible,us_test_ready,,,0,0,0.00,0.00,https://www.dresslikemommy.com/products/chic-tropical-floral-high-neck-swimsuit-set-for-women-and-girls-zippered-sleeveless-quick-dry-swimwear,chic-tropical-floral-high-neck-swimsuit-set-for-women-and-girls-zippered-sleeveless-quick-dry-swimwear,Eligible,,$14.99,English,$0.04
shopify_us_7110363775073_41500564750433,Daddy and Me Swim Trunks - Blue White | Dress Like Mommy Father M / Photo Color,daddy_me,paid_eligible,us_test_ready,,,0,0,0.00,0.00,https://www.dresslikemommy.com/products/father-and-son-matching-swim-trunks-elegant-blue-and-white-paisley-design-quick-dry-beachwear,father-and-son-matching-swim-trunks-elegant-blue-and-white-paisley-design-quick-dry-beachwear,Eligible,,$15.99,English,$0.04
shopify_us_7108988764257_41496634818657,Mommy and Me One-Piece Swimsuits - Floral Print | Dress Like Mommy Child 8-10 years / Blue,swimsuits,paid_eligible,us_test_ready,,,0,0,0.00,0.00,https://www.dresslikemommy.com/products/elegant-blue-and-white-floral-one-piece-swimsuit-timeless-style-for-mother-and-daughter,elegant-blue-and-white-floral-one-piece-swimsuit-timeless-style-for-mother-and-daughter,Eligible,,$15.99,English,$0.04
shopify_us_7109454135393_41497849462881,Family Matching Bikini Sets - Blue Green Floral | Dress Like Mommy Child 2-3 years / green,swimsuits,paid_eligible,us_test_ready,,,0,0,0.00,0.00,https://www.dresslikemommy.com/products/chic-two-piece-swimsuit-with-skirt-family-matching-swimwear-for-mother-and-daughter-available-in-blue-green-black,chic-two-piece-swimsuit-with-skirt-family-matching-swimwear-for-mother-and-daughter-available-in-blue-green-black,Not eligible,Over capacity for Shopping ads (outside of CSS program),$14.99,English,$0.04
shopify_us_7510790996065_43768833867873,Family Matching Swim Trunks - Green Striped | Dress Like Mommy Father M / White,daddy_me,paid_eligible,us_test_ready,,,0,0,0.00,0.00,https://www.dresslikemommy.com/products/matching-dad-and-son-green-stripe-swim-trunks-beach-shorts,matching-dad-and-son-green-stripe-swim-trunks-beach-shorts,Eligible,,$15.99,English,$0.04
shopify_us_7229130801249_41878480027745,Family Matching Sets - Beige | Dress Like Mommy Child 13-14 years / Beige,mommy_me,paid_eligible,us_test_ready,,,0,0,0.00,0.00,https://www.dresslikemommy.com/products/elegant-beige-chiffon-family-matching-dresses-mother-daughter-summer-outfits,elegant-beige-chiffon-family-matching-dresses-mother-daughter-summer-outfits,Eligible,,$29.82,English,$0.04
shopify_us_7229124673633_41878467706977,Family Matching Sets - Green Floral Print | Dress Like Mommy Boy 2 years / Short,family_matching,paid_eligible,us_test_ready,,,0,0,0.00,0.00,https://www.dresslikemommy.com/products/green-and-white-matching-family-outfits-stylish-floral-print-family-set-for-parents-and-kids,green-and-white-matching-family-outfits-stylish-floral-print-family-set-for-parents-and-kids,Eligible (limited),"Missing color
Missing gender",$14.99,English,$0.04
shopify_us_7109292130401_41497361219681,Family Matching Bikini Sets - One-Piece | Dress Like Mommy Child 10-12 years / Green,swimsuits,paid_eligible,us_test_ready,,,0,0,0.00,0.00,https://www.dresslikemommy.com/products/chic-mother-daughter-two-piece-swimsuit-family-matching-swimwear-in-vibrant-colors,chic-mother-daughter-two-piece-swimsuit-family-matching-swimwear-in-vibrant-colors,Eligible,,$14.99,English,$0.04
shopify_us_7227630649441_41872775184481,Mommy and Me Maxi Dresses - Floral Print | Dress Like Mommy Mother M / Black,mommy_me,paid_eligible,us_test_ready,,,0,0,0.00,0.00,https://www.dresslikemommy.com/products/mother-daughter-matching-summer-dresses-vibrant-printed-sleeveless-maxi-dresses,mother-daughter-matching-summer-dresses-vibrant-printed-sleeveless-maxi-dresses,Eligible,,$21.99,English,$0.04
shopify_us_7109083267169_41496956305505,Mommy and Me Swimsuits - Animal Print | Dress Like Mommy Child 8-10 years / Black,swimsuits,paid_eligible,us_test_ready,,,0,0,0.00,0.00,https://www.dresslikemommy.com/products/elegant-long-sleeve-leopard-print-swimsuit-for-mother-and-daughter,elegant-long-sleeve-leopard-print-swimsuit-for-mother-and-daughter,Eligible,,$14.99,English,$0.04
shopify_us_7109986844769_41499305443425,Mommy and Me Bikini Sets - Wrap Skirt | Dress Like Mommy Mother XL / White,swimsuits,paid_eligible,us_test_ready,,,0,0,0.00,0.00,https://www.dresslikemommy.com/products/mother-daughter-matching-swim-set-abstract-print-two-piece-high-waisted-bikini-with-wrap-skirt,mother-daughter-matching-swim-set-abstract-print-two-piece-high-waisted-bikini-with-wrap-skirt,Eligible,,$19.99,English,$0.04
shopify_us_7109119705185_41497069486177,Mommy and Me One-Piece Swimsuits - Striped | Dress Like Mommy Child 8-10 years / Blue,swimsuits,paid_eligible,us_test_ready,,,0,0,0.00,0.00,https://www.dresslikemommy.com/products/nautical-charm-flamingo-print-one-piece-swimsuits-for-mother-daughter,nautical-charm-flamingo-print-one-piece-swimsuits-for-mother-daughter,Eligible,,$14.99,English,$0.04
shopify_us_7109514395745_41498010943585,Family Matching One-Piece Swimsuits - One-Piece | Dress Like Mommy Mother S / Black,swimsuits,paid_eligible,us_test_ready,,,0,0,0.00,0.00,https://www.dresslikemommy.com/products/elegant-mother-daughter-matching-one-piece-swimsuit-with-patterned-mesh-skirt-family-beachwear-set,elegant-mother-daughter-matching-one-piece-swimsuit-with-patterned-mesh-skirt-family-beachwear-set,Eligible,,$16.99,English,$0.04
shopify_us_7227270791265_41871166537825,Mommy and Me Sundresses - Floral Print | Dress Like Mommy Mother XL / Pink,mommy_me,paid_eligible,us_test_ready,,,0,0,0.00,0.00,https://www.dresslikemommy.com/products/matching-mommy-me-smocked-sundresses-vibrant-floral-and-patterned-summer-dresses,matching-mommy-me-smocked-sundresses-vibrant-floral-and-patterned-summer-dresses,Eligible,,$38.68,English,$0.04
shopify_us_7109502566497_41497976438881,Family Matching Bikini Sets - Matching Style | Dress Like Mommy Child 10-12 years / Red,swimsuits,paid_eligible,us_test_ready,,,0,0,0.00,0.00,https://www.dresslikemommy.com/products/chic-family-tides-mother-daughter-matching-two-piece-swimsuit-with-skirt-vibrant-versatile-swimwear-collection,chic-family-tides-mother-daughter-matching-two-piece-swimsuit-with-skirt-vibrant-versatile-swimwear-collection,Eligible,,$14.99,English,$0.04
shopify_us_7109502566497_41497976668257,Family Matching Bikini Sets - Matching Style | Dress Like Mommy Child 4-5 years / Green,swimsuits,paid_eligible,us_test_ready,,,0,0,0.00,0.00,https://www.dresslikemommy.com/products/chic-family-tides-mother-daughter-matching-two-piece-swimsuit-with-skirt-vibrant-versatile-swimwear-collection,chic-family-tides-mother-daughter-matching-two-piece-swimsuit-with-skirt-vibrant-versatile-swimwear-collection,Eligible,,$14.99,English,$0.04
shopify_us_7228788867169_41877294874721,Mommy and Me Pajama Sets - Cartoon Print | Dress Like Mommy Girl 3-4 years / Red,pajamas,paid_eligible,us_test_ready,,,0,0,0.00,0.00,https://www.dresslikemommy.com/products/cute-matching-mom-and-daughter-cartoon-pajama-set-fun-and-cozy-sleepwear,cute-matching-mom-and-daughter-cartoon-pajama-set-fun-and-cozy-sleepwear,Eligible,,$24.99,English,$0.04
shopify_us_7109443256417_41497809682529,Family Matching One-Piece Swimsuits - One-Piece | Dress Like Mommy Child 10-12T / Pink,swimsuits,paid_eligible,us_test_ready,,,0,0,0.00,0.00,https://www.dresslikemommy.com/products/mommy-me-vibrant-duo-tone-one-piece-swimsuit-with-ring-accent-family-matching-swimwear-collection,mommy-me-vibrant-duo-tone-one-piece-swimsuit-with-ring-accent-family-matching-swimwear-collection,Eligible,,$14.99,English,$0.04
shopify_us_7227630649441_41872775577697,Mommy and Me Maxi Dresses - Floral Print | Dress Like Mommy Mother XL / White,mommy_me,paid_eligible,us_test_ready,,,2,0,0.00,0.00,https://www.dresslikemommy.com/products/mother-daughter-matching-summer-dresses-vibrant-printed-sleeveless-maxi-dresses,mother-daughter-matching-summer-dresses-vibrant-printed-sleeveless-maxi-dresses,Eligible,,$21.99,English,$0.04
shopify_us_7227379023969_41871522332769,Family Matching Sets - Blue | Dress Like Mommy Mother L / blue,mommy_me,paid_eligible,us_test_ready,,,55,2,0.37,0.00,https://www.dresslikemommy.com/products/elegant-matching-family-outfits-light-blue-halter-dresses-casual-t-shirt-set-for-summer,elegant-matching-family-outfits-light-blue-halter-dresses-casual-t-shirt-set-for-summer,Eligible,,$29.99,English,$0.04
shopify_us_7110368919649_41500578742369,Family Matching Swim Trunks - Matching Style | Dress Like Mommy Father L / Pink,daddy_me,paid_eligible,us_test_ready,,,0,0,0.00,0.00,https://www.dresslikemommy.com/products/dynamic-duo-father-and-son-matching-swim-trunks-family-beachwear-set,dynamic-duo-father-and-son-matching-swim-trunks-family-beachwear-set,Eligible,,$15.99,English,$0.04
shopify_us_7229128441953_41878471114849,Family Matching Sets - Rainbow Stripe | Dress Like Mommy Father 3XL / Short,daddy_me,paid_eligible,us_test_ready,,,0,0,0.00,0.00,https://www.dresslikemommy.com/products/vibrant-rainbow-family-matching-outfits-striped-t-shirts-and-yellow-overalls-set-for-family-outings,vibrant-rainbow-family-matching-outfits-striped-t-shirts-and-yellow-overalls-set-for-family-outings,Eligible,,$19.99,English,$0.04
shopify_us_7110361874529_41500560195681,Daddy and Me Swim Trunks - Blue Yellow | Dress Like Mommy Father 2XL / Main color,daddy_me,paid_eligible,us_test_ready,,,0,0,0.00,0.00,https://www.dresslikemommy.com/products/father-and-son-matching-swim-trunks-classic-paisley-pattern-in-blue-and-yellow,father-and-son-matching-swim-trunks-classic-paisley-pattern-in-blue-and-yellow,Not eligible,Over capacity for Shopping ads (outside of CSS program),$15.99,English,$0.04
shopify_us_7227270791265_41871164637281,Mommy and Me Sundresses - Floral Print | Dress Like Mommy Child 9-10 Years / Brown,mommy_me,paid_eligible,us_test_ready,,,0,0,0.00,0.00,https://www.dresslikemommy.com/products/matching-mommy-me-smocked-sundresses-vibrant-floral-and-patterned-summer-dresses,matching-mommy-me-smocked-sundresses-vibrant-floral-and-patterned-summer-dresses,Eligible,,$27.07,English,$0.04
shopify_us_7229130342497_41878478487649,Family Matching Sets - Pink Blue Ombre | Dress Like Mommy Mother XL / Multi Color,mommy_me,paid_eligible,us_test_ready,,,0,0,0.00,0.00,https://www.dresslikemommy.com/products/gradient-ombre-family-matching-outfits-pink-blue-t-shirts-with-white-shorts-set,gradient-ombre-family-matching-outfits-pink-blue-t-shirts-with-white-shorts-set,Eligible,,$17.99,English,$0.04
shopify_us_7109481431137_41497931776097,Family Matching Swimsuits - Long Sleeve | Dress Like Mommy Mother M / Black,swimsuits,paid_eligible,us_test_ready,,,0,0,0.00,0.00,https://www.dresslikemommy.com/products/chic-family-bonding-mother-daughter-matching-swimsuit-set-with-long-sleeved-cover-up,chic-family-bonding-mother-daughter-matching-swimsuit-set-with-long-sleeved-cover-up,Eligible,,$16.99,English,$0.04
shopify_us_7227630649441_41872775348321,Mommy and Me Maxi Dresses - Floral Print | Dress Like Mommy Child 6-7 Years / White,mommy_me,paid_eligible,us_test_ready,,,0,0,0.00,0.00,https://www.dresslikemommy.com/products/mother-daughter-matching-summer-dresses-vibrant-printed-sleeveless-maxi-dresses,mother-daughter-matching-summer-dresses-vibrant-printed-sleeveless-maxi-dresses,Eligible,,$16.99,English,$0.04
shopify_us_7227378925665_41871521316961,Family Matching Sets - Tropical Print | Dress Like Mommy Mother L / Red,swimsuits,paid_eligible,us_test_ready,,,0,0,0.00,0.00,https://www.dresslikemommy.com/products/tropical-matching-family-beach-outfits-colorful-leaf-print-summer-dresses-shorts-set,tropical-matching-family-beach-outfits-colorful-leaf-print-summer-dresses-shorts-set,Eligible,,$29.99,English,$0.04
shopify_us_7109481431137_41497931415649,Family Matching Swimsuits - Long Sleeve | Dress Like Mommy Child 10-12 years / Orange,swimsuits,paid_eligible,us_test_ready,,,0,0,0.00,0.00,https://www.dresslikemommy.com/products/chic-family-bonding-mother-daughter-matching-swimsuit-set-with-long-sleeved-cover-up,chic-family-bonding-mother-daughter-matching-swimsuit-set-with-long-sleeved-cover-up,Eligible,,$14.99,English,$0.04
shopify_us_7229259874401_41878819700833,Family Matching T-Shirts - Heart Print | Dress Like Mommy Child 7-8 years / White,family_matching,paid_eligible,us_test_ready,,,0,0,0.00,0.00,https://www.dresslikemommy.com/products/family-matching-t-shirt-set-with-colorful-heart-brushstroke-design,family-matching-t-shirt-set-with-colorful-heart-brushstroke-design,Eligible,,$17.99,English,$0.04
shopify_us_7109502566497_41497976864865,Family Matching Bikini Sets - Matching Style | Dress Like Mommy Mother L / Pink,swimsuits,paid_eligible,us_test_ready,,,0,0,0.00,0.00,https://www.dresslikemommy.com/products/chic-family-tides-mother-daughter-matching-two-piece-swimsuit-with-skirt-vibrant-versatile-swimwear-collection,chic-family-tides-mother-daughter-matching-two-piece-swimsuit-with-skirt-vibrant-versatile-swimwear-collection,Eligible,,$16.99,English,$0.04
shopify_us_7108986404961_41496623808609,Mommy and Me Swimsuits - One Shoulder | Dress Like Mommy Child 2-3 years / Black,swimsuits,paid_eligible,us_test_ready,,,0,0,0.00,0.00,https://www.dresslikemommy.com/products/modern-monochrome-one-shoulder-swimsuit-with-animal-print-ruffle-elegant-poolside-duo-for-mother-and-child,modern-monochrome-one-shoulder-swimsuit-with-animal-print-ruffle-elegant-poolside-duo-for-mother-and-child,Eligible,,$15.99,English,$0.04
shopify_us_7109292130401_41497360728161,Family Matching Bikini Sets - One-Piece | Dress Like Mommy Child 2-3 years / Light Green,swimsuits,paid_eligible,us_test_ready,,,0,0,0.00,0.00,https://www.dresslikemommy.com/products/chic-mother-daughter-two-piece-swimsuit-family-matching-swimwear-in-vibrant-colors,chic-mother-daughter-two-piece-swimsuit-family-matching-swimwear-in-vibrant-colors,Eligible,,$14.99,English,$0.04
shopify_us_7229259874401_41878822617185,Family Matching T-Shirts - Heart Print | Dress Like Mommy Adult 4XL / Green,family_matching,paid_eligible,us_test_ready,,,0,0,0.00,0.00,https://www.dresslikemommy.com/products/family-matching-t-shirt-set-with-colorful-heart-brushstroke-design,family-matching-t-shirt-set-with-colorful-heart-brushstroke-design,Eligible,,$21.99,English,$0.04
shopify_us_7109443256417_41497808928865,Family Matching One-Piece Swimsuits - One-Piece | Dress Like Mommy Child 4-5T / Blue,swimsuits,paid_eligible,us_test_ready,,,0,0,0.00,0.00,https://www.dresslikemommy.com/products/mommy-me-vibrant-duo-tone-one-piece-swimsuit-with-ring-accent-family-matching-swimwear-collection,mommy-me-vibrant-duo-tone-one-piece-swimsuit-with-ring-accent-family-matching-swimwear-collection,Eligible,,$14.99,English,$0.04
shopify_us_7228788867169_41877296119905,Mommy and Me Pajama Sets - Cartoon Print | Dress Like Mommy Girl 7-8 years / Purple,pajamas,paid_eligible,us_test_ready,,,0,0,0.00,0.00,https://www.dresslikemommy.com/products/cute-matching-mom-and-daughter-cartoon-pajama-set-fun-and-cozy-sleepwear,cute-matching-mom-and-daughter-cartoon-pajama-set-fun-and-cozy-sleepwear,Eligible,,$24.99,English,$0.04
shopify_us_7228788867169_41877295104097,Mommy and Me Pajama Sets - Cartoon Print | Dress Like Mommy Mother M / Red,pajamas,paid_eligible,us_test_ready,,,0,0,0.00,0.00,https://www.dresslikemommy.com/products/cute-matching-mom-and-daughter-cartoon-pajama-set-fun-and-cozy-sleepwear,cute-matching-mom-and-daughter-cartoon-pajama-set-fun-and-cozy-sleepwear,Eligible,,$27.99,English,$0.04
shopify_us_7108071063649_41493807595617,Mommy and Me Black Ruffle Dresses | Dress Like Mommy Mother XL / Black,mommy_me,paid_eligible,us_test_ready,,,0,0,0.00,0.00,https://www.dresslikemommy.com/products/elegant-black-ruffle-dress-chic-sleeveless-layered-dress-for-mother-and-daughter-perfect-for-parties-and-events,elegant-black-ruffle-dress-chic-sleeveless-layered-dress-for-mother-and-daughter-perfect-for-parties-and-events,Not eligible,Over capacity for Shopping ads (outside of CSS program),$25.99,English,$0.04
shopify_us_7109443256417_41497808633953,Family Matching One-Piece Swimsuits - One-Piece | Dress Like Mommy Child 6-8T / Orange,swimsuits,paid_eligible,us_test_ready,,,0,0,0.00,0.00,https://www.dresslikemommy.com/products/mommy-me-vibrant-duo-tone-one-piece-swimsuit-with-ring-accent-family-matching-swimwear-collection,mommy-me-vibrant-duo-tone-one-piece-swimsuit-with-ring-accent-family-matching-swimwear-collection,Eligible,,$14.99,English,$0.04
shopify_us_7110368919649_41500577595489,Family Matching Swim Trunks - Matching Style | Dress Like Mommy Child 4-5 years / Orange,daddy_me,paid_eligible,us_test_ready,,,0,0,0.00,0.00,https://www.dresslikemommy.com/products/dynamic-duo-father-and-son-matching-swim-trunks-family-beachwear-set,dynamic-duo-father-and-son-matching-swim-trunks-family-beachwear-set,Eligible,,$14.99,English,$0.04
shopify_us_7227270299745_41871161917537,Mommy and Me Maxi Dresses - Floral Print | Dress Like Mommy Mother M / black,mommy_me,paid_eligible,us_test_ready,,,0,0,0.00,0.00,https://www.dresslikemommy.com/products/matching-mommy-me-sunflower-maxi-dresses-sleeveless-floral-print-summer-dress,matching-mommy-me-sunflower-maxi-dresses-sleeveless-floral-print-summer-dress,Eligible,,$31.50,English,$0.04
shopify_us_7108962254945_41496538480737,Mommy and Me One-Piece Swimsuits - Tropical Print | Dress Like Mommy Child 2-3 years / Red,swimsuits,paid_eligible,us_test_ready,,,0,0,0.00,0.00,https://www.dresslikemommy.com/products/chic-tropical-ruffle-one-piece-swimsuit-lush-botanical-print-with-elegant-solid-trim-for-mother-child,chic-tropical-ruffle-one-piece-swimsuit-lush-botanical-print-with-elegant-solid-trim-for-mother-child,Eligible,,$15.99,English,$0.04
shopify_us_7229026304097_41878208512097,Mommy and Me Maxi Dresses - Floral Print | Dress Like Mommy Mother S / Multi Color,mommy_me,paid_eligible,us_test_ready,,,246,1,0.25,0.00,https://www.dresslikemommy.com/products/elegant-floral-off-shoulder-mommy-and-me-dress-set-perfect-for-summer-outings,elegant-floral-off-shoulder-mommy-and-me-dress-set-perfect-for-summer-outings,Eligible,,$27.99,English,$0.04
shopify_us_7109125537889_41497086951521,Mommy and Me Swimsuits - One Shoulder | Dress Like Mommy Mother M / Multi-Color,swimsuits,paid_eligible,us_test_ready,,,0,0,0.00,0.00,https://www.dresslikemommy.com/products/chic-tropical-one-shoulder-ruffle-swimsuit-set-for-mother-and-daughter-vibrant-floral-pattern-with-comfort-stretch,chic-tropical-one-shoulder-ruffle-swimsuit-set-for-mother-and-daughter-vibrant-floral-pattern-with-comfort-stretch,Eligible,,$16.99,English,$0.04
shopify_us_7229128441953_41878470033505,Family Matching Sets - Rainbow Stripe | Dress Like Mommy Boy 5-6 years / T-shirt,family_matching,paid_eligible,us_test_ready,,,0,0,0.00,0.00,https://www.dresslikemommy.com/products/vibrant-rainbow-family-matching-outfits-striped-t-shirts-and-yellow-overalls-set-for-family-outings,vibrant-rainbow-family-matching-outfits-striped-t-shirts-and-yellow-overalls-set-for-family-outings,Eligible,,$17.99,English,$0.04
shopify_us_7510791159905_43768835965025,Family Matching Swim Trunks - Pink Black Christmas | Dress Like Mommy Child 6-8 years / Black,daddy_me,paid_eligible,us_test_ready,,,0,0,0.00,0.00,https://www.dresslikemommy.com/products/matching-dad-and-son-pink-black-color-block-swim-shorts,matching-dad-and-son-pink-black-color-block-swim-shorts,Eligible,,$14.99,English,$0.04
shopify_us_7108948820065_41496491655265,Mommy and Me Bikini Sets - Mermaid Scale | Dress Like Mommy Child 2-3 years / Mermaid,swimsuits,paid_eligible,us_test_ready,,,0,0,0.00,0.00,https://www.dresslikemommy.com/products/enchanting-mermaid-scales-two-piece-swimsuit-set-for-mother-and-daughter-rainbow-hues-with-flirty-skirt-detail,enchanting-mermaid-scales-two-piece-swimsuit-set-for-mother-and-daughter-rainbow-hues-with-flirty-skirt-detail,Eligible,,$16.99,English,$0.04
shopify_us_7229259874401_41878821011553,Family Matching T-Shirts - Heart Print | Dress Like Mommy Child 2-3 years / Pink,family_matching,paid_eligible,us_test_ready,,,0,0,0.00,0.00,https://www.dresslikemommy.com/products/family-matching-t-shirt-set-with-colorful-heart-brushstroke-design,family-matching-t-shirt-set-with-colorful-heart-brushstroke-design,Eligible,,$17.99,English,$0.04
shopify_us_7227270791265_41871166406753,Mommy and Me Sundresses - Floral Print | Dress Like Mommy Child 9-10 Years / Pink,mommy_me,paid_eligible,us_test_ready,,,0,0,0.00,0.00,https://www.dresslikemommy.com/products/matching-mommy-me-smocked-sundresses-vibrant-floral-and-patterned-summer-dresses,matching-mommy-me-smocked-sundresses-vibrant-floral-and-patterned-summer-dresses,Eligible,,$27.07,English,$0.04
shopify_us_7109267947617_41497324224609,Mommy and Me One-Piece Swimsuits - Color Block | Dress Like Mommy Child 8-10 years / Pink,swimsuits,paid_eligible,us_test_ready,,,0,0,0.00,0.00,https://www.dresslikemommy.com/products/chic-color-block-one-piece-swimsuit-for-mother-daughter-vibrant-sleek-beachwear,chic-color-block-one-piece-swimsuit-for-mother-daughter-vibrant-sleek-beachwear,Eligible,,$14.99,English,$0.04
shopify_us_7227630649441_41872774987873,Mommy and Me Maxi Dresses - Floral Print | Dress Like Mommy Child 5-6 Years / Black,mommy_me,paid_eligible,us_test_ready,,,0,0,0.00,0.00,https://www.dresslikemommy.com/products/mother-daughter-matching-summer-dresses-vibrant-printed-sleeveless-maxi-dresses,mother-daughter-matching-summer-dresses-vibrant-printed-sleeveless-maxi-dresses,Eligible,,$16.99,English,$0.04
shopify_us_7229128441953_41878469967969,Family Matching Sets - Rainbow Stripe | Dress Like Mommy Boy 2 years / T-shirt,family_matching,paid_eligible,us_test_ready,,,0,0,0.00,0.00,https://www.dresslikemommy.com/products/vibrant-rainbow-family-matching-outfits-striped-t-shirts-and-yellow-overalls-set-for-family-outings,vibrant-rainbow-family-matching-outfits-striped-t-shirts-and-yellow-overalls-set-for-family-outings,Eligible,,$17.99,English,$0.04
shopify_us_7229132472417_41878486777953,Mommy and Me Cardigans - Navy Gingham Print | Dress Like Mommy Child 3-4 Years / Blue,mommy_me,paid_eligible,us_test_ready,,,0,0,0.00,0.00,https://www.dresslikemommy.com/products/mother-daughter-matching-navy-knit-cardigan-set-gingham-ruffle-trim-bow-accent,mother-daughter-matching-navy-knit-cardigan-set-gingham-ruffle-trim-bow-accent,Eligible,,$24.99,English,$0.04
shopify_us_7108988764257_41496634851425,Mommy and Me One-Piece Swimsuits - Floral Print | Dress Like Mommy Child 10-12 years / Blue,swimsuits,paid_eligible,us_test_ready,,,0,0,0.00,0.00,https://www.dresslikemommy.com/products/elegant-blue-and-white-floral-one-piece-swimsuit-timeless-style-for-mother-and-daughter,elegant-blue-and-white-floral-one-piece-swimsuit-timeless-style-for-mother-and-daughter,Eligible,,$15.99,English,$0.04
shopify_us_7109443256417_41497808535649,Family Matching One-Piece Swimsuits - One-Piece | Dress Like Mommy Child 2-3T / Orange,swimsuits,paid_eligible,us_test_ready,,,0,0,0.00,0.00,https://www.dresslikemommy.com/products/mommy-me-vibrant-duo-tone-one-piece-swimsuit-with-ring-accent-family-matching-swimwear-collection,mommy-me-vibrant-duo-tone-one-piece-swimsuit-with-ring-accent-family-matching-swimwear-collection,Eligible,,$14.99,English,$0.04
shopify_us_7229128441953_41878470754401,Family Matching Sets - Rainbow Stripe | Dress Like Mommy Boy 2 years / Short,family_matching,paid_eligible,us_test_ready,,,0,0,0.00,0.00,https://www.dresslikemommy.com/products/vibrant-rainbow-family-matching-outfits-striped-t-shirts-and-yellow-overalls-set-for-family-outings,vibrant-rainbow-family-matching-outfits-striped-t-shirts-and-yellow-overalls-set-for-family-outings,Eligible,,$17.99,English,$0.04
shopify_us_7109123670113_41497082658913,Mommy and Me Tankinis - Animal Print | Dress Like Mommy Child 2-3 years / Black,swimsuits,paid_eligible,us_test_ready,,,0,0,0.00,0.00,https://www.dresslikemommy.com/products/modern-cow-print-tankini-swimsuit-set-for-mother-and-daughter-stylish-high-waisted-swimwear-with-ruffle-detail,modern-cow-print-tankini-swimsuit-set-for-mother-and-daughter-stylish-high-waisted-swimwear-with-ruffle-detail,Eligible,,$14.99,English,$0.04
shopify_us_7110368919649_41500577661025,Family Matching Swim Trunks - Matching Style | Dress Like Mommy Child 8-10 years / Orange,daddy_me,paid_eligible,us_test_ready,,,0,0,0.00,0.00,https://www.dresslikemommy.com/products/dynamic-duo-father-and-son-matching-swim-trunks-family-beachwear-set,dynamic-duo-father-and-son-matching-swim-trunks-family-beachwear-set,Eligible,,$14.99,English,$0.04
shopify_us_7109502566497_41497976471649,Family Matching Bikini Sets - Matching Style | Dress Like Mommy Mother S / Green,swimsuits,paid_eligible,us_test_ready,,,0,0,0.00,0.00,https://www.dresslikemommy.com/products/chic-family-tides-mother-daughter-matching-two-piece-swimsuit-with-skirt-vibrant-versatile-swimwear-collection,chic-family-tides-mother-daughter-matching-two-piece-swimsuit-with-skirt-vibrant-versatile-swimwear-collection,Eligible,,$16.99,English,$0.04
shopify_us_7227630649441_41872775741537,Mommy and Me Maxi Dresses - Floral Print | Dress Like Mommy Child 8-9 Years / Yellow,mommy_me,paid_eligible,us_test_ready,,,0,0,0.00,0.00,https://www.dresslikemommy.com/products/mother-daughter-matching-summer-dresses-vibrant-printed-sleeveless-maxi-dresses,mother-daughter-matching-summer-dresses-vibrant-printed-sleeveless-maxi-dresses,Eligible,,$16.99,English,$0.04
shopify_us_7227270791265_41871165522017,Mommy and Me Sundresses - Floral Print | Dress Like Mommy Child 9-10 Years / Yellow,mommy_me,paid_eligible,us_test_ready,,,0,0,0.00,0.00,https://www.dresslikemommy.com/products/matching-mommy-me-smocked-sundresses-vibrant-floral-and-patterned-summer-dresses,matching-mommy-me-smocked-sundresses-vibrant-floral-and-patterned-summer-dresses,Eligible,,$27.07,English,$0.04
shopify_us_7227438530657_41871777562721,Mommy and Me Maxi Dresses - Cream | Dress Like Mommy Child 6-7 Years / White,swimsuits,paid_eligible,us_test_ready,,,0,0,0.00,0.00,https://www.dresslikemommy.com/products/matching-mother-and-daughter-beach-dresses-elegant-cream-chiffon-maxi-dress-set,matching-mother-and-daughter-beach-dresses-elegant-cream-chiffon-maxi-dress-set,Eligible,,$27.99,English,$0.04
shopify_us_7109481431137_41497931513953,Family Matching Swimsuits - Long Sleeve | Dress Like Mommy Mother L / Blue,swimsuits,paid_eligible,us_test_ready,,,0,0,0.00,0.00,https://www.dresslikemommy.com/products/chic-family-bonding-mother-daughter-matching-swimsuit-set-with-long-sleeved-cover-up,chic-family-bonding-mother-daughter-matching-swimsuit-set-with-long-sleeved-cover-up,Eligible,,$16.99,English,$0.04
shopify_us_7227270791265_41871166242913,Mommy and Me Sundresses - Floral Print | Dress Like Mommy Child 1-2 Years / Pink,mommy_me,paid_eligible,us_test_ready,,,0,0,0.00,0.00,https://www.dresslikemommy.com/products/matching-mommy-me-smocked-sundresses-vibrant-floral-and-patterned-summer-dresses,matching-mommy-me-smocked-sundresses-vibrant-floral-and-patterned-summer-dresses,Eligible,,$24.75,English,$0.04
shopify_us_7109454135393_41497849757793,Family Matching Bikini Sets - Blue Green Floral | Dress Like Mommy Mother XL / black,swimsuits,paid_eligible,us_test_ready,,,0,0,0.00,0.00,https://www.dresslikemommy.com/products/chic-two-piece-swimsuit-with-skirt-family-matching-swimwear-for-mother-and-daughter-available-in-blue-green-black,chic-two-piece-swimsuit-with-skirt-family-matching-swimwear-for-mother-and-daughter-available-in-blue-green-black,Eligible,,$16.99,English,$0.04
shopify_us_7510791159905_43768836063329,Family Matching Swim Trunks - Pink Black Christmas | Dress Like Mommy Child 8-10 years / Black,daddy_me,paid_eligible,us_test_ready,,,0,0,0.00,0.00,https://www.dresslikemommy.com/products/matching-dad-and-son-pink-black-color-block-swim-shorts,matching-dad-and-son-pink-black-color-block-swim-shorts,Eligible,,$14.99,English,$0.04
shopify_us_7110361874529_41500560392289,Daddy and Me Swim Trunks - Blue Yellow | Dress Like Mommy Child 10-12 years / Main color,daddy_me,paid_eligible,us_test_ready,,,18,0,0.00,0.00,https://www.dresslikemommy.com/products/father-and-son-matching-swim-trunks-classic-paisley-pattern-in-blue-and-yellow,father-and-son-matching-swim-trunks-classic-paisley-pattern-in-blue-and-yellow,Eligible,,$14.99,English,$0.04
shopify_us_7108953604193_41496508727393,Family Matching Swimsuits - Blue | Dress Like Mommy Child 8-10 years / Blue,swimsuits,paid_eligible,us_test_ready,,,15,1,0.13,0.00,https://www.dresslikemommy.com/products/royal-blue-high-neck-halter-swimsuit-set-with-paisley-print-bottoms-elegant-family-beachwear,royal-blue-high-neck-halter-swimsuit-set-with-paisley-print-bottoms-elegant-family-beachwear,Eligible,,$15.99,English,$0.04
shopify_us_7108948820065_41496491524193,Mommy and Me Bikini Sets - Mermaid Scale | Dress Like Mommy Mother S / Mermaid,swimsuits,paid_eligible,us_test_ready,,,8,0,0.00,0.00,https://www.dresslikemommy.com/products/enchanting-mermaid-scales-two-piece-swimsuit-set-for-mother-and-daughter-rainbow-hues-with-flirty-skirt-detail,enchanting-mermaid-scales-two-piece-swimsuit-set-for-mother-and-daughter-rainbow-hues-with-flirty-skirt-detail,Eligible,,$19.99,English,$0.04
shopify_us_7109481431137_41497931382881,Family Matching Swimsuits - Long Sleeve | Dress Like Mommy Child 8-10 years / Orange,swimsuits,paid_eligible,us_test_ready,,,5,0,0.00,0.00,https://www.dresslikemommy.com/products/chic-family-bonding-mother-daughter-matching-swimsuit-set-with-long-sleeved-cover-up,chic-family-bonding-mother-daughter-matching-swimsuit-set-with-long-sleeved-cover-up,Eligible,,$14.99,English,$0.04
shopify_us_7108986404961_41496623775841,Mommy and Me Swimsuits - One Shoulder | Dress Like Mommy Mother XL / Black,swimsuits,paid_eligible,us_test_ready,,,0,0,0.00,0.00,https://www.dresslikemommy.com/products/modern-monochrome-one-shoulder-swimsuit-with-animal-print-ruffle-elegant-poolside-duo-for-mother-and-child,modern-monochrome-one-shoulder-swimsuit-with-animal-print-ruffle-elegant-poolside-duo-for-mother-and-child,Eligible,,$17.99,English,$0.04
shopify_us_7229259874401_41878821863521,Family Matching T-Shirts - Heart Print | Dress Like Mommy Child 7-8 years / Blue,family_matching,paid_eligible,us_test_ready,,,0,0,0.00,0.00,https://www.dresslikemommy.com/products/family-matching-t-shirt-set-with-colorful-heart-brushstroke-design,family-matching-t-shirt-set-with-colorful-heart-brushstroke-design,Eligible,,$17.99,English,$0.04
shopify_us_7228773466209_41877252079713,Mommy and Me Matching Sets - Black White Striped | Dress Like Mommy Mother M / Multi Color,mommy_me,paid_eligible,us_test_ready,,,0,0,0.00,0.00,https://www.dresslikemommy.com/products/cozy-matching-black-white-striped-sweater-set-for-mom-and-daughter,cozy-matching-black-white-striped-sweater-set-for-mom-and-daughter,Eligible,,$29.99,English,$0.04
shopify_us_7109986844769_41499305017441,Mommy and Me Bikini Sets - Wrap Skirt | Dress Like Mommy Mother S / Brown,swimsuits,paid_eligible,us_test_ready,,,0,0,0.00,0.00,https://www.dresslikemommy.com/products/mother-daughter-matching-swim-set-abstract-print-two-piece-high-waisted-bikini-with-wrap-skirt,mother-daughter-matching-swim-set-abstract-print-two-piece-high-waisted-bikini-with-wrap-skirt,Eligible,,$19.99,English,$0.04
shopify_us_7109298487393_41497382027361,Mommy and Me Bikini Sets - Tropical Print | Dress Like Mommy Child 10-12 years / Green,swimsuits,paid_eligible,us_test_ready,,,0,0,0.00,0.00,https://www.dresslikemommy.com/products/chic-two-piece-swimsuit-set-ruffle-detail-top-and-high-waisted-bottoms-in-four-vibrant-colors,chic-two-piece-swimsuit-set-ruffle-detail-top-and-high-waisted-bottoms-in-four-vibrant-colors,Eligible,,$14.99,English,$0.04
shopify_us_7109443256417_41497809289313,Family Matching One-Piece Swimsuits - One-Piece | Dress Like Mommy Child 6-8T / Green,swimsuits,paid_eligible,us_test_ready,,,0,0,0.00,0.00,https://www.dresslikemommy.com/products/mommy-me-vibrant-duo-tone-one-piece-swimsuit-with-ring-accent-family-matching-swimwear-collection,mommy-me-vibrant-duo-tone-one-piece-swimsuit-with-ring-accent-family-matching-swimwear-collection,Eligible,,$14.99,English,$0.04
shopify_us_7110363119713_41500563112033,Family Matching Swim Trunks - Animal Print | Dress Like Mommy Child 10-12 years / Photo Color,daddy_me,paid_eligible,us_test_ready,,,0,0,0.00,0.00,https://www.dresslikemommy.com/products/father-and-son-matching-swim-trunks-bold-cow-print-family-beachwear,father-and-son-matching-swim-trunks-bold-cow-print-family-beachwear,Eligible,,$14.99,English,$0.04
shopify_us_7227418738785_41871678275681,Family Matching Cardigans - Navy Red Striped | Dress Like Mommy Child 8-9 Years / Stripes,mommy_me,paid_eligible,us_test_ready,,,0,0,0.00,0.00,https://www.dresslikemommy.com/products/matching-family-striped-cardigans-navy-and-red-heart-embroidery-knit-sweaters-for-mom-dad-and-kids,matching-family-striped-cardigans-navy-and-red-heart-embroidery-knit-sweaters-for-mom-dad-and-kids,Eligible,,$21.99,English,$0.04
shopify_us_7108958519393_41496524750945,Mommy and Me Swimsuits - One Shoulder | Dress Like Mommy Child 8-10 years / Blue,swimsuits,paid_eligible,us_test_ready,,,0,0,0.00,0.00,https://www.dresslikemommy.com/products/vibrant-one-shoulder-rainbow-trim-swimsuit-set-chic-monochrome-blue-with-colorful-accents-for-mother-daughter,vibrant-one-shoulder-rainbow-trim-swimsuit-set-chic-monochrome-blue-with-colorful-accents-for-mother-daughter,Eligible,,$15.99,English,$0.04
shopify_us_7109072257121_41496915738721,Mommy and Me Swimsuits - Floral Print | Dress Like Mommy Child 6-8 years / Black,swimsuits,paid_eligible,us_test_ready,,,0,0,0.00,0.00,https://www.dresslikemommy.com/products/chic-tropical-floral-high-neck-swimsuit-set-for-women-and-girls-zippered-sleeveless-quick-dry-swimwear,chic-tropical-floral-high-neck-swimsuit-set-for-women-and-girls-zippered-sleeveless-quick-dry-swimwear,Eligible,,$14.99,English,$0.04
shopify_us_7229128441953_41878470459489,Family Matching Sets - Rainbow Stripe | Dress Like Mommy Mother M / T-shirt,mommy_me,paid_eligible,us_test_ready,,,2,0,0.00,0.00,https://www.dresslikemommy.com/products/vibrant-rainbow-family-matching-outfits-striped-t-shirts-and-yellow-overalls-set-for-family-outings,vibrant-rainbow-family-matching-outfits-striped-t-shirts-and-yellow-overalls-set-for-family-outings,Eligible,,$19.99,English,$0.04
shopify_us_7228788867169_41877296218209,Mommy and Me Pajama Sets - Cartoon Print | Dress Like Mommy Mother M / Purple,pajamas,paid_eligible,us_test_ready,,,18,1,0.25,0.00,https://www.dresslikemommy.com/products/cute-matching-mom-and-daughter-cartoon-pajama-set-fun-and-cozy-sleepwear,cute-matching-mom-and-daughter-cartoon-pajama-set-fun-and-cozy-sleepwear,Eligible,,$27.99,English,$0.04
shopify_us_7229259874401_41878820978785,Family Matching T-Shirts - Heart Print | Dress Like Mommy Adult 5XL / Black,family_matching,paid_eligible,us_test_ready,,,0,0,0.00,0.00,https://www.dresslikemommy.com/products/family-matching-t-shirt-set-with-colorful-heart-brushstroke-design,family-matching-t-shirt-set-with-colorful-heart-brushstroke-design,Eligible,,$21.99,English,$0.04
shopify_us_7227379023969_41871521906785,Family Matching Sets - Blue | Dress Like Mommy Girl 6-7 Years / blue,family_matching,paid_eligible,us_test_ready,,,0,0,0.00,0.00,https://www.dresslikemommy.com/products/elegant-matching-family-outfits-light-blue-halter-dresses-casual-t-shirt-set-for-summer,elegant-matching-family-outfits-light-blue-halter-dresses-casual-t-shirt-set-for-summer,Eligible,,$22.99,English,$0.04
shopify_us_7227270791265_41871166210145,Mommy and Me Sundresses - Floral Print | Dress Like Mommy Mother XL / Blue,mommy_me,paid_eligible,us_test_ready,,,0,0,0.00,0.00,https://www.dresslikemommy.com/products/matching-mommy-me-smocked-sundresses-vibrant-floral-and-patterned-summer-dresses,matching-mommy-me-smocked-sundresses-vibrant-floral-and-patterned-summer-dresses,Eligible,,$38.68,English,$0.04
shopify_us_7109298487393_41497381404769,Mommy and Me Bikini Sets - Tropical Print | Dress Like Mommy Mother S / Pink,swimsuits,paid_eligible,us_test_ready,,,0,0,0.00,0.00,https://www.dresslikemommy.com/products/chic-two-piece-swimsuit-set-ruffle-detail-top-and-high-waisted-bottoms-in-four-vibrant-colors,chic-two-piece-swimsuit-set-ruffle-detail-top-and-high-waisted-bottoms-in-four-vibrant-colors,Eligible,,$16.99,English,$0.04
shopify_us_7109472288865_41497918439521,Family Matching Swimsuits - Floral Print | Dress Like Mommy Child 6-8 years / Green,swimsuits,paid_eligible,us_test_ready,,,0,0,0.00,0.00,https://www.dresslikemommy.com/products/chic-mother-daughter-matching-swimsuit-set-with-floral-cover-up-family-beachwear-collection,chic-mother-daughter-matching-swimsuit-set-with-floral-cover-up-family-beachwear-collection,Eligible,,$14.99,English,$0.04
shopify_us_7108958519393_41496524718177,Mommy and Me Swimsuits - One Shoulder | Dress Like Mommy Child 6-8 years / Blue,swimsuits,paid_eligible,us_test_ready,,,0,0,0.00,0.00,https://www.dresslikemommy.com/products/vibrant-one-shoulder-rainbow-trim-swimsuit-set-chic-monochrome-blue-with-colorful-accents-for-mother-daughter,vibrant-one-shoulder-rainbow-trim-swimsuit-set-chic-monochrome-blue-with-colorful-accents-for-mother-daughter,Eligible,,$15.99,English,$0.04
shopify_us_7110356631649_41500537880673,Family Matching Swim Trunks - Floral Print | Dress Like Mommy Father L / Multi-Color,daddy_me,paid_eligible,us_test_ready,,,0,0,0.00,0.00,https://www.dresslikemommy.com/products/father-and-son-matching-swim-trunks-tropical-floral-print-family-swimwear,father-and-son-matching-swim-trunks-tropical-floral-print-family-swimwear,Eligible,,$15.99,English,$0.04
shopify_us_7109292130401_41497360597089,Family Matching Bikini Sets - One-Piece | Dress Like Mommy Mother S / Light Green,swimsuits,paid_eligible,us_test_ready,,,0,0,0.00,0.00,https://www.dresslikemommy.com/products/chic-mother-daughter-two-piece-swimsuit-family-matching-swimwear-in-vibrant-colors,chic-mother-daughter-two-piece-swimsuit-family-matching-swimwear-in-vibrant-colors,Eligible,,$16.99,English,$0.04
shopify_us_7109298487393_41497382092897,Mommy and Me Bikini Sets - Tropical Print | Dress Like Mommy Mother M / Black,swimsuits,paid_eligible,us_test_ready,,,0,0,0.00,0.00,https://www.dresslikemommy.com/products/chic-two-piece-swimsuit-set-ruffle-detail-top-and-high-waisted-bottoms-in-four-vibrant-colors,chic-two-piece-swimsuit-set-ruffle-detail-top-and-high-waisted-bottoms-in-four-vibrant-colors,Eligible,,$16.99,English,$0.04
shopify_us_7108938039393_41496456364129,Mommy and Me Swimsuits - One Shoulder | Dress Like Mommy Child 8-10 years / Red,swimsuits,paid_eligible,us_test_ready,,,0,0,0.00,0.00,https://www.dresslikemommy.com/products/chic-one-shoulder-striped-ruffle-swimsuit-for-women-and-girls-elegant-monokini-with-side-tie,chic-one-shoulder-striped-ruffle-swimsuit-for-women-and-girls-elegant-monokini-with-side-tie,Eligible,,$16.99,English,$0.04
shopify_us_7227252670561_41871110340705,Mommy and Me Maxi Dresses - Pink | Dress Like Mommy Child 7-8 Years / Pink,mommy_me,paid_eligible,us_test_ready,,,0,0,0.00,0.00,https://www.dresslikemommy.com/products/mommy-and-me-matching-pink-sleeveless-summer-dress-elegant-sundress-for-mother-daughter,mommy-and-me-matching-pink-sleeveless-summer-dress-elegant-sundress-for-mother-daughter,Eligible,,$30.24,English,$0.04
shopify_us_7109454135393_41497849331809,Family Matching Bikini Sets - Blue Green Floral | Dress Like Mommy Mother S / green,swimsuits,paid_eligible,us_test_ready,,,0,0,0.00,0.00,https://www.dresslikemommy.com/products/chic-two-piece-swimsuit-with-skirt-family-matching-swimwear-for-mother-and-daughter-available-in-blue-green-black,chic-two-piece-swimsuit-with-skirt-family-matching-swimwear-for-mother-and-daughter-available-in-blue-green-black,Eligible,,$16.99,English,$0.04
shopify_us_7109298487393_41497381765217,Mommy and Me Bikini Sets - Tropical Print | Dress Like Mommy Mother M / Green,swimsuits,paid_eligible,us_test_ready,,,0,0,0.00,0.00,https://www.dresslikemommy.com/products/chic-two-piece-swimsuit-set-ruffle-detail-top-and-high-waisted-bottoms-in-four-vibrant-colors,chic-two-piece-swimsuit-set-ruffle-detail-top-and-high-waisted-bottoms-in-four-vibrant-colors,Eligible,,$16.99,English,$0.04
shopify_us_7227620982881_41872696213601,Family Matching Hoodies - Fleece | Dress Like Mommy Child 1-2 Years / Striped,family_matching,paid_eligible,us_test_ready,,,0,0,0.00,0.00,https://www.dresslikemommy.com/products/matching-family-striped-fleece-hoodies-cozy-winter-pullover-for-parents-and-kids,matching-family-striped-fleece-hoodies-cozy-winter-pullover-for-parents-and-kids,Eligible,,$27.99,English,$0.04
shopify_us_7227378925665_41871520989281,Family Matching Sets - Tropical Print | Dress Like Mommy Girl 9-10 Years / Red,swimsuits,paid_eligible,us_test_ready,,,0,0,0.00,0.00,https://www.dresslikemommy.com/products/tropical-matching-family-beach-outfits-colorful-leaf-print-summer-dresses-shorts-set,tropical-matching-family-beach-outfits-colorful-leaf-print-summer-dresses-shorts-set,Eligible,,$24.99,English,$0.04
shopify_us_7109514395745_41498011172961,Family Matching One-Piece Swimsuits - One-Piece | Dress Like Mommy Child 6-8 years / Black,swimsuits,paid_eligible,us_test_ready,,,0,0,0.00,0.00,https://www.dresslikemommy.com/products/elegant-mother-daughter-matching-one-piece-swimsuit-with-patterned-mesh-skirt-family-beachwear-set,elegant-mother-daughter-matching-one-piece-swimsuit-with-patterned-mesh-skirt-family-beachwear-set,Eligible,,$14.99,English,$0.04
shopify_us_7227435450465_41871766552673,Family Matching Sweaters - Color Block | Dress Like Mommy Mother XL / Multi Color,mommy_me,paid_eligible,us_test_ready,,,0,0,0.00,0.00,https://www.dresslikemommy.com/products/matching-color-block-knit-sweaters-vibrant-family-pullover-for-mom-and-kids,matching-color-block-knit-sweaters-vibrant-family-pullover-for-mom-and-kids,Eligible,,$29.99,English,$0.04
shopify_us_7109267947617_41497323700321,Mommy and Me One-Piece Swimsuits - Color Block | Dress Like Mommy Mother L / Black,swimsuits,paid_eligible,us_test_ready,,,0,0,0.00,0.00,https://www.dresslikemommy.com/products/chic-color-block-one-piece-swimsuit-for-mother-daughter-vibrant-sleek-beachwear,chic-color-block-one-piece-swimsuit-for-mother-daughter-vibrant-sleek-beachwear,Eligible,,$16.99,English,$0.04
shopify_us_7228788867169_41877295399009,Mommy and Me Pajama Sets - Cartoon Print | Dress Like Mommy Girl 8-9 years / Pink,pajamas,paid_eligible,us_test_ready,,,1,0,0.00,0.00,https://www.dresslikemommy.com/products/cute-matching-mom-and-daughter-cartoon-pajama-set-fun-and-cozy-sleepwear,cute-matching-mom-and-daughter-cartoon-pajama-set-fun-and-cozy-sleepwear,Eligible,,$24.99,English,$0.04
shopify_us_7109117280353_41497061818465,Mommy and Me Tankinis - Mermaid Scale | Dress Like Mommy Mother M / Multi-Color,mommy_me,paid_eligible,us_test_ready,,,1,0,0.00,0.00,https://www.dresslikemommy.com/products/chic-pink-mermaid-scales-tankini-set-for-mother-and-daughter,chic-pink-mermaid-scales-tankini-set-for-mother-and-daughter,Eligible,,$16.99,English,$0.04
shopify_us_7108984799329_41496617648225,Mommy and Me One-Piece Swimsuits - Animal Print | Dress Like Mommy Mother XL / Leopard,swimsuits,paid_eligible,us_test_ready,,,6,0,0.00,0.00,https://www.dresslikemommy.com/products/chic-leopard-print-one-piece-swimsuit-with-ruffle-accent-timeless-mother-daughter-beachwear,chic-leopard-print-one-piece-swimsuit-with-ruffle-accent-timeless-mother-daughter-beachwear,Eligible,,$17.99,English,$0.04
shopify_us_7229130801249_41878480158817,Family Matching Sets - Beige | Dress Like Mommy Mother XL / Beige,mommy_me,paid_eligible,us_test_ready,,,27,1,0.21,0.00,https://www.dresslikemommy.com/products/elegant-beige-chiffon-family-matching-dresses-mother-daughter-summer-outfits,elegant-beige-chiffon-family-matching-dresses-mother-daughter-summer-outfits,Eligible,,$29.99,English,$0.04
shopify_us_7227434958945_41871763832929,Mommy and Me Cardigans - Cream Black Heart Print | Dress Like Mommy Child 5-6 Years / Beige,mommy_me,paid_eligible,us_test_ready,,,0,0,0.00,0.00,https://www.dresslikemommy.com/products/matching-mother-and-daughter-heart-knit-cardigans-cream-and-black-sweaters-for-mommy-me,matching-mother-and-daughter-heart-knit-cardigans-cream-and-black-sweaters-for-mommy-me,Eligible,,$24.99,English,$0.04
shopify_us_7109481431137_41497931808865,Family Matching Swimsuits - Long Sleeve | Dress Like Mommy Mother L / Black,swimsuits,paid_eligible,us_test_ready,,,0,0,0.00,0.00,https://www.dresslikemommy.com/products/chic-family-bonding-mother-daughter-matching-swimsuit-set-with-long-sleeved-cover-up,chic-family-bonding-mother-daughter-matching-swimsuit-set-with-long-sleeved-cover-up,Eligible,,$16.99,English,$0.04
shopify_us_7109502566497_41497976897633,Family Matching Bikini Sets - Matching Style | Dress Like Mommy Mother XL / Pink,swimsuits,paid_eligible,us_test_ready,,,0,0,0.00,0.00,https://www.dresslikemommy.com/products/chic-family-tides-mother-daughter-matching-two-piece-swimsuit-with-skirt-vibrant-versatile-swimwear-collection,chic-family-tides-mother-daughter-matching-two-piece-swimsuit-with-skirt-vibrant-versatile-swimwear-collection,Eligible,,$16.99,English,$0.04
shopify_us_7109472288865_41497918734433,Family Matching Swimsuits - Floral Print | Dress Like Mommy Child 4-5 years / Purple,swimsuits,paid_eligible,us_test_ready,,,0,0,0.00,0.00,https://www.dresslikemommy.com/products/chic-mother-daughter-matching-swimsuit-set-with-floral-cover-up-family-beachwear-collection,chic-mother-daughter-matching-swimsuit-set-with-floral-cover-up-family-beachwear-collection,Eligible,,$14.99,English,$0.04
shopify_us_7227630649441_41872775086177,Mommy and Me Maxi Dresses - Floral Print | Dress Like Mommy Child 8-9 Years / Black,mommy_me,paid_eligible,us_test_ready,,,0,0,0.00,0.00,https://www.dresslikemommy.com/products/mother-daughter-matching-summer-dresses-vibrant-printed-sleeveless-maxi-dresses,mother-daughter-matching-summer-dresses-vibrant-printed-sleeveless-maxi-dresses,Eligible,,$16.99,English,$0.04
shopify_us_7110356631649_41500538077281,Family Matching Swim Trunks - Floral Print | Dress Like Mommy Child 6-8 years / Multi-Color,daddy_me,paid_eligible,us_test_ready,,,0,0,0.00,0.00,https://www.dresslikemommy.com/products/father-and-son-matching-swim-trunks-tropical-floral-print-family-swimwear,father-and-son-matching-swim-trunks-tropical-floral-print-family-swimwear,Eligible,,$14.99,English,$0.04
shopify_us_7227620982881_41872696344673,Family Matching Hoodies - Fleece | Dress Like Mommy Child 5-6 Years / Striped,family_matching,paid_eligible,us_test_ready,,,0,0,0.00,0.00,https://www.dresslikemommy.com/products/matching-family-striped-fleece-hoodies-cozy-winter-pullover-for-parents-and-kids,matching-family-striped-fleece-hoodies-cozy-winter-pullover-for-parents-and-kids,Eligible,,$27.99,English,$0.04
shopify_us_7109481431137_41497930989665,Family Matching Swimsuits - Long Sleeve | Dress Like Mommy Child 4-5 years / Green,swimsuits,paid_eligible,us_test_ready,,,0,0,0.00,0.00,https://www.dresslikemommy.com/products/chic-family-bonding-mother-daughter-matching-swimsuit-set-with-long-sleeved-cover-up,chic-family-bonding-mother-daughter-matching-swimsuit-set-with-long-sleeved-cover-up,Eligible,,$14.99,English,$0.04
shopify_us_7229130342497_41878478323809,Family Matching Sets - Pink Blue Ombre | Dress Like Mommy Child 11-12 Years / Multi Color,family_matching,paid_eligible,us_test_ready,,,0,0,0.00,0.00,https://www.dresslikemommy.com/products/gradient-ombre-family-matching-outfits-pink-blue-t-shirts-with-white-shorts-set,gradient-ombre-family-matching-outfits-pink-blue-t-shirts-with-white-shorts-set,Eligible,,$14.99,English,$0.04
shopify_us_7229259874401_41878821240929,Family Matching T-Shirts - Heart Print | Dress Like Mommy Adult S / Pink,family_matching,paid_eligible,us_test_ready,,,0,0,0.00,0.00,https://www.dresslikemommy.com/products/family-matching-t-shirt-set-with-colorful-heart-brushstroke-design,family-matching-t-shirt-set-with-colorful-heart-brushstroke-design,Eligible,,$21.99,English,$0.04
shopify_us_7228773466209_41877252145249,Mommy and Me Matching Sets - Black White Striped | Dress Like Mommy Mother XL / Multi Color,mommy_me,paid_eligible,us_test_ready,,,0,0,0.00,0.00,https://www.dresslikemommy.com/products/cozy-matching-black-white-striped-sweater-set-for-mom-and-daughter,cozy-matching-black-white-striped-sweater-set-for-mom-and-daughter,Eligible,,$29.99,English,$0.04
shopify_us_7109443256417_41497809453153,Family Matching One-Piece Swimsuits - One-Piece | Dress Like Mommy Mother L / Pink,swimsuits,paid_eligible,us_test_ready,,,0,0,0.00,0.00,https://www.dresslikemommy.com/products/mommy-me-vibrant-duo-tone-one-piece-swimsuit-with-ring-accent-family-matching-swimwear-collection,mommy-me-vibrant-duo-tone-one-piece-swimsuit-with-ring-accent-family-matching-swimwear-collection,Eligible,,$16.99,English,$0.04
shopify_us_7109298487393_41497381142625,Mommy and Me Bikini Sets - Tropical Print | Dress Like Mommy Mother L / Orange,swimsuits,paid_eligible,us_test_ready,,,0,0,0.00,0.00,https://www.dresslikemommy.com/products/chic-two-piece-swimsuit-set-ruffle-detail-top-and-high-waisted-bottoms-in-four-vibrant-colors,chic-two-piece-swimsuit-set-ruffle-detail-top-and-high-waisted-bottoms-in-four-vibrant-colors,Eligible,,$16.99,English,$0.04
shopify_us_7108962254945_41496538546273,Mommy and Me One-Piece Swimsuits - Tropical Print | Dress Like Mommy Child 4-5 years / Red,swimsuits,paid_eligible,us_test_ready,,,0,0,0.00,0.00,https://www.dresslikemommy.com/products/chic-tropical-ruffle-one-piece-swimsuit-lush-botanical-print-with-elegant-solid-trim-for-mother-child,chic-tropical-ruffle-one-piece-swimsuit-lush-botanical-print-with-elegant-solid-trim-for-mother-child,Eligible,,$15.99,English,$0.04
