url,type,locale,canonical_path,source_sitemap,lastmod
https://www.dresslikemommy.com/,homepage,default,/,https://www.dresslikemommy.com/sitemap_products_1.xml?from=548423041054&to=7538067898465,
https://www.dresslikemommy.com/collections/best-sellers,collection,default,/collections/best-sellers,https://www.dresslikemommy.com/sitemap_collections_1.xml?from=240127941&to=355558883425,2026-04-29T07:07:30-04:00
https://www.dresslikemommy.com/collections/bottoms,collection,default,/collections/bottoms,https://www.dresslikemommy.com/sitemap_collections_1.xml?from=240127941&to=355558883425,2026-04-01T14:47:36-04:00
https://www.dresslikemommy.com/collections/christmas-pajamas,collection,default,/collections/christmas-pajamas,https://www.dresslikemommy.com/sitemap_collections_1.xml?from=240127941&to=355558883425,2026-04-01T14:47:37-04:00
https://www.dresslikemommy.com/collections/christmas-sweaters,collection,default,/collections/christmas-sweaters,https://www.dresslikemommy.com/sitemap_collections_1.xml?from=240127941&to=355558883425,2026-04-01T14:47:37-04:00
https://www.dresslikemommy.com/collections/christmas-tops,collection,default,/collections/christmas-tops,https://www.dresslikemommy.com/sitemap_collections_1.xml?from=240127941&to=355558883425,2026-04-01T14:47:37-04:00
https://www.dresslikemommy.com/collections/couples,collection,default,/collections/couples,https://www.dresslikemommy.com/sitemap_collections_1.xml?from=240127941&to=355558883425,2026-04-26T14:02:28-04:00
https://www.dresslikemommy.com/collections/daddy-and-me,collection,default,/collections/daddy-and-me,https://www.dresslikemommy.com/sitemap_collections_1.xml?from=240127941&to=355558883425,2026-04-26T07:08:59-04:00
https://www.dresslikemommy.com/collections/daddy-me,collection,default,/collections/daddy-me,https://www.dresslikemommy.com/sitemap_collections_1.xml?from=240127941&to=355558883425,2026-04-26T07:08:59-04:00
https://www.dresslikemommy.com/collections/daddy-me-shirts,collection,default,/collections/daddy-me-shirts,https://www.dresslikemommy.com/sitemap_collections_1.xml?from=240127941&to=355558883425,2026-04-24T03:13:51-04:00
https://www.dresslikemommy.com/collections/daddy-me-t-shirts,collection,default,/collections/daddy-me-t-shirts,https://www.dresslikemommy.com/sitemap_collections_1.xml?from=240127941&to=355558883425,2026-04-24T03:13:50-04:00
https://www.dresslikemommy.com/collections/dresses,collection,default,/collections/dresses,https://www.dresslikemommy.com/sitemap_collections_1.xml?from=240127941&to=355558883425,2026-04-29T07:07:30-04:00
https://www.dresslikemommy.com/collections/fall-winter,collection,default,/collections/fall-winter,https://www.dresslikemommy.com/sitemap_collections_1.xml?from=240127941&to=355558883425,2026-04-26T18:48:43-04:00
https://www.dresslikemommy.com/collections/family-pajamas,collection,default,/collections/family-pajamas,https://www.dresslikemommy.com/sitemap_collections_1.xml?from=240127941&to=355558883425,2026-04-01T14:47:36-04:00
https://www.dresslikemommy.com/collections/family-sets,collection,default,/collections/family-sets,https://www.dresslikemommy.com/sitemap_collections_1.xml?from=240127941&to=355558883425,2026-04-27T12:43:57-04:00
https://www.dresslikemommy.com/collections/family-sweaters,collection,default,/collections/family-sweaters,https://www.dresslikemommy.com/sitemap_collections_1.xml?from=240127941&to=355558883425,2026-04-26T13:56:40-04:00
https://www.dresslikemommy.com/collections/family-swimsuits,collection,default,/collections/family-swimsuits,https://www.dresslikemommy.com/sitemap_collections_1.xml?from=240127941&to=355558883425,2026-04-26T14:02:10-04:00
https://www.dresslikemommy.com/collections/family-tops,collection,default,/collections/family-tops,https://www.dresslikemommy.com/sitemap_collections_1.xml?from=240127941&to=355558883425,2026-04-27T09:23:56-04:00
https://www.dresslikemommy.com/collections/formal-dresses,collection,default,/collections/formal-dresses,https://www.dresslikemommy.com/sitemap_collections_1.xml?from=240127941&to=355558883425,2026-04-22T07:08:05-04:00
https://www.dresslikemommy.com/collections/jumpsuits,collection,default,/collections/jumpsuits,https://www.dresslikemommy.com/sitemap_collections_1.xml?from=240127941&to=355558883425,2026-04-13T06:01:26-04:00
https://www.dresslikemommy.com/collections/leggings,collection,default,/collections/leggings,https://www.dresslikemommy.com/sitemap_collections_1.xml?from=240127941&to=355558883425,2026-04-01T14:47:36-04:00
https://www.dresslikemommy.com/collections/matching-couples-t-shirts,collection,default,/collections/matching-couples-t-shirts,https://www.dresslikemommy.com/sitemap_collections_1.xml?from=240127941&to=355558883425,2026-04-26T14:02:25-04:00
https://www.dresslikemommy.com/collections/matching-family-vacation-outfits,collection,default,/collections/matching-family-vacation-outfits,https://www.dresslikemommy.com/sitemap_collections_1.xml?from=240127941&to=355558883425,2026-04-29T07:07:30-04:00
https://www.dresslikemommy.com/collections/matching-hawaiian-outfits,collection,default,/collections/matching-hawaiian-outfits,https://www.dresslikemommy.com/sitemap_collections_1.xml?from=240127941&to=355558883425,2026-04-23T07:07:57-04:00
https://www.dresslikemommy.com/collections/matching-outfits,collection,default,/collections/matching-outfits,https://www.dresslikemommy.com/sitemap_collections_1.xml?from=240127941&to=355558883425,2026-04-29T07:07:30-04:00
https://www.dresslikemommy.com/collections/maternity,collection,default,/collections/maternity,https://www.dresslikemommy.com/sitemap_collections_1.xml?from=240127941&to=355558883425,2026-04-01T14:47:36-04:00
https://www.dresslikemommy.com/collections/maxi-dresses,collection,default,/collections/maxi-dresses,https://www.dresslikemommy.com/sitemap_collections_1.xml?from=240127941&to=355558883425,2026-04-26T14:02:47-04:00
https://www.dresslikemommy.com/collections/midi-dresses,collection,default,/collections/midi-dresses,https://www.dresslikemommy.com/sitemap_collections_1.xml?from=240127941&to=355558883425,2026-04-26T15:31:54-04:00
https://www.dresslikemommy.com/collections/mini-dresses,collection,default,/collections/mini-dresses,https://www.dresslikemommy.com/sitemap_collections_1.xml?from=240127941&to=355558883425,2026-04-26T14:02:31-04:00
https://www.dresslikemommy.com/collections/mommy-and-me,collection,default,/collections/mommy-and-me,https://www.dresslikemommy.com/sitemap_collections_1.xml?from=240127941&to=355558883425,2026-04-29T07:07:30-04:00
https://www.dresslikemommy.com/collections/mother-daughter-matching-dresses,collection,default,/collections/mother-daughter-matching-dresses,https://www.dresslikemommy.com/sitemap_collections_1.xml?from=240127941&to=355558883425,2026-04-29T07:07:30-04:00
https://www.dresslikemommy.com/collections/new-arrivals,collection,default,/collections/new-arrivals,https://www.dresslikemommy.com/sitemap_collections_1.xml?from=240127941&to=355558883425,2026-04-29T07:07:30-04:00
https://www.dresslikemommy.com/collections/new-matching-outfits,collection,default,/collections/new-matching-outfits,https://www.dresslikemommy.com/sitemap_collections_1.xml?from=240127941&to=355558883425,2026-04-29T07:07:30-04:00
https://www.dresslikemommy.com/collections/new-pajama-drop,collection,default,/collections/new-pajama-drop,https://www.dresslikemommy.com/sitemap_collections_1.xml?from=240127941&to=355558883425,2026-04-22T10:14:28-04:00
https://www.dresslikemommy.com/collections/new-women-outfits,collection,default,/collections/new-women-outfits,https://www.dresslikemommy.com/sitemap_collections_1.xml?from=240127941&to=355558883425,2026-04-27T12:43:57-04:00
https://www.dresslikemommy.com/collections/pajamas,collection,default,/collections/pajamas,https://www.dresslikemommy.com/sitemap_collections_1.xml?from=240127941&to=355558883425,2026-04-26T14:02:11-04:00
https://www.dresslikemommy.com/collections/pants,collection,default,/collections/pants,https://www.dresslikemommy.com/sitemap_collections_1.xml?from=240127941&to=355558883425,2026-04-26T13:46:39-04:00
https://www.dresslikemommy.com/collections/popular-family-matching,collection,default,/collections/popular-family-matching,https://www.dresslikemommy.com/sitemap_collections_1.xml?from=240127941&to=355558883425,2026-04-27T12:43:57-04:00
https://www.dresslikemommy.com/collections/popular-mommy-me-1,collection,default,/collections/popular-mommy-me-1,https://www.dresslikemommy.com/sitemap_collections_1.xml?from=240127941&to=355558883425,2026-04-29T07:07:30-04:00
https://www.dresslikemommy.com/collections/rompers,collection,default,/collections/rompers,https://www.dresslikemommy.com/sitemap_collections_1.xml?from=240127941&to=355558883425,2026-04-26T14:02:31-04:00
https://www.dresslikemommy.com/collections/sundresses,collection,default,/collections/sundresses,https://www.dresslikemommy.com/sitemap_collections_1.xml?from=240127941&to=355558883425,2026-04-29T07:07:30-04:00
https://www.dresslikemommy.com/collections/sweaters,collection,default,/collections/sweaters,https://www.dresslikemommy.com/sitemap_collections_1.xml?from=240127941&to=355558883425,2026-04-26T14:02:33-04:00
https://www.dresslikemommy.com/collections/swimsuits,collection,default,/collections/swimsuits,https://www.dresslikemommy.com/sitemap_collections_1.xml?from=240127941&to=355558883425,2026-04-26T14:02:41-04:00
https://www.dresslikemommy.com/collections/tops,collection,default,/collections/tops,https://www.dresslikemommy.com/sitemap_collections_1.xml?from=240127941&to=355558883425,2026-04-27T09:24:37-04:00
https://www.dresslikemommy.com/collections/trunks,collection,default,/collections/trunks,https://www.dresslikemommy.com/sitemap_collections_1.xml?from=240127941&to=355558883425,2026-04-27T08:12:06-04:00
https://www.dresslikemommy.com/collections/valentines-day-matching-outfits-1,collection,default,/collections/valentines-day-matching-outfits-1,https://www.dresslikemommy.com/sitemap_collections_1.xml?from=240127941&to=355558883425,2026-04-01T14:47:37-04:00
https://www.dresslikemommy.com/products/autumn-peter-rabbit-mommy-and-me-pajamas,product,default,/products/autumn-peter-rabbit-mommy-and-me-pajamas,https://www.dresslikemommy.com/sitemap_products_1.xml?from=548423041054&to=7538067898465,2026-04-30T09:39:36-04:00
https://www.dresslikemommy.com/products/backless-striped-jumpsuit,product,default,/products/backless-striped-jumpsuit,https://www.dresslikemommy.com/sitemap_products_1.xml?from=548423041054&to=7538067898465,2026-04-30T09:39:36-04:00
https://www.dresslikemommy.com/products/bamboo-garden-panda-cotton-mommy-and-me-pajamas,product,default,/products/bamboo-garden-panda-cotton-mommy-and-me-pajamas,https://www.dresslikemommy.com/sitemap_products_1.xml?from=548423041054&to=7538067898465,2026-04-30T09:39:36-04:00
https://www.dresslikemommy.com/products/bamboo-garden-panda-mommy-and-me-pajamas,product,default,/products/bamboo-garden-panda-mommy-and-me-pajamas,https://www.dresslikemommy.com/sitemap_products_1.xml?from=548423041054&to=7538067898465,2026-04-30T09:39:36-04:00
https://www.dresslikemommy.com/products/battery-themed-matching-family-t-shirt-set-super-tired-parents-energetic-kids,product,default,/products/battery-themed-matching-family-t-shirt-set-super-tired-parents-energetic-kids,https://www.dresslikemommy.com/sitemap_products_1.xml?from=548423041054&to=7538067898465,2026-04-30T09:39:36-04:00
https://www.dresslikemommy.com/products/beautiful-rainbow-family-matching-t-shirts-colorful-sunshine-design,product,default,/products/beautiful-rainbow-family-matching-t-shirts-colorful-sunshine-design,https://www.dresslikemommy.com/sitemap_products_1.xml?from=548423041054&to=7538067898465,2026-04-30T09:39:36-04:00
https://www.dresslikemommy.com/products/bird-chirping-mommy-and-me-pajamas,product,default,/products/bird-chirping-mommy-and-me-pajamas,https://www.dresslikemommy.com/sitemap_products_1.xml?from=548423041054&to=7538067898465,2026-04-30T09:39:36-04:00
https://www.dresslikemommy.com/products/black-bow-mommy-and-me-set,product,default,/products/black-bow-mommy-and-me-set,https://www.dresslikemommy.com/sitemap_products_1.xml?from=548423041054&to=7538067898465,2026-04-30T09:39:36-04:00
https://www.dresslikemommy.com/products/black-white-spelling-family-matching-tops,product,default,/products/black-white-spelling-family-matching-tops,https://www.dresslikemommy.com/sitemap_products_1.xml?from=548423041054&to=7538067898465,2026-04-30T09:39:36-04:00
https://www.dresslikemommy.com/products/blue-apricot-heart-family-matching-tops,product,default,/products/blue-apricot-heart-family-matching-tops,https://www.dresslikemommy.com/sitemap_products_1.xml?from=548423041054&to=7538067898465,2026-04-30T09:39:36-04:00
https://www.dresslikemommy.com/products/blue-butterfly-family-matching-set,product,default,/products/blue-butterfly-family-matching-set,https://www.dresslikemommy.com/sitemap_products_1.xml?from=548423041054&to=7538067898465,2026-04-30T09:39:36-04:00
https://www.dresslikemommy.com/products/blue-check-family-matching-set,product,default,/products/blue-check-family-matching-set,https://www.dresslikemommy.com/sitemap_products_1.xml?from=548423041054&to=7538067898465,2026-04-30T09:39:36-04:00
https://www.dresslikemommy.com/products/blue-daisy-family-matching-set,product,default,/products/blue-daisy-family-matching-set,https://www.dresslikemommy.com/sitemap_products_1.xml?from=548423041054&to=7538067898465,2026-04-30T09:39:36-04:00
https://www.dresslikemommy.com/products/blue-stripe-family-matching-shirts,product,default,/products/blue-stripe-family-matching-shirts,https://www.dresslikemommy.com/sitemap_products_1.xml?from=548423041054&to=7538067898465,2026-04-30T09:39:36-04:00
https://www.dresslikemommy.com/products/blue-striped-family-matching-set,product,default,/products/blue-striped-family-matching-set,https://www.dresslikemommy.com/sitemap_products_1.xml?from=548423041054&to=7538067898465,2026-04-30T09:39:36-04:00
https://www.dresslikemommy.com/products/blue-tie-dye-butterfly-mommy-and-me-dresses,product,default,/products/blue-tie-dye-butterfly-mommy-and-me-dresses,https://www.dresslikemommy.com/sitemap_products_1.xml?from=548423041054&to=7538067898465,2026-04-30T09:39:36-04:00
https://www.dresslikemommy.com/products/blue-tropical-floral-family-matching-beach-dress-and-shirt-set,product,default,/products/blue-tropical-floral-family-matching-beach-dress-and-shirt-set,https://www.dresslikemommy.com/sitemap_products_1.xml?from=548423041054&to=7538067898465,2026-04-30T09:39:36-04:00
https://www.dresslikemommy.com/products/bluebell-meadow-family-matching-set,product,default,/products/bluebell-meadow-family-matching-set,https://www.dresslikemommy.com/sitemap_products_1.xml?from=548423041054&to=7538067898465,2026-04-30T09:39:36-04:00
https://www.dresslikemommy.com/products/blush-garden-mommy-and-me-swimsuits,product,default,/products/blush-garden-mommy-and-me-swimsuits,https://www.dresslikemommy.com/sitemap_products_1.xml?from=548423041054&to=7538067898465,2026-04-30T09:39:36-04:00
https://www.dresslikemommy.com/products/boho-chic-family-matching-outfit-flowy-skirts-and-paisley-shirts,product,default,/products/boho-chic-family-matching-outfit-flowy-skirts-and-paisley-shirts,https://www.dresslikemommy.com/sitemap_products_1.xml?from=548423041054&to=7538067898465,2026-04-30T09:39:36-04:00
https://www.dresslikemommy.com/products/cable-horse-family-matching-tops,product,default,/products/cable-horse-family-matching-tops,https://www.dresslikemommy.com/sitemap_products_1.xml?from=548423041054&to=7538067898465,2026-04-30T09:39:36-04:00
https://www.dresslikemommy.com/products/chic-color-block-one-piece-swimsuit-for-mother-daughter-vibrant-sleek-beachwear,product,default,/products/chic-color-block-one-piece-swimsuit-for-mother-daughter-vibrant-sleek-beachwear,https://www.dresslikemommy.com/sitemap_products_1.xml?from=548423041054&to=7538067898465,2026-04-30T09:39:36-04:00
https://www.dresslikemommy.com/products/chic-family-bonding-mother-daughter-matching-swimsuit-set-with-long-sleeved-cover-up,product,default,/products/chic-family-bonding-mother-daughter-matching-swimsuit-set-with-long-sleeved-cover-up,https://www.dresslikemommy.com/sitemap_products_1.xml?from=548423041054&to=7538067898465,2026-04-30T09:39:36-04:00
https://www.dresslikemommy.com/products/chic-family-matching-sleeveless-dresses-ruffled-hem-mother-daughter-summer-outfit,product,default,/products/chic-family-matching-sleeveless-dresses-ruffled-hem-mother-daughter-summer-outfit,https://www.dresslikemommy.com/sitemap_products_1.xml?from=548423041054&to=7538067898465,2026-04-30T09:39:36-04:00
https://www.dresslikemommy.com/products/chic-family-tides-mother-daughter-matching-two-piece-swimsuit-with-skirt-vibrant-versatile-swimwear-collection,product,default,/products/chic-family-tides-mother-daughter-matching-two-piece-swimsuit-with-skirt-vibrant-versatile-swimwear-collection,https://www.dresslikemommy.com/sitemap_products_1.xml?from=548423041054&to=7538067898465,2026-04-30T09:39:36-04:00
https://www.dresslikemommy.com/products/chic-floral-ruffle-one-shoulder-swimsuit-for-women-and-girls-elegant-asymmetrical-swimwear-set-in-vibrant-tropics-print,product,default,/products/chic-floral-ruffle-one-shoulder-swimsuit-for-women-and-girls-elegant-asymmetrical-swimwear-set-in-vibrant-tropics-print,https://www.dresslikemommy.com/sitemap_products_1.xml?from=548423041054&to=7538067898465,2026-04-30T09:39:36-04:00
https://www.dresslikemommy.com/products/chic-leopard-print-one-piece-swimsuit-with-ruffle-accent-timeless-mother-daughter-beachwear,product,default,/products/chic-leopard-print-one-piece-swimsuit-with-ruffle-accent-timeless-mother-daughter-beachwear,https://www.dresslikemommy.com/sitemap_products_1.xml?from=548423041054&to=7538067898465,2026-04-30T09:39:36-04:00
https://www.dresslikemommy.com/products/chic-mother-daughter-matching-swimsuit-set-with-floral-cover-up-family-beachwear-collection,product,default,/products/chic-mother-daughter-matching-swimsuit-set-with-floral-cover-up-family-beachwear-collection,https://www.dresslikemommy.com/sitemap_products_1.xml?from=548423041054&to=7538067898465,2026-04-30T09:39:36-04:00
https://www.dresslikemommy.com/products/chic-mother-daughter-one-shoulder-swimsuit-with-playful-ruffles-and-contrasting-stripes-nylon-polyester-blend,product,default,/products/chic-mother-daughter-one-shoulder-swimsuit-with-playful-ruffles-and-contrasting-stripes-nylon-polyester-blend,https://www.dresslikemommy.com/sitemap_products_1.xml?from=548423041054&to=7538067898465,2026-04-30T09:39:36-04:00
https://www.dresslikemommy.com/products/chic-mother-daughter-two-piece-swimsuit-family-matching-swimwear-in-vibrant-colors,product,default,/products/chic-mother-daughter-two-piece-swimsuit-family-matching-swimwear-in-vibrant-colors,https://www.dresslikemommy.com/sitemap_products_1.xml?from=548423041054&to=7538067898465,2026-04-30T09:39:36-04:00
https://www.dresslikemommy.com/products/chic-ocean-blue-mother-daughter-swimsuit-duo-stylish-ruffle-top-with-paisley-high-waisted-bottoms,product,default,/products/chic-ocean-blue-mother-daughter-swimsuit-duo-stylish-ruffle-top-with-paisley-high-waisted-bottoms,https://www.dresslikemommy.com/sitemap_products_1.xml?from=548423041054&to=7538067898465,2026-04-30T09:39:36-04:00
https://www.dresslikemommy.com/products/chic-one-shoulder-striped-ruffle-swimsuit-for-women-and-girls-elegant-monokini-with-side-tie,product,default,/products/chic-one-shoulder-striped-ruffle-swimsuit-for-women-and-girls-elegant-monokini-with-side-tie,https://www.dresslikemommy.com/sitemap_products_1.xml?from=548423041054&to=7538067898465,2026-04-30T09:39:36-04:00
https://www.dresslikemommy.com/products/chic-pink-mermaid-scales-tankini-set-for-mother-and-daughter,product,default,/products/chic-pink-mermaid-scales-tankini-set-for-mother-and-daughter,https://www.dresslikemommy.com/sitemap_products_1.xml?from=548423041054&to=7538067898465,2026-04-30T09:39:36-04:00
https://www.dresslikemommy.com/products/chic-striped-one-piece-swimsuit-with-playful-ruffle-detail-a-duo-of-elegance-for-mother-daughter,product,default,/products/chic-striped-one-piece-swimsuit-with-playful-ruffle-detail-a-duo-of-elegance-for-mother-daughter,https://www.dresslikemommy.com/sitemap_products_1.xml?from=548423041054&to=7538067898465,2026-04-30T09:39:36-04:00
https://www.dresslikemommy.com/products/chic-tropical-floral-high-neck-swimsuit-set-for-women-and-girls-zippered-sleeveless-quick-dry-swimwear,product,default,/products/chic-tropical-floral-high-neck-swimsuit-set-for-women-and-girls-zippered-sleeveless-quick-dry-swimwear,https://www.dresslikemommy.com/sitemap_products_1.xml?from=548423041054&to=7538067898465,2026-04-30T09:39:36-04:00
https://www.dresslikemommy.com/products/chic-tropical-one-shoulder-ruffle-swimsuit-set-for-mother-and-daughter-vibrant-floral-pattern-with-comfort-stretch,product,default,/products/chic-tropical-one-shoulder-ruffle-swimsuit-set-for-mother-and-daughter-vibrant-floral-pattern-with-comfort-stretch,https://www.dresslikemommy.com/sitemap_products_1.xml?from=548423041054&to=7538067898465,2026-04-30T09:39:36-04:00
https://www.dresslikemommy.com/products/chic-tropical-ruffle-one-piece-swimsuit-lush-botanical-print-with-elegant-solid-trim-for-mother-child,product,default,/products/chic-tropical-ruffle-one-piece-swimsuit-lush-botanical-print-with-elegant-solid-trim-for-mother-child,https://www.dresslikemommy.com/sitemap_products_1.xml?from=548423041054&to=7538067898465,2026-04-30T09:39:36-04:00
https://www.dresslikemommy.com/products/chic-two-piece-swimsuit-set-ruffle-detail-top-and-high-waisted-bottoms-in-four-vibrant-colors,product,default,/products/chic-two-piece-swimsuit-set-ruffle-detail-top-and-high-waisted-bottoms-in-four-vibrant-colors,https://www.dresslikemommy.com/sitemap_products_1.xml?from=548423041054&to=7538067898465,2026-04-30T09:39:36-04:00
https://www.dresslikemommy.com/products/chic-two-piece-swimsuit-with-skirt-family-matching-swimwear-for-mother-and-daughter-available-in-blue-green-black,product,default,/products/chic-two-piece-swimsuit-with-skirt-family-matching-swimwear-for-mother-and-daughter-available-in-blue-green-black,https://www.dresslikemommy.com/sitemap_products_1.xml?from=548423041054&to=7538067898465,2026-04-30T09:39:36-04:00
https://www.dresslikemommy.com/products/citrus-bloom-family-matching-set,product,default,/products/citrus-bloom-family-matching-set,https://www.dresslikemommy.com/sitemap_products_1.xml?from=548423041054&to=7538067898465,2026-04-30T09:39:36-04:00
https://www.dresslikemommy.com/products/coastal-blue-stripe-family-matching-set,product,default,/products/coastal-blue-stripe-family-matching-set,https://www.dresslikemommy.com/sitemap_products_1.xml?from=548423041054&to=7538067898465,2026-04-30T09:39:36-04:00
https://www.dresslikemommy.com/products/colorful-family-matching-love-t-shirts-fun-bold-lettering-design-in-multiple-colors,product,default,/products/colorful-family-matching-love-t-shirts-fun-bold-lettering-design-in-multiple-colors,https://www.dresslikemommy.com/sitemap_products_1.xml?from=548423041054&to=7538067898465,2026-04-30T09:39:36-04:00
https://www.dresslikemommy.com/products/colorful-i-love-family-matching-t-shirts-set-for-the-whole-family,product,default,/products/colorful-i-love-family-matching-t-shirts-set-for-the-whole-family,https://www.dresslikemommy.com/sitemap_products_1.xml?from=548423041054&to=7538067898465,2026-04-30T09:39:36-04:00
https://www.dresslikemommy.com/products/couple-matching-queen-king-hearts-t-shirts,product,default,/products/couple-matching-queen-king-hearts-t-shirts,https://www.dresslikemommy.com/sitemap_products_1.xml?from=548423041054&to=7538067898465,2026-04-30T09:39:36-04:00
https://www.dresslikemommy.com/products/couple-matching-shirts-mr-and-mrs-wedding-gift-anniversary,product,default,/products/couple-matching-shirts-mr-and-mrs-wedding-gift-anniversary,https://www.dresslikemommy.com/sitemap_products_1.xml?from=548423041054&to=7538067898465,2026-04-30T09:39:36-04:00
https://www.dresslikemommy.com/products/couple-matching-t-shirt-funny-beard-butt,product,default,/products/couple-matching-t-shirt-funny-beard-butt,https://www.dresslikemommy.com/sitemap_products_1.xml?from=548423041054&to=7538067898465,2026-04-30T09:39:36-04:00
https://www.dresslikemommy.com/products/couple-t-shirt-power-couple-short-sleeve-t-shirts,product,default,/products/couple-t-shirt-power-couple-short-sleeve-t-shirts,https://www.dresslikemommy.com/sitemap_products_1.xml?from=548423041054&to=7538067898465,2026-04-30T09:39:36-04:00
https://www.dresslikemommy.com/products/cozy-matching-black-white-striped-sweater-set-for-mom-and-daughter,product,default,/products/cozy-matching-black-white-striped-sweater-set-for-mom-and-daughter,https://www.dresslikemommy.com/sitemap_products_1.xml?from=548423041054&to=7538067898465,2026-04-30T09:39:36-04:00
https://www.dresslikemommy.com/products/cute-dinosaur-family-matching-t-shirts-what-are-you-doing-hug-design,product,default,/products/cute-dinosaur-family-matching-t-shirts-what-are-you-doing-hug-design,https://www.dresslikemommy.com/sitemap_products_1.xml?from=548423041054&to=7538067898465,2026-04-30T09:39:36-04:00
https://www.dresslikemommy.com/products/cute-family-matching-cartoon-t-shirts-sun-cloud-plant-design-in-5-colors,product,default,/products/cute-family-matching-cartoon-t-shirts-sun-cloud-plant-design-in-5-colors,https://www.dresslikemommy.com/sitemap_products_1.xml?from=548423041054&to=7538067898465,2026-04-30T09:39:36-04:00
https://www.dresslikemommy.com/products/cute-matching-mom-and-daughter-cartoon-pajama-set-fun-and-cozy-sleepwear,product,default,/products/cute-matching-mom-and-daughter-cartoon-pajama-set-fun-and-cozy-sleepwear,https://www.dresslikemommy.com/sitemap_products_1.xml?from=548423041054&to=7538067898465,2026-04-30T09:39:36-04:00
https://www.dresslikemommy.com/products/cute-mother-daughter-matching-swimsuits,product,default,/products/cute-mother-daughter-matching-swimsuits,https://www.dresslikemommy.com/sitemap_products_1.xml?from=548423041054&to=7538067898465,2026-04-30T09:39:36-04:00
https://www.dresslikemommy.com/products/daddy-and-me-matching-floral-shirts-black-rose-print-short-sleeve-button-up-set,product,default,/products/daddy-and-me-matching-floral-shirts-black-rose-print-short-sleeve-button-up-set,https://www.dresslikemommy.com/sitemap_products_1.xml?from=548423041054&to=7538067898465,2026-04-30T09:39:36-04:00
https://www.dresslikemommy.com/products/daddy-baby-bestie-heart-matching-t-shirt-onesie-set-adorable-father-and-child-outfit,product,default,/products/daddy-baby-bestie-heart-matching-t-shirt-onesie-set-adorable-father-and-child-outfit,https://www.dresslikemommy.com/sitemap_products_1.xml?from=548423041054&to=7538067898465,2026-04-30T09:39:36-04:00
https://www.dresslikemommy.com/products/daddy-baby-matching-daddysaurus-and-babysaurus-t-shirt-set-fun-dinosaur-dad-and-baby-outfit,product,default,/products/daddy-baby-matching-daddysaurus-and-babysaurus-t-shirt-set-fun-dinosaur-dad-and-baby-outfit,https://www.dresslikemommy.com/sitemap_products_1.xml?from=548423041054&to=7538067898465,2026-04-30T09:39:36-04:00
https://www.dresslikemommy.com/products/daddy-me-beer-monster-milk-monster-matching-t-shirt-set,product,default,/products/daddy-me-beer-monster-milk-monster-matching-t-shirt-set,https://www.dresslikemommy.com/sitemap_products_1.xml?from=548423041054&to=7538067898465,2026-04-30T09:39:36-04:00
https://www.dresslikemommy.com/products/daddy-me-matching-family-t-shirt-set-heartfelt-father-child-bond-outfit,product,default,/products/daddy-me-matching-family-t-shirt-set-heartfelt-father-child-bond-outfit,https://www.dresslikemommy.com/sitemap_products_1.xml?from=548423041054&to=7538067898465,2026-04-30T09:39:36-04:00
https://www.dresslikemommy.com/products/daddy-me-my-best-lady-my-best-man,product,default,/products/daddy-me-my-best-lady-my-best-man,https://www.dresslikemommy.com/sitemap_products_1.xml?from=548423041054&to=7538067898465,2026-04-30T09:39:36-04:00
https://www.dresslikemommy.com/products/denim-blue-family-matching-set,product,default,/products/denim-blue-family-matching-set,https://www.dresslikemommy.com/sitemap_products_1.xml?from=548423041054&to=7538067898465,2026-04-30T09:39:36-04:00
https://www.dresslikemommy.com/products/denim-blue-family-matching-shirts,product,default,/products/denim-blue-family-matching-shirts,https://www.dresslikemommy.com/sitemap_products_1.xml?from=548423041054&to=7538067898465,2026-04-30T09:39:36-04:00
https://www.dresslikemommy.com/products/dynamic-duo-father-and-son-matching-swim-trunks-family-beachwear-set,product,default,/products/dynamic-duo-father-and-son-matching-swim-trunks-family-beachwear-set,https://www.dresslikemommy.com/sitemap_products_1.xml?from=548423041054&to=7538067898465,2026-04-30T09:39:36-04:00
https://www.dresslikemommy.com/products/elegant-beige-chiffon-family-matching-dresses-mother-daughter-summer-outfits,product,default,/products/elegant-beige-chiffon-family-matching-dresses-mother-daughter-summer-outfits,https://www.dresslikemommy.com/sitemap_products_1.xml?from=548423041054&to=7538067898465,2026-04-30T09:39:36-04:00
https://www.dresslikemommy.com/products/elegant-black-ruffle-dress-chic-sleeveless-layered-dress-for-mother-and-daughter-perfect-for-parties-and-events,product,default,/products/elegant-black-ruffle-dress-chic-sleeveless-layered-dress-for-mother-and-daughter-perfect-for-parties-and-events,https://www.dresslikemommy.com/sitemap_products_1.xml?from=548423041054&to=7538067898465,2026-04-30T09:39:36-04:00
https://www.dresslikemommy.com/products/elegant-blue-and-white-floral-one-piece-swimsuit-timeless-style-for-mother-and-daughter,product,default,/products/elegant-blue-and-white-floral-one-piece-swimsuit-timeless-style-for-mother-and-daughter,https://www.dresslikemommy.com/sitemap_products_1.xml?from=548423041054&to=7538067898465,2026-04-30T09:39:36-04:00
https://www.dresslikemommy.com/products/elegant-chiffon-sleeveless-dress-with-sequin-detail-mother-and-daughter-matching-outfits,product,default,/products/elegant-chiffon-sleeveless-dress-with-sequin-detail-mother-and-daughter-matching-outfits,https://www.dresslikemommy.com/sitemap_products_1.xml?from=548423041054&to=7538067898465,2026-04-30T09:39:36-04:00
https://www.dresslikemommy.com/products/elegant-chocolate-brown-monokini-for-mother-daughter-duo-sleek-halter-neckline-with-playful-polka-dot-tie-sides,product,default,/products/elegant-chocolate-brown-monokini-for-mother-daughter-duo-sleek-halter-neckline-with-playful-polka-dot-tie-sides,https://www.dresslikemommy.com/sitemap_products_1.xml?from=548423041054&to=7538067898465,2026-04-30T09:39:36-04:00
https://www.dresslikemommy.com/products/elegant-floral-off-shoulder-mommy-and-me-dress-set-perfect-for-summer-outings,product,default,/products/elegant-floral-off-shoulder-mommy-and-me-dress-set-perfect-for-summer-outings,https://www.dresslikemommy.com/sitemap_products_1.xml?from=548423041054&to=7538067898465,2026-04-30T09:39:36-04:00
https://www.dresslikemommy.com/products/elegant-long-sleeve-leopard-print-swimsuit-for-mother-and-daughter,product,default,/products/elegant-long-sleeve-leopard-print-swimsuit-for-mother-and-daughter,https://www.dresslikemommy.com/sitemap_products_1.xml?from=548423041054&to=7538067898465,2026-04-30T09:39:36-04:00
https://www.dresslikemommy.com/products/elegant-matching-family-outfits-light-blue-halter-dresses-casual-t-shirt-set-for-summer,product,default,/products/elegant-matching-family-outfits-light-blue-halter-dresses-casual-t-shirt-set-for-summer,https://www.dresslikemommy.com/sitemap_products_1.xml?from=548423041054&to=7538067898465,2026-04-30T09:39:36-04:00
https://www.dresslikemommy.com/products/elegant-mother-daughter-matching-one-piece-swimsuit-with-patterned-mesh-skirt-family-beachwear-set,product,default,/products/elegant-mother-daughter-matching-one-piece-swimsuit-with-patterned-mesh-skirt-family-beachwear-set,https://www.dresslikemommy.com/sitemap_products_1.xml?from=548423041054&to=7538067898465,2026-04-30T09:39:36-04:00
https://www.dresslikemommy.com/products/elegant-mother-daughter-matching-summer-dress-ruffled-layered-chiffon-with-sequin-embellishments,product,default,/products/elegant-mother-daughter-matching-summer-dress-ruffled-layered-chiffon-with-sequin-embellishments,https://www.dresslikemommy.com/sitemap_products_1.xml?from=548423041054&to=7538067898465,2026-04-30T09:39:36-04:00
https://www.dresslikemommy.com/products/elegant-tropical-high-waisted-swimsuit-set-for-mother-and-daughter-radiant-red-halter-neck-design,product,default,/products/elegant-tropical-high-waisted-swimsuit-set-for-mother-and-daughter-radiant-red-halter-neck-design,https://www.dresslikemommy.com/sitemap_products_1.xml?from=548423041054&to=7538067898465,2026-04-30T09:39:36-04:00
https://www.dresslikemommy.com/products/emerald-leaf-family-matching-set,product,default,/products/emerald-leaf-family-matching-set,https://www.dresslikemommy.com/sitemap_products_1.xml?from=548423041054&to=7538067898465,2026-04-30T09:39:36-04:00
https://www.dresslikemommy.com/products/enchanting-mermaid-scales-two-piece-swimsuit-set-for-mother-and-daughter-rainbow-hues-with-flirty-skirt-detail,product,default,/products/enchanting-mermaid-scales-two-piece-swimsuit-set-for-mother-and-daughter-rainbow-hues-with-flirty-skirt-detail,https://www.dresslikemommy.com/sitemap_products_1.xml?from=548423041054&to=7538067898465,2026-04-30T09:39:36-04:00
https://www.dresslikemommy.com/products/eternal-love-family-matching-t-shirts-colorful-heart-design,product,default,/products/eternal-love-family-matching-t-shirts-colorful-heart-design,https://www.dresslikemommy.com/sitemap_products_1.xml?from=548423041054&to=7538067898465,2026-04-30T09:39:36-04:00
https://www.dresslikemommy.com/products/fairy-tale-messenger-mommy-and-me-pajamas,product,default,/products/fairy-tale-messenger-mommy-and-me-pajamas,https://www.dresslikemommy.com/sitemap_products_1.xml?from=548423041054&to=7538067898465,2026-04-30T09:39:36-04:00
https://www.dresslikemommy.com/products/family-matching-beach-dress-and-shirt-set-light-blue-floral-hawaiian-print,product,default,/products/family-matching-beach-dress-and-shirt-set-light-blue-floral-hawaiian-print,https://www.dresslikemommy.com/sitemap_products_1.xml?from=548423041054&to=7538067898465,2026-04-30T09:39:36-04:00
https://www.dresslikemommy.com/products/family-matching-best-in-the-galaxy-t-shirts,product,default,/products/family-matching-best-in-the-galaxy-t-shirts,https://www.dresslikemommy.com/sitemap_products_1.xml?from=548423041054&to=7538067898465,2026-04-30T09:39:36-04:00
https://www.dresslikemommy.com/products/family-matching-cable-knit-sweaters-heart-embroidered-unisex-pullovers,product,default,/products/family-matching-cable-knit-sweaters-heart-embroidered-unisex-pullovers,https://www.dresslikemommy.com/sitemap_products_1.xml?from=548423041054&to=7538067898465,2026-04-30T09:39:36-04:00
https://www.dresslikemommy.com/products/family-matching-dad-son-tropical-palm-cotton-shirts-blue,product,default,/products/family-matching-dad-son-tropical-palm-cotton-shirts-blue,https://www.dresslikemommy.com/sitemap_products_1.xml?from=548423041054&to=7538067898465,2026-04-30T09:39:36-04:00
https://www.dresslikemommy.com/products/family-matching-dress-and-t-shirt-set-summer-fun-for-the-whole-family,product,default,/products/family-matching-dress-and-t-shirt-set-summer-fun-for-the-whole-family,https://www.dresslikemommy.com/sitemap_products_1.xml?from=548423041054&to=7538067898465,2026-04-30T09:39:36-04:00
https://www.dresslikemommy.com/products/family-matching-dresses-and-t-shirts-show-your-family-spirit,product,default,/products/family-matching-dresses-and-t-shirts-show-your-family-spirit,https://www.dresslikemommy.com/sitemap_products_1.xml?from=548423041054&to=7538067898465,2026-04-30T09:39:36-04:00
https://www.dresslikemommy.com/products/family-matching-first-time-t-shirts,product,default,/products/family-matching-first-time-t-shirts,https://www.dresslikemommy.com/sitemap_products_1.xml?from=548423041054&to=7538067898465,2026-04-30T09:39:36-04:00
https://www.dresslikemommy.com/products/family-matching-floral-shirt-and-dress-a-charming-and-coordinated-look,product,default,/products/family-matching-floral-shirt-and-dress-a-charming-and-coordinated-look,https://www.dresslikemommy.com/sitemap_products_1.xml?from=548423041054&to=7538067898465,2026-04-30T09:39:36-04:00
https://www.dresslikemommy.com/products/family-matching-hawaiian-shirt-and-floral-dress,product,default,/products/family-matching-hawaiian-shirt-and-floral-dress,https://www.dresslikemommy.com/sitemap_products_1.xml?from=548423041054&to=7538067898465,2026-04-30T09:39:36-04:00
https://www.dresslikemommy.com/products/family-matching-original-remix-encore-t-shirt-set-fun-family-outfits-for-all-ages,product,default,/products/family-matching-original-remix-encore-t-shirt-set-fun-family-outfits-for-all-ages,https://www.dresslikemommy.com/sitemap_products_1.xml?from=548423041054&to=7538067898465,2026-04-30T09:39:36-04:00
https://www.dresslikemommy.com/products/family-matching-outfits-floral-dresses-and-shorts-with-a-touch-of-fun,product,default,/products/family-matching-outfits-floral-dresses-and-shorts-with-a-touch-of-fun,https://www.dresslikemommy.com/sitemap_products_1.xml?from=548423041054&to=7538067898465,2026-04-30T09:39:36-04:00
https://www.dresslikemommy.com/products/family-matching-outfits-summer-boho-chic-dress-and-shirt,product,default,/products/family-matching-outfits-summer-boho-chic-dress-and-shirt,https://www.dresslikemommy.com/sitemap_products_1.xml?from=548423041054&to=7538067898465,2026-04-30T09:39:36-04:00
https://www.dresslikemommy.com/products/family-matching-outfits-the-perfect-way-to-show-your-aloha-spirit,product,default,/products/family-matching-outfits-the-perfect-way-to-show-your-aloha-spirit,https://www.dresslikemommy.com/sitemap_products_1.xml?from=548423041054&to=7538067898465,2026-04-30T09:39:36-04:00
https://www.dresslikemommy.com/products/family-matching-outfits-white-dresses-with-green-leaves-and-matching-shirts,product,default,/products/family-matching-outfits-white-dresses-with-green-leaves-and-matching-shirts,https://www.dresslikemommy.com/sitemap_products_1.xml?from=548423041054&to=7538067898465,2026-04-30T09:39:36-04:00
https://www.dresslikemommy.com/products/family-matching-oversized-heart-patch-sweaters-trendy-streetwear-style,product,default,/products/family-matching-oversized-heart-patch-sweaters-trendy-streetwear-style,https://www.dresslikemommy.com/sitemap_products_1.xml?from=548423041054&to=7538067898465,2026-04-30T09:39:36-04:00
https://www.dresslikemommy.com/products/family-matching-red-cable-knit-cardigans-elegant-heart-button-design,product,default,/products/family-matching-red-cable-knit-cardigans-elegant-heart-button-design,https://www.dresslikemommy.com/sitemap_products_1.xml?from=548423041054&to=7538067898465,2026-04-30T09:39:36-04:00
https://www.dresslikemommy.com/products/family-matching-set-cute-and-stylish-outfits-for-mothers-fathers-and-children,product,default,/products/family-matching-set-cute-and-stylish-outfits-for-mothers-fathers-and-children,https://www.dresslikemommy.com/sitemap_products_1.xml?from=548423041054&to=7538067898465,2026-04-30T09:39:36-04:00
https://www.dresslikemommy.com/products/family-matching-shirt-and-dress-set-yellow-floral-for-a-springtime-look,product,default,/products/family-matching-shirt-and-dress-set-yellow-floral-for-a-springtime-look,https://www.dresslikemommy.com/sitemap_products_1.xml?from=548423041054&to=7538067898465,2026-04-30T09:39:36-04:00
https://www.dresslikemommy.com/products/family-matching-t-shirt-set-with-colorful-heart-brushstroke-design,product,default,/products/family-matching-t-shirt-set-with-colorful-heart-brushstroke-design,https://www.dresslikemommy.com/sitemap_products_1.xml?from=548423041054&to=7538067898465,2026-04-30T09:39:36-04:00
https://www.dresslikemommy.com/products/fashion-matching-mother-child-swimsuit,product,default,/products/fashion-matching-mother-child-swimsuit,https://www.dresslikemommy.com/sitemap_products_1.xml?from=548423041054&to=7538067898465,2026-04-30T09:39:36-04:00
https://www.dresslikemommy.com/products/father-and-baby-matching-ctrl-c-ctrl-v-t-shirt-set-copy-and-paste-duo,product,default,/products/father-and-baby-matching-ctrl-c-ctrl-v-t-shirt-set-copy-and-paste-duo,https://www.dresslikemommy.com/sitemap_products_1.xml?from=548423041054&to=7538067898465,2026-04-30T09:39:36-04:00
https://www.dresslikemommy.com/products/father-and-baby-matching-pizza-slice-t-shirts-whole-pizza-slice-set,product,default,/products/father-and-baby-matching-pizza-slice-t-shirts-whole-pizza-slice-set,https://www.dresslikemommy.com/sitemap_products_1.xml?from=548423041054&to=7538067898465,2026-04-30T09:39:36-04:00
https://www.dresslikemommy.com/products/father-and-child-pilot-co-pilot-matching-t-shirt-set-perfect-for-daddy-me-outfits,product,default,/products/father-and-child-pilot-co-pilot-matching-t-shirt-set-perfect-for-daddy-me-outfits,https://www.dresslikemommy.com/sitemap_products_1.xml?from=548423041054&to=7538067898465,2026-04-30T09:39:36-04:00
https://www.dresslikemommy.com/products/father-and-son-matching-swim-trunks-bold-cow-print-family-beachwear,product,default,/products/father-and-son-matching-swim-trunks-bold-cow-print-family-beachwear,https://www.dresslikemommy.com/sitemap_products_1.xml?from=548423041054&to=7538067898465,2026-04-30T09:39:36-04:00
https://www.dresslikemommy.com/products/father-and-son-matching-swim-trunks-classic-paisley-pattern-in-blue-and-yellow,product,default,/products/father-and-son-matching-swim-trunks-classic-paisley-pattern-in-blue-and-yellow,https://www.dresslikemommy.com/sitemap_products_1.xml?from=548423041054&to=7538067898465,2026-04-30T09:39:36-04:00
https://www.dresslikemommy.com/products/father-and-son-matching-swim-trunks-elegant-blue-and-white-paisley-design-quick-dry-beachwear,product,default,/products/father-and-son-matching-swim-trunks-elegant-blue-and-white-paisley-design-quick-dry-beachwear,https://www.dresslikemommy.com/sitemap_products_1.xml?from=548423041054&to=7538067898465,2026-04-30T09:39:36-04:00
https://www.dresslikemommy.com/products/father-and-son-matching-swim-trunks-tropical-floral-print-family-swimwear,product,default,/products/father-and-son-matching-swim-trunks-tropical-floral-print-family-swimwear,https://www.dresslikemommy.com/sitemap_products_1.xml?from=548423041054&to=7538067898465,2026-04-30T09:39:36-04:00
https://www.dresslikemommy.com/products/father-and-son-matching-swim-trunks-tropical-paradise-red-and-green-print,product,default,/products/father-and-son-matching-swim-trunks-tropical-paradise-red-and-green-print,https://www.dresslikemommy.com/sitemap_products_1.xml?from=548423041054&to=7538067898465,2026-04-30T09:39:36-04:00
https://www.dresslikemommy.com/products/father-baby-matching-big-trouble-and-little-trouble-t-shirt-onesie-set-playful-family-outfit,product,default,/products/father-baby-matching-big-trouble-and-little-trouble-t-shirt-onesie-set-playful-family-outfit,https://www.dresslikemommy.com/sitemap_products_1.xml?from=548423041054&to=7538067898465,2026-04-30T09:39:36-04:00
https://www.dresslikemommy.com/products/father-baby-mr-fix-it-mr-broke-it-matching-t-shirt-onesie-set-perfect-gift-for-handy-dads,product,default,/products/father-baby-mr-fix-it-mr-broke-it-matching-t-shirt-onesie-set-perfect-gift-for-handy-dads,https://www.dresslikemommy.com/sitemap_products_1.xml?from=548423041054&to=7538067898465,2026-04-30T09:39:36-04:00
https://www.dresslikemommy.com/products/father-baby-player-1-and-player-2-matching-t-shirt-onesie-set-perfect-gamer-dad-gift,product,default,/products/father-baby-player-1-and-player-2-matching-t-shirt-onesie-set-perfect-gamer-dad-gift,https://www.dresslikemommy.com/sitemap_products_1.xml?from=548423041054&to=7538067898465,2026-04-30T09:39:36-04:00
https://www.dresslikemommy.com/products/father-child-matching-striped-tie-t-shirt-set-dad-and-baby-toddler-outfits,product,default,/products/father-child-matching-striped-tie-t-shirt-set-dad-and-baby-toddler-outfits,https://www.dresslikemommy.com/sitemap_products_1.xml?from=548423041054&to=7538067898465,2026-04-30T09:39:36-04:00
https://www.dresslikemommy.com/products/father-son-matching-cotton-tropical-shirts-black-white-palm-print,product,default,/products/father-son-matching-cotton-tropical-shirts-black-white-palm-print,https://www.dresslikemommy.com/sitemap_products_1.xml?from=548423041054&to=7538067898465,2026-04-30T09:39:36-04:00
https://www.dresslikemommy.com/products/fluttering-butterflies-mommy-and-me-pajamas,product,default,/products/fluttering-butterflies-mommy-and-me-pajamas,https://www.dresslikemommy.com/sitemap_products_1.xml?from=548423041054&to=7538067898465,2026-04-30T09:39:36-04:00
https://www.dresslikemommy.com/products/fresh-blue-plaid-family-matching-set,product,default,/products/fresh-blue-plaid-family-matching-set,https://www.dresslikemommy.com/sitemap_products_1.xml?from=548423041054&to=7538067898465,2026-04-30T09:39:36-04:00
https://www.dresslikemommy.com/products/fruit-green-family-matching-set,product,default,/products/fruit-green-family-matching-set,https://www.dresslikemommy.com/sitemap_products_1.xml?from=548423041054&to=7538067898465,2026-04-30T09:39:36-04:00
https://www.dresslikemommy.com/products/garden-floral-family-matching-set,product,default,/products/garden-floral-family-matching-set,https://www.dresslikemommy.com/sitemap_products_1.xml?from=548423041054&to=7538067898465,2026-04-30T09:39:36-04:00
https://www.dresslikemommy.com/products/geometric-blue-family-matching-set,product,default,/products/geometric-blue-family-matching-set,https://www.dresslikemommy.com/sitemap_products_1.xml?from=548423041054&to=7538067898465,2026-04-30T09:39:36-04:00
https://www.dresslikemommy.com/products/good-night-song-of-the-sea-mommy-and-me-pajamas,product,default,/products/good-night-song-of-the-sea-mommy-and-me-pajamas,https://www.dresslikemommy.com/sitemap_products_1.xml?from=548423041054&to=7538067898465,2026-04-30T09:39:36-04:00
https://www.dresslikemommy.com/products/gradient-ombre-family-matching-outfits-pink-blue-t-shirts-with-white-shorts-set,product,default,/products/gradient-ombre-family-matching-outfits-pink-blue-t-shirts-with-white-shorts-set,https://www.dresslikemommy.com/sitemap_products_1.xml?from=548423041054&to=7538067898465,2026-04-30T09:39:36-04:00
https://www.dresslikemommy.com/products/grape-vineyard-mommy-and-me-pajamas,product,default,/products/grape-vineyard-mommy-and-me-pajamas,https://www.dresslikemommy.com/sitemap_products_1.xml?from=548423041054&to=7538067898465,2026-04-30T09:39:36-04:00
https://www.dresslikemommy.com/products/grapevine-mommy-and-me-pajamas,product,default,/products/grapevine-mommy-and-me-pajamas,https://www.dresslikemommy.com/sitemap_products_1.xml?from=548423041054&to=7538067898465,2026-04-30T09:39:36-04:00
https://www.dresslikemommy.com/products/green-and-white-matching-family-outfits-stylish-floral-print-family-set-for-parents-and-kids,product,default,/products/green-and-white-matching-family-outfits-stylish-floral-print-family-set-for-parents-and-kids,https://www.dresslikemommy.com/sitemap_products_1.xml?from=548423041054&to=7538067898465,2026-04-30T09:39:36-04:00
https://www.dresslikemommy.com/products/green-lace-garden-mommy-and-me-dresses,product,default,/products/green-lace-garden-mommy-and-me-dresses,https://www.dresslikemommy.com/sitemap_products_1.xml?from=548423041054&to=7538067898465,2026-04-30T09:39:36-04:00
https://www.dresslikemommy.com/products/green-palm-safari-family-matching-set,product,default,/products/green-palm-safari-family-matching-set,https://www.dresslikemommy.com/sitemap_products_1.xml?from=548423041054&to=7538067898465,2026-04-30T09:39:36-04:00
https://www.dresslikemommy.com/products/green-tropical-leaf-daddy-and-me-matching-swim-shorts-for-pool-days,product,default,/products/green-tropical-leaf-daddy-and-me-matching-swim-shorts-for-pool-days,https://www.dresslikemommy.com/sitemap_products_1.xml?from=548423041054&to=7538067898465,2026-04-30T09:39:36-04:00
https://www.dresslikemommy.com/products/happy-flower-family-matching-t-shirts-colorful-floral-print-for-parents-kids,product,default,/products/happy-flower-family-matching-t-shirts-colorful-floral-print-for-parents-kids,https://www.dresslikemommy.com/sitemap_products_1.xml?from=548423041054&to=7538067898465,2026-04-30T09:39:36-04:00
https://www.dresslikemommy.com/products/indigo-pocket-family-matching-set,product,default,/products/indigo-pocket-family-matching-set,https://www.dresslikemommy.com/sitemap_products_1.xml?from=548423041054&to=7538067898465,2026-04-30T09:39:36-04:00
https://www.dresslikemommy.com/products/iris-bloom-family-matching-set,product,default,/products/iris-bloom-family-matching-set,https://www.dresslikemommy.com/sitemap_products_1.xml?from=548423041054&to=7538067898465,2026-04-30T09:39:36-04:00
https://www.dresslikemommy.com/products/ivory-bow-back-mommy-and-me-dresses,product,default,/products/ivory-bow-back-mommy-and-me-dresses,https://www.dresslikemommy.com/sitemap_products_1.xml?from=548423041054&to=7538067898465,2026-04-30T09:39:36-04:00
https://www.dresslikemommy.com/products/ivory-cascade-mommy-and-me-set,product,default,/products/ivory-cascade-mommy-and-me-set,https://www.dresslikemommy.com/sitemap_products_1.xml?from=548423041054&to=7538067898465,2026-04-30T09:39:36-04:00
https://www.dresslikemommy.com/products/ivory-dot-mommy-and-me-dresses,product,default,/products/ivory-dot-mommy-and-me-dresses,https://www.dresslikemommy.com/sitemap_products_1.xml?from=548423041054&to=7538067898465,2026-04-30T09:39:36-04:00
https://www.dresslikemommy.com/products/ivory-linen-family-matching-set,product,default,/products/ivory-linen-family-matching-set,https://www.dresslikemommy.com/sitemap_products_1.xml?from=548423041054&to=7538067898465,2026-04-30T09:39:36-04:00
https://www.dresslikemommy.com/products/ivory-ruffle-mommy-and-me-dresses,product,default,/products/ivory-ruffle-mommy-and-me-dresses,https://www.dresslikemommy.com/sitemap_products_1.xml?from=548423041054&to=7538067898465,2026-04-30T09:39:36-04:00
https://www.dresslikemommy.com/products/ivory-stripe-cargo-family-matching-set,product,default,/products/ivory-stripe-cargo-family-matching-set,https://www.dresslikemommy.com/sitemap_products_1.xml?from=548423041054&to=7538067898465,2026-04-30T09:39:36-04:00
https://www.dresslikemommy.com/products/ivory-tiered-ruffle-mommy-and-me-dresses,product,default,/products/ivory-tiered-ruffle-mommy-and-me-dresses,https://www.dresslikemommy.com/sitemap_products_1.xml?from=548423041054&to=7538067898465,2026-04-30T09:39:36-04:00
https://www.dresslikemommy.com/products/ladybug-dots-mommy-and-me-pajamas,product,default,/products/ladybug-dots-mommy-and-me-pajamas,https://www.dresslikemommy.com/sitemap_products_1.xml?from=548423041054&to=7538067898465,2026-04-30T09:39:36-04:00
https://www.dresslikemommy.com/products/lavender-hydrangea-family-matching-set,product,default,/products/lavender-hydrangea-family-matching-set,https://www.dresslikemommy.com/sitemap_products_1.xml?from=548423041054&to=7538067898465,2026-04-30T09:39:36-04:00
https://www.dresslikemommy.com/products/lavender-mommy-and-me-floral-applique-sleeveless-ruffle-dress,product,default,/products/lavender-mommy-and-me-floral-applique-sleeveless-ruffle-dress,https://www.dresslikemommy.com/sitemap_products_1.xml?from=548423041054&to=7538067898465,2026-04-30T09:39:36-04:00
https://www.dresslikemommy.com/products/linen-and-cotton-matching-outfits-with-a-touch-of-elegance,product,default,/products/linen-and-cotton-matching-outfits-with-a-touch-of-elegance,https://www.dresslikemommy.com/sitemap_products_1.xml?from=548423041054&to=7538067898465,2026-04-30T09:39:36-04:00
https://www.dresslikemommy.com/products/little-pear-mommy-and-me-pajamas,product,default,/products/little-pear-mommy-and-me-pajamas,https://www.dresslikemommy.com/sitemap_products_1.xml?from=548423041054&to=7538067898465,2026-04-30T09:39:36-04:00
https://www.dresslikemommy.com/products/little-sheep-meadow-mommy-and-me-pajamas,product,default,/products/little-sheep-meadow-mommy-and-me-pajamas,https://www.dresslikemommy.com/sitemap_products_1.xml?from=548423041054&to=7538067898465,2026-04-30T09:39:36-04:00
https://www.dresslikemommy.com/products/love-grows-family-matching-t-shirts-watering-can-plant-design,product,default,/products/love-grows-family-matching-t-shirts-watering-can-plant-design,https://www.dresslikemommy.com/sitemap_products_1.xml?from=548423041054&to=7538067898465,2026-04-30T09:39:36-04:00
https://www.dresslikemommy.com/products/make-a-splash-with-this-family-matching-floral-outfit,product,default,/products/make-a-splash-with-this-family-matching-floral-outfit,https://www.dresslikemommy.com/sitemap_products_1.xml?from=548423041054&to=7538067898465,2026-04-30T09:39:36-04:00
https://www.dresslikemommy.com/products/matching-color-block-knit-sweaters-vibrant-family-pullover-for-mom-and-kids,product,default,/products/matching-color-block-knit-sweaters-vibrant-family-pullover-for-mom-and-kids,https://www.dresslikemommy.com/sitemap_products_1.xml?from=548423041054&to=7538067898465,2026-04-30T09:39:36-04:00
https://www.dresslikemommy.com/products/matching-couple-t-shirt-lo-ve,product,default,/products/matching-couple-t-shirt-lo-ve,https://www.dresslikemommy.com/sitemap_products_1.xml?from=548423041054&to=7538067898465,2026-04-30T09:39:36-04:00
https://www.dresslikemommy.com/products/matching-dad-and-son-green-stripe-swim-trunks-beach-shorts,product,default,/products/matching-dad-and-son-green-stripe-swim-trunks-beach-shorts,https://www.dresslikemommy.com/sitemap_products_1.xml?from=548423041054&to=7538067898465,2026-04-30T09:39:36-04:00
https://www.dresslikemommy.com/products/matching-dad-and-son-pink-black-color-block-swim-shorts,product,default,/products/matching-dad-and-son-pink-black-color-block-swim-shorts,https://www.dresslikemommy.com/sitemap_products_1.xml?from=548423041054&to=7538067898465,2026-04-30T09:39:36-04:00
https://www.dresslikemommy.com/products/matching-dad-and-son-pink-orange-chevron-swim-trunks,product,default,/products/matching-dad-and-son-pink-orange-chevron-swim-trunks,https://www.dresslikemommy.com/sitemap_products_1.xml?from=548423041054&to=7538067898465,2026-04-30T09:39:36-04:00
https://www.dresslikemommy.com/products/matching-dad-son-cotton-hawaiian-shirts-palm-print-men-kids,product,default,/products/matching-dad-son-cotton-hawaiian-shirts-palm-print-men-kids,https://www.dresslikemommy.com/sitemap_products_1.xml?from=548423041054&to=7538067898465,2026-04-30T09:39:36-04:00
https://www.dresslikemommy.com/products/matching-dad-son-navy-tropical-cotton-shirts,product,default,/products/matching-dad-son-navy-tropical-cotton-shirts,https://www.dresslikemommy.com/sitemap_products_1.xml?from=548423041054&to=7538067898465,2026-04-30T09:39:36-04:00
https://www.dresslikemommy.com/products/matching-dad-son-palm-print-cotton-button-up-shirt-pink-black,product,default,/products/matching-dad-son-palm-print-cotton-button-up-shirt-pink-black,https://www.dresslikemommy.com/sitemap_products_1.xml?from=548423041054&to=7538067898465,2026-04-30T09:39:36-04:00
https://www.dresslikemommy.com/products/matching-dad-son-tropical-cotton-button-up-shirts-set-navy-leaf-print-short-sleeve,product,default,/products/matching-dad-son-tropical-cotton-button-up-shirts-set-navy-leaf-print-short-sleeve,https://www.dresslikemommy.com/sitemap_products_1.xml?from=548423041054&to=7538067898465,2026-04-30T09:39:36-04:00
https://www.dresslikemommy.com/products/matching-dad-son-tropical-cotton-button-up-shirts-teal-palm-print,product,default,/products/matching-dad-son-tropical-cotton-button-up-shirts-teal-palm-print,https://www.dresslikemommy.com/sitemap_products_1.xml?from=548423041054&to=7538067898465,2026-04-30T09:39:36-04:00
https://www.dresslikemommy.com/products/matching-dad-son-tropical-cotton-shirt-short-sleeve,product,default,/products/matching-dad-son-tropical-cotton-shirt-short-sleeve,https://www.dresslikemommy.com/sitemap_products_1.xml?from=548423041054&to=7538067898465,2026-04-30T09:39:36-04:00
https://www.dresslikemommy.com/products/matching-family-beach-outfits-holiday-palm-tree-print-summer-dresses-shorts-set,product,default,/products/matching-family-beach-outfits-holiday-palm-tree-print-summer-dresses-shorts-set,https://www.dresslikemommy.com/sitemap_products_1.xml?from=548423041054&to=7538067898465,2026-04-30T09:39:36-04:00
https://www.dresslikemommy.com/products/matching-family-beach-outfits-with-floral-dresses-and-shorts,product,default,/products/matching-family-beach-outfits-with-floral-dresses-and-shorts,https://www.dresslikemommy.com/sitemap_products_1.xml?from=548423041054&to=7538067898465,2026-04-30T09:39:36-04:00
https://www.dresslikemommy.com/products/matching-family-denim-button-up-shirts-casual-unisex-jean-jackets-for-parents-and-kids,product,default,/products/matching-family-denim-button-up-shirts-casual-unisex-jean-jackets-for-parents-and-kids,https://www.dresslikemommy.com/sitemap_products_1.xml?from=548423041054&to=7538067898465,2026-04-30T09:39:36-04:00
https://www.dresslikemommy.com/products/matching-family-love-balloon-t-shirt-set-heart-love-design-in-4-colors,product,default,/products/matching-family-love-balloon-t-shirt-set-heart-love-design-in-4-colors,https://www.dresslikemommy.com/sitemap_products_1.xml?from=548423041054&to=7538067898465,2026-04-30T09:39:36-04:00
https://www.dresslikemommy.com/products/matching-family-love-t-shirt-set-adorable-family-heart-design,product,default,/products/matching-family-love-t-shirt-set-adorable-family-heart-design,https://www.dresslikemommy.com/sitemap_products_1.xml?from=548423041054&to=7538067898465,2026-04-30T09:39:36-04:00
https://www.dresslikemommy.com/products/matching-family-minimalist-heart-t-shirt-set-simple-love-design-in-4-colors,product,default,/products/matching-family-minimalist-heart-t-shirt-set-simple-love-design-in-4-colors,https://www.dresslikemommy.com/sitemap_products_1.xml?from=548423041054&to=7538067898465,2026-04-30T09:39:36-04:00
https://www.dresslikemommy.com/products/matching-family-plug-lightbulb-t-shirt-set-unique-family-connection-design,product,default,/products/matching-family-plug-lightbulb-t-shirt-set-unique-family-connection-design,https://www.dresslikemommy.com/sitemap_products_1.xml?from=548423041054&to=7538067898465,2026-04-30T09:39:36-04:00
https://www.dresslikemommy.com/products/matching-family-striped-cardigans-navy-and-red-heart-embroidery-knit-sweaters-for-mom-dad-and-kids,product,default,/products/matching-family-striped-cardigans-navy-and-red-heart-embroidery-knit-sweaters-for-mom-dad-and-kids,https://www.dresslikemommy.com/sitemap_products_1.xml?from=548423041054&to=7538067898465,2026-04-30T09:39:36-04:00
https://www.dresslikemommy.com/products/matching-family-striped-fleece-hoodies-cozy-winter-pullover-for-parents-and-kids,product,default,/products/matching-family-striped-fleece-hoodies-cozy-winter-pullover-for-parents-and-kids,https://www.dresslikemommy.com/sitemap_products_1.xml?from=548423041054&to=7538067898465,2026-04-30T09:39:36-04:00
https://www.dresslikemommy.com/products/matching-family-tropical-floral-beach-outfits-navy-and-orange-flower-print-dresses-shirts-set,product,default,/products/matching-family-tropical-floral-beach-outfits-navy-and-orange-flower-print-dresses-shirts-set,https://www.dresslikemommy.com/sitemap_products_1.xml?from=548423041054&to=7538067898465,2026-04-30T09:39:36-04:00
https://www.dresslikemommy.com/products/matching-family-yellow-beach-outfits-summer-vacation-dresses-shorts-set,product,default,/products/matching-family-yellow-beach-outfits-summer-vacation-dresses-shorts-set,https://www.dresslikemommy.com/sitemap_products_1.xml?from=548423041054&to=7538067898465,2026-04-30T09:39:36-04:00
https://www.dresslikemommy.com/products/matching-father-son-hawaiian-shirts-100-cotton-tropical-print,product,default,/products/matching-father-son-hawaiian-shirts-100-cotton-tropical-print,https://www.dresslikemommy.com/sitemap_products_1.xml?from=548423041054&to=7538067898465,2026-04-30T09:39:36-04:00
https://www.dresslikemommy.com/products/matching-father-son-tropical-floral-shirt-100-cotton-short-sleeve-button-up-teal-green,product,default,/products/matching-father-son-tropical-floral-shirt-100-cotton-short-sleeve-button-up-teal-green,https://www.dresslikemommy.com/sitemap_products_1.xml?from=548423041054&to=7538067898465,2026-04-30T09:39:36-04:00
https://www.dresslikemommy.com/products/matching-love-heart-printing-couple-t-shirts,product,default,/products/matching-love-heart-printing-couple-t-shirts,https://www.dresslikemommy.com/sitemap_products_1.xml?from=548423041054&to=7538067898465,2026-04-30T09:39:36-04:00
https://www.dresslikemommy.com/products/matching-men-s-and-boys-100-cotton-floral-short-sleeve-button-up-shirt-navy-multi,product,default,/products/matching-men-s-and-boys-100-cotton-floral-short-sleeve-button-up-shirt-navy-multi,https://www.dresslikemommy.com/sitemap_products_1.xml?from=548423041054&to=7538067898465,2026-04-30T09:39:36-04:00
https://www.dresslikemommy.com/products/matching-men-s-boys-cotton-floral-button-down-shirts-green-daisy-print,product,default,/products/matching-men-s-boys-cotton-floral-button-down-shirts-green-daisy-print,https://www.dresslikemommy.com/sitemap_products_1.xml?from=548423041054&to=7538067898465,2026-04-30T09:39:36-04:00
https://www.dresslikemommy.com/products/matching-mermaid-scale-print-bikini,product,default,/products/matching-mermaid-scale-print-bikini,https://www.dresslikemommy.com/sitemap_products_1.xml?from=548423041054&to=7538067898465,2026-04-30T09:39:36-04:00
https://www.dresslikemommy.com/products/matching-mom-child-one-shoulder-swimsuit,product,default,/products/matching-mom-child-one-shoulder-swimsuit,https://www.dresslikemommy.com/sitemap_products_1.xml?from=548423041054&to=7538067898465,2026-04-30T09:39:36-04:00
https://www.dresslikemommy.com/products/matching-mommy-and-me-hollow-out-bikini,product,default,/products/matching-mommy-and-me-hollow-out-bikini,https://www.dresslikemommy.com/sitemap_products_1.xml?from=548423041054&to=7538067898465,2026-04-30T09:39:36-04:00
https://www.dresslikemommy.com/products/matching-mommy-and-me-two-piece-tankini-swimsuit-set,product,default,/products/matching-mommy-and-me-two-piece-tankini-swimsuit-set,https://www.dresslikemommy.com/sitemap_products_1.xml?from=548423041054&to=7538067898465,2026-04-30T09:39:36-04:00
https://www.dresslikemommy.com/products/matching-mommy-me-colorful-watercolor-maxi-dresses-sleeveless-summer-dress,product,default,/products/matching-mommy-me-colorful-watercolor-maxi-dresses-sleeveless-summer-dress,https://www.dresslikemommy.com/sitemap_products_1.xml?from=548423041054&to=7538067898465,2026-04-30T09:39:36-04:00
https://www.dresslikemommy.com/products/matching-mommy-me-floral-strappy-back-maxi-dresses-summer-beach-outfit,product,default,/products/matching-mommy-me-floral-strappy-back-maxi-dresses-summer-beach-outfit,https://www.dresslikemommy.com/sitemap_products_1.xml?from=548423041054&to=7538067898465,2026-04-30T09:39:36-04:00
https://www.dresslikemommy.com/products/matching-mommy-me-leaves-print-swimsuit,product,default,/products/matching-mommy-me-leaves-print-swimsuit,https://www.dresslikemommy.com/sitemap_products_1.xml?from=548423041054&to=7538067898465,2026-04-30T09:39:36-04:00
https://www.dresslikemommy.com/products/matching-mommy-me-orange-print-swimsuit,product,default,/products/matching-mommy-me-orange-print-swimsuit,https://www.dresslikemommy.com/sitemap_products_1.xml?from=548423041054&to=7538067898465,2026-04-30T09:39:36-04:00
https://www.dresslikemommy.com/products/matching-mommy-me-smocked-sundresses-vibrant-floral-and-patterned-summer-dresses,product,default,/products/matching-mommy-me-smocked-sundresses-vibrant-floral-and-patterned-summer-dresses,https://www.dresslikemommy.com/sitemap_products_1.xml?from=548423041054&to=7538067898465,2026-04-30T09:39:36-04:00
https://www.dresslikemommy.com/products/matching-mommy-me-sunflower-maxi-dresses-sleeveless-floral-print-summer-dress,product,default,/products/matching-mommy-me-sunflower-maxi-dresses-sleeveless-floral-print-summer-dress,https://www.dresslikemommy.com/sitemap_products_1.xml?from=548423041054&to=7538067898465,2026-04-30T09:39:36-04:00
https://www.dresslikemommy.com/products/matching-mommy-me-sunflower-print-swimsuit,product,default,/products/matching-mommy-me-sunflower-print-swimsuit,https://www.dresslikemommy.com/sitemap_products_1.xml?from=548423041054&to=7538067898465,2026-04-30T09:39:36-04:00
https://www.dresslikemommy.com/products/matching-mommy-me-tie-dye-jumpsuit-romper,product,default,/products/matching-mommy-me-tie-dye-jumpsuit-romper,https://www.dresslikemommy.com/sitemap_products_1.xml?from=548423041054&to=7538067898465,2026-04-30T09:39:36-04:00
https://www.dresslikemommy.com/products/matching-mommy-me-two-piece-swimsuit,product,default,/products/matching-mommy-me-two-piece-swimsuit,https://www.dresslikemommy.com/sitemap_products_1.xml?from=548423041054&to=7538067898465,2026-04-30T09:39:36-04:00
https://www.dresslikemommy.com/products/matching-mother-and-daughter-beach-dresses-elegant-cream-chiffon-maxi-dress-set,product,default,/products/matching-mother-and-daughter-beach-dresses-elegant-cream-chiffon-maxi-dress-set,https://www.dresslikemommy.com/sitemap_products_1.xml?from=548423041054&to=7538067898465,2026-04-30T09:39:36-04:00
https://www.dresslikemommy.com/products/matching-mother-and-daughter-heart-knit-cardigans-cream-and-black-sweaters-for-mommy-me,product,default,/products/matching-mother-and-daughter-heart-knit-cardigans-cream-and-black-sweaters-for-mommy-me,https://www.dresslikemommy.com/sitemap_products_1.xml?from=548423041054&to=7538067898465,2026-04-30T09:39:36-04:00
https://www.dresslikemommy.com/products/matching-mother-child-ruffles-swimsuit,product,default,/products/matching-mother-child-ruffles-swimsuit,https://www.dresslikemommy.com/sitemap_products_1.xml?from=548423041054&to=7538067898465,2026-04-30T09:39:36-04:00
https://www.dresslikemommy.com/products/matching-mother-daughter-one-piece-swimsuit,product,default,/products/matching-mother-daughter-one-piece-swimsuit,https://www.dresslikemommy.com/sitemap_products_1.xml?from=548423041054&to=7538067898465,2026-04-30T09:39:36-04:00
https://www.dresslikemommy.com/products/matching-mother-daughter-one-shoulder-swimsuit,product,default,/products/matching-mother-daughter-one-shoulder-swimsuit,https://www.dresslikemommy.com/sitemap_products_1.xml?from=548423041054&to=7538067898465,2026-04-30T09:39:36-04:00
https://www.dresslikemommy.com/products/matching-mother-daughter-tankini,product,default,/products/matching-mother-daughter-tankini,https://www.dresslikemommy.com/sitemap_products_1.xml?from=548423041054&to=7538067898465,2026-04-30T09:39:36-04:00
https://www.dresslikemommy.com/products/matching-mother-daughter-tankini-swimsuit,product,default,/products/matching-mother-daughter-tankini-swimsuit,https://www.dresslikemommy.com/sitemap_products_1.xml?from=548423041054&to=7538067898465,2026-04-30T09:39:36-04:00
https://www.dresslikemommy.com/products/matching-star-knit-sweater-dress-cozy-cream-family-outfit-for-mom-and-daughter,product,default,/products/matching-star-knit-sweater-dress-cozy-cream-family-outfit-for-mom-and-daughter,https://www.dresslikemommy.com/sitemap_products_1.xml?from=548423041054&to=7538067898465,2026-04-30T09:39:36-04:00
https://www.dresslikemommy.com/products/matching-tshirt-i-have-everything-i-need-i-am-everything,product,default,/products/matching-tshirt-i-have-everything-i-need-i-am-everything,https://www.dresslikemommy.com/sitemap_products_1.xml?from=548423041054&to=7538067898465,2026-04-30T09:39:36-04:00
https://www.dresslikemommy.com/products/matching-two-pieces-bikini-ruffle-swimsuit,product,default,/products/matching-two-pieces-bikini-ruffle-swimsuit,https://www.dresslikemommy.com/sitemap_products_1.xml?from=548423041054&to=7538067898465,2026-04-30T09:39:36-04:00
https://www.dresslikemommy.com/products/memorable-family-matching-outfits-create-lasting-memories,product,default,/products/memorable-family-matching-outfits-create-lasting-memories,https://www.dresslikemommy.com/sitemap_products_1.xml?from=548423041054&to=7538067898465,2026-04-30T09:39:36-04:00
https://www.dresslikemommy.com/products/men-kids-matching-tropical-leaf-print-cotton-short-sleeve-shirt-cream-green,product,default,/products/men-kids-matching-tropical-leaf-print-cotton-short-sleeve-shirt-cream-green,https://www.dresslikemommy.com/sitemap_products_1.xml?from=548423041054&to=7538067898465,2026-04-30T09:39:36-04:00
https://www.dresslikemommy.com/products/men-s-boys-cotton-hawaiian-shirt-tropical-leaf-print-short-sleeve-button-up-green-black,product,default,/products/men-s-boys-cotton-hawaiian-shirt-tropical-leaf-print-short-sleeve-button-up-green-black,https://www.dresslikemommy.com/sitemap_products_1.xml?from=548423041054&to=7538067898465,2026-04-30T09:39:36-04:00
https://www.dresslikemommy.com/products/men-s-boys-matching-hawaiian-shirt-tropical-leaf-rose-print-cotton-short-sleeve,product,default,/products/men-s-boys-matching-hawaiian-shirt-tropical-leaf-rose-print-cotton-short-sleeve,https://www.dresslikemommy.com/sitemap_products_1.xml?from=548423041054&to=7538067898465,2026-04-30T09:39:36-04:00
https://www.dresslikemommy.com/products/men-s-boys-matching-tropical-floral-cotton-short-sleeve-button-down-shirt,product,default,/products/men-s-boys-matching-tropical-floral-cotton-short-sleeve-button-down-shirt,https://www.dresslikemommy.com/sitemap_products_1.xml?from=548423041054&to=7538067898465,2026-04-30T09:39:36-04:00
https://www.dresslikemommy.com/products/men-s-boys-matching-tropical-floral-shirt-100-cotton-short-sleeve,product,default,/products/men-s-boys-matching-tropical-floral-shirt-100-cotton-short-sleeve,https://www.dresslikemommy.com/sitemap_products_1.xml?from=548423041054&to=7538067898465,2026-04-30T09:39:36-04:00
https://www.dresslikemommy.com/products/men-s-cotton-floral-short-sleeve-button-up-shirt-navy-blue,product,default,/products/men-s-cotton-floral-short-sleeve-button-up-shirt-navy-blue,https://www.dresslikemommy.com/sitemap_products_1.xml?from=548423041054&to=7538067898465,2026-04-30T09:39:36-04:00
https://www.dresslikemommy.com/products/men-s-kids-matching-hawaiian-shirt-blue-tropical-cotton-short-sleeve-button-up,product,default,/products/men-s-kids-matching-hawaiian-shirt-blue-tropical-cotton-short-sleeve-button-up,https://www.dresslikemommy.com/sitemap_products_1.xml?from=548423041054&to=7538067898465,2026-04-30T09:39:36-04:00
https://www.dresslikemommy.com/products/men-s-kids-matching-tropical-floral-cotton-shirt-short-sleeve-button-up-white-holiday-resort-print-dad-son,product,default,/products/men-s-kids-matching-tropical-floral-cotton-shirt-short-sleeve-button-up-white-holiday-resort-print-dad-son,https://www.dresslikemommy.com/sitemap_products_1.xml?from=548423041054&to=7538067898465,2026-04-30T09:39:36-04:00
https://www.dresslikemommy.com/products/men-s-short-sleeve-cotton-button-up-shirt-gray-paisley-print,product,default,/products/men-s-short-sleeve-cotton-button-up-shirt-gray-paisley-print,https://www.dresslikemommy.com/sitemap_products_1.xml?from=548423041054&to=7538067898465,2026-04-30T09:39:36-04:00
https://www.dresslikemommy.com/products/meow-star-garden-mommy-and-me-pajamas,product,default,/products/meow-star-garden-mommy-and-me-pajamas,https://www.dresslikemommy.com/sitemap_products_1.xml?from=548423041054&to=7538067898465,2026-04-30T09:39:36-04:00
https://www.dresslikemommy.com/products/modern-cow-print-tankini-swimsuit-set-for-mother-and-daughter-stylish-high-waisted-swimwear-with-ruffle-detail,product,default,/products/modern-cow-print-tankini-swimsuit-set-for-mother-and-daughter-stylish-high-waisted-swimwear-with-ruffle-detail,https://www.dresslikemommy.com/sitemap_products_1.xml?from=548423041054&to=7538067898465,2026-04-30T09:39:36-04:00
https://www.dresslikemommy.com/products/modern-monochrome-one-shoulder-swimsuit-with-animal-print-ruffle-elegant-poolside-duo-for-mother-and-child,product,default,/products/modern-monochrome-one-shoulder-swimsuit-with-animal-print-ruffle-elegant-poolside-duo-for-mother-and-child,https://www.dresslikemommy.com/sitemap_products_1.xml?from=548423041054&to=7538067898465,2026-04-30T09:39:36-04:00
https://www.dresslikemommy.com/products/mom-child-matching-two-piece-swimsuit,product,default,/products/mom-child-matching-two-piece-swimsuit,https://www.dresslikemommy.com/sitemap_products_1.xml?from=548423041054&to=7538067898465,2026-04-30T09:39:36-04:00
https://www.dresslikemommy.com/products/mommy-and-me-french-halter-neck-tiered-dress-white-cotton-silk-sleeveless-a-line-beach-dress,product,default,/products/mommy-and-me-french-halter-neck-tiered-dress-white-cotton-silk-sleeveless-a-line-beach-dress,https://www.dresslikemommy.com/sitemap_products_1.xml?from=548423041054&to=7538067898465,2026-04-30T09:39:36-04:00
https://www.dresslikemommy.com/products/mommy-and-me-matching-bikini-set-floral-print-two-piece-swimsuit-for-mom-daughter-matching-swimwear,product,default,/products/mommy-and-me-matching-bikini-set-floral-print-two-piece-swimsuit-for-mom-daughter-matching-swimwear,https://www.dresslikemommy.com/sitemap_products_1.xml?from=548423041054&to=7538067898465,2026-04-30T09:39:36-04:00
https://www.dresslikemommy.com/products/mommy-and-me-matching-floral-long-sleeve-maxi-dresses-with-pockets,product,default,/products/mommy-and-me-matching-floral-long-sleeve-maxi-dresses-with-pockets,https://www.dresslikemommy.com/sitemap_products_1.xml?from=548423041054&to=7538067898465,2026-04-30T09:39:36-04:00
https://www.dresslikemommy.com/products/mommy-and-me-matching-light-blue-halter-neck-tiered-dresses,product,default,/products/mommy-and-me-matching-light-blue-halter-neck-tiered-dresses,https://www.dresslikemommy.com/sitemap_products_1.xml?from=548423041054&to=7538067898465,2026-04-30T09:39:36-04:00
https://www.dresslikemommy.com/products/mommy-and-me-matching-pink-sleeveless-summer-dress-elegant-sundress-for-mother-daughter,product,default,/products/mommy-and-me-matching-pink-sleeveless-summer-dress-elegant-sundress-for-mother-daughter,https://www.dresslikemommy.com/sitemap_products_1.xml?from=548423041054&to=7538067898465,2026-04-30T09:39:36-04:00
https://www.dresslikemommy.com/products/mommy-and-me-matching-pink-tie-dye-pleated-maxi-dresses-with-adjustable-straps,product,default,/products/mommy-and-me-matching-pink-tie-dye-pleated-maxi-dresses-with-adjustable-straps,https://www.dresslikemommy.com/sitemap_products_1.xml?from=548423041054&to=7538067898465,2026-04-30T09:39:36-04:00
https://www.dresslikemommy.com/products/mommy-and-me-matching-silver-asymmetrical-chiffon-dresses-with-strappy-backs,product,default,/products/mommy-and-me-matching-silver-asymmetrical-chiffon-dresses-with-strappy-backs,https://www.dresslikemommy.com/sitemap_products_1.xml?from=548423041054&to=7538067898465,2026-04-30T09:39:36-04:00
https://www.dresslikemommy.com/products/mommy-and-me-matching-yellow-sleeveless-maxi-dress-vibrant-summer-beach-dress-for-mother-daughter,product,default,/products/mommy-and-me-matching-yellow-sleeveless-maxi-dress-vibrant-summer-beach-dress-for-mother-daughter,https://www.dresslikemommy.com/sitemap_products_1.xml?from=548423041054&to=7538067898465,2026-04-30T09:39:36-04:00
https://www.dresslikemommy.com/products/mommy-daughter-matching-tie-dye-dress,product,default,/products/mommy-daughter-matching-tie-dye-dress,https://www.dresslikemommy.com/sitemap_products_1.xml?from=548423041054&to=7538067898465,2026-04-30T09:39:36-04:00
https://www.dresslikemommy.com/products/mommy-me-flamingo-print-striped-swimsuit,product,default,/products/mommy-me-flamingo-print-striped-swimsuit,https://www.dresslikemommy.com/sitemap_products_1.xml?from=548423041054&to=7538067898465,2026-04-30T09:39:36-04:00
https://www.dresslikemommy.com/products/mommy-me-leaf-print-open-waist-swimsuit,product,default,/products/mommy-me-leaf-print-open-waist-swimsuit,https://www.dresslikemommy.com/sitemap_products_1.xml?from=548423041054&to=7538067898465,2026-04-30T09:39:36-04:00
https://www.dresslikemommy.com/products/mommy-me-matching-floral-one-piece-swimsuit,product,default,/products/mommy-me-matching-floral-one-piece-swimsuit,https://www.dresslikemommy.com/sitemap_products_1.xml?from=548423041054&to=7538067898465,2026-04-30T09:39:36-04:00
https://www.dresslikemommy.com/products/mommy-me-matching-leopard-print-two-piece-swimsuit,product,default,/products/mommy-me-matching-leopard-print-two-piece-swimsuit,https://www.dresslikemommy.com/sitemap_products_1.xml?from=548423041054&to=7538067898465,2026-04-30T09:39:36-04:00
https://www.dresslikemommy.com/products/mommy-me-matching-solid-long-dress,product,default,/products/mommy-me-matching-solid-long-dress,https://www.dresslikemommy.com/sitemap_products_1.xml?from=548423041054&to=7538067898465,2026-04-30T09:39:36-04:00
https://www.dresslikemommy.com/products/mommy-me-matching-tribal-print-one-piece-swimsuit,product,default,/products/mommy-me-matching-tribal-print-one-piece-swimsuit,https://www.dresslikemommy.com/sitemap_products_1.xml?from=548423041054&to=7538067898465,2026-04-30T09:39:36-04:00
https://www.dresslikemommy.com/products/mommy-me-striped-one-piece-swimsuit,product,default,/products/mommy-me-striped-one-piece-swimsuit,https://www.dresslikemommy.com/sitemap_products_1.xml?from=548423041054&to=7538067898465,2026-04-30T09:39:36-04:00
https://www.dresslikemommy.com/products/mommy-me-vibrant-duo-tone-one-piece-swimsuit-with-ring-accent-family-matching-swimwear-collection,product,default,/products/mommy-me-vibrant-duo-tone-one-piece-swimsuit-with-ring-accent-family-matching-swimwear-collection,https://www.dresslikemommy.com/sitemap_products_1.xml?from=548423041054&to=7538067898465,2026-04-30T09:39:36-04:00
https://www.dresslikemommy.com/products/mother-and-daughter-classic-floral-dress,product,default,/products/mother-and-daughter-classic-floral-dress,https://www.dresslikemommy.com/sitemap_products_1.xml?from=548423041054&to=7538067898465,2026-04-30T09:39:36-04:00
https://www.dresslikemommy.com/products/mother-daughter-matching-beach-swimwear,product,default,/products/mother-daughter-matching-beach-swimwear,https://www.dresslikemommy.com/sitemap_products_1.xml?from=548423041054&to=7538067898465,2026-04-30T09:39:36-04:00
https://www.dresslikemommy.com/products/mother-daughter-matching-navy-knit-cardigan-set-gingham-ruffle-trim-bow-accent,product,default,/products/mother-daughter-matching-navy-knit-cardigan-set-gingham-ruffle-trim-bow-accent,https://www.dresslikemommy.com/sitemap_products_1.xml?from=548423041054&to=7538067898465,2026-04-30T09:39:36-04:00
https://www.dresslikemommy.com/products/mother-daughter-matching-summer-dresses-vibrant-printed-sleeveless-maxi-dresses,product,default,/products/mother-daughter-matching-summer-dresses-vibrant-printed-sleeveless-maxi-dresses,https://www.dresslikemommy.com/sitemap_products_1.xml?from=548423041054&to=7538067898465,2026-04-30T09:39:36-04:00
https://www.dresslikemommy.com/products/mother-daughter-matching-swim-set-abstract-print-two-piece-high-waisted-bikini-with-wrap-skirt,product,default,/products/mother-daughter-matching-swim-set-abstract-print-two-piece-high-waisted-bikini-with-wrap-skirt,https://www.dresslikemommy.com/sitemap_products_1.xml?from=548423041054&to=7538067898465,2026-04-30T09:39:36-04:00
https://www.dresslikemommy.com/products/mother-daughter-pastel-mermaid-scales-swimsuit-with-frill-detail,product,default,/products/mother-daughter-pastel-mermaid-scales-swimsuit-with-frill-detail,https://www.dresslikemommy.com/sitemap_products_1.xml?from=548423041054&to=7538067898465,2026-04-30T09:39:36-04:00
https://www.dresslikemommy.com/products/nautical-charm-flamingo-print-one-piece-swimsuits-for-mother-daughter,product,default,/products/nautical-charm-flamingo-print-one-piece-swimsuits-for-mother-daughter,https://www.dresslikemommy.com/sitemap_products_1.xml?from=548423041054&to=7538067898465,2026-04-30T09:39:36-04:00
https://www.dresslikemommy.com/products/navy-floral-cotton-short-sleeve-button-down-shirt-for-men-boys,product,default,/products/navy-floral-cotton-short-sleeve-button-down-shirt-for-men-boys,https://www.dresslikemommy.com/sitemap_products_1.xml?from=548423041054&to=7538067898465,2026-04-30T09:39:36-04:00
https://www.dresslikemommy.com/products/navy-red-floral-family-matching-set,product,default,/products/navy-red-floral-family-matching-set,https://www.dresslikemommy.com/sitemap_products_1.xml?from=548423041054&to=7538067898465,2026-04-30T09:39:36-04:00
https://www.dresslikemommy.com/products/need-more-family-matching-drink-t-shirt-set-beer-coffee-milk-juice-family-outfit,product,default,/products/need-more-family-matching-drink-t-shirt-set-beer-coffee-milk-juice-family-outfit,https://www.dresslikemommy.com/sitemap_products_1.xml?from=548423041054&to=7538067898465,2026-04-30T09:39:36-04:00
https://www.dresslikemommy.com/products/ocean-dot-family-matching-set,product,default,/products/ocean-dot-family-matching-set,https://www.dresslikemommy.com/sitemap_products_1.xml?from=548423041054&to=7538067898465,2026-04-30T09:39:36-04:00
https://www.dresslikemommy.com/products/ocean-marble-family-matching-set,product,default,/products/ocean-marble-family-matching-set,https://www.dresslikemommy.com/sitemap_products_1.xml?from=548423041054&to=7538067898465,2026-04-30T09:39:36-04:00
https://www.dresslikemommy.com/products/one-piece-swimsuit-with-swim-skirt-for-women-and-girls,product,default,/products/one-piece-swimsuit-with-swim-skirt-for-women-and-girls,https://www.dresslikemommy.com/sitemap_products_1.xml?from=548423041054&to=7538067898465,2026-04-30T09:39:36-04:00
https://www.dresslikemommy.com/products/parent-child-one-piece-cut-out-bowknot-bathing-suit,product,default,/products/parent-child-one-piece-cut-out-bowknot-bathing-suit,https://www.dresslikemommy.com/sitemap_products_1.xml?from=548423041054&to=7538067898465,2026-04-30T09:39:36-04:00
https://www.dresslikemommy.com/products/pastel-bloom-mommy-and-me-dresses,product,default,/products/pastel-bloom-mommy-and-me-dresses,https://www.dresslikemommy.com/sitemap_products_1.xml?from=548423041054&to=7538067898465,2026-04-30T09:39:36-04:00
https://www.dresslikemommy.com/products/pastel-watercolor-mommy-and-me-dresses,product,default,/products/pastel-watercolor-mommy-and-me-dresses,https://www.dresslikemommy.com/sitemap_products_1.xml?from=548423041054&to=7538067898465,2026-04-30T09:39:36-04:00
https://www.dresslikemommy.com/products/peach-sweetheart-mommy-and-me-pajamas,product,default,/products/peach-sweetheart-mommy-and-me-pajamas,https://www.dresslikemommy.com/sitemap_products_1.xml?from=548423041054&to=7538067898465,2026-04-30T09:39:36-04:00
https://www.dresslikemommy.com/products/peter-rabbit-gauze-mommy-and-me-pajamas,product,default,/products/peter-rabbit-gauze-mommy-and-me-pajamas,https://www.dresslikemommy.com/sitemap_products_1.xml?from=548423041054&to=7538067898465,2026-04-30T09:39:36-04:00
https://www.dresslikemommy.com/products/peter-rabbit-mommy-and-me-pajamas,product,default,/products/peter-rabbit-mommy-and-me-pajamas,https://www.dresslikemommy.com/sitemap_products_1.xml?from=548423041054&to=7538067898465,2026-04-30T09:39:36-04:00
https://www.dresslikemommy.com/products/picnic-plaid-family-matching-set,product,default,/products/picnic-plaid-family-matching-set,https://www.dresslikemommy.com/sitemap_products_1.xml?from=548423041054&to=7538067898465,2026-04-30T09:39:36-04:00
https://www.dresslikemommy.com/products/pink-horizon-family-matching-set,product,default,/products/pink-horizon-family-matching-set,https://www.dresslikemommy.com/sitemap_products_1.xml?from=548423041054&to=7538067898465,2026-04-30T09:39:36-04:00
https://www.dresslikemommy.com/products/pink-lace-garden-mommy-and-me-dresses,product,default,/products/pink-lace-garden-mommy-and-me-dresses,https://www.dresslikemommy.com/sitemap_products_1.xml?from=548423041054&to=7538067898465,2026-04-30T09:39:36-04:00
https://www.dresslikemommy.com/products/playful-graphic-family-matching-tops,product,default,/products/playful-graphic-family-matching-tops,https://www.dresslikemommy.com/sitemap_products_1.xml?from=548423041054&to=7538067898465,2026-04-30T09:39:36-04:00
https://www.dresslikemommy.com/products/polar-adventure-mommy-and-me-pajamas,product,default,/products/polar-adventure-mommy-and-me-pajamas,https://www.dresslikemommy.com/sitemap_products_1.xml?from=548423041054&to=7538067898465,2026-04-30T09:39:36-04:00
https://www.dresslikemommy.com/products/polka-dot-mommy-and-me-dresses,product,default,/products/polka-dot-mommy-and-me-dresses,https://www.dresslikemommy.com/sitemap_products_1.xml?from=548423041054&to=7538067898465,2026-04-30T09:39:36-04:00
https://www.dresslikemommy.com/products/powder-blue-mommy-and-me-set,product,default,/products/powder-blue-mommy-and-me-set,https://www.dresslikemommy.com/sitemap_products_1.xml?from=548423041054&to=7538067898465,2026-04-30T09:39:36-04:00
https://www.dresslikemommy.com/products/rainbow-stripe-family-matching-set,product,default,/products/rainbow-stripe-family-matching-set,https://www.dresslikemommy.com/sitemap_products_1.xml?from=548423041054&to=7538067898465,2026-04-30T09:39:36-04:00
https://www.dresslikemommy.com/products/red-gingham-mommy-and-me-set,product,default,/products/red-gingham-mommy-and-me-set,https://www.dresslikemommy.com/sitemap_products_1.xml?from=548423041054&to=7538067898465,2026-04-30T09:39:36-04:00
https://www.dresslikemommy.com/products/red-panda-mommy-and-me-pajamas,product,default,/products/red-panda-mommy-and-me-pajamas,https://www.dresslikemommy.com/sitemap_products_1.xml?from=548423041054&to=7538067898465,2026-04-30T09:39:36-04:00
https://www.dresslikemommy.com/products/red-plaid-family-matching-tops,product,default,/products/red-plaid-family-matching-tops,https://www.dresslikemommy.com/sitemap_products_1.xml?from=548423041054&to=7538067898465,2026-04-30T09:39:36-04:00
https://www.dresslikemommy.com/products/red-stripe-family-matching-tops,product,default,/products/red-stripe-family-matching-tops,https://www.dresslikemommy.com/sitemap_products_1.xml?from=548423041054&to=7538067898465,2026-04-30T09:39:36-04:00
https://www.dresslikemommy.com/products/royal-blue-high-neck-halter-swimsuit-set-with-paisley-print-bottoms-elegant-family-beachwear,product,default,/products/royal-blue-high-neck-halter-swimsuit-set-with-paisley-print-bottoms-elegant-family-beachwear,https://www.dresslikemommy.com/sitemap_products_1.xml?from=548423041054&to=7538067898465,2026-04-30T09:39:36-04:00
https://www.dresslikemommy.com/products/ruffle-hem-mommy-and-me-dresses,product,default,/products/ruffle-hem-mommy-and-me-dresses,https://www.dresslikemommy.com/sitemap_products_1.xml?from=548423041054&to=7538067898465,2026-04-30T09:39:36-04:00
https://www.dresslikemommy.com/products/safari-caravan-family-matching-set,product,default,/products/safari-caravan-family-matching-set,https://www.dresslikemommy.com/sitemap_products_1.xml?from=548423041054&to=7538067898465,2026-04-30T09:39:36-04:00
https://www.dresslikemommy.com/products/scarlet-blossom-family-matching-set,product,default,/products/scarlet-blossom-family-matching-set,https://www.dresslikemommy.com/sitemap_products_1.xml?from=548423041054&to=7538067898465,2026-04-30T09:39:36-04:00
https://www.dresslikemommy.com/products/seaside-blue-family-matching-set,product,default,/products/seaside-blue-family-matching-set,https://www.dresslikemommy.com/sitemap_products_1.xml?from=548423041054&to=7538067898465,2026-04-30T09:39:36-04:00
https://www.dresslikemommy.com/products/seaside-blue-plaid-family-matching-set,product,default,/products/seaside-blue-plaid-family-matching-set,https://www.dresslikemommy.com/sitemap_products_1.xml?from=548423041054&to=7538067898465,2026-04-30T09:39:36-04:00
https://www.dresslikemommy.com/products/skyfade-family-matching-set,product,default,/products/skyfade-family-matching-set,https://www.dresslikemommy.com/sitemap_products_1.xml?from=548423041054&to=7538067898465,2026-04-30T09:39:36-04:00
https://www.dresslikemommy.com/products/stylish-and-comfortable-family-matching-outfits,product,default,/products/stylish-and-comfortable-family-matching-outfits,https://www.dresslikemommy.com/sitemap_products_1.xml?from=548423041054&to=7538067898465,2026-04-30T09:39:36-04:00
https://www.dresslikemommy.com/products/stylish-blue-sleeveless-mommy-and-me-dress-set-with-bow-detail-perfect-for-summer-outings,product,default,/products/stylish-blue-sleeveless-mommy-and-me-dress-set-with-bow-detail-perfect-for-summer-outings,https://www.dresslikemommy.com/sitemap_products_1.xml?from=548423041054&to=7538067898465,2026-04-30T09:39:36-04:00
https://www.dresslikemommy.com/products/summer-plaid-family-matching-set,product,default,/products/summer-plaid-family-matching-set,https://www.dresslikemommy.com/sitemap_products_1.xml?from=548423041054&to=7538067898465,2026-04-30T09:39:36-04:00
https://www.dresslikemommy.com/products/summer-puppies-mommy-and-me-pajamas,product,default,/products/summer-puppies-mommy-and-me-pajamas,https://www.dresslikemommy.com/sitemap_products_1.xml?from=548423041054&to=7538067898465,2026-04-30T09:39:36-04:00
https://www.dresslikemommy.com/products/summer-sky-stripe-family-matching-set,product,default,/products/summer-sky-stripe-family-matching-set,https://www.dresslikemommy.com/sitemap_products_1.xml?from=548423041054&to=7538067898465,2026-04-30T09:39:36-04:00
https://www.dresslikemommy.com/products/terracotta-tile-family-matching-set,product,default,/products/terracotta-tile-family-matching-set,https://www.dresslikemommy.com/sitemap_products_1.xml?from=548423041054&to=7538067898465,2026-04-30T09:39:36-04:00
https://www.dresslikemommy.com/products/top-dad-and-top-son-matching-t-shirt-onesie-set-inspired-family-outfit,product,default,/products/top-dad-and-top-son-matching-t-shirt-onesie-set-inspired-family-outfit,https://www.dresslikemommy.com/sitemap_products_1.xml?from=548423041054&to=7538067898465,2026-04-30T09:39:36-04:00
https://www.dresslikemommy.com/products/trail-plaid-family-matching-set,product,default,/products/trail-plaid-family-matching-set,https://www.dresslikemommy.com/sitemap_products_1.xml?from=548423041054&to=7538067898465,2026-04-30T09:39:36-04:00
https://www.dresslikemommy.com/products/tropical-family-matching-outfits,product,default,/products/tropical-family-matching-outfits,https://www.dresslikemommy.com/sitemap_products_1.xml?from=548423041054&to=7538067898465,2026-04-30T09:39:36-04:00
https://www.dresslikemommy.com/products/tropical-flair-father-and-son-matching-swim-trunks-flamingo-and-foliage-print,product,default,/products/tropical-flair-father-and-son-matching-swim-trunks-flamingo-and-foliage-print,https://www.dresslikemommy.com/sitemap_products_1.xml?from=548423041054&to=7538067898465,2026-04-30T09:39:36-04:00
https://www.dresslikemommy.com/products/tropical-floral-family-matching-shirt-and-dress-outfit-set,product,default,/products/tropical-floral-family-matching-shirt-and-dress-outfit-set,https://www.dresslikemommy.com/sitemap_products_1.xml?from=548423041054&to=7538067898465,2026-04-30T09:39:36-04:00
https://www.dresslikemommy.com/products/tropical-garden-family-matching-set,product,default,/products/tropical-garden-family-matching-set,https://www.dresslikemommy.com/sitemap_products_1.xml?from=548423041054&to=7538067898465,2026-04-30T09:39:36-04:00
https://www.dresslikemommy.com/products/tropical-matching-family-beach-outfits-colorful-leaf-print-summer-dresses-shorts-set,product,default,/products/tropical-matching-family-beach-outfits-colorful-leaf-print-summer-dresses-shorts-set,https://www.dresslikemommy.com/sitemap_products_1.xml?from=548423041054&to=7538067898465,2026-04-30T09:39:36-04:00
https://www.dresslikemommy.com/products/tropical-meadow-family-matching-set,product,default,/products/tropical-meadow-family-matching-set,https://www.dresslikemommy.com/sitemap_products_1.xml?from=548423041054&to=7538067898465,2026-04-30T09:39:36-04:00
https://www.dresslikemommy.com/products/tropical-one-shoulder-ruffle-swimsuit-for-women-and-girls-vibrant-floral-print-asymmetrical-design-family-matching-swimwear,product,default,/products/tropical-one-shoulder-ruffle-swimsuit-for-women-and-girls-vibrant-floral-print-asymmetrical-design-family-matching-swimwear,https://www.dresslikemommy.com/sitemap_products_1.xml?from=548423041054&to=7538067898465,2026-04-30T09:39:36-04:00
https://www.dresslikemommy.com/products/tropical-palm-floral-family-matching-shirt-and-dress-set,product,default,/products/tropical-palm-floral-family-matching-shirt-and-dress-set,https://www.dresslikemommy.com/sitemap_products_1.xml?from=548423041054&to=7538067898465,2026-04-30T09:39:36-04:00
https://www.dresslikemommy.com/products/tropical-vibes-matching-family-hawaiian-shirt-and-floral-dress,product,default,/products/tropical-vibes-matching-family-hawaiian-shirt-and-floral-dress,https://www.dresslikemommy.com/sitemap_products_1.xml?from=548423041054&to=7538067898465,2026-04-30T09:39:36-04:00
https://www.dresslikemommy.com/products/vibrant-halter-neck-one-piece-swimsuit-with-waist-tie-detail-mother-daughter-matching-swimwear-in-exquisite-baroque-print,product,default,/products/vibrant-halter-neck-one-piece-swimsuit-with-waist-tie-detail-mother-daughter-matching-swimwear-in-exquisite-baroque-print,https://www.dresslikemommy.com/sitemap_products_1.xml?from=548423041054&to=7538067898465,2026-04-30T09:39:36-04:00
https://www.dresslikemommy.com/products/vibrant-one-shoulder-rainbow-trim-swimsuit-set-chic-monochrome-blue-with-colorful-accents-for-mother-daughter,product,default,/products/vibrant-one-shoulder-rainbow-trim-swimsuit-set-chic-monochrome-blue-with-colorful-accents-for-mother-daughter,https://www.dresslikemommy.com/sitemap_products_1.xml?from=548423041054&to=7538067898465,2026-04-30T09:39:36-04:00
https://www.dresslikemommy.com/products/vibrant-rainbow-family-matching-outfits-striped-t-shirts-and-yellow-overalls-set-for-family-outings,product,default,/products/vibrant-rainbow-family-matching-outfits-striped-t-shirts-and-yellow-overalls-set-for-family-outings,https://www.dresslikemommy.com/sitemap_products_1.xml?from=548423041054&to=7538067898465,2026-04-30T09:39:36-04:00
https://www.dresslikemommy.com/products/vibrant-rainbow-maxi-dress-set-for-mom-and-daughter-colorful-summer-matching-outfits,product,default,/products/vibrant-rainbow-maxi-dress-set-for-mom-and-daughter-colorful-summer-matching-outfits,https://www.dresslikemommy.com/sitemap_products_1.xml?from=548423041054&to=7538067898465,2026-04-30T09:39:36-04:00
https://www.dresslikemommy.com/products/vintage-cottage-floral-mommy-and-me-pajama-set,product,default,/products/vintage-cottage-floral-mommy-and-me-pajama-set,https://www.dresslikemommy.com/sitemap_products_1.xml?from=548423041054&to=7538067898465,2026-04-30T09:39:36-04:00
https://www.dresslikemommy.com/products/washed-denim-family-matching-vests,product,default,/products/washed-denim-family-matching-vests,https://www.dresslikemommy.com/sitemap_products_1.xml?from=548423041054&to=7538067898465,2026-04-30T09:39:36-04:00
https://www.dresslikemommy.com/products/welsh-dinosaur-mommy-and-me-pajamas,product,default,/products/welsh-dinosaur-mommy-and-me-pajamas,https://www.dresslikemommy.com/sitemap_products_1.xml?from=548423041054&to=7538067898465,2026-04-30T09:39:36-04:00
https://www.dresslikemommy.com/products/white-lace-mommy-and-me-dresses,product,default,/products/white-lace-mommy-and-me-dresses,https://www.dresslikemommy.com/sitemap_products_1.xml?from=548423041054&to=7538067898465,2026-04-30T09:39:36-04:00
https://www.dresslikemommy.com/products/white-rosette-mommy-and-me-dresses,product,default,/products/white-rosette-mommy-and-me-dresses,https://www.dresslikemommy.com/sitemap_products_1.xml?from=548423041054&to=7538067898465,2026-04-30T09:39:36-04:00
https://www.dresslikemommy.com/products/willow-mist-mommy-and-me-dresses,product,default,/products/willow-mist-mommy-and-me-dresses,https://www.dresslikemommy.com/sitemap_products_1.xml?from=548423041054&to=7538067898465,2026-04-30T09:39:36-04:00
https://www.dresslikemommy.com/products/willow-wildflower-family-matching-set,product,default,/products/willow-wildflower-family-matching-set,https://www.dresslikemommy.com/sitemap_products_1.xml?from=548423041054&to=7538067898465,2026-04-30T09:39:36-04:00
https://www.dresslikemommy.com/pages/about-us,page,default,/pages/about-us,https://www.dresslikemommy.com/sitemap_pages_1.xml?from=161498053&to=86474195041,2026-04-28T02:57:45-04:00
https://www.dresslikemommy.com/pages/company-information,page,default,/pages/company-information,https://www.dresslikemommy.com/sitemap_pages_1.xml?from=161498053&to=86474195041,2026-01-26T15:43:16-05:00
https://www.dresslikemommy.com/pages/contact-us,page,default,/pages/contact-us,https://www.dresslikemommy.com/sitemap_pages_1.xml?from=161498053&to=86474195041,2026-01-26T15:42:30-05:00
https://www.dresslikemommy.com/pages/data-sale-opt-out,page,default,/pages/data-sale-opt-out,https://www.dresslikemommy.com/sitemap_pages_1.xml?from=161498053&to=86474195041,2024-11-03T16:07:26-05:00
https://www.dresslikemommy.com/pages/faqs,page,default,/pages/faqs,https://www.dresslikemommy.com/sitemap_pages_1.xml?from=161498053&to=86474195041,2026-04-28T02:57:44-04:00
https://www.dresslikemommy.com/pages/frontpage,page,default,/pages/frontpage,https://www.dresslikemommy.com/sitemap_pages_1.xml?from=161498053&to=86474195041,2016-10-21T01:30:13-04:00
https://www.dresslikemommy.com/pages/popular-searches,page,default,/pages/popular-searches,https://www.dresslikemommy.com/sitemap_pages_1.xml?from=161498053&to=86474195041,2016-11-20T21:49:05-05:00
https://www.dresslikemommy.com/pages/privacy-policy,page,default,/pages/privacy-policy,https://www.dresslikemommy.com/sitemap_pages_1.xml?from=161498053&to=86474195041,2016-10-23T15:20:46-04:00
https://www.dresslikemommy.com/pages/return-policy,page,default,/pages/return-policy,https://www.dresslikemommy.com/sitemap_pages_1.xml?from=161498053&to=86474195041,2026-04-28T02:57:45-04:00
https://www.dresslikemommy.com/pages/search-results-page,page,default,/pages/search-results-page,https://www.dresslikemommy.com/sitemap_pages_1.xml?from=161498053&to=86474195041,2016-10-21T23:05:36-04:00
https://www.dresslikemommy.com/pages/secure-payments,page,default,/pages/secure-payments,https://www.dresslikemommy.com/sitemap_pages_1.xml?from=161498053&to=86474195041,2016-10-22T23:24:37-04:00
https://www.dresslikemommy.com/pages/shipping-info,page,default,/pages/shipping-info,https://www.dresslikemommy.com/sitemap_pages_1.xml?from=161498053&to=86474195041,2026-01-28T15:18:33-05:00
https://www.dresslikemommy.com/pages/size-chart,page,default,/pages/size-chart,https://www.dresslikemommy.com/sitemap_pages_1.xml?from=161498053&to=86474195041,2019-02-26T03:13:19-05:00
https://www.dresslikemommy.com/pages/size-guide,page,default,/pages/size-guide,https://www.dresslikemommy.com/sitemap_pages_1.xml?from=161498053&to=86474195041,2024-10-04T08:47:59-04:00
https://www.dresslikemommy.com/pages/terms-and-conditions,page,default,/pages/terms-and-conditions,https://www.dresslikemommy.com/sitemap_pages_1.xml?from=161498053&to=86474195041,2016-10-23T04:23:57-04:00
https://www.dresslikemommy.com/pages/track-your-order,page,default,/pages/track-your-order,https://www.dresslikemommy.com/sitemap_pages_1.xml?from=161498053&to=86474195041,2021-10-14T03:27:09-04:00
https://www.dresslikemommy.com/pages/wish-list,page,default,/pages/wish-list,https://www.dresslikemommy.com/sitemap_pages_1.xml?from=161498053&to=86474195041,2019-02-26T03:13:24-05:00
https://www.dresslikemommy.com/blogs/news,blog_index,default,/blogs/news,https://www.dresslikemommy.com/sitemap_blogs_1.xml,2026-04-10T08:54:46-04:00
https://www.dresslikemommy.com/blogs/news/adorable-matching-valentines-day-looks-for-the-whole-family,article,default,/blogs/news/adorable-matching-valentines-day-looks-for-the-whole-family,https://www.dresslikemommy.com/sitemap_blogs_1.xml,2026-03-26T21:35:06-04:00
https://www.dresslikemommy.com/blogs/news/apple-picking-matching-outfits-for-the-whole-family,article,default,/blogs/news/apple-picking-matching-outfits-for-the-whole-family,https://www.dresslikemommy.com/sitemap_blogs_1.xml,2026-04-10T08:54:42-04:00
https://www.dresslikemommy.com/blogs/news/autumn-matching-family-style-plaid-flannel-and-more,article,default,/blogs/news/autumn-matching-family-style-plaid-flannel-and-more,https://www.dresslikemommy.com/sitemap_blogs_1.xml,2026-03-26T21:55:34-04:00
https://www.dresslikemommy.com/blogs/news/back-to-school-daddy-and-me-photo-outfits,article,default,/blogs/news/back-to-school-daddy-and-me-photo-outfits,https://www.dresslikemommy.com/sitemap_blogs_1.xml,2026-04-10T08:54:23-04:00
https://www.dresslikemommy.com/blogs/news/back-to-school-matching-outfits-for-first-day-photos,article,default,/blogs/news/back-to-school-matching-outfits-for-first-day-photos,https://www.dresslikemommy.com/sitemap_blogs_1.xml,2026-03-26T23:42:42-04:00
https://www.dresslikemommy.com/blogs/news/best-fall-colors-for-family-matching-looks,article,default,/blogs/news/best-fall-colors-for-family-matching-looks,https://www.dresslikemommy.com/sitemap_blogs_1.xml,2026-04-10T08:54:38-04:00
https://www.dresslikemommy.com/blogs/news/best-family-matching-outfits-for-harvest-season,article,default,/blogs/news/best-family-matching-outfits-for-harvest-season,https://www.dresslikemommy.com/sitemap_blogs_1.xml,2026-04-10T08:54:17-04:00
https://www.dresslikemommy.com/blogs/news/best-matching-family-outfits-for-winter,article,default,/blogs/news/best-matching-family-outfits-for-winter,https://www.dresslikemommy.com/sitemap_blogs_1.xml,2026-03-26T23:17:37-04:00
https://www.dresslikemommy.com/blogs/news/best-matching-outfits-for-family-beach-trips,article,default,/blogs/news/best-matching-outfits-for-family-beach-trips,https://www.dresslikemommy.com/sitemap_blogs_1.xml,2026-04-10T08:54:29-04:00
https://www.dresslikemommy.com/blogs/news/best-matching-outfits-for-thanksgiving-dinner,article,default,/blogs/news/best-matching-outfits-for-thanksgiving-dinner,https://www.dresslikemommy.com/sitemap_blogs_1.xml,2026-03-26T21:39:09-04:00
https://www.dresslikemommy.com/blogs/news/best-matching-swimsuits-for-the-whole-family,article,default,/blogs/news/best-matching-swimsuits-for-the-whole-family,https://www.dresslikemommy.com/sitemap_blogs_1.xml,2026-03-26T23:42:42-04:00
https://www.dresslikemommy.com/blogs/news/black-friday-deals-top-matching-family-outfits,article,default,/blogs/news/black-friday-deals-top-matching-family-outfits,https://www.dresslikemommy.com/sitemap_blogs_1.xml,2026-03-26T21:44:09-04:00
https://www.dresslikemommy.com/blogs/news/christmas-matching-family-pajamas,article,default,/blogs/news/christmas-matching-family-pajamas,https://www.dresslikemommy.com/sitemap_blogs_1.xml,2026-04-10T08:53:53-04:00
https://www.dresslikemommy.com/blogs/news/coordinating-family-outfits-for-october-events,article,default,/blogs/news/coordinating-family-outfits-for-october-events,https://www.dresslikemommy.com/sitemap_blogs_1.xml,2026-03-26T22:03:27-04:00
https://www.dresslikemommy.com/blogs/news/cozy-matching-outfits-for-the-thanksgiving-holiday,article,default,/blogs/news/cozy-matching-outfits-for-the-thanksgiving-holiday,https://www.dresslikemommy.com/sitemap_blogs_1.xml,2026-03-26T21:52:23-04:00
https://www.dresslikemommy.com/blogs/news/daddy-and-me-fall-outfit-ideas,article,default,/blogs/news/daddy-and-me-fall-outfit-ideas,https://www.dresslikemommy.com/sitemap_blogs_1.xml,2026-03-26T23:42:43-04:00
https://www.dresslikemommy.com/blogs/news/daddy-and-me-matching-outfits-the-ultimate-guide,article,default,/blogs/news/daddy-and-me-matching-outfits-the-ultimate-guide,https://www.dresslikemommy.com/sitemap_blogs_1.xml,2026-03-25T04:33:18-04:00
https://www.dresslikemommy.com/blogs/news/daddy-and-me-spring-outfits,article,default,/blogs/news/daddy-and-me-spring-outfits,https://www.dresslikemommy.com/sitemap_blogs_1.xml,2026-04-10T08:53:55-04:00
https://www.dresslikemommy.com/blogs/news/easter-sunday-family-matching-outfits,article,default,/blogs/news/easter-sunday-family-matching-outfits,https://www.dresslikemommy.com/sitemap_blogs_1.xml,2026-04-10T08:53:56-04:00
https://www.dresslikemommy.com/blogs/news/end-of-summer-matching-family-beach-looks,article,default,/blogs/news/end-of-summer-matching-family-beach-looks,https://www.dresslikemommy.com/sitemap_blogs_1.xml,2026-03-26T23:43:43-04:00
https://www.dresslikemommy.com/blogs/news/end-of-summer-mommy-and-me-beach-style,article,default,/blogs/news/end-of-summer-mommy-and-me-beach-style,https://www.dresslikemommy.com/sitemap_blogs_1.xml,2026-04-10T08:53:50-04:00
https://www.dresslikemommy.com/blogs/news/fall-family-matching-outfits,article,default,/blogs/news/fall-family-matching-outfits,https://www.dresslikemommy.com/sitemap_blogs_1.xml,2026-03-26T23:42:44-04:00
https://www.dresslikemommy.com/blogs/news/fall-family-photo-outfits-for-november,article,default,/blogs/news/fall-family-photo-outfits-for-november,https://www.dresslikemommy.com/sitemap_blogs_1.xml,2026-03-26T21:48:20-04:00
https://www.dresslikemommy.com/blogs/news/fall-family-photo-session-complete-matching-outfit-guide,article,default,/blogs/news/fall-family-photo-session-complete-matching-outfit-guide,https://www.dresslikemommy.com/sitemap_blogs_1.xml,2026-04-10T08:54:22-04:00
https://www.dresslikemommy.com/blogs/news/fall-festival-matching-outfits-for-the-whole-family,article,default,/blogs/news/fall-festival-matching-outfits-for-the-whole-family,https://www.dresslikemommy.com/sitemap_blogs_1.xml,2026-04-10T08:54:37-04:00
https://www.dresslikemommy.com/blogs/news/family-matching-outfits-spring-photos,article,default,/blogs/news/family-matching-outfits-spring-photos,https://www.dresslikemommy.com/sitemap_blogs_1.xml,2026-03-25T04:33:20-04:00
https://www.dresslikemommy.com/blogs/news/family-matching-pajamas-our-top-picks-for-cozy-nights,article,default,/blogs/news/family-matching-pajamas-our-top-picks-for-cozy-nights,https://www.dresslikemommy.com/sitemap_blogs_1.xml,2026-03-25T04:33:18-04:00
https://www.dresslikemommy.com/blogs/news/fathers-day-daddy-and-me-matching-outfit-ideas,article,default,/blogs/news/fathers-day-daddy-and-me-matching-outfit-ideas,https://www.dresslikemommy.com/sitemap_blogs_1.xml,2026-03-25T04:33:32-04:00
https://www.dresslikemommy.com/blogs/news/floral-matching-outfits-for-spring,article,default,/blogs/news/floral-matching-outfits-for-spring,https://www.dresslikemommy.com/sitemap_blogs_1.xml,2026-04-10T08:53:47-04:00
https://www.dresslikemommy.com/blogs/news/halloween-family-matching-costume-ideas,article,default,/blogs/news/halloween-family-matching-costume-ideas,https://www.dresslikemommy.com/sitemap_blogs_1.xml,2026-03-26T23:45:33-04:00
https://www.dresslikemommy.com/blogs/news/holiday-family-matching-outfits-complete-guide,article,default,/blogs/news/holiday-family-matching-outfits-complete-guide,https://www.dresslikemommy.com/sitemap_blogs_1.xml,2026-03-26T23:42:45-04:00
https://www.dresslikemommy.com/blogs/news/hot-weather-family-coordinating-outfit-ideas,article,default,/blogs/news/hot-weather-family-coordinating-outfit-ideas,https://www.dresslikemommy.com/sitemap_blogs_1.xml,2026-04-10T08:53:44-04:00
https://www.dresslikemommy.com/blogs/news/how-to-care-for-your-matching-family-outfits,article,default,/blogs/news/how-to-care-for-your-matching-family-outfits,https://www.dresslikemommy.com/sitemap_blogs_1.xml,2026-03-26T23:33:39-04:00
https://www.dresslikemommy.com/blogs/news/how-to-style-cozy-mommy-and-me-looks-in-january,article,default,/blogs/news/how-to-style-cozy-mommy-and-me-looks-in-january,https://www.dresslikemommy.com/sitemap_blogs_1.xml,2026-03-25T04:33:23-04:00
https://www.dresslikemommy.com/blogs/news/last-chance-summer-matching-family-outfits,article,default,/blogs/news/last-chance-summer-matching-family-outfits,https://www.dresslikemommy.com/sitemap_blogs_1.xml,2026-03-26T21:54:59-04:00
https://www.dresslikemommy.com/blogs/news/late-summer-family-matching-outfit-ideas,article,default,/blogs/news/late-summer-family-matching-outfit-ideas,https://www.dresslikemommy.com/sitemap_blogs_1.xml,2026-04-10T08:54:43-04:00
https://www.dresslikemommy.com/blogs/news/matching-family-outfits-for-august-vacations,article,default,/blogs/news/matching-family-outfits-for-august-vacations,https://www.dresslikemommy.com/sitemap_blogs_1.xml,2026-03-26T21:59:02-04:00
https://www.dresslikemommy.com/blogs/news/matching-family-outfits-for-mothers-day-brunch,article,default,/blogs/news/matching-family-outfits-for-mothers-day-brunch,https://www.dresslikemommy.com/sitemap_blogs_1.xml,2026-03-25T04:33:30-04:00
https://www.dresslikemommy.com/blogs/news/matching-family-outfits-for-pumpkin-patch-photos,article,default,/blogs/news/matching-family-outfits-for-pumpkin-patch-photos,https://www.dresslikemommy.com/sitemap_blogs_1.xml,2026-04-10T08:54:41-04:00
https://www.dresslikemommy.com/blogs/news/matching-outfit-sizing-guide-right-fit-for-everyone,article,default,/blogs/news/matching-outfit-sizing-guide-right-fit-for-everyone,https://www.dresslikemommy.com/sitemap_blogs_1.xml,2026-03-26T23:33:40-04:00
https://www.dresslikemommy.com/blogs/news/mommy-and-me-back-to-school-style-guide,article,default,/blogs/news/mommy-and-me-back-to-school-style-guide,https://www.dresslikemommy.com/sitemap_blogs_1.xml,2026-03-26T23:42:46-04:00
https://www.dresslikemommy.com/blogs/news/mommy-and-me-easter-outfit-ideas,article,default,/blogs/news/mommy-and-me-easter-outfit-ideas,https://www.dresslikemommy.com/sitemap_blogs_1.xml,2026-03-26T23:46:21-04:00
https://www.dresslikemommy.com/blogs/news/mommy-and-me-fall-fashion-cozy-coordinating-outfits,article,default,/blogs/news/mommy-and-me-fall-fashion-cozy-coordinating-outfits,https://www.dresslikemommy.com/sitemap_blogs_1.xml,2026-03-25T04:34:17-04:00
https://www.dresslikemommy.com/blogs/news/mommy-and-me-halloween-outfits-that-are-actually-stylish,article,default,/blogs/news/mommy-and-me-halloween-outfits-that-are-actually-stylish,https://www.dresslikemommy.com/sitemap_blogs_1.xml,2026-03-25T04:34:19-04:00
https://www.dresslikemommy.com/blogs/news/mommy-and-me-matching-outfit-ideas,article,default,/blogs/news/mommy-and-me-matching-outfit-ideas,https://www.dresslikemommy.com/sitemap_blogs_1.xml,2026-03-25T04:33:21-04:00
https://www.dresslikemommy.com/blogs/news/mommy-and-me-outfits-for-every-budget,article,default,/blogs/news/mommy-and-me-outfits-for-every-budget,https://www.dresslikemommy.com/sitemap_blogs_1.xml,2026-03-25T04:33:16-04:00
https://www.dresslikemommy.com/blogs/news/mommy-and-me-summer-dress-guide,article,default,/blogs/news/mommy-and-me-summer-dress-guide,https://www.dresslikemommy.com/sitemap_blogs_1.xml,2026-03-26T23:42:46-04:00
https://www.dresslikemommy.com/blogs/news/mommy-and-me-thanksgiving-style-guide,article,default,/blogs/news/mommy-and-me-thanksgiving-style-guide,https://www.dresslikemommy.com/sitemap_blogs_1.xml,2026-04-10T08:53:54-04:00
https://www.dresslikemommy.com/blogs/news/mommy-and-me-valentines-day-outfits,article,default,/blogs/news/mommy-and-me-valentines-day-outfits,https://www.dresslikemommy.com/sitemap_blogs_1.xml,2026-03-26T23:46:22-04:00
https://www.dresslikemommy.com/blogs/news/mother-daughter-matching-swimsuits-complete-guide-for-summer,article,default,/blogs/news/mother-daughter-matching-swimsuits-complete-guide-for-summer,https://www.dresslikemommy.com/sitemap_blogs_1.xml,2026-03-26T23:42:47-04:00
https://www.dresslikemommy.com/blogs/news/mothers-day-matching-outfits-mommy-and-me-guide,article,default,/blogs/news/mothers-day-matching-outfits-mommy-and-me-guide,https://www.dresslikemommy.com/sitemap_blogs_1.xml,2026-03-26T23:46:22-04:00
https://www.dresslikemommy.com/blogs/news/new-year-new-matching-looks-family-fashion,article,default,/blogs/news/new-year-new-matching-looks-family-fashion,https://www.dresslikemommy.com/sitemap_blogs_1.xml,2026-03-26T22:39:45-04:00
https://www.dresslikemommy.com/blogs/news/october-family-style-cozy-matching-looks-for-autumn,article,default,/blogs/news/october-family-style-cozy-matching-looks-for-autumn,https://www.dresslikemommy.com/sitemap_blogs_1.xml,2026-04-10T08:54:21-04:00
https://www.dresslikemommy.com/blogs/news/pumpkin-spice-and-everything-nice-fall-family-fashion,article,default,/blogs/news/pumpkin-spice-and-everything-nice-fall-family-fashion,https://www.dresslikemommy.com/sitemap_blogs_1.xml,2026-03-26T21:59:54-04:00
https://www.dresslikemommy.com/blogs/news/red-white-and-blue-patriotic-family-matching-looks,article,default,/blogs/news/red-white-and-blue-patriotic-family-matching-looks,https://www.dresslikemommy.com/sitemap_blogs_1.xml,2026-03-26T23:42:48-04:00
https://www.dresslikemommy.com/blogs/news/september-style-guide-transitional-family-matching-looks,article,default,/blogs/news/september-style-guide-transitional-family-matching-looks,https://www.dresslikemommy.com/sitemap_blogs_1.xml,2026-04-10T08:53:43-04:00
https://www.dresslikemommy.com/blogs/news/spring-break-matching-looks-for-the-whole-family,article,default,/blogs/news/spring-break-matching-looks-for-the-whole-family,https://www.dresslikemommy.com/sitemap_blogs_1.xml,2026-04-10T08:54:45-04:00
https://www.dresslikemommy.com/blogs/news/spring-matching-outfits-for-mommy-and-me,article,default,/blogs/news/spring-matching-outfits-for-mommy-and-me,https://www.dresslikemommy.com/sitemap_blogs_1.xml,2026-03-26T23:46:23-04:00
https://www.dresslikemommy.com/blogs/news/summer-matching-family-outfits,article,default,/blogs/news/summer-matching-family-outfits,https://www.dresslikemommy.com/sitemap_blogs_1.xml,2026-03-26T23:26:30-04:00
https://www.dresslikemommy.com/blogs/news/summer-vacation-matching-family-outfits-guide,article,default,/blogs/news/summer-vacation-matching-family-outfits-guide,https://www.dresslikemommy.com/sitemap_blogs_1.xml,2026-03-26T23:43:42-04:00
https://www.dresslikemommy.com/blogs/news/thanksgiving-family-matching-outfit-ideas,article,default,/blogs/news/thanksgiving-family-matching-outfit-ideas,https://www.dresslikemommy.com/sitemap_blogs_1.xml,2026-03-26T23:42:48-04:00
https://www.dresslikemommy.com/blogs/news/the-complete-guide-to-family-matching-outfits,article,default,/blogs/news/the-complete-guide-to-family-matching-outfits,https://www.dresslikemommy.com/sitemap_blogs_1.xml,2026-03-25T04:33:15-04:00
https://www.dresslikemommy.com/blogs/news/transitional-weather-family-matching-style-guide,article,default,/blogs/news/transitional-weather-family-matching-style-guide,https://www.dresslikemommy.com/sitemap_blogs_1.xml,2026-04-10T08:54:46-04:00
https://www.dresslikemommy.com/blogs/news/transitioning-from-summer-to-fall-family-matching-tips,article,default,/blogs/news/transitioning-from-summer-to-fall-family-matching-tips,https://www.dresslikemommy.com/sitemap_blogs_1.xml,2026-04-10T08:54:29-04:00
https://www.dresslikemommy.com/blogs/news/ultimate-gift-guide-matching-outfits-for-every-occasion,article,default,/blogs/news/ultimate-gift-guide-matching-outfits-for-every-occasion,https://www.dresslikemommy.com/sitemap_blogs_1.xml,2026-03-26T23:33:41-04:00
https://www.dresslikemommy.com/blogs/news/what-to-wear-for-family-photos-matching-outfit-ideas,article,default,/blogs/news/what-to-wear-for-family-photos-matching-outfit-ideas,https://www.dresslikemommy.com/sitemap_blogs_1.xml,2026-03-25T04:33:17-04:00
https://www.dresslikemommy.com/blogs/news/winter-family-photo-outfits-matching-looks-for-cold-weather,article,default,/blogs/news/winter-family-photo-outfits-matching-looks-for-cold-weather,https://www.dresslikemommy.com/sitemap_blogs_1.xml,2026-03-26T22:20:38-04:00
https://www.dresslikemommy.com/collections,list_collections,default,/collections,manual-theme-route,
https://www.dresslikemommy.com/cart,cart,default,/cart,manual-theme-route,
https://www.dresslikemommy.com/search?q=matching,search,default,/search,manual-theme-route,
https://www.dresslikemommy.com/account/login,customer,default,/account/login,manual-theme-route,
https://www.dresslikemommy.com/account/register,customer,default,/account/register,manual-theme-route,
https://www.dresslikemommy.com/this-path-should-404-pagespeed-baseline,other,default,/this-path-should-404-pagespeed-baseline,manual-theme-route,
