URL,Path,Handle,Reason
https://www.dresslikemommy.com/collections/family-matching/products/family-matching-long-sleeve-swimwear,/collections/family-matching/products/family-matching-long-sleeve-swimwear,family-matching-long-sleeve-swimwear,active_handle
https://www.dresslikemommy.com/collections/matching-outfits/products/matching-sequin-heart-shaped-printed-hoodies,/collections/matching-outfits/products/matching-sequin-heart-shaped-printed-hoodies,matching-sequin-heart-shaped-printed-hoodies,active_handle
https://www.dresslikemommy.com/collections/matching-outfits/products/mommy-and-me-comfy-cotton-pajamas,/collections/matching-outfits/products/mommy-and-me-comfy-cotton-pajamas,mommy-and-me-comfy-cotton-pajamas,active_handle
https://www.dresslikemommy.com/collections/matching-outfits/products/mother-daughter-floral-print-jumpsuit-romper,/collections/matching-outfits/products/mother-daughter-floral-print-jumpsuit-romper,mother-daughter-floral-print-jumpsuit-romper,active_handle
https://www.dresslikemommy.com/collections/mommy-me/products/mommy-me-matching-stripe-hem-long-sleeve-top,/collections/mommy-me/products/mommy-me-matching-stripe-hem-long-sleeve-top,mommy-me-matching-stripe-hem-long-sleeve-top,active_handle
https://www.dresslikemommy.com/collections/new-matching-outfits/products/matching-contrast-stitching-long-sleeve-t-shirt,/collections/new-matching-outfits/products/matching-contrast-stitching-long-sleeve-t-shirt,matching-contrast-stitching-long-sleeve-t-shirt,active_handle
https://www.dresslikemommy.com/products/mommy-and-me-matching-rainbow-stripe-midi-dresses,/products/mommy-and-me-matching-rainbow-stripe-midi-dresses,mommy-and-me-matching-rainbow-stripe-midi-dresses,active_handle
https://www.dresslikemommy.com/en-ae/collections/best-sellers,/en-ae/collections/best-sellers,,locale_prefixed
https://www.dresslikemommy.com/en-ae/collections/daddy-me,/en-ae/collections/daddy-me,,locale_prefixed
https://www.dresslikemommy.com/en-ae/collections/daddy-me-t-shirts/products/daddy-and-me-big-man-little-man-t-shirt?variant=19650381742177,/en-ae/collections/daddy-me-t-shirts/products/daddy-and-me-big-man-little-man-t-shirt,daddy-and-me-big-man-little-man-t-shirt,locale_prefixed
https://www.dresslikemommy.com/en-ae/collections/family-matching/products/tropical-vibes-matching-family-hawaiian-shirt-and-floral-dress,/en-ae/collections/family-matching/products/tropical-vibes-matching-family-hawaiian-shirt-and-floral-dress,tropical-vibes-matching-family-hawaiian-shirt-and-floral-dress,locale_prefixed
https://www.dresslikemommy.com/en-ae/collections/matching-couples-t-shirts,/en-ae/collections/matching-couples-t-shirts,,locale_prefixed
https://www.dresslikemommy.com/en-ae/collections/matching-outfits/products/fashion-matching-mother-child-swimsuit?variant=39756867305569,/en-ae/collections/matching-outfits/products/fashion-matching-mother-child-swimsuit,fashion-matching-mother-child-swimsuit,locale_prefixed
https://www.dresslikemommy.com/en-ae/collections/matching-outfits/products/mother-daughter-matching-trendy-loose-knitwear-sweater,/en-ae/collections/matching-outfits/products/mother-daughter-matching-trendy-loose-knitwear-sweater,mother-daughter-matching-trendy-loose-knitwear-sweater,locale_prefixed
https://www.dresslikemommy.com/en-ae/collections/midi-dresses,/en-ae/collections/midi-dresses,,locale_prefixed
https://www.dresslikemommy.com/en-ae/collections/mommy-me,/en-ae/collections/mommy-me,,locale_prefixed
https://www.dresslikemommy.com/en-ae/collections/new-matching-outfits,/en-ae/collections/new-matching-outfits,,locale_prefixed
https://www.dresslikemommy.com/en-ae/collections/swimsuits/products/chic-two-piece-swimsuit-with-skirt-family-matching-swimwear-for-mother-and-daughter-available-in-blue-green-black,/en-ae/collections/swimsuits/products/chic-two-piece-swimsuit-with-skirt-family-matching-swimwear-for-mother-and-daughter-available-in-blue-green-black,chic-two-piece-swimsuit-with-skirt-family-matching-swimwear-for-mother-and-daughter-available-in-blue-green-black,locale_prefixed
https://www.dresslikemommy.com/en-ae/collections/swimsuits/products/mommy-me-vibrant-duo-tone-one-piece-swimsuit-with-ring-accent-family-matching-swimwear-collection,/en-ae/collections/swimsuits/products/mommy-me-vibrant-duo-tone-one-piece-swimsuit-with-ring-accent-family-matching-swimwear-collection,mommy-me-vibrant-duo-tone-one-piece-swimsuit-with-ring-accent-family-matching-swimwear-collection,locale_prefixed
https://www.dresslikemommy.com/en-ae/collections/swimsuits/products/mother-daughter-matching-swim-set-abstract-print-two-piece-high-waisted-bikini-with-wrap-skirt,/en-ae/collections/swimsuits/products/mother-daughter-matching-swim-set-abstract-print-two-piece-high-waisted-bikini-with-wrap-skirt,mother-daughter-matching-swim-set-abstract-print-two-piece-high-waisted-bikini-with-wrap-skirt,locale_prefixed
https://www.dresslikemommy.com/en-ae/collections/swimsuits/products/mother-daughter-vibrant-two-piece-swimsuit-set-with-flowing-skirt-matching-family-swimwear-collection,/en-ae/collections/swimsuits/products/mother-daughter-vibrant-two-piece-swimsuit-set-with-flowing-skirt-matching-family-swimwear-collection,mother-daughter-vibrant-two-piece-swimsuit-set-with-flowing-skirt-matching-family-swimwear-collection,locale_prefixed
https://www.dresslikemommy.com/en-ae/pages/company-information,/en-ae/pages/company-information,,locale_prefixed
https://www.dresslikemommy.com/en-ae/pages/return-policy,/en-ae/pages/return-policy,,locale_prefixed
https://www.dresslikemommy.com/en-ae/pages/shipping-and-delivery,/en-ae/pages/shipping-and-delivery,,locale_prefixed
https://www.dresslikemommy.com/en-ae/products/casual-family-matching-outfits-mother-and-daughter-tees-father-and-son-t-shirts-mommy-and-baby-clothes-family-clothing,/en-ae/products/casual-family-matching-outfits-mother-and-daughter-tees-father-and-son-t-shirts-mommy-and-baby-clothes-family-clothing,casual-family-matching-outfits-mother-and-daughter-tees-father-and-son-t-shirts-mommy-and-baby-clothes-family-clothing,locale_prefixed
https://www.dresslikemommy.com/en-ae/products/chiffon-shoulder-less-maternity-dresses-for-photo-shoot-white-front-open,/en-ae/products/chiffon-shoulder-less-maternity-dresses-for-photo-shoot-white-front-open,chiffon-shoulder-less-maternity-dresses-for-photo-shoot-white-front-open,locale_prefixed
https://www.dresslikemommy.com/en-ae/products/family-matching-battery-t-shirts,/en-ae/products/family-matching-battery-t-shirts,family-matching-battery-t-shirts,locale_prefixed
https://www.dresslikemommy.com/en-ae/products/family-matching-boss-t-shirts,/en-ae/products/family-matching-boss-t-shirts,family-matching-boss-t-shirts,locale_prefixed
https://www.dresslikemommy.com/en-ae/products/family-matching-colorful-sweater-dad-mother-son-daughter,/en-ae/products/family-matching-colorful-sweater-dad-mother-son-daughter,family-matching-colorful-sweater-dad-mother-son-daughter,locale_prefixed
https://www.dresslikemommy.com/en-ae/products/family-matching-fun-beach-set,/en-ae/products/family-matching-fun-beach-set,family-matching-fun-beach-set,locale_prefixed
https://www.dresslikemommy.com/en-ae/products/family-matching-giraffe-sweater,/en-ae/products/family-matching-giraffe-sweater,family-matching-giraffe-sweater,locale_prefixed
https://www.dresslikemommy.com/en-ae/products/family-matching-leopard-print-swimwear,/en-ae/products/family-matching-leopard-print-swimwear,family-matching-leopard-print-swimwear,locale_prefixed
https://www.dresslikemommy.com/en-ae/products/family-matching-rainbow-striped-sweater,/en-ae/products/family-matching-rainbow-striped-sweater,family-matching-rainbow-striped-sweater,locale_prefixed
https://www.dresslikemommy.com/en-ae/products/family-matching-set-cute-and-stylish-outfits-for-mothers-fathers-and-children,/en-ae/products/family-matching-set-cute-and-stylish-outfits-for-mothers-fathers-and-children,family-matching-set-cute-and-stylish-outfits-for-mothers-fathers-and-children,locale_prefixed
https://www.dresslikemommy.com/en-ae/products/matching-mommy-and-me-hollow-out-bikini,/en-ae/products/matching-mommy-and-me-hollow-out-bikini,matching-mommy-and-me-hollow-out-bikini,locale_prefixed
https://www.dresslikemommy.com/en-ae/products/matching-outfit-mother-daughter-chiffon-dress,/en-ae/products/matching-outfit-mother-daughter-chiffon-dress,matching-outfit-mother-daughter-chiffon-dress,locale_prefixed
https://www.dresslikemommy.com/en-ae/products/maternity-photography-props-lace-see-through-maternity-dress,/en-ae/products/maternity-photography-props-lace-see-through-maternity-dress,maternity-photography-props-lace-see-through-maternity-dress,locale_prefixed
https://www.dresslikemommy.com/en-ae/products/mommy-me-matching-leopard-print-two-piece-swimsuit,/en-ae/products/mommy-me-matching-leopard-print-two-piece-swimsuit,mommy-me-matching-leopard-print-two-piece-swimsuit,locale_prefixed
https://www.dresslikemommy.com/en-ae/products/mommy-me-matching-red-dress,/en-ae/products/mommy-me-matching-red-dress,mommy-me-matching-red-dress,locale_prefixed
https://www.dresslikemommy.com/en-ae/products/stylish-and-comfortable-family-matching-outfits?variant=40915961348193,/en-ae/products/stylish-and-comfortable-family-matching-outfits,stylish-and-comfortable-family-matching-outfits,locale_prefixed
https://www.dresslikemommy.com/en-at,/en-at,,locale_prefixed
https://www.dresslikemommy.com/en-at/account/register,/en-at/account/register,,locale_prefixed
https://www.dresslikemommy.com/en-at/collections/best-sellers,/en-at/collections/best-sellers,,locale_prefixed
https://www.dresslikemommy.com/en-at/collections/bottoms,/en-at/collections/bottoms,,locale_prefixed
https://www.dresslikemommy.com/en-at/collections/daddy-me,/en-at/collections/daddy-me,,locale_prefixed
https://www.dresslikemommy.com/en-at/collections/daddy-me-t-shirts,/en-at/collections/daddy-me-t-shirts,,locale_prefixed
https://www.dresslikemommy.com/en-at/collections/family-matching-pajamas,/en-at/collections/family-matching-pajamas,,locale_prefixed
https://www.dresslikemommy.com/en-at/collections/leggings,/en-at/collections/leggings,,locale_prefixed
https://www.dresslikemommy.com/en-at/collections/midi-dresses,/en-at/collections/midi-dresses,,locale_prefixed
https://www.dresslikemommy.com/en-at/collections/mommy-me,/en-at/collections/mommy-me,,locale_prefixed
https://www.dresslikemommy.com/en-at/collections/sweaters,/en-at/collections/sweaters,,locale_prefixed
https://www.dresslikemommy.com/en-at/collections/swimsuits/products/chic-mother-daughter-matching-swimsuit-set-with-floral-cover-up-family-beachwear-collection,/en-at/collections/swimsuits/products/chic-mother-daughter-matching-swimsuit-set-with-floral-cover-up-family-beachwear-collection,chic-mother-daughter-matching-swimsuit-set-with-floral-cover-up-family-beachwear-collection,locale_prefixed
https://www.dresslikemommy.com/en-at/pages/wholesale-drop-shipping,/en-at/pages/wholesale-drop-shipping,,locale_prefixed
https://www.dresslikemommy.com/en-at/products/casual-family-matching-outfits-mother-and-daughter-tees-father-and-son-t-shirts-mommy-and-baby-clothes-family-clothing,/en-at/products/casual-family-matching-outfits-mother-and-daughter-tees-father-and-son-t-shirts-mommy-and-baby-clothes-family-clothing,casual-family-matching-outfits-mother-and-daughter-tees-father-and-son-t-shirts-mommy-and-baby-clothes-family-clothing,locale_prefixed
https://www.dresslikemommy.com/en-at/products/daddy-and-me-like-father-like-son-t-shirt,/en-at/products/daddy-and-me-like-father-like-son-t-shirt,daddy-and-me-like-father-like-son-t-shirt,locale_prefixed
https://www.dresslikemommy.com/en-at/products/elegant-chocolate-brown-monokini-for-mother-daughter-duo-sleek-halter-neckline-with-playful-polka-dot-tie-sides,/en-at/products/elegant-chocolate-brown-monokini-for-mother-daughter-duo-sleek-halter-neckline-with-playful-polka-dot-tie-sides,elegant-chocolate-brown-monokini-for-mother-daughter-duo-sleek-halter-neckline-with-playful-polka-dot-tie-sides,locale_prefixed
https://www.dresslikemommy.com/en-at/products/family-matching-battery-t-shirts,/en-at/products/family-matching-battery-t-shirts,family-matching-battery-t-shirts,locale_prefixed
https://www.dresslikemommy.com/en-at/products/family-matching-blue-coconut-swimsuits,/en-at/products/family-matching-blue-coconut-swimsuits,family-matching-blue-coconut-swimsuits,locale_prefixed
https://www.dresslikemommy.com/en-at/products/family-matching-fun-beach-set,/en-at/products/family-matching-fun-beach-set,family-matching-fun-beach-set,locale_prefixed
https://www.dresslikemommy.com/en-at/products/family-matching-king-queen-prince-princess-t-shirts,/en-at/products/family-matching-king-queen-prince-princess-t-shirts,family-matching-king-queen-prince-princess-t-shirts,locale_prefixed
https://www.dresslikemommy.com/en-at/products/father-son-matching-hawaiian-floral-shirts,/en-at/products/father-son-matching-hawaiian-floral-shirts,father-son-matching-hawaiian-floral-shirts,locale_prefixed
https://www.dresslikemommy.com/en-at/products/matching-hand-painted-family-four-t-shirt,/en-at/products/matching-hand-painted-family-four-t-shirt,matching-hand-painted-family-four-t-shirt,locale_prefixed
https://www.dresslikemommy.com/en-at/products/matching-heart-t-shirt-mommy-me,/en-at/products/matching-heart-t-shirt-mommy-me,matching-heart-t-shirt-mommy-me,locale_prefixed
https://www.dresslikemommy.com/en-at/products/matching-maxi-double-rose-patchwork,/en-at/products/matching-maxi-double-rose-patchwork,matching-maxi-double-rose-patchwork,locale_prefixed
https://www.dresslikemommy.com/en-at/products/matching-outfit-mother-daughter-chiffon-dress,/en-at/products/matching-outfit-mother-daughter-chiffon-dress,matching-outfit-mother-daughter-chiffon-dress,locale_prefixed
https://www.dresslikemommy.com/en-at/products/matching-two-pieces-bikini-ruffle-swimsuit,/en-at/products/matching-two-pieces-bikini-ruffle-swimsuit,matching-two-pieces-bikini-ruffle-swimsuit,locale_prefixed
https://www.dresslikemommy.com/en-at/products/maternity-photography-props-maxi-dresses-see-through-eyelashes-lace,/en-at/products/maternity-photography-props-maxi-dresses-see-through-eyelashes-lace,maternity-photography-props-maxi-dresses-see-through-eyelashes-lace,locale_prefixed
https://www.dresslikemommy.com/en-at/products/mommy-me-angels-wing-swimsuit,/en-at/products/mommy-me-angels-wing-swimsuit,mommy-me-angels-wing-swimsuit,locale_prefixed
https://www.dresslikemommy.com/en-at/products/mommy-me-flamingo-print-striped-swimsuit,/en-at/products/mommy-me-flamingo-print-striped-swimsuit,mommy-me-flamingo-print-striped-swimsuit,locale_prefixed
https://www.dresslikemommy.com/en-at/products/mommy-me-matching-leopard-print-two-piece-swimsuit,/en-at/products/mommy-me-matching-leopard-print-two-piece-swimsuit,mommy-me-matching-leopard-print-two-piece-swimsuit,locale_prefixed
https://www.dresslikemommy.com/en-at/products/mommy-me-matching-tribal-print-one-piece-swimsuit,/en-at/products/mommy-me-matching-tribal-print-one-piece-swimsuit,mommy-me-matching-tribal-print-one-piece-swimsuit,locale_prefixed
https://www.dresslikemommy.com/en-at/products/mommy-me-spring-flowers-dress,/en-at/products/mommy-me-spring-flowers-dress,mommy-me-spring-flowers-dress,locale_prefixed
https://www.dresslikemommy.com/en-at/products/mother-daughter-flag-maxi-dress,/en-at/products/mother-daughter-flag-maxi-dress,mother-daughter-flag-maxi-dress,locale_prefixed
https://www.dresslikemommy.com/en-at/products/mother-daughter-matching-deer-print-party-dress,/en-at/products/mother-daughter-matching-deer-print-party-dress,mother-daughter-matching-deer-print-party-dress,locale_prefixed
https://www.dresslikemommy.com/en-at/products/tube-top-long-dress-maternity-photography,/en-at/products/tube-top-long-dress-maternity-photography,tube-top-long-dress-maternity-photography,locale_prefixed
https://www.dresslikemommy.com/en-au/collections/daddy-me/products/father-and-son-matching-swim-trunks-tropical-floral-print-family-swimwear,/en-au/collections/daddy-me/products/father-and-son-matching-swim-trunks-tropical-floral-print-family-swimwear,father-and-son-matching-swim-trunks-tropical-floral-print-family-swimwear,locale_prefixed
https://www.dresslikemommy.com/en-au/collections/family-matching-pajamas,/en-au/collections/family-matching-pajamas,,locale_prefixed
https://www.dresslikemommy.com/en-au/collections/family-matching-swimsuits,/en-au/collections/family-matching-swimsuits,,locale_prefixed
https://www.dresslikemommy.com/en-au/collections/family-matching/products/tropical-vibes-matching-family-hawaiian-shirt-and-floral-dress,/en-au/collections/family-matching/products/tropical-vibes-matching-family-hawaiian-shirt-and-floral-dress,tropical-vibes-matching-family-hawaiian-shirt-and-floral-dress,locale_prefixed
https://www.dresslikemommy.com/en-au/collections/headbands/products/mom-and-me-headband-with-knit-fabric-baby-girl-headband-mommy-and-me-matching-headbands-photo-prop-gift-for-mom-and-baby-1set-7,/en-au/collections/headbands/products/mom-and-me-headband-with-knit-fabric-baby-girl-headband-mommy-and-me-matching-headbands-photo-prop-gift-for-mom-and-baby-1set-7,mom-and-me-headband-with-knit-fabric-baby-girl-headband-mommy-and-me-matching-headbands-photo-prop-gift-for-mom-and-baby-1set-7,locale_prefixed
https://www.dresslikemommy.com/en-au/collections/leggings,/en-au/collections/leggings,,locale_prefixed
https://www.dresslikemommy.com/en-au/collections/new-arrivals/products/make-a-splash-with-this-family-matching-floral-outfit,/en-au/collections/new-arrivals/products/make-a-splash-with-this-family-matching-floral-outfit,make-a-splash-with-this-family-matching-floral-outfit,locale_prefixed
https://www.dresslikemommy.com/en-au/collections/new-women-outfits/products/make-a-splash-with-this-family-matching-floral-outfit,/en-au/collections/new-women-outfits/products/make-a-splash-with-this-family-matching-floral-outfit,make-a-splash-with-this-family-matching-floral-outfit,locale_prefixed
https://www.dresslikemommy.com/en-au/collections/rompers,/en-au/collections/rompers,,locale_prefixed
https://www.dresslikemommy.com/en-au/collections/sweaters,/en-au/collections/sweaters,,locale_prefixed
https://www.dresslikemommy.com/en-au/pages/company-information,/en-au/pages/company-information,,locale_prefixed
https://www.dresslikemommy.com/en-au/products/casual-family-matching-outfits-mother-and-daughter-tees-father-and-son-t-shirts-mommy-and-baby-clothes-family-clothing,/en-au/products/casual-family-matching-outfits-mother-and-daughter-tees-father-and-son-t-shirts-mommy-and-baby-clothes-family-clothing,casual-family-matching-outfits-mother-and-daughter-tees-father-and-son-t-shirts-mommy-and-baby-clothes-family-clothing,locale_prefixed
https://www.dresslikemommy.com/en-au/products/cute-mother-daughter-matching-swimsuits,/en-au/products/cute-mother-daughter-matching-swimsuits,cute-mother-daughter-matching-swimsuits,locale_prefixed
https://www.dresslikemommy.com/en-au/products/family-matching-boss-t-shirts,/en-au/products/family-matching-boss-t-shirts,family-matching-boss-t-shirts,locale_prefixed
https://www.dresslikemommy.com/en-au/products/family-matching-dragon-t-shirts,/en-au/products/family-matching-dragon-t-shirts,family-matching-dragon-t-shirts,locale_prefixed
https://www.dresslikemommy.com/en-au/products/family-matching-fun-beach-set,/en-au/products/family-matching-fun-beach-set,family-matching-fun-beach-set,locale_prefixed
https://www.dresslikemommy.com/en-au/products/family-matching-rainbow-striped-sweater,/en-au/products/family-matching-rainbow-striped-sweater,family-matching-rainbow-striped-sweater,locale_prefixed
https://www.dresslikemommy.com/en-au/products/family-matching-set-cute-and-stylish-outfits-for-mothers-fathers-and-children,/en-au/products/family-matching-set-cute-and-stylish-outfits-for-mothers-fathers-and-children,family-matching-set-cute-and-stylish-outfits-for-mothers-fathers-and-children,locale_prefixed
https://www.dresslikemommy.com/en-au/products/family-matching-smile-t-shirt?variant=12463565111393,/en-au/products/family-matching-smile-t-shirt,family-matching-smile-t-shirt,locale_prefixed
https://www.dresslikemommy.com/en-au/products/father-and-son-matching-swim-trunks-tropical-paradise-red-and-green-print,/en-au/products/father-and-son-matching-swim-trunks-tropical-paradise-red-and-green-print,father-and-son-matching-swim-trunks-tropical-paradise-red-and-green-print,locale_prefixed
https://www.dresslikemommy.com/en-au/products/matching-mother-daughter-tankini-swimsuit,/en-au/products/matching-mother-daughter-tankini-swimsuit,matching-mother-daughter-tankini-swimsuit,locale_prefixed
https://www.dresslikemommy.com/en-au/products/matching-outfit-mother-daughter-chiffon-dress,/en-au/products/matching-outfit-mother-daughter-chiffon-dress,matching-outfit-mother-daughter-chiffon-dress,locale_prefixed
https://www.dresslikemommy.com/en-au/products/maternity-photography-props-lace-see-through-maternity-dress,/en-au/products/maternity-photography-props-lace-see-through-maternity-dress,maternity-photography-props-lace-see-through-maternity-dress,locale_prefixed
https://www.dresslikemommy.com/en-au/products/maternity-photography-props-maxi-dresses-see-through-eyelashes-lace,/en-au/products/maternity-photography-props-maxi-dresses-see-through-eyelashes-lace,maternity-photography-props-maxi-dresses-see-through-eyelashes-lace,locale_prefixed
https://www.dresslikemommy.com/en-au/products/modern-cow-print-tankini-swimsuit-set-for-mother-and-daughter-stylish-high-waisted-swimwear-with-ruffle-detail,/en-au/products/modern-cow-print-tankini-swimsuit-set-for-mother-and-daughter-stylish-high-waisted-swimwear-with-ruffle-detail,modern-cow-print-tankini-swimsuit-set-for-mother-and-daughter-stylish-high-waisted-swimwear-with-ruffle-detail,locale_prefixed
https://www.dresslikemommy.com/en-au/products/mommy-me-matching-floral-one-piece-swimsuit,/en-au/products/mommy-me-matching-floral-one-piece-swimsuit,mommy-me-matching-floral-one-piece-swimsuit,locale_prefixed
https://www.dresslikemommy.com/en-au/products/mother-daughter-matching-swim-set-abstract-print-two-piece-high-waisted-bikini-with-wrap-skirt,/en-au/products/mother-daughter-matching-swim-set-abstract-print-two-piece-high-waisted-bikini-with-wrap-skirt,mother-daughter-matching-swim-set-abstract-print-two-piece-high-waisted-bikini-with-wrap-skirt,locale_prefixed
https://www.dresslikemommy.com/en-be/,/en-be/,,locale_prefixed
https://www.dresslikemommy.com/en-be/collections/casual-dresses?constraint=multi-color,/en-be/collections/casual-dresses,,locale_prefixed
https://www.dresslikemommy.com/en-be/collections/casual-dresses/products/shimmering-silver-grey-party-dress-for-women-and-girls-elegant-a-line-dress-with-cross-back-detail,/en-be/collections/casual-dresses/products/shimmering-silver-grey-party-dress-for-women-and-girls-elegant-a-line-dress-with-cross-back-detail,shimmering-silver-grey-party-dress-for-women-and-girls-elegant-a-line-dress-with-cross-back-detail,locale_prefixed
https://www.dresslikemommy.com/en-be/collections/daddy-me?page=1,/en-be/collections/daddy-me,,locale_prefixed
https://www.dresslikemommy.com/en-be/collections/family-matching/products/family-matching-outfits-floral-dresses-and-shorts-with-a-touch-of-fun,/en-be/collections/family-matching/products/family-matching-outfits-floral-dresses-and-shorts-with-a-touch-of-fun,family-matching-outfits-floral-dresses-and-shorts-with-a-touch-of-fun,locale_prefixed
https://www.dresslikemommy.com/en-be/collections/popular-mommy-me/products/matching-leopard-thick-knit-long-sleeved-shirt,/en-be/collections/popular-mommy-me/products/matching-leopard-thick-knit-long-sleeved-shirt,matching-leopard-thick-knit-long-sleeved-shirt,locale_prefixed
https://www.dresslikemommy.com/en-be/collections/swimsuits/products/chic-family-tides-mother-daughter-matching-two-piece-swimsuit-with-skirt-vibrant-versatile-swimwear-collection,/en-be/collections/swimsuits/products/chic-family-tides-mother-daughter-matching-two-piece-swimsuit-with-skirt-vibrant-versatile-swimwear-collection,chic-family-tides-mother-daughter-matching-two-piece-swimsuit-with-skirt-vibrant-versatile-swimwear-collection,locale_prefixed
https://www.dresslikemommy.com/en-be/pages/shipping-and-delivery,/en-be/pages/shipping-and-delivery,,locale_prefixed
https://www.dresslikemommy.com/en-be/products/casual-family-matching-outfits-mother-and-daughter-tees-father-and-son-t-shirts-mommy-and-baby-clothes-family-clothing,/en-be/products/casual-family-matching-outfits-mother-and-daughter-tees-father-and-son-t-shirts-mommy-and-baby-clothes-family-clothing,casual-family-matching-outfits-mother-and-daughter-tees-father-and-son-t-shirts-mommy-and-baby-clothes-family-clothing,locale_prefixed
https://www.dresslikemommy.com/en-be/products/family-matching-boss-t-shirts,/en-be/products/family-matching-boss-t-shirts,family-matching-boss-t-shirts,locale_prefixed
https://www.dresslikemommy.com/en-be/products/family-matching-christmas-deer-snowflake-pjs,/en-be/products/family-matching-christmas-deer-snowflake-pjs,family-matching-christmas-deer-snowflake-pjs,locale_prefixed
https://www.dresslikemommy.com/en-be/products/family-matching-fun-beach-set,/en-be/products/family-matching-fun-beach-set,family-matching-fun-beach-set,locale_prefixed
https://www.dresslikemommy.com/en-be/products/family-matching-yellow-beach-set?variant=19793956044897,/en-be/products/family-matching-yellow-beach-set,family-matching-yellow-beach-set,locale_prefixed
https://www.dresslikemommy.com/en-be/products/father-and-son-matching-swim-trunks-tropical-paradise-red-and-green-print,/en-be/products/father-and-son-matching-swim-trunks-tropical-paradise-red-and-green-print,father-and-son-matching-swim-trunks-tropical-paradise-red-and-green-print,locale_prefixed
https://www.dresslikemommy.com/en-be/products/father-son-matching-hawaiian-floral-shirts,/en-be/products/father-son-matching-hawaiian-floral-shirts,father-son-matching-hawaiian-floral-shirts,locale_prefixed
https://www.dresslikemommy.com/en-be/products/matching-hand-painted-family-four-t-shirt,/en-be/products/matching-hand-painted-family-four-t-shirt,matching-hand-painted-family-four-t-shirt,locale_prefixed
https://www.dresslikemommy.com/en-be/products/matching-mommy-and-me-two-piece-tankini-swimsuit-set,/en-be/products/matching-mommy-and-me-two-piece-tankini-swimsuit-set,matching-mommy-and-me-two-piece-tankini-swimsuit-set,locale_prefixed
https://www.dresslikemommy.com/en-be/products/matching-mother-daughter-tankini,/en-be/products/matching-mother-daughter-tankini,matching-mother-daughter-tankini,locale_prefixed
https://www.dresslikemommy.com/en-be/products/maternity-photography-props-lace-see-through-maternity-dress,/en-be/products/maternity-photography-props-lace-see-through-maternity-dress,maternity-photography-props-lace-see-through-maternity-dress,locale_prefixed
https://www.dresslikemommy.com/en-be/products/maternity-photography-props-maxi-dresses-see-through-eyelashes-lace,/en-be/products/maternity-photography-props-maxi-dresses-see-through-eyelashes-lace,maternity-photography-props-maxi-dresses-see-through-eyelashes-lace,locale_prefixed
https://www.dresslikemommy.com/en-be/products/mommy-and-me-checkered-sweater-vest-matching-family-outfits,/en-be/products/mommy-and-me-checkered-sweater-vest-matching-family-outfits,mommy-and-me-checkered-sweater-vest-matching-family-outfits,locale_prefixed
https://www.dresslikemommy.com/en-be/products/mommy-me-flamingo-print-striped-swimsuit,/en-be/products/mommy-me-flamingo-print-striped-swimsuit,mommy-me-flamingo-print-striped-swimsuit,locale_prefixed
https://www.dresslikemommy.com/en-be/products/mommy-me-matching-leopard-print-two-piece-swimsuit,/en-be/products/mommy-me-matching-leopard-print-two-piece-swimsuit,mommy-me-matching-leopard-print-two-piece-swimsuit,locale_prefixed
https://www.dresslikemommy.com/en-be/products/mommy-me-matching-red-dress,/en-be/products/mommy-me-matching-red-dress,mommy-me-matching-red-dress,locale_prefixed
https://www.dresslikemommy.com/en-be/products/mother-and-daughter-long-sleeved-dress,/en-be/products/mother-and-daughter-long-sleeved-dress,mother-and-daughter-long-sleeved-dress,locale_prefixed
https://www.dresslikemommy.com/en-be/products/mother-daughter-matching-deer-print-party-dress,/en-be/products/mother-daughter-matching-deer-print-party-dress,mother-daughter-matching-deer-print-party-dress,locale_prefixed
https://www.dresslikemommy.com/en-be/products/royal-blue-high-neck-halter-swimsuit-set-with-paisley-print-bottoms-elegant-family-beachwear,/en-be/products/royal-blue-high-neck-halter-swimsuit-set-with-paisley-print-bottoms-elegant-family-beachwear,royal-blue-high-neck-halter-swimsuit-set-with-paisley-print-bottoms-elegant-family-beachwear,locale_prefixed
https://www.dresslikemommy.com/en-be/products/vibrant-halter-neck-one-piece-swimsuit-with-waist-tie-detail-mother-daughter-matching-swimwear-in-exquisite-baroque-print,/en-be/products/vibrant-halter-neck-one-piece-swimsuit-with-waist-tie-detail-mother-daughter-matching-swimwear-in-exquisite-baroque-print,vibrant-halter-neck-one-piece-swimsuit-with-waist-tie-detail-mother-daughter-matching-swimwear-in-exquisite-baroque-print,locale_prefixed
https://www.dresslikemommy.com/en-ch,/en-ch,,locale_prefixed
https://www.dresslikemommy.com/en-ch/collections/daddy-me,/en-ch/collections/daddy-me,,locale_prefixed
https://www.dresslikemommy.com/en-ch/collections/family-matching,/en-ch/collections/family-matching,,locale_prefixed
https://www.dresslikemommy.com/en-ch/collections/family-matching/products/boho-chic-family-matching-outfit-flowy-skirts-and-paisley-shirts,/en-ch/collections/family-matching/products/boho-chic-family-matching-outfit-flowy-skirts-and-paisley-shirts,boho-chic-family-matching-outfit-flowy-skirts-and-paisley-shirts,locale_prefixed
https://www.dresslikemommy.com/en-ch/collections/family-matching/products/family-matching-outfits-floral-dresses-and-shorts-with-a-touch-of-fun,/en-ch/collections/family-matching/products/family-matching-outfits-floral-dresses-and-shorts-with-a-touch-of-fun,family-matching-outfits-floral-dresses-and-shorts-with-a-touch-of-fun,locale_prefixed
https://www.dresslikemommy.com/en-ch/collections/family-matching/products/memorable-family-matching-outfits-create-lasting-memories,/en-ch/collections/family-matching/products/memorable-family-matching-outfits-create-lasting-memories,memorable-family-matching-outfits-create-lasting-memories,locale_prefixed
https://www.dresslikemommy.com/en-ch/collections/leggings,/en-ch/collections/leggings,,locale_prefixed
https://www.dresslikemommy.com/en-ch/collections/matching-couples-t-shirts,/en-ch/collections/matching-couples-t-shirts,,locale_prefixed
https://www.dresslikemommy.com/en-ch/collections/mommy-me/products/chic-two-piece-swimsuit-with-skirt-family-matching-swimwear-for-mother-and-daughter-available-in-blue-green-black,/en-ch/collections/mommy-me/products/chic-two-piece-swimsuit-with-skirt-family-matching-swimwear-for-mother-and-daughter-available-in-blue-green-black,chic-two-piece-swimsuit-with-skirt-family-matching-swimwear-for-mother-and-daughter-available-in-blue-green-black,locale_prefixed
https://www.dresslikemommy.com/en-ch/collections/mommy-me/products/elegant-mother-daughter-matching-one-piece-swimsuit-with-patterned-mesh-skirt-family-beachwear-set,/en-ch/collections/mommy-me/products/elegant-mother-daughter-matching-one-piece-swimsuit-with-patterned-mesh-skirt-family-beachwear-set,elegant-mother-daughter-matching-one-piece-swimsuit-with-patterned-mesh-skirt-family-beachwear-set,locale_prefixed
https://www.dresslikemommy.com/en-ch/collections/mommy-me/products/mother-daughter-vibrant-two-piece-swimsuit-set-with-flowing-skirt-matching-family-swimwear-collection,/en-ch/collections/mommy-me/products/mother-daughter-vibrant-two-piece-swimsuit-set-with-flowing-skirt-matching-family-swimwear-collection,mother-daughter-vibrant-two-piece-swimsuit-set-with-flowing-skirt-matching-family-swimwear-collection,locale_prefixed
https://www.dresslikemommy.com/en-ch/collections/new-matching-outfits,/en-ch/collections/new-matching-outfits,,locale_prefixed
https://www.dresslikemommy.com/en-ch/collections/popular-mommy-me/products/matching-maxi-double-rose-patchwork,/en-ch/collections/popular-mommy-me/products/matching-maxi-double-rose-patchwork,matching-maxi-double-rose-patchwork,locale_prefixed
https://www.dresslikemommy.com/en-ch/collections/popular-mommy-me/products/mommy-and-me-sleepwear-pajamas,/en-ch/collections/popular-mommy-me/products/mommy-and-me-sleepwear-pajamas,mommy-and-me-sleepwear-pajamas,locale_prefixed
https://www.dresslikemommy.com/en-ch/collections/swimsuits/products/chic-family-bonding-mother-daughter-matching-swimsuit-set-with-long-sleeved-cover-up,/en-ch/collections/swimsuits/products/chic-family-bonding-mother-daughter-matching-swimsuit-set-with-long-sleeved-cover-up,chic-family-bonding-mother-daughter-matching-swimsuit-set-with-long-sleeved-cover-up,locale_prefixed
https://www.dresslikemommy.com/en-ch/collections/swimsuits/products/chic-two-piece-swimsuit-with-skirt-family-matching-swimwear-for-mother-and-daughter-available-in-blue-green-black,/en-ch/collections/swimsuits/products/chic-two-piece-swimsuit-with-skirt-family-matching-swimwear-for-mother-and-daughter-available-in-blue-green-black,chic-two-piece-swimsuit-with-skirt-family-matching-swimwear-for-mother-and-daughter-available-in-blue-green-black,locale_prefixed
https://www.dresslikemommy.com/en-ch/pages/faqs,/en-ch/pages/faqs,,locale_prefixed
https://www.dresslikemommy.com/en-ch/pages/return-policy,/en-ch/pages/return-policy,,locale_prefixed
https://www.dresslikemommy.com/en-ch/pages/secure-payments,/en-ch/pages/secure-payments,,locale_prefixed
https://www.dresslikemommy.com/en-ch/products/chic-family-bonding-mother-daughter-matching-swimsuit-set-with-long-sleeved-cover-up,/en-ch/products/chic-family-bonding-mother-daughter-matching-swimsuit-set-with-long-sleeved-cover-up,chic-family-bonding-mother-daughter-matching-swimsuit-set-with-long-sleeved-cover-up,locale_prefixed
https://www.dresslikemommy.com/en-ch/products/chiffon-shoulder-less-maternity-dresses-for-photo-shoot-white-front-open,/en-ch/products/chiffon-shoulder-less-maternity-dresses-for-photo-shoot-white-front-open,chiffon-shoulder-less-maternity-dresses-for-photo-shoot-white-front-open,locale_prefixed
https://www.dresslikemommy.com/en-ch/products/elegant-chocolate-brown-monokini-for-mother-daughter-duo-sleek-halter-neckline-with-playful-polka-dot-tie-sides,/en-ch/products/elegant-chocolate-brown-monokini-for-mother-daughter-duo-sleek-halter-neckline-with-playful-polka-dot-tie-sides,elegant-chocolate-brown-monokini-for-mother-daughter-duo-sleek-halter-neckline-with-playful-polka-dot-tie-sides,locale_prefixed
https://www.dresslikemommy.com/en-ch/products/family-matching-christmas-deer-snowflake-pjs,/en-ch/products/family-matching-christmas-deer-snowflake-pjs,family-matching-christmas-deer-snowflake-pjs,locale_prefixed
https://www.dresslikemommy.com/en-ch/products/family-matching-colorful-sweater-dad-mother-son-daughter,/en-ch/products/family-matching-colorful-sweater-dad-mother-son-daughter,family-matching-colorful-sweater-dad-mother-son-daughter,locale_prefixed
https://www.dresslikemommy.com/en-ch/products/family-matching-dragon-t-shirts,/en-ch/products/family-matching-dragon-t-shirts,family-matching-dragon-t-shirts,locale_prefixed
https://www.dresslikemommy.com/en-ch/products/family-matching-fun-beach-set,/en-ch/products/family-matching-fun-beach-set,family-matching-fun-beach-set,locale_prefixed
https://www.dresslikemommy.com/en-ch/products/family-matching-outfits-floral-dresses-and-shorts-with-a-touch-of-fun,/en-ch/products/family-matching-outfits-floral-dresses-and-shorts-with-a-touch-of-fun,family-matching-outfits-floral-dresses-and-shorts-with-a-touch-of-fun,locale_prefixed
https://www.dresslikemommy.com/en-ch/products/family-matching-rainbow-striped-sweater,/en-ch/products/family-matching-rainbow-striped-sweater,family-matching-rainbow-striped-sweater,locale_prefixed
https://www.dresslikemommy.com/en-ch/products/family-matching-rule-maker-rule-breaker-t-shirts,/en-ch/products/family-matching-rule-maker-rule-breaker-t-shirts,family-matching-rule-maker-rule-breaker-t-shirts,locale_prefixed
https://www.dresslikemommy.com/en-ch/products/matching-hand-painted-family-four-t-shirt,/en-ch/products/matching-hand-painted-family-four-t-shirt,matching-hand-painted-family-four-t-shirt,locale_prefixed
https://www.dresslikemommy.com/en-ch/products/matching-mommy-and-me-hollow-out-bikini,/en-ch/products/matching-mommy-and-me-hollow-out-bikini,matching-mommy-and-me-hollow-out-bikini,locale_prefixed
https://www.dresslikemommy.com/en-ch/products/mommy-and-me-checkered-sweater-vest-matching-family-outfits,/en-ch/products/mommy-and-me-checkered-sweater-vest-matching-family-outfits,mommy-and-me-checkered-sweater-vest-matching-family-outfits,locale_prefixed
https://www.dresslikemommy.com/en-ch/products/mommy-me-matching-solid-long-dress?variant=39525052219489,/en-ch/products/mommy-me-matching-solid-long-dress,mommy-me-matching-solid-long-dress,locale_prefixed
https://www.dresslikemommy.com/en-ch/products/royal-blue-high-neck-halter-swimsuit-set-with-paisley-print-bottoms-elegant-family-beachwear,/en-ch/products/royal-blue-high-neck-halter-swimsuit-set-with-paisley-print-bottoms-elegant-family-beachwear,royal-blue-high-neck-halter-swimsuit-set-with-paisley-print-bottoms-elegant-family-beachwear,locale_prefixed
https://www.dresslikemommy.com/en-ch/products/tube-top-long-dress-maternity-photography,/en-ch/products/tube-top-long-dress-maternity-photography,tube-top-long-dress-maternity-photography,locale_prefixed
https://www.dresslikemommy.com/en-de,/en-de,,locale_prefixed
https://www.dresslikemommy.com/en-de/collections/all/products/family-matching-christmas-deer-snowflake-pjs,/en-de/collections/all/products/family-matching-christmas-deer-snowflake-pjs,family-matching-christmas-deer-snowflake-pjs,locale_prefixed
https://www.dresslikemommy.com/en-de/collections/matching-couples-t-shirts,/en-de/collections/matching-couples-t-shirts,,locale_prefixed
https://www.dresslikemommy.com/en-de/collections/matching-couples-t-shirts/products/couple-matching-t-shirt-funny-beard-butt,/en-de/collections/matching-couples-t-shirts/products/couple-matching-t-shirt-funny-beard-butt,couple-matching-t-shirt-funny-beard-butt,locale_prefixed
https://www.dresslikemommy.com/en-de/collections/pants,/en-de/collections/pants,,locale_prefixed
https://www.dresslikemommy.com/en-de/collections/popular-mommy-me,/en-de/collections/popular-mommy-me,,locale_prefixed
https://www.dresslikemommy.com/en-de/collections/rompers,/en-de/collections/rompers,,locale_prefixed
https://www.dresslikemommy.com/en-de/pages/company-information,/en-de/pages/company-information,,locale_prefixed
https://www.dresslikemommy.com/en-de/products/chiffon-shoulder-less-maternity-dresses-for-photo-shoot-white-front-open,/en-de/products/chiffon-shoulder-less-maternity-dresses-for-photo-shoot-white-front-open,chiffon-shoulder-less-maternity-dresses-for-photo-shoot-white-front-open,locale_prefixed
https://www.dresslikemommy.com/en-de/products/cute-mother-daughter-matching-swimsuits,/en-de/products/cute-mother-daughter-matching-swimsuits,cute-mother-daughter-matching-swimsuits,locale_prefixed
https://www.dresslikemommy.com/en-de/products/daddy-and-me-big-man-little-man-t-shirt,/en-de/products/daddy-and-me-big-man-little-man-t-shirt,daddy-and-me-big-man-little-man-t-shirt,locale_prefixed
https://www.dresslikemommy.com/en-de/products/daddy-and-me-i-have-created-a-monster-t-shirt,/en-de/products/daddy-and-me-i-have-created-a-monster-t-shirt,daddy-and-me-i-have-created-a-monster-t-shirt,locale_prefixed
https://www.dresslikemommy.com/en-de/products/family-matching-boss-t-shirts,/en-de/products/family-matching-boss-t-shirts,family-matching-boss-t-shirts,locale_prefixed
https://www.dresslikemommy.com/en-de/products/family-matching-fun-beach-set,/en-de/products/family-matching-fun-beach-set,family-matching-fun-beach-set,locale_prefixed
https://www.dresslikemommy.com/en-de/products/family-matching-rule-maker-rule-breaker-t-shirts?variant=32232166162529,/en-de/products/family-matching-rule-maker-rule-breaker-t-shirts,family-matching-rule-maker-rule-breaker-t-shirts,locale_prefixed
https://www.dresslikemommy.com/en-de/products/family-matching-shirt-and-dress-set-yellow-floral-for-a-springtime-look,/en-de/products/family-matching-shirt-and-dress-set-yellow-floral-for-a-springtime-look,family-matching-shirt-and-dress-set-yellow-floral-for-a-springtime-look,locale_prefixed
https://www.dresslikemommy.com/en-de/products/family-matching-summer-island-set,/en-de/products/family-matching-summer-island-set,family-matching-summer-island-set,locale_prefixed
https://www.dresslikemommy.com/en-de/products/family-matching-yellow-beach-set,/en-de/products/family-matching-yellow-beach-set,family-matching-yellow-beach-set,locale_prefixed
https://www.dresslikemommy.com/en-de/products/father-son-matching-hawaiian-floral-shirts,/en-de/products/father-son-matching-hawaiian-floral-shirts,father-son-matching-hawaiian-floral-shirts,locale_prefixed
https://www.dresslikemommy.com/en-de/products/matching-couple-t-shirt-lo-ve,/en-de/products/matching-couple-t-shirt-lo-ve,matching-couple-t-shirt-lo-ve,locale_prefixed
https://www.dresslikemommy.com/en-de/products/matching-heart-t-shirt-mommy-me,/en-de/products/matching-heart-t-shirt-mommy-me,matching-heart-t-shirt-mommy-me,locale_prefixed
https://www.dresslikemommy.com/en-de/products/matching-mermaid-scale-print-bikini,/en-de/products/matching-mermaid-scale-print-bikini,matching-mermaid-scale-print-bikini,locale_prefixed
https://www.dresslikemommy.com/en-de/products/matching-mommy-and-me-two-piece-tankini-swimsuit-set,/en-de/products/matching-mommy-and-me-two-piece-tankini-swimsuit-set,matching-mommy-and-me-two-piece-tankini-swimsuit-set,locale_prefixed
https://www.dresslikemommy.com/en-de/products/matching-mommy-me-sunflower-print-swimsuit,/en-de/products/matching-mommy-me-sunflower-print-swimsuit,matching-mommy-me-sunflower-print-swimsuit,locale_prefixed
https://www.dresslikemommy.com/en-de/products/matching-mommy-me-tie-dye-jumpsuit-romper,/en-de/products/matching-mommy-me-tie-dye-jumpsuit-romper,matching-mommy-me-tie-dye-jumpsuit-romper,locale_prefixed
https://www.dresslikemommy.com/en-de/products/matching-two-pieces-bikini-ruffle-swimsuit,/en-de/products/matching-two-pieces-bikini-ruffle-swimsuit,matching-two-pieces-bikini-ruffle-swimsuit,locale_prefixed
https://www.dresslikemommy.com/en-de/products/mommy-and-me-unicorn-sweater-fall-and-winter,/en-de/products/mommy-and-me-unicorn-sweater-fall-and-winter,mommy-and-me-unicorn-sweater-fall-and-winter,locale_prefixed
https://www.dresslikemommy.com/en-de/products/mommy-me-angels-wing-swimsuit,/en-de/products/mommy-me-angels-wing-swimsuit,mommy-me-angels-wing-swimsuit,locale_prefixed
https://www.dresslikemommy.com/en-de/products/mommy-me-flamingo-print-striped-swimsuit,/en-de/products/mommy-me-flamingo-print-striped-swimsuit,mommy-me-flamingo-print-striped-swimsuit,locale_prefixed
https://www.dresslikemommy.com/en-de/products/mommy-me-matching-floral-one-piece-swimsuit,/en-de/products/mommy-me-matching-floral-one-piece-swimsuit,mommy-me-matching-floral-one-piece-swimsuit,locale_prefixed
https://www.dresslikemommy.com/en-de/products/mommy-me-matching-red-dress,/en-de/products/mommy-me-matching-red-dress,mommy-me-matching-red-dress,locale_prefixed
https://www.dresslikemommy.com/en-de/products/mother-daughter-flag-maxi-dress,/en-de/products/mother-daughter-flag-maxi-dress,mother-daughter-flag-maxi-dress,locale_prefixed
https://www.dresslikemommy.com/en-de/products/mother-daughter-matching-beach-swimwear,/en-de/products/mother-daughter-matching-beach-swimwear,mother-daughter-matching-beach-swimwear,locale_prefixed
https://www.dresslikemommy.com/en-de/products/mother-daughter-matching-deer-print-party-dress,/en-de/products/mother-daughter-matching-deer-print-party-dress,mother-daughter-matching-deer-print-party-dress,locale_prefixed
https://www.dresslikemommy.com/en-ee/pages/faqs,/en-ee/pages/faqs,,locale_prefixed
https://www.dresslikemommy.com/en-ee/products/father-son-matching-hawaiian-floral-shirts,/en-ee/products/father-son-matching-hawaiian-floral-shirts,father-son-matching-hawaiian-floral-shirts,locale_prefixed
https://www.dresslikemommy.com/en-ee/products/maternity-dresses-sweet-heart-chiffon-cloak-maxi-gown,/en-ee/products/maternity-dresses-sweet-heart-chiffon-cloak-maxi-gown,maternity-dresses-sweet-heart-chiffon-cloak-maxi-gown,locale_prefixed
https://www.dresslikemommy.com/en-ee/products/mommy-me-cotton-silk-princess-pajamas,/en-ee/products/mommy-me-cotton-silk-princess-pajamas,mommy-me-cotton-silk-princess-pajamas,locale_prefixed
https://www.dresslikemommy.com/en-ee/products/mommy-me-leaf-print-open-waist-swimsuit,/en-ee/products/mommy-me-leaf-print-open-waist-swimsuit,mommy-me-leaf-print-open-waist-swimsuit,locale_prefixed
https://www.dresslikemommy.com/en-ee/products/new-baby-and-adult-flower-lace-turban-mom-and-me-match-headband-for-newborn-photo-prop-infant-kid-rhinestone-headwrap-1set-hb027,/en-ee/products/new-baby-and-adult-flower-lace-turban-mom-and-me-match-headband-for-newborn-photo-prop-infant-kid-rhinestone-headwrap-1set-hb027,new-baby-and-adult-flower-lace-turban-mom-and-me-match-headband-for-newborn-photo-prop-infant-kid-rhinestone-headwrap-1set-hb027,locale_prefixed
https://www.dresslikemommy.com/en-fr/collections/casual-dresses?constraint=multi-color,/en-fr/collections/casual-dresses,,locale_prefixed
https://www.dresslikemommy.com/en-fr/collections/family-matching,/en-fr/collections/family-matching,,locale_prefixed
https://www.dresslikemommy.com/en-fr/collections/formal-dresses/products/elegant-sky-blue-mother-daughter-summer-dresses-tiered-ruffle-matching-outfits-for-special-occasions,/en-fr/collections/formal-dresses/products/elegant-sky-blue-mother-daughter-summer-dresses-tiered-ruffle-matching-outfits-for-special-occasions,elegant-sky-blue-mother-daughter-summer-dresses-tiered-ruffle-matching-outfits-for-special-occasions,locale_prefixed
https://www.dresslikemommy.com/en-fr/collections/formal-dresses/products/high-end-mommy-me-party-dress-customize,/en-fr/collections/formal-dresses/products/high-end-mommy-me-party-dress-customize,high-end-mommy-me-party-dress-customize,locale_prefixed
https://www.dresslikemommy.com/en-fr/collections/formal-dresses/products/high-end-princess-gown-dress-customize,/en-fr/collections/formal-dresses/products/high-end-princess-gown-dress-customize,high-end-princess-gown-dress-customize,locale_prefixed
https://www.dresslikemommy.com/en-fr/collections/matching-couples-t-shirts,/en-fr/collections/matching-couples-t-shirts,,locale_prefixed
https://www.dresslikemommy.com/en-fr/products/casual-family-matching-outfits-mother-and-daughter-tees-father-and-son-t-shirts-mommy-and-baby-clothes-family-clothing,/en-fr/products/casual-family-matching-outfits-mother-and-daughter-tees-father-and-son-t-shirts-mommy-and-baby-clothes-family-clothing,casual-family-matching-outfits-mother-and-daughter-tees-father-and-son-t-shirts-mommy-and-baby-clothes-family-clothing,locale_prefixed
https://www.dresslikemommy.com/en-fr/products/chic-family-bonding-mother-daughter-matching-swimsuit-set-with-long-sleeved-cover-up,/en-fr/products/chic-family-bonding-mother-daughter-matching-swimsuit-set-with-long-sleeved-cover-up,chic-family-bonding-mother-daughter-matching-swimsuit-set-with-long-sleeved-cover-up,locale_prefixed
https://www.dresslikemommy.com/en-fr/products/chiffon-shoulder-less-maternity-dresses-for-photo-shoot-white-front-open,/en-fr/products/chiffon-shoulder-less-maternity-dresses-for-photo-shoot-white-front-open,chiffon-shoulder-less-maternity-dresses-for-photo-shoot-white-front-open,locale_prefixed
https://www.dresslikemommy.com/en-fr/products/couple-matching-t-shirt-funny-beard-butt,/en-fr/products/couple-matching-t-shirt-funny-beard-butt,couple-matching-t-shirt-funny-beard-butt,locale_prefixed
https://www.dresslikemommy.com/en-fr/products/elegant-chocolate-brown-monokini-for-mother-daughter-duo-sleek-halter-neckline-with-playful-polka-dot-tie-sides,/en-fr/products/elegant-chocolate-brown-monokini-for-mother-daughter-duo-sleek-halter-neckline-with-playful-polka-dot-tie-sides,elegant-chocolate-brown-monokini-for-mother-daughter-duo-sleek-halter-neckline-with-playful-polka-dot-tie-sides,locale_prefixed
https://www.dresslikemommy.com/en-fr/products/family-matching-battery-t-shirts,/en-fr/products/family-matching-battery-t-shirts,family-matching-battery-t-shirts,locale_prefixed
https://www.dresslikemommy.com/en-fr/products/family-matching-blue-coconut-swimsuits,/en-fr/products/family-matching-blue-coconut-swimsuits,family-matching-blue-coconut-swimsuits,locale_prefixed
https://www.dresslikemommy.com/en-fr/products/family-matching-boss-t-shirts,/en-fr/products/family-matching-boss-t-shirts,family-matching-boss-t-shirts,locale_prefixed
https://www.dresslikemommy.com/en-fr/products/family-matching-fun-beach-set,/en-fr/products/family-matching-fun-beach-set,family-matching-fun-beach-set,locale_prefixed
https://www.dresslikemommy.com/en-fr/products/father-son-matching-hawaiian-floral-shirts,/en-fr/products/father-son-matching-hawaiian-floral-shirts,father-son-matching-hawaiian-floral-shirts,locale_prefixed
https://www.dresslikemommy.com/en-fr/products/matching-hand-painted-family-four-t-shirt,/en-fr/products/matching-hand-painted-family-four-t-shirt,matching-hand-painted-family-four-t-shirt,locale_prefixed
https://www.dresslikemommy.com/en-fr/products/matching-mommy-me-sunflower-print-swimsuit,/en-fr/products/matching-mommy-me-sunflower-print-swimsuit,matching-mommy-me-sunflower-print-swimsuit,locale_prefixed
https://www.dresslikemommy.com/en-fr/products/matching-mommy-me-tie-dye-jumpsuit-romper,/en-fr/products/matching-mommy-me-tie-dye-jumpsuit-romper,matching-mommy-me-tie-dye-jumpsuit-romper,locale_prefixed
https://www.dresslikemommy.com/en-fr/products/matching-two-pieces-bikini-ruffle-swimsuit,/en-fr/products/matching-two-pieces-bikini-ruffle-swimsuit,matching-two-pieces-bikini-ruffle-swimsuit,locale_prefixed
https://www.dresslikemommy.com/en-fr/products/maternity-cotton-mermaid-trumpet-strapless-pregnant-dress,/en-fr/products/maternity-cotton-mermaid-trumpet-strapless-pregnant-dress,maternity-cotton-mermaid-trumpet-strapless-pregnant-dress,locale_prefixed
https://www.dresslikemommy.com/en-fr/products/mommy-and-me-unicorn-sweater-fall-and-winter,/en-fr/products/mommy-and-me-unicorn-sweater-fall-and-winter,mommy-and-me-unicorn-sweater-fall-and-winter,locale_prefixed
https://www.dresslikemommy.com/en-fr/products/mommy-me-matching-solid-long-dress,/en-fr/products/mommy-me-matching-solid-long-dress,mommy-me-matching-solid-long-dress,locale_prefixed
https://www.dresslikemommy.com/en-fr/products/mommy-me-spring-flowers-dress,/en-fr/products/mommy-me-spring-flowers-dress,mommy-me-spring-flowers-dress,locale_prefixed
https://www.dresslikemommy.com/en-fr/products/mother-daughter-matching-deer-print-party-dress,/en-fr/products/mother-daughter-matching-deer-print-party-dress,mother-daughter-matching-deer-print-party-dress,locale_prefixed
https://www.dresslikemommy.com/en-fr/products/mother-daughter-pastel-mermaid-scales-swimsuit-with-frill-detail,/en-fr/products/mother-daughter-pastel-mermaid-scales-swimsuit-with-frill-detail,mother-daughter-pastel-mermaid-scales-swimsuit-with-frill-detail,locale_prefixed
https://www.dresslikemommy.com/en-fr/products/parent-child-rainbow-bear-autumn-sweater,/en-fr/products/parent-child-rainbow-bear-autumn-sweater,parent-child-rainbow-bear-autumn-sweater,locale_prefixed
https://www.dresslikemommy.com/en-fr/products/royal-blue-high-neck-halter-swimsuit-set-with-paisley-print-bottoms-elegant-family-beachwear,/en-fr/products/royal-blue-high-neck-halter-swimsuit-set-with-paisley-print-bottoms-elegant-family-beachwear,royal-blue-high-neck-halter-swimsuit-set-with-paisley-print-bottoms-elegant-family-beachwear,locale_prefixed
https://www.dresslikemommy.com/en-fr/products/shimmering-silver-grey-party-dress-for-women-and-girls-elegant-a-line-dress-with-cross-back-detail,/en-fr/products/shimmering-silver-grey-party-dress-for-women-and-girls-elegant-a-line-dress-with-cross-back-detail,shimmering-silver-grey-party-dress-for-women-and-girls-elegant-a-line-dress-with-cross-back-detail,locale_prefixed
https://www.dresslikemommy.com/en-gr/,/en-gr/,,locale_prefixed
https://www.dresslikemommy.com/en-gr/collections/matching-couples-t-shirts,/en-gr/collections/matching-couples-t-shirts,,locale_prefixed
https://www.dresslikemommy.com/en-gr/collections/popular-family-matching/products/family-matching-first-time-t-shirts,/en-gr/collections/popular-family-matching/products/family-matching-first-time-t-shirts,family-matching-first-time-t-shirts,locale_prefixed
https://www.dresslikemommy.com/en-gr/products/family-matching-battery-t-shirts,/en-gr/products/family-matching-battery-t-shirts,family-matching-battery-t-shirts,locale_prefixed
https://www.dresslikemommy.com/en-gr/products/family-matching-dragon-t-shirts,/en-gr/products/family-matching-dragon-t-shirts,family-matching-dragon-t-shirts,locale_prefixed
https://www.dresslikemommy.com/en-gr/products/family-matching-fun-beach-set,/en-gr/products/family-matching-fun-beach-set,family-matching-fun-beach-set,locale_prefixed
https://www.dresslikemommy.com/en-gr/products/family-matching-giraffe-sweater,/en-gr/products/family-matching-giraffe-sweater,family-matching-giraffe-sweater,locale_prefixed
https://www.dresslikemommy.com/en-gr/products/family-matching-rule-maker-rule-breaker-t-shirts?variant=32232166162529,/en-gr/products/family-matching-rule-maker-rule-breaker-t-shirts,family-matching-rule-maker-rule-breaker-t-shirts,locale_prefixed
https://www.dresslikemommy.com/en-gr/products/family-matching-set-cute-and-stylish-outfits-for-mothers-fathers-and-children,/en-gr/products/family-matching-set-cute-and-stylish-outfits-for-mothers-fathers-and-children,family-matching-set-cute-and-stylish-outfits-for-mothers-fathers-and-children,locale_prefixed
https://www.dresslikemommy.com/en-gr/products/family-matching-smile-t-shirt,/en-gr/products/family-matching-smile-t-shirt,family-matching-smile-t-shirt,locale_prefixed
https://www.dresslikemommy.com/en-gr/products/matching-big-man-little-man-t-shirts,/en-gr/products/matching-big-man-little-man-t-shirts,matching-big-man-little-man-t-shirts,locale_prefixed
https://www.dresslikemommy.com/en-gr/products/matching-mommy-and-me-hollow-out-bikini,/en-gr/products/matching-mommy-and-me-hollow-out-bikini,matching-mommy-and-me-hollow-out-bikini,locale_prefixed
https://www.dresslikemommy.com/en-gr/products/matching-mommy-me-two-piece-swimsuit,/en-gr/products/matching-mommy-me-two-piece-swimsuit,matching-mommy-me-two-piece-swimsuit,locale_prefixed
https://www.dresslikemommy.com/en-gr/products/maternity-dresses-sweet-heart-chiffon-cloak-maxi-gown,/en-gr/products/maternity-dresses-sweet-heart-chiffon-cloak-maxi-gown,maternity-dresses-sweet-heart-chiffon-cloak-maxi-gown,locale_prefixed
https://www.dresslikemommy.com/en-gr/products/mommy-and-me-unicorn-sweater-fall-and-winter,/en-gr/products/mommy-and-me-unicorn-sweater-fall-and-winter,mommy-and-me-unicorn-sweater-fall-and-winter,locale_prefixed
https://www.dresslikemommy.com/en-gr/products/mommy-daughter-matching-tie-dye-dress,/en-gr/products/mommy-daughter-matching-tie-dye-dress,mommy-daughter-matching-tie-dye-dress,locale_prefixed
https://www.dresslikemommy.com/en-gr/products/mommy-me-angels-wing-swimsuit,/en-gr/products/mommy-me-angels-wing-swimsuit,mommy-me-angels-wing-swimsuit,locale_prefixed
https://www.dresslikemommy.com/en-gr/products/mommy-me-matching-leopard-print-two-piece-swimsuit,/en-gr/products/mommy-me-matching-leopard-print-two-piece-swimsuit,mommy-me-matching-leopard-print-two-piece-swimsuit,locale_prefixed
https://www.dresslikemommy.com/en-gr/products/mommy-me-maternity-solid-dress,/en-gr/products/mommy-me-maternity-solid-dress,mommy-me-maternity-solid-dress,locale_prefixed
https://www.dresslikemommy.com/en-gr/products/new-striped-matching-mother-daughter-clothes-father-son-outfits-family-look-2016-matching-family-shirts-cotton-family-outfits,/en-gr/products/new-striped-matching-mother-daughter-clothes-father-son-outfits-family-look-2016-matching-family-shirts-cotton-family-outfits,new-striped-matching-mother-daughter-clothes-father-son-outfits-family-look-2016-matching-family-shirts-cotton-family-outfits,locale_prefixed
https://www.dresslikemommy.com/en-gr/products/royal-blue-high-neck-halter-swimsuit-set-with-paisley-print-bottoms-elegant-family-beachwear,/en-gr/products/royal-blue-high-neck-halter-swimsuit-set-with-paisley-print-bottoms-elegant-family-beachwear,royal-blue-high-neck-halter-swimsuit-set-with-paisley-print-bottoms-elegant-family-beachwear,locale_prefixed
https://www.dresslikemommy.com/en-hk/account/register,/en-hk/account/register,,locale_prefixed
https://www.dresslikemommy.com/en-hk/collections/best-sellers,/en-hk/collections/best-sellers,,locale_prefixed
https://www.dresslikemommy.com/en-hk/collections/fall-winter/products/matching-maxi-double-rose-patchwork,/en-hk/collections/fall-winter/products/matching-maxi-double-rose-patchwork,matching-maxi-double-rose-patchwork,locale_prefixed
https://www.dresslikemommy.com/en-hk/collections/family-matching,/en-hk/collections/family-matching,,locale_prefixed
https://www.dresslikemommy.com/en-hk/collections/family-matching-swimsuits,/en-hk/collections/family-matching-swimsuits,,locale_prefixed
https://www.dresslikemommy.com/en-hk/collections/family-matching/products/memorable-family-matching-outfits-create-lasting-memories,/en-hk/collections/family-matching/products/memorable-family-matching-outfits-create-lasting-memories,memorable-family-matching-outfits-create-lasting-memories,locale_prefixed
https://www.dresslikemommy.com/en-hk/collections/family-matching/products/stylish-and-comfortable-family-matching-outfits,/en-hk/collections/family-matching/products/stylish-and-comfortable-family-matching-outfits,stylish-and-comfortable-family-matching-outfits,locale_prefixed
https://www.dresslikemommy.com/en-hk/collections/family-matching/products/tropical-vibes-matching-family-hawaiian-shirt-and-floral-dress,/en-hk/collections/family-matching/products/tropical-vibes-matching-family-hawaiian-shirt-and-floral-dress,tropical-vibes-matching-family-hawaiian-shirt-and-floral-dress,locale_prefixed
https://www.dresslikemommy.com/en-hk/collections/jumpers,/en-hk/collections/jumpers,,locale_prefixed
https://www.dresslikemommy.com/en-hk/collections/leggings,/en-hk/collections/leggings,,locale_prefixed
https://www.dresslikemommy.com/en-hk/collections/mommy-me,/en-hk/collections/mommy-me,,locale_prefixed
https://www.dresslikemommy.com/en-hk/collections/new-arrivals,/en-hk/collections/new-arrivals,,locale_prefixed
https://www.dresslikemommy.com/en-hk/collections/popular-mommy-me,/en-hk/collections/popular-mommy-me,,locale_prefixed
https://www.dresslikemommy.com/en-hk/collections/skirts,/en-hk/collections/skirts,,locale_prefixed
https://www.dresslikemommy.com/en-hk/collections/sundresses,/en-hk/collections/sundresses,,locale_prefixed
https://www.dresslikemommy.com/en-hk/collections/swimsuits,/en-hk/collections/swimsuits,,locale_prefixed
https://www.dresslikemommy.com/en-hk/collections/swimsuits/products/elegant-mother-daughter-matching-one-piece-swimsuit-with-patterned-mesh-skirt-family-beachwear-set,/en-hk/collections/swimsuits/products/elegant-mother-daughter-matching-one-piece-swimsuit-with-patterned-mesh-skirt-family-beachwear-set,elegant-mother-daughter-matching-one-piece-swimsuit-with-patterned-mesh-skirt-family-beachwear-set,locale_prefixed
https://www.dresslikemommy.com/en-hk/pages/secure-payments,/en-hk/pages/secure-payments,,locale_prefixed
https://www.dresslikemommy.com/en-hk/pages/shipping-and-delivery,/en-hk/pages/shipping-and-delivery,,locale_prefixed
https://www.dresslikemommy.com/en-hk/pages/terms-and-conditions,/en-hk/pages/terms-and-conditions,,locale_prefixed
https://www.dresslikemommy.com/en-hk/products/casual-family-matching-outfits-mother-and-daughter-tees-father-and-son-t-shirts-mommy-and-baby-clothes-family-clothing,/en-hk/products/casual-family-matching-outfits-mother-and-daughter-tees-father-and-son-t-shirts-mommy-and-baby-clothes-family-clothing,casual-family-matching-outfits-mother-and-daughter-tees-father-and-son-t-shirts-mommy-and-baby-clothes-family-clothing,locale_prefixed
https://www.dresslikemommy.com/en-hk/products/chic-family-matching-sleeveless-dresses-ruffled-hem-mother-daughter-summer-outfit,/en-hk/products/chic-family-matching-sleeveless-dresses-ruffled-hem-mother-daughter-summer-outfit,chic-family-matching-sleeveless-dresses-ruffled-hem-mother-daughter-summer-outfit,locale_prefixed
https://www.dresslikemommy.com/en-hk/products/chic-family-tides-mother-daughter-matching-two-piece-swimsuit-with-skirt-vibrant-versatile-swimwear-collection,/en-hk/products/chic-family-tides-mother-daughter-matching-two-piece-swimsuit-with-skirt-vibrant-versatile-swimwear-collection,chic-family-tides-mother-daughter-matching-two-piece-swimsuit-with-skirt-vibrant-versatile-swimwear-collection,locale_prefixed
https://www.dresslikemommy.com/en-hk/products/chiffon-shoulder-less-maternity-dresses-for-photo-shoot-white-front-open,/en-hk/products/chiffon-shoulder-less-maternity-dresses-for-photo-shoot-white-front-open,chiffon-shoulder-less-maternity-dresses-for-photo-shoot-white-front-open,locale_prefixed
https://www.dresslikemommy.com/en-hk/products/daddy-and-me-i-have-created-a-monster-t-shirt,/en-hk/products/daddy-and-me-i-have-created-a-monster-t-shirt,daddy-and-me-i-have-created-a-monster-t-shirt,locale_prefixed
https://www.dresslikemommy.com/en-hk/products/family-matching-colorful-sweater-dad-mother-son-daughter,/en-hk/products/family-matching-colorful-sweater-dad-mother-son-daughter,family-matching-colorful-sweater-dad-mother-son-daughter,locale_prefixed
https://www.dresslikemommy.com/en-hk/products/family-matching-dragon-t-shirts,/en-hk/products/family-matching-dragon-t-shirts,family-matching-dragon-t-shirts,locale_prefixed
https://www.dresslikemommy.com/en-hk/products/family-matching-dress-and-t-shirt-set-summer-fun-for-the-whole-family,/en-hk/products/family-matching-dress-and-t-shirt-set-summer-fun-for-the-whole-family,family-matching-dress-and-t-shirt-set-summer-fun-for-the-whole-family,locale_prefixed
https://www.dresslikemommy.com/en-hk/products/family-matching-fun-beach-set,/en-hk/products/family-matching-fun-beach-set,family-matching-fun-beach-set,locale_prefixed
https://www.dresslikemommy.com/en-hk/products/family-matching-smile-t-shirt?variant=12463565111393,/en-hk/products/family-matching-smile-t-shirt,family-matching-smile-t-shirt,locale_prefixed
https://www.dresslikemommy.com/en-hk/products/father-son-matching-hawaiian-floral-shirts,/en-hk/products/father-son-matching-hawaiian-floral-shirts,father-son-matching-hawaiian-floral-shirts,locale_prefixed
https://www.dresslikemommy.com/en-hk/products/matching-big-man-little-man-t-shirts,/en-hk/products/matching-big-man-little-man-t-shirts,matching-big-man-little-man-t-shirts,locale_prefixed
https://www.dresslikemommy.com/en-hk/products/matching-heart-t-shirt-mommy-me,/en-hk/products/matching-heart-t-shirt-mommy-me,matching-heart-t-shirt-mommy-me,locale_prefixed
https://www.dresslikemommy.com/en-hk/products/matching-mamas-boy-t-shirt,/en-hk/products/matching-mamas-boy-t-shirt,matching-mamas-boy-t-shirt,locale_prefixed
https://www.dresslikemommy.com/en-hk/products/matching-mommy-me-orange-print-swimsuit,/en-hk/products/matching-mommy-me-orange-print-swimsuit,matching-mommy-me-orange-print-swimsuit,locale_prefixed
https://www.dresslikemommy.com/en-hk/products/matching-mommy-me-sunflower-print-swimsuit,/en-hk/products/matching-mommy-me-sunflower-print-swimsuit,matching-mommy-me-sunflower-print-swimsuit,locale_prefixed
https://www.dresslikemommy.com/en-hk/products/matching-mommy-me-tie-dye-jumpsuit-romper,/en-hk/products/matching-mommy-me-tie-dye-jumpsuit-romper,matching-mommy-me-tie-dye-jumpsuit-romper,locale_prefixed
https://www.dresslikemommy.com/en-hk/products/matching-outfit-mother-daughter-chiffon-dress,/en-hk/products/matching-outfit-mother-daughter-chiffon-dress,matching-outfit-mother-daughter-chiffon-dress,locale_prefixed
https://www.dresslikemommy.com/en-hk/products/mommy-daughter-matching-tie-dye-dress,/en-hk/products/mommy-daughter-matching-tie-dye-dress,mommy-daughter-matching-tie-dye-dress,locale_prefixed
https://www.dresslikemommy.com/en-hk/products/mommy-me-angels-wing-swimsuit,/en-hk/products/mommy-me-angels-wing-swimsuit,mommy-me-angels-wing-swimsuit,locale_prefixed
https://www.dresslikemommy.com/en-hk/products/mommy-me-leaf-print-open-waist-swimsuit,/en-hk/products/mommy-me-leaf-print-open-waist-swimsuit,mommy-me-leaf-print-open-waist-swimsuit,locale_prefixed
https://www.dresslikemommy.com/en-hk/products/mommy-me-matching-solid-long-dress,/en-hk/products/mommy-me-matching-solid-long-dress,mommy-me-matching-solid-long-dress,locale_prefixed
https://www.dresslikemommy.com/en-hk/products/mommy-me-spring-flowers-dress,/en-hk/products/mommy-me-spring-flowers-dress,mommy-me-spring-flowers-dress,locale_prefixed
https://www.dresslikemommy.com/en-ie,/en-ie,,locale_prefixed
https://www.dresslikemommy.com/en-ie/,/en-ie/,,locale_prefixed
https://www.dresslikemommy.com/en-ie/collections/family-matching-swimsuits,/en-ie/collections/family-matching-swimsuits,,locale_prefixed
https://www.dresslikemommy.com/en-ie/collections/family-matching/products/family-matching-outfits-summer-boho-chic-dress-and-shirt,/en-ie/collections/family-matching/products/family-matching-outfits-summer-boho-chic-dress-and-shirt,family-matching-outfits-summer-boho-chic-dress-and-shirt,locale_prefixed
https://www.dresslikemommy.com/en-ie/collections/mommy-me,/en-ie/collections/mommy-me,,locale_prefixed
https://www.dresslikemommy.com/en-ie/collections/pajamas,/en-ie/collections/pajamas,,locale_prefixed
https://www.dresslikemommy.com/en-ie/collections/sweaters,/en-ie/collections/sweaters,,locale_prefixed
https://www.dresslikemommy.com/en-ie/pages/secure-payments,/en-ie/pages/secure-payments,,locale_prefixed
https://www.dresslikemommy.com/en-ie/products/casual-family-matching-outfits-mother-and-daughter-tees-father-and-son-t-shirts-mommy-and-baby-clothes-family-clothing,/en-ie/products/casual-family-matching-outfits-mother-and-daughter-tees-father-and-son-t-shirts-mommy-and-baby-clothes-family-clothing,casual-family-matching-outfits-mother-and-daughter-tees-father-and-son-t-shirts-mommy-and-baby-clothes-family-clothing,locale_prefixed
https://www.dresslikemommy.com/en-ie/products/chic-family-bonding-mother-daughter-matching-swimsuit-set-with-long-sleeved-cover-up,/en-ie/products/chic-family-bonding-mother-daughter-matching-swimsuit-set-with-long-sleeved-cover-up,chic-family-bonding-mother-daughter-matching-swimsuit-set-with-long-sleeved-cover-up,locale_prefixed
https://www.dresslikemommy.com/en-ie/products/chiffon-shoulder-less-maternity-dresses-for-photo-shoot-white-front-open,/en-ie/products/chiffon-shoulder-less-maternity-dresses-for-photo-shoot-white-front-open,chiffon-shoulder-less-maternity-dresses-for-photo-shoot-white-front-open,locale_prefixed
https://www.dresslikemommy.com/en-ie/products/cute-mother-daughter-matching-swimsuits,/en-ie/products/cute-mother-daughter-matching-swimsuits,cute-mother-daughter-matching-swimsuits,locale_prefixed
https://www.dresslikemommy.com/en-ie/products/family-matching-colorful-sweater-dad-mother-son-daughter,/en-ie/products/family-matching-colorful-sweater-dad-mother-son-daughter,family-matching-colorful-sweater-dad-mother-son-daughter,locale_prefixed
https://www.dresslikemommy.com/en-ie/products/family-matching-fun-beach-set,/en-ie/products/family-matching-fun-beach-set,family-matching-fun-beach-set,locale_prefixed
https://www.dresslikemommy.com/en-ie/products/family-matching-set-cute-and-stylish-outfits-for-mothers-fathers-and-children,/en-ie/products/family-matching-set-cute-and-stylish-outfits-for-mothers-fathers-and-children,family-matching-set-cute-and-stylish-outfits-for-mothers-fathers-and-children,locale_prefixed
https://www.dresslikemommy.com/en-ie/products/family-matching-summer-island-set,/en-ie/products/family-matching-summer-island-set,family-matching-summer-island-set,locale_prefixed
https://www.dresslikemommy.com/en-ie/products/matching-hand-painted-family-four-t-shirt,/en-ie/products/matching-hand-painted-family-four-t-shirt,matching-hand-painted-family-four-t-shirt,locale_prefixed
https://www.dresslikemommy.com/en-ie/products/matching-mommy-and-me-hollow-out-bikini,/en-ie/products/matching-mommy-and-me-hollow-out-bikini,matching-mommy-and-me-hollow-out-bikini,locale_prefixed
https://www.dresslikemommy.com/en-ie/products/matching-mommy-me-sunflower-print-swimsuit,/en-ie/products/matching-mommy-me-sunflower-print-swimsuit,matching-mommy-me-sunflower-print-swimsuit,locale_prefixed
https://www.dresslikemommy.com/en-ie/products/matching-mommy-me-unicorn-t-shirt,/en-ie/products/matching-mommy-me-unicorn-t-shirt,matching-mommy-me-unicorn-t-shirt,locale_prefixed
https://www.dresslikemommy.com/en-ie/products/matching-ruffle-one-piece-swimsuit,/en-ie/products/matching-ruffle-one-piece-swimsuit,matching-ruffle-one-piece-swimsuit,locale_prefixed
https://www.dresslikemommy.com/en-ie/products/matching-t-shirt-heart-rate-mommy-me,/en-ie/products/matching-t-shirt-heart-rate-mommy-me,matching-t-shirt-heart-rate-mommy-me,locale_prefixed
https://www.dresslikemommy.com/en-ie/products/mommy-and-me-checkered-sweater-vest-matching-family-outfits,/en-ie/products/mommy-and-me-checkered-sweater-vest-matching-family-outfits,mommy-and-me-checkered-sweater-vest-matching-family-outfits,locale_prefixed
https://www.dresslikemommy.com/en-ie/products/mommy-me-cotton-silk-princess-pajamas,/en-ie/products/mommy-me-cotton-silk-princess-pajamas,mommy-me-cotton-silk-princess-pajamas,locale_prefixed
https://www.dresslikemommy.com/en-ie/products/mommy-me-matching-leopard-print-two-piece-swimsuit,/en-ie/products/mommy-me-matching-leopard-print-two-piece-swimsuit,mommy-me-matching-leopard-print-two-piece-swimsuit,locale_prefixed
https://www.dresslikemommy.com/en-ie/products/mother-daughter-flag-maxi-dress,/en-ie/products/mother-daughter-flag-maxi-dress,mother-daughter-flag-maxi-dress,locale_prefixed
https://www.dresslikemommy.com/en-ie/products/mother-daughter-matching-deer-print-party-dress,/en-ie/products/mother-daughter-matching-deer-print-party-dress,mother-daughter-matching-deer-print-party-dress,locale_prefixed
https://www.dresslikemommy.com/en-jp/collections/casual-dresses?constraint=multi-color,/en-jp/collections/casual-dresses,,locale_prefixed
https://www.dresslikemommy.com/en-jp/collections/family-matching-sweaters-jackets,/en-jp/collections/family-matching-sweaters-jackets,,locale_prefixed
https://www.dresslikemommy.com/en-jp/collections/midi-dresses,/en-jp/collections/midi-dresses,,locale_prefixed
https://www.dresslikemommy.com/en-jp/products/casual-family-matching-outfits-mother-and-daughter-tees-father-and-son-t-shirts-mommy-and-baby-clothes-family-clothing,/en-jp/products/casual-family-matching-outfits-mother-and-daughter-tees-father-and-son-t-shirts-mommy-and-baby-clothes-family-clothing,casual-family-matching-outfits-mother-and-daughter-tees-father-and-son-t-shirts-mommy-and-baby-clothes-family-clothing,locale_prefixed
https://www.dresslikemommy.com/en-jp/products/chic-mother-daughter-one-shoulder-swimsuit-with-playful-ruffles-and-contrasting-stripes-nylon-polyester-blend,/en-jp/products/chic-mother-daughter-one-shoulder-swimsuit-with-playful-ruffles-and-contrasting-stripes-nylon-polyester-blend,chic-mother-daughter-one-shoulder-swimsuit-with-playful-ruffles-and-contrasting-stripes-nylon-polyester-blend,locale_prefixed
https://www.dresslikemommy.com/en-jp/products/family-matching-christmas-deer-snowflake-pjs,/en-jp/products/family-matching-christmas-deer-snowflake-pjs,family-matching-christmas-deer-snowflake-pjs,locale_prefixed
https://www.dresslikemommy.com/en-jp/products/family-matching-fun-beach-set,/en-jp/products/family-matching-fun-beach-set,family-matching-fun-beach-set,locale_prefixed
https://www.dresslikemommy.com/en-jp/products/family-matching-rule-maker-rule-breaker-t-shirts?variant=32232166162529,/en-jp/products/family-matching-rule-maker-rule-breaker-t-shirts,family-matching-rule-maker-rule-breaker-t-shirts,locale_prefixed
https://www.dresslikemommy.com/en-jp/products/family-matching-shirt-and-dress-set-yellow-floral-for-a-springtime-look,/en-jp/products/family-matching-shirt-and-dress-set-yellow-floral-for-a-springtime-look,family-matching-shirt-and-dress-set-yellow-floral-for-a-springtime-look,locale_prefixed
https://www.dresslikemommy.com/en-jp/products/father-and-son-matching-swim-trunks-classic-paisley-pattern-in-blue-and-yellow,/en-jp/products/father-and-son-matching-swim-trunks-classic-paisley-pattern-in-blue-and-yellow,father-and-son-matching-swim-trunks-classic-paisley-pattern-in-blue-and-yellow,locale_prefixed
https://www.dresslikemommy.com/en-jp/products/matching-hand-painted-family-four-t-shirt,/en-jp/products/matching-hand-painted-family-four-t-shirt,matching-hand-painted-family-four-t-shirt,locale_prefixed
https://www.dresslikemommy.com/en-jp/products/matching-mommy-me-sunflower-print-swimsuit,/en-jp/products/matching-mommy-me-sunflower-print-swimsuit,matching-mommy-me-sunflower-print-swimsuit,locale_prefixed
https://www.dresslikemommy.com/en-jp/products/royal-blue-high-neck-halter-swimsuit-set-with-paisley-print-bottoms-elegant-family-beachwear,/en-jp/products/royal-blue-high-neck-halter-swimsuit-set-with-paisley-print-bottoms-elegant-family-beachwear,royal-blue-high-neck-halter-swimsuit-set-with-paisley-print-bottoms-elegant-family-beachwear,locale_prefixed
https://www.dresslikemommy.com/en-se,/en-se,,locale_prefixed
https://www.dresslikemommy.com/en-se/collections/daddy-me-shorts,/en-se/collections/daddy-me-shorts,,locale_prefixed
https://www.dresslikemommy.com/en-se/collections/fall-winter/products/mommy-me-matching-floral-v-sling-jumpsuit,/en-se/collections/fall-winter/products/mommy-me-matching-floral-v-sling-jumpsuit,mommy-me-matching-floral-v-sling-jumpsuit,locale_prefixed
https://www.dresslikemommy.com/en-se/collections/family-matching-sets,/en-se/collections/family-matching-sets,,locale_prefixed
https://www.dresslikemommy.com/en-se/collections/family-matching-swimsuits,/en-se/collections/family-matching-swimsuits,,locale_prefixed
https://www.dresslikemommy.com/en-se/collections/family-matching-t-shirts,/en-se/collections/family-matching-t-shirts,,locale_prefixed
https://www.dresslikemommy.com/en-se/collections/pants,/en-se/collections/pants,,locale_prefixed
https://www.dresslikemommy.com/en-se/collections/popular-mommy-me,/en-se/collections/popular-mommy-me,,locale_prefixed
https://www.dresslikemommy.com/en-se/collections/popular-mommy-me-1/products/parent-child-rainbow-bear-autumn-sweater?variant=40949491925089,/en-se/collections/popular-mommy-me-1/products/parent-child-rainbow-bear-autumn-sweater,parent-child-rainbow-bear-autumn-sweater,locale_prefixed
https://www.dresslikemommy.com/en-se/pages/about-us,/en-se/pages/about-us,,locale_prefixed
https://www.dresslikemommy.com/en-se/pages/secure-payments,/en-se/pages/secure-payments,,locale_prefixed
https://www.dresslikemommy.com/en-se/pages/terms-and-conditions,/en-se/pages/terms-and-conditions,,locale_prefixed
https://www.dresslikemommy.com/en-se/products/boho-chic-family-matching-outfit-flowy-skirts-and-paisley-shirts,/en-se/products/boho-chic-family-matching-outfit-flowy-skirts-and-paisley-shirts,boho-chic-family-matching-outfit-flowy-skirts-and-paisley-shirts,locale_prefixed
https://www.dresslikemommy.com/en-se/products/casual-family-matching-outfits-mother-and-daughter-tees-father-and-son-t-shirts-mommy-and-baby-clothes-family-clothing,/en-se/products/casual-family-matching-outfits-mother-and-daughter-tees-father-and-son-t-shirts-mommy-and-baby-clothes-family-clothing,casual-family-matching-outfits-mother-and-daughter-tees-father-and-son-t-shirts-mommy-and-baby-clothes-family-clothing,locale_prefixed
https://www.dresslikemommy.com/en-se/products/dinosaur-family-matching-sweatshirts,/en-se/products/dinosaur-family-matching-sweatshirts,dinosaur-family-matching-sweatshirts,locale_prefixed
https://www.dresslikemommy.com/en-se/products/family-matching-fun-beach-set,/en-se/products/family-matching-fun-beach-set,family-matching-fun-beach-set,locale_prefixed
https://www.dresslikemommy.com/en-se/products/family-matching-rainbow-striped-sweater,/en-se/products/family-matching-rainbow-striped-sweater,family-matching-rainbow-striped-sweater,locale_prefixed
https://www.dresslikemommy.com/en-se/products/family-matching-saurus-t-shirts,/en-se/products/family-matching-saurus-t-shirts,family-matching-saurus-t-shirts,locale_prefixed
https://www.dresslikemommy.com/en-se/products/family-matching-summer-island-set,/en-se/products/family-matching-summer-island-set,family-matching-summer-island-set,locale_prefixed
https://www.dresslikemommy.com/en-se/products/family-matching-tropical-swimsuits,/en-se/products/family-matching-tropical-swimsuits,family-matching-tropical-swimsuits,locale_prefixed
https://www.dresslikemommy.com/en-se/products/matching-maxi-double-rose-patchwork,/en-se/products/matching-maxi-double-rose-patchwork,matching-maxi-double-rose-patchwork,locale_prefixed
https://www.dresslikemommy.com/en-se/products/matching-mermaid-scale-print-bikini,/en-se/products/matching-mermaid-scale-print-bikini,matching-mermaid-scale-print-bikini,locale_prefixed
https://www.dresslikemommy.com/en-se/products/matching-mommy-and-me-hollow-out-bikini,/en-se/products/matching-mommy-and-me-hollow-out-bikini,matching-mommy-and-me-hollow-out-bikini,locale_prefixed
https://www.dresslikemommy.com/en-se/products/matching-mommy-and-me-two-piece-tankini-swimsuit-set,/en-se/products/matching-mommy-and-me-two-piece-tankini-swimsuit-set,matching-mommy-and-me-two-piece-tankini-swimsuit-set,locale_prefixed
https://www.dresslikemommy.com/en-se/products/maternity-photography-props-maxi-dresses-see-through-eyelashes-lace,/en-se/products/maternity-photography-props-maxi-dresses-see-through-eyelashes-lace,maternity-photography-props-maxi-dresses-see-through-eyelashes-lace,locale_prefixed
https://www.dresslikemommy.com/en-se/products/mommy-me-matching-floral-v-sling-jumpsuit,/en-se/products/mommy-me-matching-floral-v-sling-jumpsuit,mommy-me-matching-floral-v-sling-jumpsuit,locale_prefixed
https://www.dresslikemommy.com/en-se/products/mother-daughter-flag-maxi-dress,/en-se/products/mother-daughter-flag-maxi-dress,mother-daughter-flag-maxi-dress,locale_prefixed
https://www.dresslikemommy.com/en-se/products/mother-daughter-matching-swim-set-abstract-print-two-piece-high-waisted-bikini-with-wrap-skirt,/en-se/products/mother-daughter-matching-swim-set-abstract-print-two-piece-high-waisted-bikini-with-wrap-skirt,mother-daughter-matching-swim-set-abstract-print-two-piece-high-waisted-bikini-with-wrap-skirt,locale_prefixed
https://www.dresslikemommy.com/es/products/2016-family-matching-outfits-summer-family-look-clothing-mother-daughter-dresses-clothes-chiffon-dress-korean-fashion,/es/products/2016-family-matching-outfits-summer-family-look-clothing-mother-daughter-dresses-clothes-chiffon-dress-korean-fashion,2016-family-matching-outfits-summer-family-look-clothing-mother-daughter-dresses-clothes-chiffon-dress-korean-fashion,locale_prefixed
https://www.dresslikemommy.com/es/products/daddy-and-me-i-have-created-a-monster-t-shirt,/es/products/daddy-and-me-i-have-created-a-monster-t-shirt,daddy-and-me-i-have-created-a-monster-t-shirt,locale_prefixed
https://www.dresslikemommy.com/es/products/dinosaur-family-matching-sweatshirts,/es/products/dinosaur-family-matching-sweatshirts,dinosaur-family-matching-sweatshirts,locale_prefixed
https://www.dresslikemommy.com/es/products/family-matching-boss-t-shirts,/es/products/family-matching-boss-t-shirts,family-matching-boss-t-shirts,locale_prefixed
https://www.dresslikemommy.com/es/products/family-matching-outfits-father-son-mommy-me,/es/products/family-matching-outfits-father-son-mommy-me,family-matching-outfits-father-son-mommy-me,locale_prefixed
https://www.dresslikemommy.com/es/products/family-matching-shark-t-shirts,/es/products/family-matching-shark-t-shirts,family-matching-shark-t-shirts,locale_prefixed
https://www.dresslikemommy.com/es/products/father-son-matching-hawaiian-floral-shirts,/es/products/father-son-matching-hawaiian-floral-shirts,father-son-matching-hawaiian-floral-shirts,locale_prefixed
https://www.dresslikemommy.com/es/products/gift-card,/es/products/gift-card,gift-card,locale_prefixed
https://www.dresslikemommy.com/es/products/matching-big-man-little-man-t-shirts,/es/products/matching-big-man-little-man-t-shirts,matching-big-man-little-man-t-shirts,locale_prefixed
https://www.dresslikemommy.com/es/products/maternity-photography-props-maxi-dresses-see-through-eyelashes-lace,/es/products/maternity-photography-props-maxi-dresses-see-through-eyelashes-lace,maternity-photography-props-maxi-dresses-see-through-eyelashes-lace,locale_prefixed
https://www.dresslikemommy.com/es/products/mommy-and-me-matching-coral-and-floral-print-sleeveless-maxi-dresses,/es/products/mommy-and-me-matching-coral-and-floral-print-sleeveless-maxi-dresses,mommy-and-me-matching-coral-and-floral-print-sleeveless-maxi-dresses,locale_prefixed
https://www.dresslikemommy.com/es/products/mommy-me-maternity-solid-dress,/es/products/mommy-me-maternity-solid-dress,mommy-me-maternity-solid-dress,locale_prefixed
https://www.dresslikemommy.com/fr/products/chiffon-shoulder-less-maternity-dresses-for-photo-shoot-white-front-open,/fr/products/chiffon-shoulder-less-maternity-dresses-for-photo-shoot-white-front-open,chiffon-shoulder-less-maternity-dresses-for-photo-shoot-white-front-open,locale_prefixed
https://www.dresslikemommy.com/fr/products/daddy-and-me-original-remix-t-shirt,/fr/products/daddy-and-me-original-remix-t-shirt,daddy-and-me-original-remix-t-shirt,locale_prefixed
https://www.dresslikemommy.com/fr/products/family-matching-boss-t-shirts,/fr/products/family-matching-boss-t-shirts,family-matching-boss-t-shirts,locale_prefixed
https://www.dresslikemommy.com/fr/products/family-matching-colorful-sweater-dad-mother-son-daughter,/fr/products/family-matching-colorful-sweater-dad-mother-son-daughter,family-matching-colorful-sweater-dad-mother-son-daughter,locale_prefixed
https://www.dresslikemommy.com/fr/products/family-matching-shark-t-shirts,/fr/products/family-matching-shark-t-shirts,family-matching-shark-t-shirts,locale_prefixed
https://www.dresslikemommy.com/fr/products/father-son-matching-hawaiian-floral-shirts,/fr/products/father-son-matching-hawaiian-floral-shirts,father-son-matching-hawaiian-floral-shirts,locale_prefixed
https://www.dresslikemommy.com/fr/products/matching-big-man-little-man-t-shirts,/fr/products/matching-big-man-little-man-t-shirts,matching-big-man-little-man-t-shirts,locale_prefixed
https://www.dresslikemommy.com/fr/products/matching-family-smile-hoodies-cute-comfortable-sweatshirts-for-parents-and-kids,/fr/products/matching-family-smile-hoodies-cute-comfortable-sweatshirts-for-parents-and-kids,matching-family-smile-hoodies-cute-comfortable-sweatshirts-for-parents-and-kids,locale_prefixed
https://www.dresslikemommy.com/fr/products/matching-mommy-me-unicorn-t-shirt,/fr/products/matching-mommy-me-unicorn-t-shirt,matching-mommy-me-unicorn-t-shirt,locale_prefixed
https://www.dresslikemommy.com/fr/products/matching-outfit-mother-daughter-chiffon-dress,/fr/products/matching-outfit-mother-daughter-chiffon-dress,matching-outfit-mother-daughter-chiffon-dress,locale_prefixed
https://www.dresslikemommy.com/fr/products/maternity-dress-for-photo-shooting-lace-dress,/fr/products/maternity-dress-for-photo-shooting-lace-dress,maternity-dress-for-photo-shooting-lace-dress,locale_prefixed
https://www.dresslikemommy.com/fr/products/maternity-photography-props-maxi-dresses-see-through-eyelashes-lace,/fr/products/maternity-photography-props-maxi-dresses-see-through-eyelashes-lace,maternity-photography-props-maxi-dresses-see-through-eyelashes-lace,locale_prefixed
https://www.dresslikemommy.com/fr/products/mommy-and-me-matching-rainbow-stripe-jumpsuit-set-strapless-for-moms-tie-knot-for-girls,/fr/products/mommy-and-me-matching-rainbow-stripe-jumpsuit-set-strapless-for-moms-tie-knot-for-girls,mommy-and-me-matching-rainbow-stripe-jumpsuit-set-strapless-for-moms-tie-knot-for-girls,locale_prefixed
https://www.dresslikemommy.com/fr/products/mommy-me-cotton-silk-princess-pajamas,/fr/products/mommy-me-cotton-silk-princess-pajamas,mommy-me-cotton-silk-princess-pajamas,locale_prefixed
https://www.dresslikemommy.com/fr/products/mommy-me-matching-red-dress,/fr/products/mommy-me-matching-red-dress,mommy-me-matching-red-dress,locale_prefixed
https://www.dresslikemommy.com/fr/products/mommy-me-spring-flowers-dress,/fr/products/mommy-me-spring-flowers-dress,mommy-me-spring-flowers-dress,locale_prefixed
https://www.dresslikemommy.com/fr/products/tube-top-long-dress-maternity-photography,/fr/products/tube-top-long-dress-maternity-photography,tube-top-long-dress-maternity-photography,locale_prefixed
https://www.dresslikemommy.com/${t},/${t},,non_product
https://www.dresslikemommy.com/a/s/products/matching-long-sleeved-shirt,/a/s/products/matching-long-sleeved-shirt,matching-long-sleeved-shirt,non_product
https://www.dresslikemommy.com/a/s/products/matching-striped-ruffled-mid-skirt-dress,/a/s/products/matching-striped-ruffled-mid-skirt-dress,matching-striped-ruffled-mid-skirt-dress,non_product
https://www.dresslikemommy.com/b,/b,,non_product
https://www.dresslikemommy.com/collections/family-matching,/collections/family-matching,,non_product
https://www.dresslikemommy.com/collections/family-matching/1000,/collections/family-matching/1000,,non_product
https://www.dresslikemommy.com/collections/maternity-dresses,/collections/maternity-dresses,,non_product
https://www.dresslikemommy.com/collections/swimwear,/collections/swimwear,,non_product
https://www.dresslikemommy.com/comments,/comments,,non_product
https://www.dresslikemommy.com/pages/shipping-and-delivery,/pages/shipping-and-delivery,,non_product
https://www.dresslikemommy.com/pages/wholesale-drop-shipping,/pages/wholesale-drop-shipping,,non_product
https://www.dresslikemommy.com/paginfo@dresslikemommy.com,/paginfo@dresslikemommy.com,,non_product
https://www.dresslikemommy.com/s,/s,,non_product
https://www.dresslikemommy.com/thank_you,/thank_you,,non_product
https://www.dresslikemommy.com/collections/best-sellers/products/family-matching-boss-t-shirts?variant=29815998513249,/collections/best-sellers/products/family-matching-boss-t-shirts,family-matching-boss-t-shirts,parameterized
https://www.dresslikemommy.com/collections/best-sellers/products/father-son-matching-hawaiian-floral-shirts?variant=40766580752481,/collections/best-sellers/products/father-son-matching-hawaiian-floral-shirts,father-son-matching-hawaiian-floral-shirts,parameterized
https://www.dresslikemommy.com/collections/casual-dresses/products/mommy-me-matching-red-dress?variant=29820650651745,/collections/casual-dresses/products/mommy-me-matching-red-dress,mommy-me-matching-red-dress,parameterized
https://www.dresslikemommy.com/collections/daddy-me-t-shirts/products/daddy-and-me-player-1-player-2?variant=19650039644257,/collections/daddy-me-t-shirts/products/daddy-and-me-player-1-player-2,daddy-and-me-player-1-player-2,parameterized
https://www.dresslikemommy.com/collections/daddy-me/products/daddy-and-me-i-have-created-a-monster-t-shirt?variant=29816731566177,/collections/daddy-me/products/daddy-and-me-i-have-created-a-monster-t-shirt,daddy-and-me-i-have-created-a-monster-t-shirt,parameterized
https://www.dresslikemommy.com/collections/daddy-me/products/father-son-matching-hawaiian-floral-shirts?variant=40766580752481,/collections/daddy-me/products/father-son-matching-hawaiian-floral-shirts,father-son-matching-hawaiian-floral-shirts,parameterized
https://www.dresslikemommy.com/collections/family-matching?page=1,/collections/family-matching,,parameterized
https://www.dresslikemommy.com/collections/family-matching/products/family-matching-boss-t-shirts?variant=29815998513249,/collections/family-matching/products/family-matching-boss-t-shirts,family-matching-boss-t-shirts,parameterized
https://www.dresslikemommy.com/collections/family-matching/products/family-matching-outfits-2016-summer-style-camouflage-t-shirt-fashion-look-mother-daughter-clothes-father-son-boy-girl-clothing?variant=24393642885,/collections/family-matching/products/family-matching-outfits-2016-summer-style-camouflage-t-shirt-fashion-look-mother-daughter-clothes-father-son-boy-girl-clothing,family-matching-outfits-2016-summer-style-camouflage-t-shirt-fashion-look-mother-daughter-clothes-father-son-boy-girl-clothing,parameterized
https://www.dresslikemommy.com/collections/matching-outfits/products/daddy-and-me-i-have-created-a-monster-t-shirt?variant=29816731566177,/collections/matching-outfits/products/daddy-and-me-i-have-created-a-monster-t-shirt,daddy-and-me-i-have-created-a-monster-t-shirt,parameterized
https://www.dresslikemommy.com/collections/matching-outfits/products/daddy-me-pilot-co-pilot?variant=32225215316065,/collections/matching-outfits/products/daddy-me-pilot-co-pilot,daddy-me-pilot-co-pilot,parameterized
https://www.dresslikemommy.com/collections/matching-outfits/products/family-matching-boss-t-shirts?variant=29815998513249,/collections/matching-outfits/products/family-matching-boss-t-shirts,family-matching-boss-t-shirts,parameterized
https://www.dresslikemommy.com/collections/maxi-dresses/products/matching-white-dress-mom-daughter?variant=29816670552161,/collections/maxi-dresses/products/matching-white-dress-mom-daughter,matching-white-dress-mom-daughter,parameterized
https://www.dresslikemommy.com/collections/swimsuits/products/mother-daughter-vibrant-two-piece-swimsuit-set-with-flowing-skirt-matching-family-swimwear-collection?variant=41498026442849,/collections/swimsuits/products/mother-daughter-vibrant-two-piece-swimsuit-set-with-flowing-skirt-matching-family-swimwear-collection,mother-daughter-vibrant-two-piece-swimsuit-set-with-flowing-skirt-matching-family-swimwear-collection,parameterized
https://www.dresslikemommy.com/interfaces/interfaceStore.php?appname,/interfaces/interfaceStore.php,,parameterized
https://www.dresslikemommy.com/products/2015-mom-and-daughter-dress-matching-mother-daughter-clothes-dresses-girl-princess-party-dress-women-robe-family-look-clothing?utm_source=pinterest&utm_campaign=outfy_sm_1491843682_612&utm_medium=socialmedia_post,/products/2015-mom-and-daughter-dress-matching-mother-daughter-clothes-dresses-girl-princess-party-dress-women-robe-family-look-clothing,2015-mom-and-daughter-dress-matching-mother-daughter-clothes-dresses-girl-princess-party-dress-women-robe-family-look-clothing,parameterized
https://www.dresslikemommy.com/products/2016-family-matching-outfit-mother-and-daughter-clothes-long-sleeve-t-shirt-fashion-print-topsmatching-mother-daughter-clothes?utm_source=pinterest&utm_campaign=outfy_sm_1493142964_301&utm_medium=socialmedia_post,/products/2016-family-matching-outfit-mother-and-daughter-clothes-long-sleeve-t-shirt-fashion-print-topsmatching-mother-daughter-clothes,2016-family-matching-outfit-mother-and-daughter-clothes-long-sleeve-t-shirt-fashion-print-topsmatching-mother-daughter-clothes,parameterized
https://www.dresslikemommy.com/products/2016-mother-and-daughter-dress-mum-and-daughter-dress-matching-mom-and-daughter-clothes-fashion-lace-hollowed-dress?utm_source=pinterest&utm_campaign=outfy_sm_1493664414_326&utm_medium=socialmedia_post,/products/2016-mother-and-daughter-dress-mum-and-daughter-dress-matching-mom-and-daughter-clothes-fashion-lace-hollowed-dress,2016-mother-and-daughter-dress-mum-and-daughter-dress-matching-mom-and-daughter-clothes-fashion-lace-hollowed-dress,parameterized
https://www.dresslikemommy.com/products/authentic-mother-daughter-dresses-wave-pattern-family-matching-clothes-summer-cotton-t-shirt-family-look-beach-wear-2016?utm_source=pinterest&utm_campaign=outfy_sm_1493136990_322&utm_medium=socialmedia_post,/products/authentic-mother-daughter-dresses-wave-pattern-family-matching-clothes-summer-cotton-t-shirt-family-look-beach-wear-2016,authentic-mother-daughter-dresses-wave-pattern-family-matching-clothes-summer-cotton-t-shirt-family-look-beach-wear-2016,parameterized
https://www.dresslikemommy.com/products/colorful-geometric-knitted-sweater-unisex-retro-oversized-pullover?variant=41929775317089&country=US&currency=USD,/products/colorful-geometric-knitted-sweater-unisex-retro-oversized-pullover,colorful-geometric-knitted-sweater-unisex-retro-oversized-pullover,parameterized
https://www.dresslikemommy.com/products/colorful-geometric-knitted-sweater-unisex-retro-oversized-pullover?variant=41929775448161&country=US&currency=USD,/products/colorful-geometric-knitted-sweater-unisex-retro-oversized-pullover,colorful-geometric-knitted-sweater-unisex-retro-oversized-pullover,parameterized
https://www.dresslikemommy.com/products/colorful-geometric-knitted-sweater-unisex-retro-oversized-pullover?variant=41929775513697&country=US&currency=USD,/products/colorful-geometric-knitted-sweater-unisex-retro-oversized-pullover,colorful-geometric-knitted-sweater-unisex-retro-oversized-pullover,parameterized
https://www.dresslikemommy.com/products/cotton-christmas-family-matching-pajamas?variant=30878386192481,/products/cotton-christmas-family-matching-pajamas,cotton-christmas-family-matching-pajamas,parameterized
https://www.dresslikemommy.com/products/daddy-and-me-i-have-created-a-monster-t-shirt?variant=29816980439137,/products/daddy-and-me-i-have-created-a-monster-t-shirt,daddy-and-me-i-have-created-a-monster-t-shirt,parameterized
https://www.dresslikemommy.com/products/daddy-and-me-i-have-created-a-monster-t-shirt?variant=29817005080673,/products/daddy-and-me-i-have-created-a-monster-t-shirt,daddy-and-me-i-have-created-a-monster-t-shirt,parameterized
https://www.dresslikemommy.com/products/daddy-and-me-pizza-t-shirt?variant=19650133491809,/products/daddy-and-me-pizza-t-shirt,daddy-and-me-pizza-t-shirt,parameterized
https://www.dresslikemommy.com/products/daddy-me-pilot-co-pilot?variant=32225215316065,/products/daddy-me-pilot-co-pilot,daddy-me-pilot-co-pilot,parameterized
https://www.dresslikemommy.com/products/daddy-me-pilot-co-pilot?variant=32225215643745,/products/daddy-me-pilot-co-pilot,daddy-me-pilot-co-pilot,parameterized
https://www.dresslikemommy.com/products/family-christmas-tree-graphic-matching-t-shirts-merry-christmas-holiday-family-outfits?variant=41884739338337&currency=USD,/products/family-christmas-tree-graphic-matching-t-shirts-merry-christmas-holiday-family-outfits,family-christmas-tree-graphic-matching-t-shirts-merry-christmas-holiday-family-outfits,parameterized
https://www.dresslikemommy.com/products/family-christmas-tree-graphic-matching-t-shirts-merry-christmas-holiday-family-outfits?variant=41884739600481&currency=USD,/products/family-christmas-tree-graphic-matching-t-shirts-merry-christmas-holiday-family-outfits,family-christmas-tree-graphic-matching-t-shirts-merry-christmas-holiday-family-outfits,parameterized
https://www.dresslikemommy.com/products/family-christmas-tree-graphic-matching-t-shirts-merry-christmas-holiday-family-outfits?variant=41884739731553&currency=USD,/products/family-christmas-tree-graphic-matching-t-shirts-merry-christmas-holiday-family-outfits,family-christmas-tree-graphic-matching-t-shirts-merry-christmas-holiday-family-outfits,parameterized
https://www.dresslikemommy.com/products/family-christmas-tree-graphic-matching-t-shirts-merry-christmas-holiday-family-outfits?variant=41884740386913&currency=USD,/products/family-christmas-tree-graphic-matching-t-shirts-merry-christmas-holiday-family-outfits,family-christmas-tree-graphic-matching-t-shirts-merry-christmas-holiday-family-outfits,parameterized
https://www.dresslikemommy.com/products/family-christmas-tree-graphic-matching-t-shirts-merry-christmas-holiday-family-outfits?variant=41884740517985&currency=USD,/products/family-christmas-tree-graphic-matching-t-shirts-merry-christmas-holiday-family-outfits,family-christmas-tree-graphic-matching-t-shirts-merry-christmas-holiday-family-outfits,parameterized
https://www.dresslikemommy.com/products/family-christmas-tree-graphic-matching-t-shirts-merry-christmas-holiday-family-outfits?variant=41884740911201&currency=USD,/products/family-christmas-tree-graphic-matching-t-shirts-merry-christmas-holiday-family-outfits,family-christmas-tree-graphic-matching-t-shirts-merry-christmas-holiday-family-outfits,parameterized
https://www.dresslikemommy.com/products/family-christmas-tree-graphic-matching-t-shirts-merry-christmas-holiday-family-outfits?variant=41884741173345&currency=USD,/products/family-christmas-tree-graphic-matching-t-shirts-merry-christmas-holiday-family-outfits,family-christmas-tree-graphic-matching-t-shirts-merry-christmas-holiday-family-outfits,parameterized
https://www.dresslikemommy.com/products/family-christmas-tree-graphic-matching-t-shirts-merry-christmas-holiday-family-outfits?variant=41884741304417&currency=USD,/products/family-christmas-tree-graphic-matching-t-shirts-merry-christmas-holiday-family-outfits,family-christmas-tree-graphic-matching-t-shirts-merry-christmas-holiday-family-outfits,parameterized
https://www.dresslikemommy.com/products/family-matching-argyle-sweaters-classic-knit-unisex-pullovers?variant=41930223485025&country=US&currency=USD,/products/family-matching-argyle-sweaters-classic-knit-unisex-pullovers,family-matching-argyle-sweaters-classic-knit-unisex-pullovers,parameterized
https://www.dresslikemommy.com/products/family-matching-argyle-sweaters-classic-knit-unisex-pullovers?variant=41930223681633&country=US&currency=USD,/products/family-matching-argyle-sweaters-classic-knit-unisex-pullovers,family-matching-argyle-sweaters-classic-knit-unisex-pullovers,parameterized
https://www.dresslikemommy.com/products/family-matching-argyle-sweaters-classic-knit-unisex-pullovers?variant=41930223779937&country=US&currency=USD,/products/family-matching-argyle-sweaters-classic-knit-unisex-pullovers,family-matching-argyle-sweaters-classic-knit-unisex-pullovers,parameterized
https://www.dresslikemommy.com/products/family-matching-argyle-sweaters-classic-knit-unisex-pullovers?variant=41930223976545&country=US&currency=USD,/products/family-matching-argyle-sweaters-classic-knit-unisex-pullovers,family-matching-argyle-sweaters-classic-knit-unisex-pullovers,parameterized
https://www.dresslikemommy.com/products/family-matching-argyle-sweaters-classic-knit-unisex-pullovers?variant=41930224042081&country=US&currency=USD,/products/family-matching-argyle-sweaters-classic-knit-unisex-pullovers,family-matching-argyle-sweaters-classic-knit-unisex-pullovers,parameterized
https://www.dresslikemommy.com/products/family-matching-argyle-sweaters-classic-knit-unisex-pullovers?variant=41930224173153&country=US&currency=USD,/products/family-matching-argyle-sweaters-classic-knit-unisex-pullovers,family-matching-argyle-sweaters-classic-knit-unisex-pullovers,parameterized
https://www.dresslikemommy.com/products/family-matching-argyle-sweaters-classic-knit-unisex-pullovers?variant=41930224205921&country=US&currency=USD,/products/family-matching-argyle-sweaters-classic-knit-unisex-pullovers,family-matching-argyle-sweaters-classic-knit-unisex-pullovers,parameterized
https://www.dresslikemommy.com/products/family-matching-boss-t-shirts?variant=29815999955041,/products/family-matching-boss-t-shirts,family-matching-boss-t-shirts,parameterized
https://www.dresslikemommy.com/products/family-matching-christmas-crew-pajamas-black-and-red-plaid-holiday-pajama-set-for-kids-and-adults?variant=41887300026465&currency=USD,/products/family-matching-christmas-crew-pajamas-black-and-red-plaid-holiday-pajama-set-for-kids-and-adults,family-matching-christmas-crew-pajamas-black-and-red-plaid-holiday-pajama-set-for-kids-and-adults,parameterized
https://www.dresslikemommy.com/products/family-matching-christmas-crew-pajamas-black-and-red-plaid-holiday-pajama-set-for-kids-and-adults?variant=41887300059233&currency=USD,/products/family-matching-christmas-crew-pajamas-black-and-red-plaid-holiday-pajama-set-for-kids-and-adults,family-matching-christmas-crew-pajamas-black-and-red-plaid-holiday-pajama-set-for-kids-and-adults,parameterized
https://www.dresslikemommy.com/products/family-matching-christmas-crew-pajamas-black-and-red-plaid-holiday-pajama-set-for-kids-and-adults?variant=41887300092001&currency=USD,/products/family-matching-christmas-crew-pajamas-black-and-red-plaid-holiday-pajama-set-for-kids-and-adults,family-matching-christmas-crew-pajamas-black-and-red-plaid-holiday-pajama-set-for-kids-and-adults,parameterized
https://www.dresslikemommy.com/products/family-matching-christmas-crew-pajamas-black-and-red-plaid-holiday-pajama-set-for-kids-and-adults?variant=41887300124769&currency=USD,/products/family-matching-christmas-crew-pajamas-black-and-red-plaid-holiday-pajama-set-for-kids-and-adults,family-matching-christmas-crew-pajamas-black-and-red-plaid-holiday-pajama-set-for-kids-and-adults,parameterized
https://www.dresslikemommy.com/products/family-matching-christmas-crew-pajamas-black-and-red-plaid-holiday-pajama-set-for-kids-and-adults?variant=41887300157537&currency=USD,/products/family-matching-christmas-crew-pajamas-black-and-red-plaid-holiday-pajama-set-for-kids-and-adults,family-matching-christmas-crew-pajamas-black-and-red-plaid-holiday-pajama-set-for-kids-and-adults,parameterized
https://www.dresslikemommy.com/products/family-matching-christmas-crew-pajamas-black-and-red-plaid-holiday-pajama-set-for-kids-and-adults?variant=41887300190305&currency=USD,/products/family-matching-christmas-crew-pajamas-black-and-red-plaid-holiday-pajama-set-for-kids-and-adults,family-matching-christmas-crew-pajamas-black-and-red-plaid-holiday-pajama-set-for-kids-and-adults,parameterized
https://www.dresslikemommy.com/products/family-matching-christmas-crew-pajamas-black-and-red-plaid-holiday-pajama-set-for-kids-and-adults?variant=41887300223073&currency=USD,/products/family-matching-christmas-crew-pajamas-black-and-red-plaid-holiday-pajama-set-for-kids-and-adults,family-matching-christmas-crew-pajamas-black-and-red-plaid-holiday-pajama-set-for-kids-and-adults,parameterized
https://www.dresslikemommy.com/products/family-matching-christmas-crew-pajamas-black-and-red-plaid-holiday-pajama-set-for-kids-and-adults?variant=41887300255841&currency=USD,/products/family-matching-christmas-crew-pajamas-black-and-red-plaid-holiday-pajama-set-for-kids-and-adults,family-matching-christmas-crew-pajamas-black-and-red-plaid-holiday-pajama-set-for-kids-and-adults,parameterized
https://www.dresslikemommy.com/products/family-matching-christmas-crew-pajamas-black-and-red-plaid-holiday-pajama-set-for-kids-and-adults?variant=41887300288609&currency=USD,/products/family-matching-christmas-crew-pajamas-black-and-red-plaid-holiday-pajama-set-for-kids-and-adults,family-matching-christmas-crew-pajamas-black-and-red-plaid-holiday-pajama-set-for-kids-and-adults,parameterized
https://www.dresslikemommy.com/products/family-matching-christmas-crew-pajamas-black-and-red-plaid-holiday-pajama-set-for-kids-and-adults?variant=41887300321377&currency=USD,/products/family-matching-christmas-crew-pajamas-black-and-red-plaid-holiday-pajama-set-for-kids-and-adults,family-matching-christmas-crew-pajamas-black-and-red-plaid-holiday-pajama-set-for-kids-and-adults,parameterized
https://www.dresslikemommy.com/products/family-matching-christmas-crew-pajamas-black-and-red-plaid-holiday-pajama-set-for-kids-and-adults?variant=41887300354145&currency=USD,/products/family-matching-christmas-crew-pajamas-black-and-red-plaid-holiday-pajama-set-for-kids-and-adults,family-matching-christmas-crew-pajamas-black-and-red-plaid-holiday-pajama-set-for-kids-and-adults,parameterized
https://www.dresslikemommy.com/products/family-matching-christmas-crew-pajamas-black-and-red-plaid-holiday-pajama-set-for-kids-and-adults?variant=41887300386913&currency=USD,/products/family-matching-christmas-crew-pajamas-black-and-red-plaid-holiday-pajama-set-for-kids-and-adults,family-matching-christmas-crew-pajamas-black-and-red-plaid-holiday-pajama-set-for-kids-and-adults,parameterized
https://www.dresslikemommy.com/products/family-matching-christmas-crew-pajamas-black-and-red-plaid-holiday-pajama-set-for-kids-and-adults?variant=41887300419681&currency=USD,/products/family-matching-christmas-crew-pajamas-black-and-red-plaid-holiday-pajama-set-for-kids-and-adults,family-matching-christmas-crew-pajamas-black-and-red-plaid-holiday-pajama-set-for-kids-and-adults,parameterized
https://www.dresslikemommy.com/products/family-matching-christmas-crew-pajamas-black-and-red-plaid-holiday-pajama-set-for-kids-and-adults?variant=41887300452449&currency=USD,/products/family-matching-christmas-crew-pajamas-black-and-red-plaid-holiday-pajama-set-for-kids-and-adults,family-matching-christmas-crew-pajamas-black-and-red-plaid-holiday-pajama-set-for-kids-and-adults,parameterized
https://www.dresslikemommy.com/products/family-matching-christmas-crew-pajamas-black-and-red-plaid-holiday-pajama-set-for-kids-and-adults?variant=41887300485217&currency=USD,/products/family-matching-christmas-crew-pajamas-black-and-red-plaid-holiday-pajama-set-for-kids-and-adults,family-matching-christmas-crew-pajamas-black-and-red-plaid-holiday-pajama-set-for-kids-and-adults,parameterized
https://www.dresslikemommy.com/products/family-matching-christmas-crew-pajamas-black-and-red-plaid-holiday-pajama-set-for-kids-and-adults?variant=41887300517985&currency=USD,/products/family-matching-christmas-crew-pajamas-black-and-red-plaid-holiday-pajama-set-for-kids-and-adults,family-matching-christmas-crew-pajamas-black-and-red-plaid-holiday-pajama-set-for-kids-and-adults,parameterized
https://www.dresslikemommy.com/products/family-matching-christmas-crew-pajamas-black-and-red-plaid-holiday-pajama-set-for-kids-and-adults?variant=41887300550753&currency=USD,/products/family-matching-christmas-crew-pajamas-black-and-red-plaid-holiday-pajama-set-for-kids-and-adults,family-matching-christmas-crew-pajamas-black-and-red-plaid-holiday-pajama-set-for-kids-and-adults,parameterized
https://www.dresslikemommy.com/products/family-matching-christmas-crew-pajamas-black-and-red-plaid-holiday-pajama-set-for-kids-and-adults?variant=41887300583521&currency=USD,/products/family-matching-christmas-crew-pajamas-black-and-red-plaid-holiday-pajama-set-for-kids-and-adults,family-matching-christmas-crew-pajamas-black-and-red-plaid-holiday-pajama-set-for-kids-and-adults,parameterized
https://www.dresslikemommy.com/products/family-matching-christmas-crew-pajamas-black-and-red-plaid-holiday-pajama-set-for-kids-and-adults?variant=41887300616289&currency=USD,/products/family-matching-christmas-crew-pajamas-black-and-red-plaid-holiday-pajama-set-for-kids-and-adults,family-matching-christmas-crew-pajamas-black-and-red-plaid-holiday-pajama-set-for-kids-and-adults,parameterized
https://www.dresslikemommy.com/products/family-matching-christmas-fair-isle-pajamas-festive-red-green-holiday-pajama-set-for-adults-kids-pets?variant=41886033576033&currency=USD,/products/family-matching-christmas-fair-isle-pajamas-festive-red-green-holiday-pajama-set-for-adults-kids-pets,family-matching-christmas-fair-isle-pajamas-festive-red-green-holiday-pajama-set-for-adults-kids-pets,parameterized
https://www.dresslikemommy.com/products/family-matching-christmas-fair-isle-pajamas-festive-red-green-holiday-pajama-set-for-adults-kids-pets?variant=41886033608801&currency=USD,/products/family-matching-christmas-fair-isle-pajamas-festive-red-green-holiday-pajama-set-for-adults-kids-pets,family-matching-christmas-fair-isle-pajamas-festive-red-green-holiday-pajama-set-for-adults-kids-pets,parameterized
https://www.dresslikemommy.com/products/family-matching-christmas-fair-isle-pajamas-festive-red-green-holiday-pajama-set-for-adults-kids-pets?variant=41886033641569&currency=USD,/products/family-matching-christmas-fair-isle-pajamas-festive-red-green-holiday-pajama-set-for-adults-kids-pets,family-matching-christmas-fair-isle-pajamas-festive-red-green-holiday-pajama-set-for-adults-kids-pets,parameterized
https://www.dresslikemommy.com/products/family-matching-christmas-fair-isle-pajamas-festive-red-green-holiday-pajama-set-for-adults-kids-pets?variant=41886033674337&currency=USD,/products/family-matching-christmas-fair-isle-pajamas-festive-red-green-holiday-pajama-set-for-adults-kids-pets,family-matching-christmas-fair-isle-pajamas-festive-red-green-holiday-pajama-set-for-adults-kids-pets,parameterized
https://www.dresslikemommy.com/products/family-matching-christmas-fair-isle-pajamas-festive-red-green-holiday-pajama-set-for-adults-kids-pets?variant=41886033707105&currency=USD,/products/family-matching-christmas-fair-isle-pajamas-festive-red-green-holiday-pajama-set-for-adults-kids-pets,family-matching-christmas-fair-isle-pajamas-festive-red-green-holiday-pajama-set-for-adults-kids-pets,parameterized
https://www.dresslikemommy.com/products/family-matching-christmas-fair-isle-pajamas-festive-red-green-holiday-pajama-set-for-adults-kids-pets?variant=41886033739873&currency=USD,/products/family-matching-christmas-fair-isle-pajamas-festive-red-green-holiday-pajama-set-for-adults-kids-pets,family-matching-christmas-fair-isle-pajamas-festive-red-green-holiday-pajama-set-for-adults-kids-pets,parameterized
https://www.dresslikemommy.com/products/family-matching-christmas-fair-isle-pajamas-festive-red-green-holiday-pajama-set-for-adults-kids-pets?variant=41886033772641&currency=USD,/products/family-matching-christmas-fair-isle-pajamas-festive-red-green-holiday-pajama-set-for-adults-kids-pets,family-matching-christmas-fair-isle-pajamas-festive-red-green-holiday-pajama-set-for-adults-kids-pets,parameterized
https://www.dresslikemommy.com/products/family-matching-christmas-fair-isle-pajamas-festive-red-green-holiday-pajama-set-for-adults-kids-pets?variant=41886033805409&currency=USD,/products/family-matching-christmas-fair-isle-pajamas-festive-red-green-holiday-pajama-set-for-adults-kids-pets,family-matching-christmas-fair-isle-pajamas-festive-red-green-holiday-pajama-set-for-adults-kids-pets,parameterized
https://www.dresslikemommy.com/products/family-matching-christmas-fair-isle-pajamas-festive-red-green-holiday-pajama-set-for-adults-kids-pets?variant=41886033838177&currency=USD,/products/family-matching-christmas-fair-isle-pajamas-festive-red-green-holiday-pajama-set-for-adults-kids-pets,family-matching-christmas-fair-isle-pajamas-festive-red-green-holiday-pajama-set-for-adults-kids-pets,parameterized
https://www.dresslikemommy.com/products/family-matching-christmas-fair-isle-pajamas-festive-red-green-holiday-pajama-set-for-adults-kids-pets?variant=41886033870945&currency=USD,/products/family-matching-christmas-fair-isle-pajamas-festive-red-green-holiday-pajama-set-for-adults-kids-pets,family-matching-christmas-fair-isle-pajamas-festive-red-green-holiday-pajama-set-for-adults-kids-pets,parameterized
https://www.dresslikemommy.com/products/family-matching-christmas-fair-isle-pajamas-festive-red-green-holiday-pajama-set-for-adults-kids-pets?variant=41886033903713&currency=USD,/products/family-matching-christmas-fair-isle-pajamas-festive-red-green-holiday-pajama-set-for-adults-kids-pets,family-matching-christmas-fair-isle-pajamas-festive-red-green-holiday-pajama-set-for-adults-kids-pets,parameterized
https://www.dresslikemommy.com/products/family-matching-christmas-fair-isle-pajamas-festive-red-green-holiday-pajama-set-for-adults-kids-pets?variant=41886033936481&currency=USD,/products/family-matching-christmas-fair-isle-pajamas-festive-red-green-holiday-pajama-set-for-adults-kids-pets,family-matching-christmas-fair-isle-pajamas-festive-red-green-holiday-pajama-set-for-adults-kids-pets,parameterized
https://www.dresslikemommy.com/products/family-matching-christmas-fair-isle-pajamas-festive-red-green-holiday-pajama-set-for-adults-kids-pets?variant=41886033969249&currency=USD,/products/family-matching-christmas-fair-isle-pajamas-festive-red-green-holiday-pajama-set-for-adults-kids-pets,family-matching-christmas-fair-isle-pajamas-festive-red-green-holiday-pajama-set-for-adults-kids-pets,parameterized
https://www.dresslikemommy.com/products/family-matching-christmas-fair-isle-pajamas-festive-red-green-holiday-pajama-set-for-adults-kids-pets?variant=41886034002017&currency=USD,/products/family-matching-christmas-fair-isle-pajamas-festive-red-green-holiday-pajama-set-for-adults-kids-pets,family-matching-christmas-fair-isle-pajamas-festive-red-green-holiday-pajama-set-for-adults-kids-pets,parameterized
https://www.dresslikemommy.com/products/family-matching-christmas-fair-isle-pajamas-festive-red-green-holiday-pajama-set-for-adults-kids-pets?variant=41886034034785&currency=USD,/products/family-matching-christmas-fair-isle-pajamas-festive-red-green-holiday-pajama-set-for-adults-kids-pets,family-matching-christmas-fair-isle-pajamas-festive-red-green-holiday-pajama-set-for-adults-kids-pets,parameterized
https://www.dresslikemommy.com/products/family-matching-christmas-fair-isle-pajamas-festive-red-green-holiday-pajama-set-for-adults-kids-pets?variant=41886034067553&currency=USD,/products/family-matching-christmas-fair-isle-pajamas-festive-red-green-holiday-pajama-set-for-adults-kids-pets,family-matching-christmas-fair-isle-pajamas-festive-red-green-holiday-pajama-set-for-adults-kids-pets,parameterized
https://www.dresslikemommy.com/products/family-matching-christmas-fair-isle-pajamas-festive-red-green-holiday-pajama-set-for-adults-kids-pets?variant=41886034100321&currency=USD,/products/family-matching-christmas-fair-isle-pajamas-festive-red-green-holiday-pajama-set-for-adults-kids-pets,family-matching-christmas-fair-isle-pajamas-festive-red-green-holiday-pajama-set-for-adults-kids-pets,parameterized
https://www.dresslikemommy.com/products/family-matching-christmas-fair-isle-pajamas-festive-red-green-holiday-pajama-set-for-adults-kids-pets?variant=41886034133089&currency=USD,/products/family-matching-christmas-fair-isle-pajamas-festive-red-green-holiday-pajama-set-for-adults-kids-pets,family-matching-christmas-fair-isle-pajamas-festive-red-green-holiday-pajama-set-for-adults-kids-pets,parameterized
https://www.dresslikemommy.com/products/family-matching-christmas-fair-isle-pajamas-festive-red-green-holiday-pajama-set-for-adults-kids-pets?variant=41886034264161&currency=USD,/products/family-matching-christmas-fair-isle-pajamas-festive-red-green-holiday-pajama-set-for-adults-kids-pets,family-matching-christmas-fair-isle-pajamas-festive-red-green-holiday-pajama-set-for-adults-kids-pets,parameterized
https://www.dresslikemommy.com/products/family-matching-christmas-pajama-set-cute-santa-reindeer-print-in-white-with-festive-red-accents?ref=reachdog,/products/family-matching-christmas-pajama-set-cute-santa-reindeer-print-in-white-with-festive-red-accents,family-matching-christmas-pajama-set-cute-santa-reindeer-print-in-white-with-festive-red-accents,parameterized
https://www.dresslikemommy.com/products/family-matching-christmas-pajama-set-merry-christmas-tree-print-in-festive-green-and-black-for-holiday-gatherings?ref=reachdog,/products/family-matching-christmas-pajama-set-merry-christmas-tree-print-in-festive-green-and-black-for-holiday-gatherings,family-matching-christmas-pajama-set-merry-christmas-tree-print-in-festive-green-and-black-for-holiday-gatherings,parameterized
https://www.dresslikemommy.com/products/family-matching-christmas-pajamas-set-green-white-reindeer-fair-isle-print?variant=41891067035745&country=US&currency=USD,/products/family-matching-christmas-pajamas-set-green-white-reindeer-fair-isle-print,family-matching-christmas-pajamas-set-green-white-reindeer-fair-isle-print,parameterized
https://www.dresslikemommy.com/products/family-matching-christmas-pajamas-set-green-white-reindeer-fair-isle-print?variant=41891067134049&country=US&currency=USD,/products/family-matching-christmas-pajamas-set-green-white-reindeer-fair-isle-print,family-matching-christmas-pajamas-set-green-white-reindeer-fair-isle-print,parameterized
https://www.dresslikemommy.com/products/family-matching-christmas-pajamas-set-green-white-reindeer-fair-isle-print?variant=41891067166817&country=US&currency=USD,/products/family-matching-christmas-pajamas-set-green-white-reindeer-fair-isle-print,family-matching-christmas-pajamas-set-green-white-reindeer-fair-isle-print,parameterized
https://www.dresslikemommy.com/products/family-matching-christmas-pajamas-set-green-white-reindeer-fair-isle-print?variant=41891067199585&country=US&currency=USD,/products/family-matching-christmas-pajamas-set-green-white-reindeer-fair-isle-print,family-matching-christmas-pajamas-set-green-white-reindeer-fair-isle-print,parameterized
https://www.dresslikemommy.com/products/family-matching-christmas-pajamas-set-green-white-reindeer-fair-isle-print?variant=41891067232353&country=US&currency=USD,/products/family-matching-christmas-pajamas-set-green-white-reindeer-fair-isle-print,family-matching-christmas-pajamas-set-green-white-reindeer-fair-isle-print,parameterized
https://www.dresslikemommy.com/products/family-matching-christmas-pajamas-set-green-white-reindeer-fair-isle-print?variant=41891067265121&country=US&currency=USD,/products/family-matching-christmas-pajamas-set-green-white-reindeer-fair-isle-print,family-matching-christmas-pajamas-set-green-white-reindeer-fair-isle-print,parameterized
https://www.dresslikemommy.com/products/family-matching-christmas-pajamas-set-green-white-reindeer-fair-isle-print?variant=41891067297889&country=US&currency=USD,/products/family-matching-christmas-pajamas-set-green-white-reindeer-fair-isle-print,family-matching-christmas-pajamas-set-green-white-reindeer-fair-isle-print,parameterized
https://www.dresslikemommy.com/products/family-matching-christmas-pajamas-set-green-white-reindeer-fair-isle-print?variant=41891067330657&country=US&currency=USD,/products/family-matching-christmas-pajamas-set-green-white-reindeer-fair-isle-print,family-matching-christmas-pajamas-set-green-white-reindeer-fair-isle-print,parameterized
https://www.dresslikemommy.com/products/family-matching-christmas-pajamas-set-green-white-reindeer-fair-isle-print?variant=41891067396193&country=US&currency=USD,/products/family-matching-christmas-pajamas-set-green-white-reindeer-fair-isle-print,family-matching-christmas-pajamas-set-green-white-reindeer-fair-isle-print,parameterized
https://www.dresslikemommy.com/products/family-matching-christmas-pajamas-set-green-white-reindeer-fair-isle-print?variant=41891067428961&country=US&currency=USD,/products/family-matching-christmas-pajamas-set-green-white-reindeer-fair-isle-print,family-matching-christmas-pajamas-set-green-white-reindeer-fair-isle-print,parameterized
https://www.dresslikemommy.com/products/family-matching-christmas-pajamas-set-green-white-reindeer-fair-isle-print?variant=41891067494497&country=US&currency=USD,/products/family-matching-christmas-pajamas-set-green-white-reindeer-fair-isle-print,family-matching-christmas-pajamas-set-green-white-reindeer-fair-isle-print,parameterized
https://www.dresslikemommy.com/products/family-matching-christmas-pajamas-set-green-white-reindeer-fair-isle-print?variant=41891067658337&country=US&currency=USD,/products/family-matching-christmas-pajamas-set-green-white-reindeer-fair-isle-print,family-matching-christmas-pajamas-set-green-white-reindeer-fair-isle-print,parameterized
https://www.dresslikemommy.com/products/family-matching-christmas-pajamas-set-green-white-reindeer-fair-isle-print?variant=41891067691105&country=US&currency=USD,/products/family-matching-christmas-pajamas-set-green-white-reindeer-fair-isle-print,family-matching-christmas-pajamas-set-green-white-reindeer-fair-isle-print,parameterized
https://www.dresslikemommy.com/products/family-matching-christmas-pajamas-set-green-white-reindeer-fair-isle-print?variant=41891067723873&country=US&currency=USD,/products/family-matching-christmas-pajamas-set-green-white-reindeer-fair-isle-print,family-matching-christmas-pajamas-set-green-white-reindeer-fair-isle-print,parameterized
https://www.dresslikemommy.com/products/family-matching-christmas-pajamas-set-green-white-reindeer-fair-isle-print?variant=41891067756641&country=US&currency=USD,/products/family-matching-christmas-pajamas-set-green-white-reindeer-fair-isle-print,family-matching-christmas-pajamas-set-green-white-reindeer-fair-isle-print,parameterized
https://www.dresslikemommy.com/products/family-matching-christmas-pajamas-set-green-white-reindeer-fair-isle-print?variant=41891071361121&country=US&currency=USD,/products/family-matching-christmas-pajamas-set-green-white-reindeer-fair-isle-print,family-matching-christmas-pajamas-set-green-white-reindeer-fair-isle-print,parameterized
https://www.dresslikemommy.com/products/family-matching-christmas-pajamas-set-green-white-reindeer-fair-isle-print?variant=41891071393889&country=US&currency=USD,/products/family-matching-christmas-pajamas-set-green-white-reindeer-fair-isle-print,family-matching-christmas-pajamas-set-green-white-reindeer-fair-isle-print,parameterized
https://www.dresslikemommy.com/products/family-matching-christmas-pajamas-set-green-white-reindeer-fair-isle-print?variant=41891076833377&country=US&currency=USD,/products/family-matching-christmas-pajamas-set-green-white-reindeer-fair-isle-print,family-matching-christmas-pajamas-set-green-white-reindeer-fair-isle-print,parameterized
https://www.dresslikemommy.com/products/family-matching-christmas-pajamas-set-green-white-reindeer-fair-isle-print?variant=41891076866145&country=US&currency=USD,/products/family-matching-christmas-pajamas-set-green-white-reindeer-fair-isle-print,family-matching-christmas-pajamas-set-green-white-reindeer-fair-isle-print,parameterized
https://www.dresslikemommy.com/products/family-matching-christmas-pajamas-snowman-print-merry-christmas-pjs-in-blue-and-red?ref=reachdog,/products/family-matching-christmas-pajamas-snowman-print-merry-christmas-pjs-in-blue-and-red,family-matching-christmas-pajamas-snowman-print-merry-christmas-pjs-in-blue-and-red,parameterized
https://www.dresslikemommy.com/products/family-matching-christmas-t-shirts-adorable-reindeer-design?variant=41905092821089&country=US&currency=USD,/products/family-matching-christmas-t-shirts-adorable-reindeer-design,family-matching-christmas-t-shirts-adorable-reindeer-design,parameterized
https://www.dresslikemommy.com/products/family-matching-christmas-t-shirts-adorable-reindeer-design?variant=41905092853857&country=US&currency=USD,/products/family-matching-christmas-t-shirts-adorable-reindeer-design,family-matching-christmas-t-shirts-adorable-reindeer-design,parameterized
https://www.dresslikemommy.com/products/family-matching-christmas-t-shirts-adorable-reindeer-design?variant=41905093443681&country=US&currency=USD,/products/family-matching-christmas-t-shirts-adorable-reindeer-design,family-matching-christmas-t-shirts-adorable-reindeer-design,parameterized
https://www.dresslikemommy.com/products/family-matching-christmas-t-shirts-adorable-reindeer-design?variant=41905093541985&country=US&currency=USD,/products/family-matching-christmas-t-shirts-adorable-reindeer-design,family-matching-christmas-t-shirts-adorable-reindeer-design,parameterized
https://www.dresslikemommy.com/products/family-matching-christmas-t-shirts-adorable-reindeer-design?variant=41905094328417&country=US&currency=USD,/products/family-matching-christmas-t-shirts-adorable-reindeer-design,family-matching-christmas-t-shirts-adorable-reindeer-design,parameterized
https://www.dresslikemommy.com/products/family-matching-christmas-t-shirts-adorable-reindeer-design?variant=41905094361185&country=US&currency=USD,/products/family-matching-christmas-t-shirts-adorable-reindeer-design,family-matching-christmas-t-shirts-adorable-reindeer-design,parameterized
https://www.dresslikemommy.com/products/family-matching-christmas-t-shirts-adorable-reindeer-design?variant=41905094426721&country=US&currency=USD,/products/family-matching-christmas-t-shirts-adorable-reindeer-design,family-matching-christmas-t-shirts-adorable-reindeer-design,parameterized
https://www.dresslikemommy.com/products/family-matching-christmas-t-shirts-adorable-reindeer-design?variant=41905094492257&country=US&currency=USD,/products/family-matching-christmas-t-shirts-adorable-reindeer-design,family-matching-christmas-t-shirts-adorable-reindeer-design,parameterized
https://www.dresslikemommy.com/products/family-matching-christmas-t-shirts-adorable-reindeer-design?variant=41905094754401&country=US&currency=USD,/products/family-matching-christmas-t-shirts-adorable-reindeer-design,family-matching-christmas-t-shirts-adorable-reindeer-design,parameterized
https://www.dresslikemommy.com/products/family-matching-christmas-t-shirts-adorable-reindeer-design?variant=41905094983777&country=US&currency=USD,/products/family-matching-christmas-t-shirts-adorable-reindeer-design,family-matching-christmas-t-shirts-adorable-reindeer-design,parameterized
https://www.dresslikemommy.com/products/family-matching-christmas-t-shirts-adorable-reindeer-design?variant=41905095049313&country=US&currency=USD,/products/family-matching-christmas-t-shirts-adorable-reindeer-design,family-matching-christmas-t-shirts-adorable-reindeer-design,parameterized
https://www.dresslikemommy.com/products/family-matching-christmas-t-shirts-adorable-reindeer-design?variant=41905095147617&country=US&currency=USD,/products/family-matching-christmas-t-shirts-adorable-reindeer-design,family-matching-christmas-t-shirts-adorable-reindeer-design,parameterized
https://www.dresslikemommy.com/products/family-matching-christmas-t-shirts-peek-a-boo-reindeer-design?variant=41905379311713&country=US&currency=USD,/products/family-matching-christmas-t-shirts-peek-a-boo-reindeer-design,family-matching-christmas-t-shirts-peek-a-boo-reindeer-design,parameterized
https://www.dresslikemommy.com/products/family-matching-christmas-t-shirts-peek-a-boo-reindeer-design?variant=41905379344481&country=US&currency=USD,/products/family-matching-christmas-t-shirts-peek-a-boo-reindeer-design,family-matching-christmas-t-shirts-peek-a-boo-reindeer-design,parameterized
https://www.dresslikemommy.com/products/family-matching-christmas-t-shirts-peek-a-boo-reindeer-design?variant=41905379508321&country=US&currency=USD,/products/family-matching-christmas-t-shirts-peek-a-boo-reindeer-design,family-matching-christmas-t-shirts-peek-a-boo-reindeer-design,parameterized
https://www.dresslikemommy.com/products/family-matching-christmas-t-shirts-peek-a-boo-reindeer-design?variant=41905379541089&country=US&currency=USD,/products/family-matching-christmas-t-shirts-peek-a-boo-reindeer-design,family-matching-christmas-t-shirts-peek-a-boo-reindeer-design,parameterized
https://www.dresslikemommy.com/products/family-matching-christmas-t-shirts-peek-a-boo-reindeer-design?variant=41905379803233&country=US&currency=USD,/products/family-matching-christmas-t-shirts-peek-a-boo-reindeer-design,family-matching-christmas-t-shirts-peek-a-boo-reindeer-design,parameterized
https://www.dresslikemommy.com/products/family-matching-christmas-t-shirts-peek-a-boo-reindeer-design?variant=41905379999841&country=US&currency=USD,/products/family-matching-christmas-t-shirts-peek-a-boo-reindeer-design,family-matching-christmas-t-shirts-peek-a-boo-reindeer-design,parameterized
https://www.dresslikemommy.com/products/family-matching-christmas-t-shirts-peek-a-boo-reindeer-design?variant=41905380163681&country=US&currency=USD,/products/family-matching-christmas-t-shirts-peek-a-boo-reindeer-design,family-matching-christmas-t-shirts-peek-a-boo-reindeer-design,parameterized
https://www.dresslikemommy.com/products/family-matching-christmas-t-shirts-peek-a-boo-reindeer-design?variant=41905380261985&country=US&currency=USD,/products/family-matching-christmas-t-shirts-peek-a-boo-reindeer-design,family-matching-christmas-t-shirts-peek-a-boo-reindeer-design,parameterized
https://www.dresslikemommy.com/products/family-matching-christmas-t-shirts-peek-a-boo-reindeer-design?variant=41905380425825&country=US&currency=USD,/products/family-matching-christmas-t-shirts-peek-a-boo-reindeer-design,family-matching-christmas-t-shirts-peek-a-boo-reindeer-design,parameterized
https://www.dresslikemommy.com/products/family-matching-christmas-t-shirts-peek-a-boo-reindeer-design?variant=41905380524129&country=US&currency=USD,/products/family-matching-christmas-t-shirts-peek-a-boo-reindeer-design,family-matching-christmas-t-shirts-peek-a-boo-reindeer-design,parameterized
https://www.dresslikemommy.com/products/family-matching-christmas-t-shirts-peek-a-boo-reindeer-design?variant=41905380720737&country=US&currency=USD,/products/family-matching-christmas-t-shirts-peek-a-boo-reindeer-design,family-matching-christmas-t-shirts-peek-a-boo-reindeer-design,parameterized
https://www.dresslikemommy.com/products/family-matching-christmas-t-shirts-peek-a-boo-reindeer-design?variant=41905380786273&country=US&currency=USD,/products/family-matching-christmas-t-shirts-peek-a-boo-reindeer-design,family-matching-christmas-t-shirts-peek-a-boo-reindeer-design,parameterized
https://www.dresslikemommy.com/products/family-matching-christmas-t-shirts-peek-a-boo-reindeer-design?variant=41905380819041&country=US&currency=USD,/products/family-matching-christmas-t-shirts-peek-a-boo-reindeer-design,family-matching-christmas-t-shirts-peek-a-boo-reindeer-design,parameterized
https://www.dresslikemommy.com/products/family-matching-christmas-t-shirts-peek-a-boo-reindeer-design?variant=41905380851809&country=US&currency=USD,/products/family-matching-christmas-t-shirts-peek-a-boo-reindeer-design,family-matching-christmas-t-shirts-peek-a-boo-reindeer-design,parameterized
https://www.dresslikemommy.com/products/family-matching-christmas-t-shirts-peek-a-boo-reindeer-design?variant=41905380884577&country=US&currency=USD,/products/family-matching-christmas-t-shirts-peek-a-boo-reindeer-design,family-matching-christmas-t-shirts-peek-a-boo-reindeer-design,parameterized
https://www.dresslikemommy.com/products/family-matching-christmas-t-shirts-peek-a-boo-reindeer-design?variant=41905380982881&country=US&currency=USD,/products/family-matching-christmas-t-shirts-peek-a-boo-reindeer-design,family-matching-christmas-t-shirts-peek-a-boo-reindeer-design,parameterized
https://www.dresslikemommy.com/products/family-matching-christmas-t-shirts-peek-a-boo-reindeer-design?variant=41905381081185&country=US&currency=USD,/products/family-matching-christmas-t-shirts-peek-a-boo-reindeer-design,family-matching-christmas-t-shirts-peek-a-boo-reindeer-design,parameterized
https://www.dresslikemommy.com/products/family-matching-christmas-t-shirts-peek-a-boo-reindeer-design?variant=41905381179489&country=US&currency=USD,/products/family-matching-christmas-t-shirts-peek-a-boo-reindeer-design,family-matching-christmas-t-shirts-peek-a-boo-reindeer-design,parameterized
https://www.dresslikemommy.com/products/family-matching-christmas-t-shirts-plaid-leopard-tree-design?ref=reachdog,/products/family-matching-christmas-t-shirts-plaid-leopard-tree-design,family-matching-christmas-t-shirts-plaid-leopard-tree-design,parameterized
https://www.dresslikemommy.com/products/family-matching-christmas-tree-fair-isle-pajamas-green-red-festive-pajama-set-for-adults-kids-pets?variant=41886045503585&currency=USD,/products/family-matching-christmas-tree-fair-isle-pajamas-green-red-festive-pajama-set-for-adults-kids-pets,family-matching-christmas-tree-fair-isle-pajamas-green-red-festive-pajama-set-for-adults-kids-pets,parameterized
https://www.dresslikemommy.com/products/family-matching-christmas-tree-fair-isle-pajamas-green-red-festive-pajama-set-for-adults-kids-pets?variant=41886045536353&currency=USD,/products/family-matching-christmas-tree-fair-isle-pajamas-green-red-festive-pajama-set-for-adults-kids-pets,family-matching-christmas-tree-fair-isle-pajamas-green-red-festive-pajama-set-for-adults-kids-pets,parameterized
https://www.dresslikemommy.com/products/family-matching-christmas-tree-fair-isle-pajamas-green-red-festive-pajama-set-for-adults-kids-pets?variant=41886045569121&currency=USD,/products/family-matching-christmas-tree-fair-isle-pajamas-green-red-festive-pajama-set-for-adults-kids-pets,family-matching-christmas-tree-fair-isle-pajamas-green-red-festive-pajama-set-for-adults-kids-pets,parameterized
https://www.dresslikemommy.com/products/family-matching-christmas-tree-fair-isle-pajamas-green-red-festive-pajama-set-for-adults-kids-pets?variant=41886045601889&currency=USD,/products/family-matching-christmas-tree-fair-isle-pajamas-green-red-festive-pajama-set-for-adults-kids-pets,family-matching-christmas-tree-fair-isle-pajamas-green-red-festive-pajama-set-for-adults-kids-pets,parameterized
https://www.dresslikemommy.com/products/family-matching-christmas-tree-fair-isle-pajamas-green-red-festive-pajama-set-for-adults-kids-pets?variant=41886045634657&currency=USD,/products/family-matching-christmas-tree-fair-isle-pajamas-green-red-festive-pajama-set-for-adults-kids-pets,family-matching-christmas-tree-fair-isle-pajamas-green-red-festive-pajama-set-for-adults-kids-pets,parameterized
https://www.dresslikemommy.com/products/family-matching-christmas-tree-fair-isle-pajamas-green-red-festive-pajama-set-for-adults-kids-pets?variant=41886045667425&currency=USD,/products/family-matching-christmas-tree-fair-isle-pajamas-green-red-festive-pajama-set-for-adults-kids-pets,family-matching-christmas-tree-fair-isle-pajamas-green-red-festive-pajama-set-for-adults-kids-pets,parameterized
https://www.dresslikemommy.com/products/family-matching-christmas-tree-fair-isle-pajamas-green-red-festive-pajama-set-for-adults-kids-pets?variant=41886045700193&currency=USD,/products/family-matching-christmas-tree-fair-isle-pajamas-green-red-festive-pajama-set-for-adults-kids-pets,family-matching-christmas-tree-fair-isle-pajamas-green-red-festive-pajama-set-for-adults-kids-pets,parameterized
https://www.dresslikemommy.com/products/family-matching-christmas-tree-fair-isle-pajamas-green-red-festive-pajama-set-for-adults-kids-pets?variant=41886045732961&currency=USD,/products/family-matching-christmas-tree-fair-isle-pajamas-green-red-festive-pajama-set-for-adults-kids-pets,family-matching-christmas-tree-fair-isle-pajamas-green-red-festive-pajama-set-for-adults-kids-pets,parameterized
https://www.dresslikemommy.com/products/family-matching-christmas-tree-fair-isle-pajamas-green-red-festive-pajama-set-for-adults-kids-pets?variant=41886045765729&currency=USD,/products/family-matching-christmas-tree-fair-isle-pajamas-green-red-festive-pajama-set-for-adults-kids-pets,family-matching-christmas-tree-fair-isle-pajamas-green-red-festive-pajama-set-for-adults-kids-pets,parameterized
https://www.dresslikemommy.com/products/family-matching-christmas-tree-fair-isle-pajamas-green-red-festive-pajama-set-for-adults-kids-pets?variant=41886045798497&currency=USD,/products/family-matching-christmas-tree-fair-isle-pajamas-green-red-festive-pajama-set-for-adults-kids-pets,family-matching-christmas-tree-fair-isle-pajamas-green-red-festive-pajama-set-for-adults-kids-pets,parameterized
https://www.dresslikemommy.com/products/family-matching-christmas-tree-fair-isle-pajamas-green-red-festive-pajama-set-for-adults-kids-pets?variant=41886045831265&currency=USD,/products/family-matching-christmas-tree-fair-isle-pajamas-green-red-festive-pajama-set-for-adults-kids-pets,family-matching-christmas-tree-fair-isle-pajamas-green-red-festive-pajama-set-for-adults-kids-pets,parameterized
https://www.dresslikemommy.com/products/family-matching-christmas-tree-fair-isle-pajamas-green-red-festive-pajama-set-for-adults-kids-pets?variant=41886045864033&currency=USD,/products/family-matching-christmas-tree-fair-isle-pajamas-green-red-festive-pajama-set-for-adults-kids-pets,family-matching-christmas-tree-fair-isle-pajamas-green-red-festive-pajama-set-for-adults-kids-pets,parameterized
https://www.dresslikemommy.com/products/family-matching-christmas-tree-fair-isle-pajamas-green-red-festive-pajama-set-for-adults-kids-pets?variant=41886045896801&currency=USD,/products/family-matching-christmas-tree-fair-isle-pajamas-green-red-festive-pajama-set-for-adults-kids-pets,family-matching-christmas-tree-fair-isle-pajamas-green-red-festive-pajama-set-for-adults-kids-pets,parameterized
https://www.dresslikemommy.com/products/family-matching-christmas-tree-fair-isle-pajamas-green-red-festive-pajama-set-for-adults-kids-pets?variant=41886045929569&currency=USD,/products/family-matching-christmas-tree-fair-isle-pajamas-green-red-festive-pajama-set-for-adults-kids-pets,family-matching-christmas-tree-fair-isle-pajamas-green-red-festive-pajama-set-for-adults-kids-pets,parameterized
https://www.dresslikemommy.com/products/family-matching-christmas-tree-fair-isle-pajamas-green-red-festive-pajama-set-for-adults-kids-pets?variant=41886045962337&currency=USD,/products/family-matching-christmas-tree-fair-isle-pajamas-green-red-festive-pajama-set-for-adults-kids-pets,family-matching-christmas-tree-fair-isle-pajamas-green-red-festive-pajama-set-for-adults-kids-pets,parameterized
https://www.dresslikemommy.com/products/family-matching-christmas-tree-fair-isle-pajamas-green-red-festive-pajama-set-for-adults-kids-pets?variant=41886046027873&currency=USD,/products/family-matching-christmas-tree-fair-isle-pajamas-green-red-festive-pajama-set-for-adults-kids-pets,family-matching-christmas-tree-fair-isle-pajamas-green-red-festive-pajama-set-for-adults-kids-pets,parameterized
https://www.dresslikemommy.com/products/family-matching-christmas-tree-fair-isle-pajamas-green-red-festive-pajama-set-for-adults-kids-pets?variant=41886046191713&currency=USD,/products/family-matching-christmas-tree-fair-isle-pajamas-green-red-festive-pajama-set-for-adults-kids-pets,family-matching-christmas-tree-fair-isle-pajamas-green-red-festive-pajama-set-for-adults-kids-pets,parameterized
https://www.dresslikemommy.com/products/family-matching-christmas-tree-fair-isle-pajamas-green-red-festive-pajama-set-for-adults-kids-pets?variant=41886046290017&currency=USD,/products/family-matching-christmas-tree-fair-isle-pajamas-green-red-festive-pajama-set-for-adults-kids-pets,family-matching-christmas-tree-fair-isle-pajamas-green-red-festive-pajama-set-for-adults-kids-pets,parameterized
https://www.dresslikemommy.com/products/family-matching-christmas-tree-fair-isle-pajamas-red-black-holiday-pajama-set-for-kids-and-adults?ref=reachdog,/products/family-matching-christmas-tree-fair-isle-pajamas-red-black-holiday-pajama-set-for-kids-and-adults,family-matching-christmas-tree-fair-isle-pajamas-red-black-holiday-pajama-set-for-kids-and-adults,parameterized
https://www.dresslikemommy.com/products/family-matching-christmas-tree-fair-isle-pajamas-red-black-holiday-pajama-set-for-kids-and-adults?variant=41886223695969&currency=USD,/products/family-matching-christmas-tree-fair-isle-pajamas-red-black-holiday-pajama-set-for-kids-and-adults,family-matching-christmas-tree-fair-isle-pajamas-red-black-holiday-pajama-set-for-kids-and-adults,parameterized
https://www.dresslikemommy.com/products/family-matching-christmas-tree-fair-isle-pajamas-red-black-holiday-pajama-set-for-kids-and-adults?variant=41886223761505&currency=USD,/products/family-matching-christmas-tree-fair-isle-pajamas-red-black-holiday-pajama-set-for-kids-and-adults,family-matching-christmas-tree-fair-isle-pajamas-red-black-holiday-pajama-set-for-kids-and-adults,parameterized
https://www.dresslikemommy.com/products/family-matching-christmas-tree-fair-isle-pajamas-red-black-holiday-pajama-set-for-kids-and-adults?variant=41886223794273&currency=USD,/products/family-matching-christmas-tree-fair-isle-pajamas-red-black-holiday-pajama-set-for-kids-and-adults,family-matching-christmas-tree-fair-isle-pajamas-red-black-holiday-pajama-set-for-kids-and-adults,parameterized
https://www.dresslikemommy.com/products/family-matching-christmas-tree-fair-isle-pajamas-red-black-holiday-pajama-set-for-kids-and-adults?variant=41886223827041&currency=USD,/products/family-matching-christmas-tree-fair-isle-pajamas-red-black-holiday-pajama-set-for-kids-and-adults,family-matching-christmas-tree-fair-isle-pajamas-red-black-holiday-pajama-set-for-kids-and-adults,parameterized
https://www.dresslikemommy.com/products/family-matching-christmas-tree-fair-isle-pajamas-red-black-holiday-pajama-set-for-kids-and-adults?variant=41886223892577&currency=USD,/products/family-matching-christmas-tree-fair-isle-pajamas-red-black-holiday-pajama-set-for-kids-and-adults,family-matching-christmas-tree-fair-isle-pajamas-red-black-holiday-pajama-set-for-kids-and-adults,parameterized
https://www.dresslikemommy.com/products/family-matching-christmas-tree-fair-isle-pajamas-red-black-holiday-pajama-set-for-kids-and-adults?variant=41886223925345&currency=USD,/products/family-matching-christmas-tree-fair-isle-pajamas-red-black-holiday-pajama-set-for-kids-and-adults,family-matching-christmas-tree-fair-isle-pajamas-red-black-holiday-pajama-set-for-kids-and-adults,parameterized
https://www.dresslikemommy.com/products/family-matching-christmas-tree-fair-isle-pajamas-red-black-holiday-pajama-set-for-kids-and-adults?variant=41886223958113&currency=USD,/products/family-matching-christmas-tree-fair-isle-pajamas-red-black-holiday-pajama-set-for-kids-and-adults,family-matching-christmas-tree-fair-isle-pajamas-red-black-holiday-pajama-set-for-kids-and-adults,parameterized
https://www.dresslikemommy.com/products/family-matching-christmas-tree-fair-isle-pajamas-red-black-holiday-pajama-set-for-kids-and-adults?variant=41886223990881&currency=USD,/products/family-matching-christmas-tree-fair-isle-pajamas-red-black-holiday-pajama-set-for-kids-and-adults,family-matching-christmas-tree-fair-isle-pajamas-red-black-holiday-pajama-set-for-kids-and-adults,parameterized
https://www.dresslikemommy.com/products/family-matching-christmas-tree-fair-isle-pajamas-red-black-holiday-pajama-set-for-kids-and-adults?variant=41886224023649&currency=USD,/products/family-matching-christmas-tree-fair-isle-pajamas-red-black-holiday-pajama-set-for-kids-and-adults,family-matching-christmas-tree-fair-isle-pajamas-red-black-holiday-pajama-set-for-kids-and-adults,parameterized
https://www.dresslikemommy.com/products/family-matching-christmas-tree-fair-isle-pajamas-red-black-holiday-pajama-set-for-kids-and-adults?variant=41886224056417&currency=USD,/products/family-matching-christmas-tree-fair-isle-pajamas-red-black-holiday-pajama-set-for-kids-and-adults,family-matching-christmas-tree-fair-isle-pajamas-red-black-holiday-pajama-set-for-kids-and-adults,parameterized
https://www.dresslikemommy.com/products/family-matching-christmas-tree-fair-isle-pajamas-red-black-holiday-pajama-set-for-kids-and-adults?variant=41886224089185&currency=USD,/products/family-matching-christmas-tree-fair-isle-pajamas-red-black-holiday-pajama-set-for-kids-and-adults,family-matching-christmas-tree-fair-isle-pajamas-red-black-holiday-pajama-set-for-kids-and-adults,parameterized
https://www.dresslikemommy.com/products/family-matching-christmas-tree-fair-isle-pajamas-red-black-holiday-pajama-set-for-kids-and-adults?variant=41886224121953&currency=USD,/products/family-matching-christmas-tree-fair-isle-pajamas-red-black-holiday-pajama-set-for-kids-and-adults,family-matching-christmas-tree-fair-isle-pajamas-red-black-holiday-pajama-set-for-kids-and-adults,parameterized
https://www.dresslikemommy.com/products/family-matching-christmas-tree-fair-isle-pajamas-red-black-holiday-pajama-set-for-kids-and-adults?variant=41886224154721&currency=USD,/products/family-matching-christmas-tree-fair-isle-pajamas-red-black-holiday-pajama-set-for-kids-and-adults,family-matching-christmas-tree-fair-isle-pajamas-red-black-holiday-pajama-set-for-kids-and-adults,parameterized
https://www.dresslikemommy.com/products/family-matching-christmas-tree-fair-isle-pajamas-red-black-holiday-pajama-set-for-kids-and-adults?variant=41886224187489&currency=USD,/products/family-matching-christmas-tree-fair-isle-pajamas-red-black-holiday-pajama-set-for-kids-and-adults,family-matching-christmas-tree-fair-isle-pajamas-red-black-holiday-pajama-set-for-kids-and-adults,parameterized
https://www.dresslikemommy.com/products/family-matching-christmas-tree-fair-isle-pajamas-red-black-holiday-pajama-set-for-kids-and-adults?variant=41886224220257&currency=USD,/products/family-matching-christmas-tree-fair-isle-pajamas-red-black-holiday-pajama-set-for-kids-and-adults,family-matching-christmas-tree-fair-isle-pajamas-red-black-holiday-pajama-set-for-kids-and-adults,parameterized
https://www.dresslikemommy.com/products/family-matching-christmas-tree-fair-isle-pajamas-red-black-holiday-pajama-set-for-kids-and-adults?variant=41886261837921&currency=USD,/products/family-matching-christmas-tree-fair-isle-pajamas-red-black-holiday-pajama-set-for-kids-and-adults,family-matching-christmas-tree-fair-isle-pajamas-red-black-holiday-pajama-set-for-kids-and-adults,parameterized
https://www.dresslikemommy.com/products/family-matching-christmas-tree-fair-isle-pajamas-red-black-holiday-pajama-set-for-kids-and-adults?variant=41886262165601&currency=USD,/products/family-matching-christmas-tree-fair-isle-pajamas-red-black-holiday-pajama-set-for-kids-and-adults,family-matching-christmas-tree-fair-isle-pajamas-red-black-holiday-pajama-set-for-kids-and-adults,parameterized
https://www.dresslikemommy.com/products/family-matching-dont-be-a-grinch-christmas-pajamas-fun-dr-seuss-grinch-holiday-set-for-kids-adults?variant=41890630107233&country=US&currency=USD,/products/family-matching-dont-be-a-grinch-christmas-pajamas-fun-dr-seuss-grinch-holiday-set-for-kids-adults,family-matching-dont-be-a-grinch-christmas-pajamas-fun-dr-seuss-grinch-holiday-set-for-kids-adults,parameterized
https://www.dresslikemommy.com/products/family-matching-dont-be-a-grinch-christmas-pajamas-fun-dr-seuss-grinch-holiday-set-for-kids-adults?variant=41890630140001&country=US&currency=USD,/products/family-matching-dont-be-a-grinch-christmas-pajamas-fun-dr-seuss-grinch-holiday-set-for-kids-adults,family-matching-dont-be-a-grinch-christmas-pajamas-fun-dr-seuss-grinch-holiday-set-for-kids-adults,parameterized
https://www.dresslikemommy.com/products/family-matching-dont-be-a-grinch-christmas-pajamas-fun-dr-seuss-grinch-holiday-set-for-kids-adults?variant=41890630172769&country=US&currency=USD,/products/family-matching-dont-be-a-grinch-christmas-pajamas-fun-dr-seuss-grinch-holiday-set-for-kids-adults,family-matching-dont-be-a-grinch-christmas-pajamas-fun-dr-seuss-grinch-holiday-set-for-kids-adults,parameterized
https://www.dresslikemommy.com/products/family-matching-dont-be-a-grinch-christmas-pajamas-fun-dr-seuss-grinch-holiday-set-for-kids-adults?variant=41890630238305&country=US&currency=USD,/products/family-matching-dont-be-a-grinch-christmas-pajamas-fun-dr-seuss-grinch-holiday-set-for-kids-adults,family-matching-dont-be-a-grinch-christmas-pajamas-fun-dr-seuss-grinch-holiday-set-for-kids-adults,parameterized
https://www.dresslikemommy.com/products/family-matching-dont-be-a-grinch-christmas-pajamas-fun-dr-seuss-grinch-holiday-set-for-kids-adults?variant=41890630271073&country=US&currency=USD,/products/family-matching-dont-be-a-grinch-christmas-pajamas-fun-dr-seuss-grinch-holiday-set-for-kids-adults,family-matching-dont-be-a-grinch-christmas-pajamas-fun-dr-seuss-grinch-holiday-set-for-kids-adults,parameterized
https://www.dresslikemommy.com/products/family-matching-dont-be-a-grinch-christmas-pajamas-fun-dr-seuss-grinch-holiday-set-for-kids-adults?variant=41890630303841&country=US&currency=USD,/products/family-matching-dont-be-a-grinch-christmas-pajamas-fun-dr-seuss-grinch-holiday-set-for-kids-adults,family-matching-dont-be-a-grinch-christmas-pajamas-fun-dr-seuss-grinch-holiday-set-for-kids-adults,parameterized
https://www.dresslikemommy.com/products/family-matching-dont-be-a-grinch-christmas-pajamas-fun-dr-seuss-grinch-holiday-set-for-kids-adults?variant=41890630369377&country=US&currency=USD,/products/family-matching-dont-be-a-grinch-christmas-pajamas-fun-dr-seuss-grinch-holiday-set-for-kids-adults,family-matching-dont-be-a-grinch-christmas-pajamas-fun-dr-seuss-grinch-holiday-set-for-kids-adults,parameterized
https://www.dresslikemommy.com/products/family-matching-dont-be-a-grinch-christmas-pajamas-fun-dr-seuss-grinch-holiday-set-for-kids-adults?variant=41890630402145&country=US&currency=USD,/products/family-matching-dont-be-a-grinch-christmas-pajamas-fun-dr-seuss-grinch-holiday-set-for-kids-adults,family-matching-dont-be-a-grinch-christmas-pajamas-fun-dr-seuss-grinch-holiday-set-for-kids-adults,parameterized
https://www.dresslikemommy.com/products/family-matching-dont-be-a-grinch-christmas-pajamas-fun-dr-seuss-grinch-holiday-set-for-kids-adults?variant=41890630434913&country=US&currency=USD,/products/family-matching-dont-be-a-grinch-christmas-pajamas-fun-dr-seuss-grinch-holiday-set-for-kids-adults,family-matching-dont-be-a-grinch-christmas-pajamas-fun-dr-seuss-grinch-holiday-set-for-kids-adults,parameterized
https://www.dresslikemommy.com/products/family-matching-dont-be-a-grinch-christmas-pajamas-fun-dr-seuss-grinch-holiday-set-for-kids-adults?variant=41890630500449&country=US&currency=USD,/products/family-matching-dont-be-a-grinch-christmas-pajamas-fun-dr-seuss-grinch-holiday-set-for-kids-adults,family-matching-dont-be-a-grinch-christmas-pajamas-fun-dr-seuss-grinch-holiday-set-for-kids-adults,parameterized
https://www.dresslikemommy.com/products/family-matching-dont-be-a-grinch-christmas-pajamas-fun-dr-seuss-grinch-holiday-set-for-kids-adults?variant=41890630533217&country=US&currency=USD,/products/family-matching-dont-be-a-grinch-christmas-pajamas-fun-dr-seuss-grinch-holiday-set-for-kids-adults,family-matching-dont-be-a-grinch-christmas-pajamas-fun-dr-seuss-grinch-holiday-set-for-kids-adults,parameterized
https://www.dresslikemommy.com/products/family-matching-dont-be-a-grinch-christmas-pajamas-fun-dr-seuss-grinch-holiday-set-for-kids-adults?variant=41890630565985&country=US&currency=USD,/products/family-matching-dont-be-a-grinch-christmas-pajamas-fun-dr-seuss-grinch-holiday-set-for-kids-adults,family-matching-dont-be-a-grinch-christmas-pajamas-fun-dr-seuss-grinch-holiday-set-for-kids-adults,parameterized
https://www.dresslikemommy.com/products/family-matching-dont-be-a-grinch-christmas-pajamas-fun-dr-seuss-grinch-holiday-set-for-kids-adults?variant=41890630598753&country=US&currency=USD,/products/family-matching-dont-be-a-grinch-christmas-pajamas-fun-dr-seuss-grinch-holiday-set-for-kids-adults,family-matching-dont-be-a-grinch-christmas-pajamas-fun-dr-seuss-grinch-holiday-set-for-kids-adults,parameterized
https://www.dresslikemommy.com/products/family-matching-dont-be-a-grinch-christmas-pajamas-fun-dr-seuss-grinch-holiday-set-for-kids-adults?variant=41890630631521&country=US&currency=USD,/products/family-matching-dont-be-a-grinch-christmas-pajamas-fun-dr-seuss-grinch-holiday-set-for-kids-adults,family-matching-dont-be-a-grinch-christmas-pajamas-fun-dr-seuss-grinch-holiday-set-for-kids-adults,parameterized
https://www.dresslikemommy.com/products/family-matching-dont-be-a-grinch-christmas-pajamas-fun-dr-seuss-grinch-holiday-set-for-kids-adults?variant=41890651308129&country=US&currency=USD,/products/family-matching-dont-be-a-grinch-christmas-pajamas-fun-dr-seuss-grinch-holiday-set-for-kids-adults,family-matching-dont-be-a-grinch-christmas-pajamas-fun-dr-seuss-grinch-holiday-set-for-kids-adults,parameterized
https://www.dresslikemommy.com/products/family-matching-dont-be-a-grinch-christmas-pajamas-fun-dr-seuss-grinch-holiday-set-for-kids-adults?variant=41890657337441&country=US&currency=USD,/products/family-matching-dont-be-a-grinch-christmas-pajamas-fun-dr-seuss-grinch-holiday-set-for-kids-adults,family-matching-dont-be-a-grinch-christmas-pajamas-fun-dr-seuss-grinch-holiday-set-for-kids-adults,parameterized
https://www.dresslikemommy.com/products/family-matching-dont-be-a-grinch-christmas-pajamas-fun-dr-seuss-grinch-holiday-set-for-kids-adults?variant=41890657370209&country=US&currency=USD,/products/family-matching-dont-be-a-grinch-christmas-pajamas-fun-dr-seuss-grinch-holiday-set-for-kids-adults,family-matching-dont-be-a-grinch-christmas-pajamas-fun-dr-seuss-grinch-holiday-set-for-kids-adults,parameterized
https://www.dresslikemommy.com/products/family-matching-dragon-t-shirts?variant=29815620730977,/products/family-matching-dragon-t-shirts,family-matching-dragon-t-shirts,parameterized
https://www.dresslikemommy.com/products/family-matching-dragon-t-shirts?variant=29815620862049,/products/family-matching-dragon-t-shirts,family-matching-dragon-t-shirts,parameterized
https://www.dresslikemommy.com/products/family-matching-dragon-t-shirts?variant=29815621648481,/products/family-matching-dragon-t-shirts,family-matching-dragon-t-shirts,parameterized
https://www.dresslikemommy.com/products/family-matching-fleece-loungewear-sets-cozy-two-piece-pajamas-for-mom-and-kids?variant=41930598285409&country=US&currency=USD,/products/family-matching-fleece-loungewear-sets-cozy-two-piece-pajamas-for-mom-and-kids,family-matching-fleece-loungewear-sets-cozy-two-piece-pajamas-for-mom-and-kids,parameterized
https://www.dresslikemommy.com/products/family-matching-halloween-pajamas?variant=29829911871585,/products/family-matching-halloween-pajamas,family-matching-halloween-pajamas,parameterized
https://www.dresslikemommy.com/products/family-matching-holiday-christmas-pajamas?variant=32857881182305,/products/family-matching-holiday-christmas-pajamas,family-matching-holiday-christmas-pajamas,parameterized
https://www.dresslikemommy.com/products/family-matching-holiday-safari-animal-pajamas-cozy-green-christmas-pajama-set-for-kids-adults-pets?variant=41885671784545&currency=USD,/products/family-matching-holiday-safari-animal-pajamas-cozy-green-christmas-pajama-set-for-kids-adults-pets,family-matching-holiday-safari-animal-pajamas-cozy-green-christmas-pajama-set-for-kids-adults-pets,parameterized
https://www.dresslikemommy.com/products/family-matching-holiday-safari-animal-pajamas-cozy-green-christmas-pajama-set-for-kids-adults-pets?variant=41885671817313&currency=USD,/products/family-matching-holiday-safari-animal-pajamas-cozy-green-christmas-pajama-set-for-kids-adults-pets,family-matching-holiday-safari-animal-pajamas-cozy-green-christmas-pajama-set-for-kids-adults-pets,parameterized
https://www.dresslikemommy.com/products/family-matching-holiday-safari-animal-pajamas-cozy-green-christmas-pajama-set-for-kids-adults-pets?variant=41885671850081&currency=USD,/products/family-matching-holiday-safari-animal-pajamas-cozy-green-christmas-pajama-set-for-kids-adults-pets,family-matching-holiday-safari-animal-pajamas-cozy-green-christmas-pajama-set-for-kids-adults-pets,parameterized
https://www.dresslikemommy.com/products/family-matching-holiday-safari-animal-pajamas-cozy-green-christmas-pajama-set-for-kids-adults-pets?variant=41885671882849&currency=USD,/products/family-matching-holiday-safari-animal-pajamas-cozy-green-christmas-pajama-set-for-kids-adults-pets,family-matching-holiday-safari-animal-pajamas-cozy-green-christmas-pajama-set-for-kids-adults-pets,parameterized
https://www.dresslikemommy.com/products/family-matching-holiday-safari-animal-pajamas-cozy-green-christmas-pajama-set-for-kids-adults-pets?variant=41885671915617&currency=USD,/products/family-matching-holiday-safari-animal-pajamas-cozy-green-christmas-pajama-set-for-kids-adults-pets,family-matching-holiday-safari-animal-pajamas-cozy-green-christmas-pajama-set-for-kids-adults-pets,parameterized
https://www.dresslikemommy.com/products/family-matching-holiday-safari-animal-pajamas-cozy-green-christmas-pajama-set-for-kids-adults-pets?variant=41885671948385&currency=USD,/products/family-matching-holiday-safari-animal-pajamas-cozy-green-christmas-pajama-set-for-kids-adults-pets,family-matching-holiday-safari-animal-pajamas-cozy-green-christmas-pajama-set-for-kids-adults-pets,parameterized
https://www.dresslikemommy.com/products/family-matching-holiday-safari-animal-pajamas-cozy-green-christmas-pajama-set-for-kids-adults-pets?variant=41885671981153&currency=USD,/products/family-matching-holiday-safari-animal-pajamas-cozy-green-christmas-pajama-set-for-kids-adults-pets,family-matching-holiday-safari-animal-pajamas-cozy-green-christmas-pajama-set-for-kids-adults-pets,parameterized
https://www.dresslikemommy.com/products/family-matching-holiday-safari-animal-pajamas-cozy-green-christmas-pajama-set-for-kids-adults-pets?variant=41885672013921&currency=USD,/products/family-matching-holiday-safari-animal-pajamas-cozy-green-christmas-pajama-set-for-kids-adults-pets,family-matching-holiday-safari-animal-pajamas-cozy-green-christmas-pajama-set-for-kids-adults-pets,parameterized
https://www.dresslikemommy.com/products/family-matching-holiday-safari-animal-pajamas-cozy-green-christmas-pajama-set-for-kids-adults-pets?variant=41885672046689&currency=USD,/products/family-matching-holiday-safari-animal-pajamas-cozy-green-christmas-pajama-set-for-kids-adults-pets,family-matching-holiday-safari-animal-pajamas-cozy-green-christmas-pajama-set-for-kids-adults-pets,parameterized
https://www.dresslikemommy.com/products/family-matching-holiday-safari-animal-pajamas-cozy-green-christmas-pajama-set-for-kids-adults-pets?variant=41885672079457&currency=USD,/products/family-matching-holiday-safari-animal-pajamas-cozy-green-christmas-pajama-set-for-kids-adults-pets,family-matching-holiday-safari-animal-pajamas-cozy-green-christmas-pajama-set-for-kids-adults-pets,parameterized
https://www.dresslikemommy.com/products/family-matching-holiday-safari-animal-pajamas-cozy-green-christmas-pajama-set-for-kids-adults-pets?variant=41885672112225&currency=USD,/products/family-matching-holiday-safari-animal-pajamas-cozy-green-christmas-pajama-set-for-kids-adults-pets,family-matching-holiday-safari-animal-pajamas-cozy-green-christmas-pajama-set-for-kids-adults-pets,parameterized
https://www.dresslikemommy.com/products/family-matching-holiday-safari-animal-pajamas-cozy-green-christmas-pajama-set-for-kids-adults-pets?variant=41885672144993&currency=USD,/products/family-matching-holiday-safari-animal-pajamas-cozy-green-christmas-pajama-set-for-kids-adults-pets,family-matching-holiday-safari-animal-pajamas-cozy-green-christmas-pajama-set-for-kids-adults-pets,parameterized
https://www.dresslikemommy.com/products/family-matching-holiday-safari-animal-pajamas-cozy-green-christmas-pajama-set-for-kids-adults-pets?variant=41885672177761&currency=USD,/products/family-matching-holiday-safari-animal-pajamas-cozy-green-christmas-pajama-set-for-kids-adults-pets,family-matching-holiday-safari-animal-pajamas-cozy-green-christmas-pajama-set-for-kids-adults-pets,parameterized
https://www.dresslikemommy.com/products/family-matching-holiday-safari-animal-pajamas-cozy-green-christmas-pajama-set-for-kids-adults-pets?variant=41885672210529&currency=USD,/products/family-matching-holiday-safari-animal-pajamas-cozy-green-christmas-pajama-set-for-kids-adults-pets,family-matching-holiday-safari-animal-pajamas-cozy-green-christmas-pajama-set-for-kids-adults-pets,parameterized
https://www.dresslikemommy.com/products/family-matching-holiday-safari-animal-pajamas-cozy-green-christmas-pajama-set-for-kids-adults-pets?variant=41885672243297&currency=USD,/products/family-matching-holiday-safari-animal-pajamas-cozy-green-christmas-pajama-set-for-kids-adults-pets,family-matching-holiday-safari-animal-pajamas-cozy-green-christmas-pajama-set-for-kids-adults-pets,parameterized
https://www.dresslikemommy.com/products/family-matching-holiday-safari-animal-pajamas-cozy-green-christmas-pajama-set-for-kids-adults-pets?variant=41885672276065&currency=USD,/products/family-matching-holiday-safari-animal-pajamas-cozy-green-christmas-pajama-set-for-kids-adults-pets,family-matching-holiday-safari-animal-pajamas-cozy-green-christmas-pajama-set-for-kids-adults-pets,parameterized
https://www.dresslikemommy.com/products/family-matching-holiday-safari-animal-pajamas-cozy-green-christmas-pajama-set-for-kids-adults-pets?variant=41885672308833&currency=USD,/products/family-matching-holiday-safari-animal-pajamas-cozy-green-christmas-pajama-set-for-kids-adults-pets,family-matching-holiday-safari-animal-pajamas-cozy-green-christmas-pajama-set-for-kids-adults-pets,parameterized
https://www.dresslikemommy.com/products/family-matching-holiday-safari-animal-pajamas-cozy-green-christmas-pajama-set-for-kids-adults-pets?variant=41885672341601&currency=USD,/products/family-matching-holiday-safari-animal-pajamas-cozy-green-christmas-pajama-set-for-kids-adults-pets,family-matching-holiday-safari-animal-pajamas-cozy-green-christmas-pajama-set-for-kids-adults-pets,parameterized
https://www.dresslikemommy.com/products/family-matching-holiday-safari-animal-pajamas-cozy-green-christmas-pajama-set-for-kids-adults-pets?variant=41885672374369&currency=USD,/products/family-matching-holiday-safari-animal-pajamas-cozy-green-christmas-pajama-set-for-kids-adults-pets,family-matching-holiday-safari-animal-pajamas-cozy-green-christmas-pajama-set-for-kids-adults-pets,parameterized
https://www.dresslikemommy.com/products/family-matching-king-queen-prince-princess-t-shirts?variant=29816093442145,/products/family-matching-king-queen-prince-princess-t-shirts,family-matching-king-queen-prince-princess-t-shirts,parameterized
https://www.dresslikemommy.com/products/family-matching-king-queen-prince-princess-t-shirts?variant=32675955376225,/products/family-matching-king-queen-prince-princess-t-shirts,family-matching-king-queen-prince-princess-t-shirts,parameterized
https://www.dresslikemommy.com/products/family-matching-let-it-snow-merry-christmas-pajamas-navy-blue-snowman-fair-isle-holiday-pajama-set-for-kids-adults-pets?variant=41888231981153&country=US&currency=USD,/products/family-matching-let-it-snow-merry-christmas-pajamas-navy-blue-snowman-fair-isle-holiday-pajama-set-for-kids-adults-pets,family-matching-let-it-snow-merry-christmas-pajamas-navy-blue-snowman-fair-isle-holiday-pajama-set-for-kids-adults-pets,parameterized
https://www.dresslikemommy.com/products/family-matching-let-it-snow-merry-christmas-pajamas-navy-blue-snowman-fair-isle-holiday-pajama-set-for-kids-adults-pets?variant=41888232013921&country=US&currency=USD,/products/family-matching-let-it-snow-merry-christmas-pajamas-navy-blue-snowman-fair-isle-holiday-pajama-set-for-kids-adults-pets,family-matching-let-it-snow-merry-christmas-pajamas-navy-blue-snowman-fair-isle-holiday-pajama-set-for-kids-adults-pets,parameterized
https://www.dresslikemommy.com/products/family-matching-let-it-snow-merry-christmas-pajamas-navy-blue-snowman-fair-isle-holiday-pajama-set-for-kids-adults-pets?variant=41888232046689&country=US&currency=USD,/products/family-matching-let-it-snow-merry-christmas-pajamas-navy-blue-snowman-fair-isle-holiday-pajama-set-for-kids-adults-pets,family-matching-let-it-snow-merry-christmas-pajamas-navy-blue-snowman-fair-isle-holiday-pajama-set-for-kids-adults-pets,parameterized
https://www.dresslikemommy.com/products/family-matching-let-it-snow-merry-christmas-pajamas-navy-blue-snowman-fair-isle-holiday-pajama-set-for-kids-adults-pets?variant=41888232079457&country=US&currency=USD,/products/family-matching-let-it-snow-merry-christmas-pajamas-navy-blue-snowman-fair-isle-holiday-pajama-set-for-kids-adults-pets,family-matching-let-it-snow-merry-christmas-pajamas-navy-blue-snowman-fair-isle-holiday-pajama-set-for-kids-adults-pets,parameterized
https://www.dresslikemommy.com/products/family-matching-let-it-snow-merry-christmas-pajamas-navy-blue-snowman-fair-isle-holiday-pajama-set-for-kids-adults-pets?variant=41888232112225&country=US&currency=USD,/products/family-matching-let-it-snow-merry-christmas-pajamas-navy-blue-snowman-fair-isle-holiday-pajama-set-for-kids-adults-pets,family-matching-let-it-snow-merry-christmas-pajamas-navy-blue-snowman-fair-isle-holiday-pajama-set-for-kids-adults-pets,parameterized
https://www.dresslikemommy.com/products/family-matching-let-it-snow-merry-christmas-pajamas-navy-blue-snowman-fair-isle-holiday-pajama-set-for-kids-adults-pets?variant=41888232144993&country=US&currency=USD,/products/family-matching-let-it-snow-merry-christmas-pajamas-navy-blue-snowman-fair-isle-holiday-pajama-set-for-kids-adults-pets,family-matching-let-it-snow-merry-christmas-pajamas-navy-blue-snowman-fair-isle-holiday-pajama-set-for-kids-adults-pets,parameterized
https://www.dresslikemommy.com/products/family-matching-let-it-snow-merry-christmas-pajamas-navy-blue-snowman-fair-isle-holiday-pajama-set-for-kids-adults-pets?variant=41888232177761&country=US&currency=USD,/products/family-matching-let-it-snow-merry-christmas-pajamas-navy-blue-snowman-fair-isle-holiday-pajama-set-for-kids-adults-pets,family-matching-let-it-snow-merry-christmas-pajamas-navy-blue-snowman-fair-isle-holiday-pajama-set-for-kids-adults-pets,parameterized
https://www.dresslikemommy.com/products/family-matching-let-it-snow-merry-christmas-pajamas-navy-blue-snowman-fair-isle-holiday-pajama-set-for-kids-adults-pets?variant=41888232210529&country=US&currency=USD,/products/family-matching-let-it-snow-merry-christmas-pajamas-navy-blue-snowman-fair-isle-holiday-pajama-set-for-kids-adults-pets,family-matching-let-it-snow-merry-christmas-pajamas-navy-blue-snowman-fair-isle-holiday-pajama-set-for-kids-adults-pets,parameterized
https://www.dresslikemommy.com/products/family-matching-let-it-snow-merry-christmas-pajamas-navy-blue-snowman-fair-isle-holiday-pajama-set-for-kids-adults-pets?variant=41888232243297&country=US&currency=USD,/products/family-matching-let-it-snow-merry-christmas-pajamas-navy-blue-snowman-fair-isle-holiday-pajama-set-for-kids-adults-pets,family-matching-let-it-snow-merry-christmas-pajamas-navy-blue-snowman-fair-isle-holiday-pajama-set-for-kids-adults-pets,parameterized
https://www.dresslikemommy.com/products/family-matching-let-it-snow-merry-christmas-pajamas-navy-blue-snowman-fair-isle-holiday-pajama-set-for-kids-adults-pets?variant=41888232276065&country=US&currency=USD,/products/family-matching-let-it-snow-merry-christmas-pajamas-navy-blue-snowman-fair-isle-holiday-pajama-set-for-kids-adults-pets,family-matching-let-it-snow-merry-christmas-pajamas-navy-blue-snowman-fair-isle-holiday-pajama-set-for-kids-adults-pets,parameterized
https://www.dresslikemommy.com/products/family-matching-let-it-snow-merry-christmas-pajamas-navy-blue-snowman-fair-isle-holiday-pajama-set-for-kids-adults-pets?variant=41888232308833&country=US&currency=USD,/products/family-matching-let-it-snow-merry-christmas-pajamas-navy-blue-snowman-fair-isle-holiday-pajama-set-for-kids-adults-pets,family-matching-let-it-snow-merry-christmas-pajamas-navy-blue-snowman-fair-isle-holiday-pajama-set-for-kids-adults-pets,parameterized
https://www.dresslikemommy.com/products/family-matching-let-it-snow-merry-christmas-pajamas-navy-blue-snowman-fair-isle-holiday-pajama-set-for-kids-adults-pets?variant=41888232341601&country=US&currency=USD,/products/family-matching-let-it-snow-merry-christmas-pajamas-navy-blue-snowman-fair-isle-holiday-pajama-set-for-kids-adults-pets,family-matching-let-it-snow-merry-christmas-pajamas-navy-blue-snowman-fair-isle-holiday-pajama-set-for-kids-adults-pets,parameterized
https://www.dresslikemommy.com/products/family-matching-let-it-snow-merry-christmas-pajamas-navy-blue-snowman-fair-isle-holiday-pajama-set-for-kids-adults-pets?variant=41888232374369&country=US&currency=USD,/products/family-matching-let-it-snow-merry-christmas-pajamas-navy-blue-snowman-fair-isle-holiday-pajama-set-for-kids-adults-pets,family-matching-let-it-snow-merry-christmas-pajamas-navy-blue-snowman-fair-isle-holiday-pajama-set-for-kids-adults-pets,parameterized
https://www.dresslikemommy.com/products/family-matching-let-it-snow-merry-christmas-pajamas-navy-blue-snowman-fair-isle-holiday-pajama-set-for-kids-adults-pets?variant=41888232407137&country=US&currency=USD,/products/family-matching-let-it-snow-merry-christmas-pajamas-navy-blue-snowman-fair-isle-holiday-pajama-set-for-kids-adults-pets,family-matching-let-it-snow-merry-christmas-pajamas-navy-blue-snowman-fair-isle-holiday-pajama-set-for-kids-adults-pets,parameterized
https://www.dresslikemommy.com/products/family-matching-let-it-snow-merry-christmas-pajamas-navy-blue-snowman-fair-isle-holiday-pajama-set-for-kids-adults-pets?variant=41888232439905&country=US&currency=USD,/products/family-matching-let-it-snow-merry-christmas-pajamas-navy-blue-snowman-fair-isle-holiday-pajama-set-for-kids-adults-pets,family-matching-let-it-snow-merry-christmas-pajamas-navy-blue-snowman-fair-isle-holiday-pajama-set-for-kids-adults-pets,parameterized
https://www.dresslikemommy.com/products/family-matching-let-it-snow-merry-christmas-pajamas-navy-blue-snowman-fair-isle-holiday-pajama-set-for-kids-adults-pets?variant=41888232472673&country=US&currency=USD,/products/family-matching-let-it-snow-merry-christmas-pajamas-navy-blue-snowman-fair-isle-holiday-pajama-set-for-kids-adults-pets,family-matching-let-it-snow-merry-christmas-pajamas-navy-blue-snowman-fair-isle-holiday-pajama-set-for-kids-adults-pets,parameterized
https://www.dresslikemommy.com/products/family-matching-let-it-snow-merry-christmas-pajamas-navy-blue-snowman-fair-isle-holiday-pajama-set-for-kids-adults-pets?variant=41888290111585&country=US&currency=USD,/products/family-matching-let-it-snow-merry-christmas-pajamas-navy-blue-snowman-fair-isle-holiday-pajama-set-for-kids-adults-pets,family-matching-let-it-snow-merry-christmas-pajamas-navy-blue-snowman-fair-isle-holiday-pajama-set-for-kids-adults-pets,parameterized
https://www.dresslikemommy.com/products/family-matching-let-it-snow-merry-christmas-pajamas-navy-blue-snowman-fair-isle-holiday-pajama-set-for-kids-adults-pets?variant=41888290603105&country=US&currency=USD,/products/family-matching-let-it-snow-merry-christmas-pajamas-navy-blue-snowman-fair-isle-holiday-pajama-set-for-kids-adults-pets,family-matching-let-it-snow-merry-christmas-pajamas-navy-blue-snowman-fair-isle-holiday-pajama-set-for-kids-adults-pets,parameterized
https://www.dresslikemommy.com/products/family-matching-let-it-snow-merry-christmas-pajamas-navy-blue-snowman-fair-isle-holiday-pajama-set-for-kids-adults-pets?variant=41888346538081&country=US&currency=USD,/products/family-matching-let-it-snow-merry-christmas-pajamas-navy-blue-snowman-fair-isle-holiday-pajama-set-for-kids-adults-pets,family-matching-let-it-snow-merry-christmas-pajamas-navy-blue-snowman-fair-isle-holiday-pajama-set-for-kids-adults-pets,parameterized
https://www.dresslikemommy.com/products/family-matching-merry-christmas-tree-pajamas-black-green-plaid-holiday-pajama-set-for-kids-adults-infants?ref=reachdog,/products/family-matching-merry-christmas-tree-pajamas-black-green-plaid-holiday-pajama-set-for-kids-adults-infants,family-matching-merry-christmas-tree-pajamas-black-green-plaid-holiday-pajama-set-for-kids-adults-infants,parameterized
https://www.dresslikemommy.com/products/family-matching-merry-christmas-tree-pajamas-black-green-plaid-holiday-pajama-set-for-kids-adults-infants?variant=41888706330721&country=US&currency=USD,/products/family-matching-merry-christmas-tree-pajamas-black-green-plaid-holiday-pajama-set-for-kids-adults-infants,family-matching-merry-christmas-tree-pajamas-black-green-plaid-holiday-pajama-set-for-kids-adults-infants,parameterized
https://www.dresslikemommy.com/products/family-matching-merry-christmas-tree-pajamas-black-green-plaid-holiday-pajama-set-for-kids-adults-infants?variant=41888706396257&country=US&currency=USD,/products/family-matching-merry-christmas-tree-pajamas-black-green-plaid-holiday-pajama-set-for-kids-adults-infants,family-matching-merry-christmas-tree-pajamas-black-green-plaid-holiday-pajama-set-for-kids-adults-infants,parameterized
https://www.dresslikemommy.com/products/family-matching-merry-christmas-tree-pajamas-black-green-plaid-holiday-pajama-set-for-kids-adults-infants?variant=41888706461793&country=US&currency=USD,/products/family-matching-merry-christmas-tree-pajamas-black-green-plaid-holiday-pajama-set-for-kids-adults-infants,family-matching-merry-christmas-tree-pajamas-black-green-plaid-holiday-pajama-set-for-kids-adults-infants,parameterized
https://www.dresslikemommy.com/products/family-matching-merry-christmas-tree-pajamas-black-green-plaid-holiday-pajama-set-for-kids-adults-infants?variant=41888706494561&country=US&currency=USD,/products/family-matching-merry-christmas-tree-pajamas-black-green-plaid-holiday-pajama-set-for-kids-adults-infants,family-matching-merry-christmas-tree-pajamas-black-green-plaid-holiday-pajama-set-for-kids-adults-infants,parameterized
https://www.dresslikemommy.com/products/family-matching-merry-christmas-tree-pajamas-black-green-plaid-holiday-pajama-set-for-kids-adults-infants?variant=41888706527329&country=US&currency=USD,/products/family-matching-merry-christmas-tree-pajamas-black-green-plaid-holiday-pajama-set-for-kids-adults-infants,family-matching-merry-christmas-tree-pajamas-black-green-plaid-holiday-pajama-set-for-kids-adults-infants,parameterized
https://www.dresslikemommy.com/products/family-matching-merry-christmas-tree-pajamas-black-green-plaid-holiday-pajama-set-for-kids-adults-infants?variant=41888706560097&country=US&currency=USD,/products/family-matching-merry-christmas-tree-pajamas-black-green-plaid-holiday-pajama-set-for-kids-adults-infants,family-matching-merry-christmas-tree-pajamas-black-green-plaid-holiday-pajama-set-for-kids-adults-infants,parameterized
https://www.dresslikemommy.com/products/family-matching-merry-christmas-tree-pajamas-black-green-plaid-holiday-pajama-set-for-kids-adults-infants?variant=41888706625633&country=US&currency=USD,/products/family-matching-merry-christmas-tree-pajamas-black-green-plaid-holiday-pajama-set-for-kids-adults-infants,family-matching-merry-christmas-tree-pajamas-black-green-plaid-holiday-pajama-set-for-kids-adults-infants,parameterized
https://www.dresslikemommy.com/products/family-matching-merry-christmas-tree-pajamas-black-green-plaid-holiday-pajama-set-for-kids-adults-infants?variant=41888706658401&country=US&currency=USD,/products/family-matching-merry-christmas-tree-pajamas-black-green-plaid-holiday-pajama-set-for-kids-adults-infants,family-matching-merry-christmas-tree-pajamas-black-green-plaid-holiday-pajama-set-for-kids-adults-infants,parameterized
https://www.dresslikemommy.com/products/family-matching-merry-christmas-tree-pajamas-black-green-plaid-holiday-pajama-set-for-kids-adults-infants?variant=41888706691169&country=US&currency=USD,/products/family-matching-merry-christmas-tree-pajamas-black-green-plaid-holiday-pajama-set-for-kids-adults-infants,family-matching-merry-christmas-tree-pajamas-black-green-plaid-holiday-pajama-set-for-kids-adults-infants,parameterized
https://www.dresslikemommy.com/products/family-matching-merry-christmas-tree-pajamas-black-green-plaid-holiday-pajama-set-for-kids-adults-infants?variant=41888706723937&country=US&currency=USD,/products/family-matching-merry-christmas-tree-pajamas-black-green-plaid-holiday-pajama-set-for-kids-adults-infants,family-matching-merry-christmas-tree-pajamas-black-green-plaid-holiday-pajama-set-for-kids-adults-infants,parameterized
https://www.dresslikemommy.com/products/family-matching-merry-christmas-tree-pajamas-black-green-plaid-holiday-pajama-set-for-kids-adults-infants?variant=41888706756705&country=US&currency=USD,/products/family-matching-merry-christmas-tree-pajamas-black-green-plaid-holiday-pajama-set-for-kids-adults-infants,family-matching-merry-christmas-tree-pajamas-black-green-plaid-holiday-pajama-set-for-kids-adults-infants,parameterized
https://www.dresslikemommy.com/products/family-matching-merry-christmas-tree-pajamas-black-green-plaid-holiday-pajama-set-for-kids-adults-infants?variant=41888706822241&country=US&currency=USD,/products/family-matching-merry-christmas-tree-pajamas-black-green-plaid-holiday-pajama-set-for-kids-adults-infants,family-matching-merry-christmas-tree-pajamas-black-green-plaid-holiday-pajama-set-for-kids-adults-infants,parameterized
https://www.dresslikemommy.com/products/family-matching-merry-christmas-tree-pajamas-black-green-plaid-holiday-pajama-set-for-kids-adults-infants?variant=41888706887777&country=US&currency=USD,/products/family-matching-merry-christmas-tree-pajamas-black-green-plaid-holiday-pajama-set-for-kids-adults-infants,family-matching-merry-christmas-tree-pajamas-black-green-plaid-holiday-pajama-set-for-kids-adults-infants,parameterized
https://www.dresslikemommy.com/products/family-matching-merry-christmas-tree-pajamas-black-green-plaid-holiday-pajama-set-for-kids-adults-infants?variant=41888706920545&country=US&currency=USD,/products/family-matching-merry-christmas-tree-pajamas-black-green-plaid-holiday-pajama-set-for-kids-adults-infants,family-matching-merry-christmas-tree-pajamas-black-green-plaid-holiday-pajama-set-for-kids-adults-infants,parameterized
https://www.dresslikemommy.com/products/family-matching-merry-christmas-tree-pajamas-black-green-plaid-holiday-pajama-set-for-kids-adults-infants?variant=41888706953313&country=US&currency=USD,/products/family-matching-merry-christmas-tree-pajamas-black-green-plaid-holiday-pajama-set-for-kids-adults-infants,family-matching-merry-christmas-tree-pajamas-black-green-plaid-holiday-pajama-set-for-kids-adults-infants,parameterized
https://www.dresslikemommy.com/products/family-matching-merry-christmas-tree-pajamas-black-green-plaid-holiday-pajama-set-for-kids-adults-infants?variant=41888706986081&country=US&currency=USD,/products/family-matching-merry-christmas-tree-pajamas-black-green-plaid-holiday-pajama-set-for-kids-adults-infants,family-matching-merry-christmas-tree-pajamas-black-green-plaid-holiday-pajama-set-for-kids-adults-infants,parameterized
https://www.dresslikemommy.com/products/family-matching-merry-christmas-tree-pajamas-black-green-plaid-holiday-pajama-set-for-kids-adults-infants?variant=41888707018849&country=US&currency=USD,/products/family-matching-merry-christmas-tree-pajamas-black-green-plaid-holiday-pajama-set-for-kids-adults-infants,family-matching-merry-christmas-tree-pajamas-black-green-plaid-holiday-pajama-set-for-kids-adults-infants,parameterized
https://www.dresslikemommy.com/products/family-matching-merry-christmas-tree-pajamas-black-green-plaid-holiday-pajama-set-for-kids-adults-infants?variant=41888707117153&country=US&currency=USD,/products/family-matching-merry-christmas-tree-pajamas-black-green-plaid-holiday-pajama-set-for-kids-adults-infants,family-matching-merry-christmas-tree-pajamas-black-green-plaid-holiday-pajama-set-for-kids-adults-infants,parameterized
https://www.dresslikemommy.com/products/family-matching-merry-grinchmas-christmas-pajama-set-fun-holiday-grinch-design-with-festive-green-pants?variant=41891046129761&country=US&currency=USD,/products/family-matching-merry-grinchmas-christmas-pajama-set-fun-holiday-grinch-design-with-festive-green-pants,family-matching-merry-grinchmas-christmas-pajama-set-fun-holiday-grinch-design-with-festive-green-pants,parameterized
https://www.dresslikemommy.com/products/family-matching-merry-grinchmas-christmas-pajama-set-fun-holiday-grinch-design-with-festive-green-pants?variant=41891046162529&country=US&currency=USD,/products/family-matching-merry-grinchmas-christmas-pajama-set-fun-holiday-grinch-design-with-festive-green-pants,family-matching-merry-grinchmas-christmas-pajama-set-fun-holiday-grinch-design-with-festive-green-pants,parameterized
https://www.dresslikemommy.com/products/family-matching-merry-grinchmas-christmas-pajama-set-fun-holiday-grinch-design-with-festive-green-pants?variant=41891046195297&country=US&currency=USD,/products/family-matching-merry-grinchmas-christmas-pajama-set-fun-holiday-grinch-design-with-festive-green-pants,family-matching-merry-grinchmas-christmas-pajama-set-fun-holiday-grinch-design-with-festive-green-pants,parameterized
https://www.dresslikemommy.com/products/family-matching-merry-grinchmas-christmas-pajama-set-fun-holiday-grinch-design-with-festive-green-pants?variant=41891046228065&country=US&currency=USD,/products/family-matching-merry-grinchmas-christmas-pajama-set-fun-holiday-grinch-design-with-festive-green-pants,family-matching-merry-grinchmas-christmas-pajama-set-fun-holiday-grinch-design-with-festive-green-pants,parameterized
https://www.dresslikemommy.com/products/family-matching-merry-grinchmas-christmas-pajama-set-fun-holiday-grinch-design-with-festive-green-pants?variant=41891046260833&country=US&currency=USD,/products/family-matching-merry-grinchmas-christmas-pajama-set-fun-holiday-grinch-design-with-festive-green-pants,family-matching-merry-grinchmas-christmas-pajama-set-fun-holiday-grinch-design-with-festive-green-pants,parameterized
https://www.dresslikemommy.com/products/family-matching-merry-grinchmas-christmas-pajama-set-fun-holiday-grinch-design-with-festive-green-pants?variant=41891046293601&country=US&currency=USD,/products/family-matching-merry-grinchmas-christmas-pajama-set-fun-holiday-grinch-design-with-festive-green-pants,family-matching-merry-grinchmas-christmas-pajama-set-fun-holiday-grinch-design-with-festive-green-pants,parameterized
https://www.dresslikemommy.com/products/family-matching-merry-grinchmas-christmas-pajama-set-fun-holiday-grinch-design-with-festive-green-pants?variant=41891046326369&country=US&currency=USD,/products/family-matching-merry-grinchmas-christmas-pajama-set-fun-holiday-grinch-design-with-festive-green-pants,family-matching-merry-grinchmas-christmas-pajama-set-fun-holiday-grinch-design-with-festive-green-pants,parameterized
https://www.dresslikemommy.com/products/family-matching-merry-grinchmas-christmas-pajama-set-fun-holiday-grinch-design-with-festive-green-pants?variant=41891046359137&country=US&currency=USD,/products/family-matching-merry-grinchmas-christmas-pajama-set-fun-holiday-grinch-design-with-festive-green-pants,family-matching-merry-grinchmas-christmas-pajama-set-fun-holiday-grinch-design-with-festive-green-pants,parameterized
https://www.dresslikemommy.com/products/family-matching-merry-grinchmas-christmas-pajama-set-fun-holiday-grinch-design-with-festive-green-pants?variant=41891046424673&country=US&currency=USD,/products/family-matching-merry-grinchmas-christmas-pajama-set-fun-holiday-grinch-design-with-festive-green-pants,family-matching-merry-grinchmas-christmas-pajama-set-fun-holiday-grinch-design-with-festive-green-pants,parameterized
https://www.dresslikemommy.com/products/family-matching-merry-grinchmas-christmas-pajama-set-fun-holiday-grinch-design-with-festive-green-pants?variant=41891046457441&country=US&currency=USD,/products/family-matching-merry-grinchmas-christmas-pajama-set-fun-holiday-grinch-design-with-festive-green-pants,family-matching-merry-grinchmas-christmas-pajama-set-fun-holiday-grinch-design-with-festive-green-pants,parameterized
https://www.dresslikemommy.com/products/family-matching-merry-grinchmas-christmas-pajama-set-fun-holiday-grinch-design-with-festive-green-pants?variant=41891046490209&country=US&currency=USD,/products/family-matching-merry-grinchmas-christmas-pajama-set-fun-holiday-grinch-design-with-festive-green-pants,family-matching-merry-grinchmas-christmas-pajama-set-fun-holiday-grinch-design-with-festive-green-pants,parameterized
https://www.dresslikemommy.com/products/family-matching-merry-grinchmas-christmas-pajama-set-fun-holiday-grinch-design-with-festive-green-pants?variant=41891046522977&country=US&currency=USD,/products/family-matching-merry-grinchmas-christmas-pajama-set-fun-holiday-grinch-design-with-festive-green-pants,family-matching-merry-grinchmas-christmas-pajama-set-fun-holiday-grinch-design-with-festive-green-pants,parameterized
https://www.dresslikemommy.com/products/family-matching-merry-grinchmas-christmas-pajama-set-fun-holiday-grinch-design-with-festive-green-pants?variant=41891046555745&country=US&currency=USD,/products/family-matching-merry-grinchmas-christmas-pajama-set-fun-holiday-grinch-design-with-festive-green-pants,family-matching-merry-grinchmas-christmas-pajama-set-fun-holiday-grinch-design-with-festive-green-pants,parameterized
https://www.dresslikemommy.com/products/family-matching-merry-grinchmas-christmas-pajama-set-fun-holiday-grinch-design-with-festive-green-pants?variant=41891046588513&country=US&currency=USD,/products/family-matching-merry-grinchmas-christmas-pajama-set-fun-holiday-grinch-design-with-festive-green-pants,family-matching-merry-grinchmas-christmas-pajama-set-fun-holiday-grinch-design-with-festive-green-pants,parameterized
https://www.dresslikemommy.com/products/family-matching-merry-grinchmas-christmas-pajama-set-fun-holiday-grinch-design-with-festive-green-pants?variant=41891046621281&country=US&currency=USD,/products/family-matching-merry-grinchmas-christmas-pajama-set-fun-holiday-grinch-design-with-festive-green-pants,family-matching-merry-grinchmas-christmas-pajama-set-fun-holiday-grinch-design-with-festive-green-pants,parameterized
https://www.dresslikemommy.com/products/family-matching-merry-grinchmas-christmas-pajama-set-fun-holiday-grinch-design-with-festive-green-pants?variant=41891046654049&country=US&currency=USD,/products/family-matching-merry-grinchmas-christmas-pajama-set-fun-holiday-grinch-design-with-festive-green-pants,family-matching-merry-grinchmas-christmas-pajama-set-fun-holiday-grinch-design-with-festive-green-pants,parameterized
https://www.dresslikemommy.com/products/family-matching-merry-grinchmas-christmas-pajama-set-fun-holiday-grinch-design-with-festive-green-pants?variant=41891046686817&country=US&currency=USD,/products/family-matching-merry-grinchmas-christmas-pajama-set-fun-holiday-grinch-design-with-festive-green-pants,family-matching-merry-grinchmas-christmas-pajama-set-fun-holiday-grinch-design-with-festive-green-pants,parameterized
https://www.dresslikemommy.com/products/family-matching-merry-grinchmas-christmas-pajama-set-fun-holiday-grinch-design-with-festive-green-pants?variant=41891046752353&country=US&currency=USD,/products/family-matching-merry-grinchmas-christmas-pajama-set-fun-holiday-grinch-design-with-festive-green-pants,family-matching-merry-grinchmas-christmas-pajama-set-fun-holiday-grinch-design-with-festive-green-pants,parameterized
https://www.dresslikemommy.com/products/family-matching-merry-grinchmas-dinosaur-christmas-pajamas-fun-holiday-set-with-green-plaid-pants?variant=41890943795297&country=US&currency=USD,/products/family-matching-merry-grinchmas-dinosaur-christmas-pajamas-fun-holiday-set-with-green-plaid-pants,family-matching-merry-grinchmas-dinosaur-christmas-pajamas-fun-holiday-set-with-green-plaid-pants,parameterized
https://www.dresslikemommy.com/products/family-matching-merry-grinchmas-dinosaur-christmas-pajamas-fun-holiday-set-with-green-plaid-pants?variant=41890943860833&country=US&currency=USD,/products/family-matching-merry-grinchmas-dinosaur-christmas-pajamas-fun-holiday-set-with-green-plaid-pants,family-matching-merry-grinchmas-dinosaur-christmas-pajamas-fun-holiday-set-with-green-plaid-pants,parameterized
https://www.dresslikemommy.com/products/family-matching-merry-grinchmas-dinosaur-christmas-pajamas-fun-holiday-set-with-green-plaid-pants?variant=41890943893601&country=US&currency=USD,/products/family-matching-merry-grinchmas-dinosaur-christmas-pajamas-fun-holiday-set-with-green-plaid-pants,family-matching-merry-grinchmas-dinosaur-christmas-pajamas-fun-holiday-set-with-green-plaid-pants,parameterized
https://www.dresslikemommy.com/products/family-matching-merry-grinchmas-dinosaur-christmas-pajamas-fun-holiday-set-with-green-plaid-pants?variant=41890943926369&country=US&currency=USD,/products/family-matching-merry-grinchmas-dinosaur-christmas-pajamas-fun-holiday-set-with-green-plaid-pants,family-matching-merry-grinchmas-dinosaur-christmas-pajamas-fun-holiday-set-with-green-plaid-pants,parameterized
https://www.dresslikemommy.com/products/family-matching-merry-grinchmas-dinosaur-christmas-pajamas-fun-holiday-set-with-green-plaid-pants?variant=41890943959137&country=US&currency=USD,/products/family-matching-merry-grinchmas-dinosaur-christmas-pajamas-fun-holiday-set-with-green-plaid-pants,family-matching-merry-grinchmas-dinosaur-christmas-pajamas-fun-holiday-set-with-green-plaid-pants,parameterized
https://www.dresslikemommy.com/products/family-matching-merry-grinchmas-dinosaur-christmas-pajamas-fun-holiday-set-with-green-plaid-pants?variant=41890944024673&country=US&currency=USD,/products/family-matching-merry-grinchmas-dinosaur-christmas-pajamas-fun-holiday-set-with-green-plaid-pants,family-matching-merry-grinchmas-dinosaur-christmas-pajamas-fun-holiday-set-with-green-plaid-pants,parameterized
https://www.dresslikemommy.com/products/family-matching-merry-grinchmas-dinosaur-christmas-pajamas-fun-holiday-set-with-green-plaid-pants?variant=41890944090209&country=US&currency=USD,/products/family-matching-merry-grinchmas-dinosaur-christmas-pajamas-fun-holiday-set-with-green-plaid-pants,family-matching-merry-grinchmas-dinosaur-christmas-pajamas-fun-holiday-set-with-green-plaid-pants,parameterized
https://www.dresslikemommy.com/products/family-matching-merry-grinchmas-dinosaur-christmas-pajamas-fun-holiday-set-with-green-plaid-pants?variant=41890944122977&country=US&currency=USD,/products/family-matching-merry-grinchmas-dinosaur-christmas-pajamas-fun-holiday-set-with-green-plaid-pants,family-matching-merry-grinchmas-dinosaur-christmas-pajamas-fun-holiday-set-with-green-plaid-pants,parameterized
https://www.dresslikemommy.com/products/family-matching-merry-grinchmas-dinosaur-christmas-pajamas-fun-holiday-set-with-green-plaid-pants?variant=41890944155745&country=US&currency=USD,/products/family-matching-merry-grinchmas-dinosaur-christmas-pajamas-fun-holiday-set-with-green-plaid-pants,family-matching-merry-grinchmas-dinosaur-christmas-pajamas-fun-holiday-set-with-green-plaid-pants,parameterized
https://www.dresslikemommy.com/products/family-matching-merry-grinchmas-dinosaur-christmas-pajamas-fun-holiday-set-with-green-plaid-pants?variant=41890944188513&country=US&currency=USD,/products/family-matching-merry-grinchmas-dinosaur-christmas-pajamas-fun-holiday-set-with-green-plaid-pants,family-matching-merry-grinchmas-dinosaur-christmas-pajamas-fun-holiday-set-with-green-plaid-pants,parameterized
https://www.dresslikemommy.com/products/family-matching-merry-grinchmas-dinosaur-christmas-pajamas-fun-holiday-set-with-green-plaid-pants?variant=41890944221281&country=US&currency=USD,/products/family-matching-merry-grinchmas-dinosaur-christmas-pajamas-fun-holiday-set-with-green-plaid-pants,family-matching-merry-grinchmas-dinosaur-christmas-pajamas-fun-holiday-set-with-green-plaid-pants,parameterized
https://www.dresslikemommy.com/products/family-matching-merry-grinchmas-dinosaur-christmas-pajamas-fun-holiday-set-with-green-plaid-pants?variant=41890944254049&country=US&currency=USD,/products/family-matching-merry-grinchmas-dinosaur-christmas-pajamas-fun-holiday-set-with-green-plaid-pants,family-matching-merry-grinchmas-dinosaur-christmas-pajamas-fun-holiday-set-with-green-plaid-pants,parameterized
https://www.dresslikemommy.com/products/family-matching-merry-grinchmas-dinosaur-christmas-pajamas-fun-holiday-set-with-green-plaid-pants?variant=41890944286817&country=US&currency=USD,/products/family-matching-merry-grinchmas-dinosaur-christmas-pajamas-fun-holiday-set-with-green-plaid-pants,family-matching-merry-grinchmas-dinosaur-christmas-pajamas-fun-holiday-set-with-green-plaid-pants,parameterized
https://www.dresslikemommy.com/products/family-matching-merry-grinchmas-dinosaur-christmas-pajamas-fun-holiday-set-with-green-plaid-pants?variant=41890944319585&country=US&currency=USD,/products/family-matching-merry-grinchmas-dinosaur-christmas-pajamas-fun-holiday-set-with-green-plaid-pants,family-matching-merry-grinchmas-dinosaur-christmas-pajamas-fun-holiday-set-with-green-plaid-pants,parameterized
https://www.dresslikemommy.com/products/family-matching-merry-grinchmas-dinosaur-christmas-pajamas-fun-holiday-set-with-green-plaid-pants?variant=41890944352353&country=US&currency=USD,/products/family-matching-merry-grinchmas-dinosaur-christmas-pajamas-fun-holiday-set-with-green-plaid-pants,family-matching-merry-grinchmas-dinosaur-christmas-pajamas-fun-holiday-set-with-green-plaid-pants,parameterized
https://www.dresslikemommy.com/products/family-matching-merry-grinchmas-dinosaur-christmas-pajamas-fun-holiday-set-with-green-plaid-pants?variant=41890944385121&country=US&currency=USD,/products/family-matching-merry-grinchmas-dinosaur-christmas-pajamas-fun-holiday-set-with-green-plaid-pants,family-matching-merry-grinchmas-dinosaur-christmas-pajamas-fun-holiday-set-with-green-plaid-pants,parameterized
https://www.dresslikemommy.com/products/family-matching-merry-grinchmas-dinosaur-christmas-pajamas-fun-holiday-set-with-green-plaid-pants?variant=41890944450657&country=US&currency=USD,/products/family-matching-merry-grinchmas-dinosaur-christmas-pajamas-fun-holiday-set-with-green-plaid-pants,family-matching-merry-grinchmas-dinosaur-christmas-pajamas-fun-holiday-set-with-green-plaid-pants,parameterized
https://www.dresslikemommy.com/products/family-matching-merry-grinchmas-dinosaur-christmas-pajamas-fun-holiday-set-with-green-plaid-pants?variant=41890944483425&country=US&currency=USD,/products/family-matching-merry-grinchmas-dinosaur-christmas-pajamas-fun-holiday-set-with-green-plaid-pants,family-matching-merry-grinchmas-dinosaur-christmas-pajamas-fun-holiday-set-with-green-plaid-pants,parameterized
https://www.dresslikemommy.com/products/family-matching-need-more?variant=19649864007777,/products/family-matching-need-more,family-matching-need-more,parameterized
https://www.dresslikemommy.com/products/family-matching-outfit-set-mom-cardigan-kids-tops-baby-romper?variant=42795505025121&country=US&currency=USD,/products/family-matching-outfit-set-mom-cardigan-kids-tops-baby-romper,family-matching-outfit-set-mom-cardigan-kids-tops-baby-romper,parameterized
https://www.dresslikemommy.com/products/family-matching-outfit-set-mom-cardigan-kids-tops-baby-romper?variant=42795505057889&country=US&currency=USD,/products/family-matching-outfit-set-mom-cardigan-kids-tops-baby-romper,family-matching-outfit-set-mom-cardigan-kids-tops-baby-romper,parameterized
https://www.dresslikemommy.com/products/family-matching-outfit-set-mom-cardigan-kids-tops-baby-romper?variant=42795505156193&country=US&currency=USD,/products/family-matching-outfit-set-mom-cardigan-kids-tops-baby-romper,family-matching-outfit-set-mom-cardigan-kids-tops-baby-romper,parameterized
https://www.dresslikemommy.com/products/family-matching-outfit-set-mom-cardigan-kids-tops-baby-romper?variant=42795505188961&country=US&currency=USD,/products/family-matching-outfit-set-mom-cardigan-kids-tops-baby-romper,family-matching-outfit-set-mom-cardigan-kids-tops-baby-romper,parameterized
https://www.dresslikemommy.com/products/family-matching-outfit-set-mom-cardigan-kids-tops-baby-romper?variant=42795505221729&country=US&currency=USD,/products/family-matching-outfit-set-mom-cardigan-kids-tops-baby-romper,family-matching-outfit-set-mom-cardigan-kids-tops-baby-romper,parameterized
https://www.dresslikemommy.com/products/family-matching-outfit-set-mom-cardigan-kids-tops-baby-romper?variant=42795505418337&country=US&currency=USD,/products/family-matching-outfit-set-mom-cardigan-kids-tops-baby-romper,family-matching-outfit-set-mom-cardigan-kids-tops-baby-romper,parameterized
https://www.dresslikemommy.com/products/family-matching-outfit-set-mom-cardigan-kids-tops-baby-romper?variant=42795505451105&country=US&currency=USD,/products/family-matching-outfit-set-mom-cardigan-kids-tops-baby-romper,family-matching-outfit-set-mom-cardigan-kids-tops-baby-romper,parameterized
https://www.dresslikemommy.com/products/family-matching-outfit-set-mom-cardigan-kids-tops-baby-romper?variant=42795505483873&country=US&currency=USD,/products/family-matching-outfit-set-mom-cardigan-kids-tops-baby-romper,family-matching-outfit-set-mom-cardigan-kids-tops-baby-romper,parameterized
https://www.dresslikemommy.com/products/family-matching-stripe-christmas-pajamas?variant=30878263214177,/products/family-matching-stripe-christmas-pajamas,family-matching-stripe-christmas-pajamas,parameterized
https://www.dresslikemommy.com/products/family-matching-sun-cloud-plant-t-shirt?variant=18620431466593,/products/family-matching-sun-cloud-plant-t-shirt,family-matching-sun-cloud-plant-t-shirt,parameterized
https://www.dresslikemommy.com/products/family-matching-sun-cloud-plant-t-shirt?variant=18620432679009,/products/family-matching-sun-cloud-plant-t-shirt,family-matching-sun-cloud-plant-t-shirt,parameterized
https://www.dresslikemommy.com/products/family-matching-sunny-beach-outfit?variant=18470911246433,/products/family-matching-sunny-beach-outfit,family-matching-sunny-beach-outfit,parameterized
https://www.dresslikemommy.com/products/fashion-casual-dopamine-american-top-love-t-shirt-summer-couple-style-parent-child-outfit-family-of-three-short-sleeves-1?variant=43031727603809&country=US&currency=USD,/products/fashion-casual-dopamine-american-top-love-t-shirt-summer-couple-style-parent-child-outfit-family-of-three-short-sleeves-1,fashion-casual-dopamine-american-top-love-t-shirt-summer-couple-style-parent-child-outfit-family-of-three-short-sleeves-1,parameterized
https://www.dresslikemommy.com/products/fashion-casual-dopamine-american-top-love-t-shirt-summer-couple-style-parent-child-outfit-family-of-three-short-sleeves-1?variant=43031727636577&country=US&currency=USD,/products/fashion-casual-dopamine-american-top-love-t-shirt-summer-couple-style-parent-child-outfit-family-of-three-short-sleeves-1,fashion-casual-dopamine-american-top-love-t-shirt-summer-couple-style-parent-child-outfit-family-of-three-short-sleeves-1,parameterized
https://www.dresslikemommy.com/products/fashion-casual-dopamine-american-top-love-t-shirt-summer-couple-style-parent-child-outfit-family-of-three-short-sleeves-1?variant=43031727669345&country=US&currency=USD,/products/fashion-casual-dopamine-american-top-love-t-shirt-summer-couple-style-parent-child-outfit-family-of-three-short-sleeves-1,fashion-casual-dopamine-american-top-love-t-shirt-summer-couple-style-parent-child-outfit-family-of-three-short-sleeves-1,parameterized
https://www.dresslikemommy.com/products/fashion-casual-dopamine-american-top-love-t-shirt-summer-couple-style-parent-child-outfit-family-of-three-short-sleeves-1?variant=43031727702113&country=US&currency=USD,/products/fashion-casual-dopamine-american-top-love-t-shirt-summer-couple-style-parent-child-outfit-family-of-three-short-sleeves-1,fashion-casual-dopamine-american-top-love-t-shirt-summer-couple-style-parent-child-outfit-family-of-three-short-sleeves-1,parameterized
https://www.dresslikemommy.com/products/fashion-casual-dopamine-american-top-love-t-shirt-summer-couple-style-parent-child-outfit-family-of-three-short-sleeves-1?variant=43031727734881&country=US&currency=USD,/products/fashion-casual-dopamine-american-top-love-t-shirt-summer-couple-style-parent-child-outfit-family-of-three-short-sleeves-1,fashion-casual-dopamine-american-top-love-t-shirt-summer-couple-style-parent-child-outfit-family-of-three-short-sleeves-1,parameterized
https://www.dresslikemommy.com/products/fashion-casual-dopamine-american-top-love-t-shirt-summer-couple-style-parent-child-outfit-family-of-three-short-sleeves-1?variant=43031727833185&country=US&currency=USD,/products/fashion-casual-dopamine-american-top-love-t-shirt-summer-couple-style-parent-child-outfit-family-of-three-short-sleeves-1,fashion-casual-dopamine-american-top-love-t-shirt-summer-couple-style-parent-child-outfit-family-of-three-short-sleeves-1,parameterized
https://www.dresslikemommy.com/products/fashion-casual-dopamine-american-top-love-t-shirt-summer-couple-style-parent-child-outfit-family-of-three-short-sleeves-1?variant=43031727865953&country=US&currency=USD,/products/fashion-casual-dopamine-american-top-love-t-shirt-summer-couple-style-parent-child-outfit-family-of-three-short-sleeves-1,fashion-casual-dopamine-american-top-love-t-shirt-summer-couple-style-parent-child-outfit-family-of-three-short-sleeves-1,parameterized
https://www.dresslikemommy.com/products/fashion-casual-dopamine-american-top-love-t-shirt-summer-couple-style-parent-child-outfit-family-of-three-short-sleeves-1?variant=43031727931489&country=US&currency=USD,/products/fashion-casual-dopamine-american-top-love-t-shirt-summer-couple-style-parent-child-outfit-family-of-three-short-sleeves-1,fashion-casual-dopamine-american-top-love-t-shirt-summer-couple-style-parent-child-outfit-family-of-three-short-sleeves-1,parameterized
https://www.dresslikemommy.com/products/fashion-casual-dopamine-american-top-love-t-shirt-summer-couple-style-parent-child-outfit-family-of-three-short-sleeves-1?variant=43031727964257&country=US&currency=USD,/products/fashion-casual-dopamine-american-top-love-t-shirt-summer-couple-style-parent-child-outfit-family-of-three-short-sleeves-1,fashion-casual-dopamine-american-top-love-t-shirt-summer-couple-style-parent-child-outfit-family-of-three-short-sleeves-1,parameterized
https://www.dresslikemommy.com/products/fashion-casual-dopamine-american-top-love-t-shirt-summer-couple-style-parent-child-outfit-family-of-three-short-sleeves-1?variant=43031727997025&country=US&currency=USD,/products/fashion-casual-dopamine-american-top-love-t-shirt-summer-couple-style-parent-child-outfit-family-of-three-short-sleeves-1,fashion-casual-dopamine-american-top-love-t-shirt-summer-couple-style-parent-child-outfit-family-of-three-short-sleeves-1,parameterized
https://www.dresslikemommy.com/products/fashion-casual-dopamine-american-top-love-t-shirt-summer-couple-style-parent-child-outfit-family-of-three-short-sleeves-1?variant=43031728062561&country=US&currency=USD,/products/fashion-casual-dopamine-american-top-love-t-shirt-summer-couple-style-parent-child-outfit-family-of-three-short-sleeves-1,fashion-casual-dopamine-american-top-love-t-shirt-summer-couple-style-parent-child-outfit-family-of-three-short-sleeves-1,parameterized
https://www.dresslikemommy.com/products/fashion-casual-dopamine-american-top-love-t-shirt-summer-couple-style-parent-child-outfit-family-of-three-short-sleeves-1?variant=43031728193633&country=US&currency=USD,/products/fashion-casual-dopamine-american-top-love-t-shirt-summer-couple-style-parent-child-outfit-family-of-three-short-sleeves-1,fashion-casual-dopamine-american-top-love-t-shirt-summer-couple-style-parent-child-outfit-family-of-three-short-sleeves-1,parameterized
https://www.dresslikemommy.com/products/fashion-casual-dopamine-american-top-love-t-shirt-summer-couple-style-parent-child-outfit-family-of-three-short-sleeves-1?variant=43031728259169&country=US&currency=USD,/products/fashion-casual-dopamine-american-top-love-t-shirt-summer-couple-style-parent-child-outfit-family-of-three-short-sleeves-1,fashion-casual-dopamine-american-top-love-t-shirt-summer-couple-style-parent-child-outfit-family-of-three-short-sleeves-1,parameterized
https://www.dresslikemommy.com/products/fashion-casual-dopamine-american-top-love-t-shirt-summer-couple-style-parent-child-outfit-family-of-three-short-sleeves-1?variant=43031728324705&country=US&currency=USD,/products/fashion-casual-dopamine-american-top-love-t-shirt-summer-couple-style-parent-child-outfit-family-of-three-short-sleeves-1,fashion-casual-dopamine-american-top-love-t-shirt-summer-couple-style-parent-child-outfit-family-of-three-short-sleeves-1,parameterized
https://www.dresslikemommy.com/products/fashion-casual-dopamine-american-top-love-t-shirt-summer-couple-style-parent-child-outfit-family-of-three-short-sleeves-1?variant=43031728390241&country=US&currency=USD,/products/fashion-casual-dopamine-american-top-love-t-shirt-summer-couple-style-parent-child-outfit-family-of-three-short-sleeves-1,fashion-casual-dopamine-american-top-love-t-shirt-summer-couple-style-parent-child-outfit-family-of-three-short-sleeves-1,parameterized
https://www.dresslikemommy.com/products/fashion-casual-dopamine-american-top-love-t-shirt-summer-couple-style-parent-child-outfit-family-of-three-short-sleeves-1?variant=43031728423009&country=US&currency=USD,/products/fashion-casual-dopamine-american-top-love-t-shirt-summer-couple-style-parent-child-outfit-family-of-three-short-sleeves-1,fashion-casual-dopamine-american-top-love-t-shirt-summer-couple-style-parent-child-outfit-family-of-three-short-sleeves-1,parameterized
https://www.dresslikemommy.com/products/fashion-casual-dopamine-american-top-love-t-shirt-summer-couple-style-parent-child-outfit-family-of-three-short-sleeves-1?variant=43031728455777&country=US&currency=USD,/products/fashion-casual-dopamine-american-top-love-t-shirt-summer-couple-style-parent-child-outfit-family-of-three-short-sleeves-1,fashion-casual-dopamine-american-top-love-t-shirt-summer-couple-style-parent-child-outfit-family-of-three-short-sleeves-1,parameterized
https://www.dresslikemommy.com/products/fashion-casual-dopamine-american-top-love-t-shirt-summer-couple-style-parent-child-outfit-family-of-three-short-sleeves-1?variant=43031728521313&country=US&currency=USD,/products/fashion-casual-dopamine-american-top-love-t-shirt-summer-couple-style-parent-child-outfit-family-of-three-short-sleeves-1,fashion-casual-dopamine-american-top-love-t-shirt-summer-couple-style-parent-child-outfit-family-of-three-short-sleeves-1,parameterized
https://www.dresslikemommy.com/products/fashion-casual-dopamine-american-top-love-t-shirt-summer-couple-style-parent-child-outfit-family-of-three-short-sleeves-1?variant=43031728554081&country=US&currency=USD,/products/fashion-casual-dopamine-american-top-love-t-shirt-summer-couple-style-parent-child-outfit-family-of-three-short-sleeves-1,fashion-casual-dopamine-american-top-love-t-shirt-summer-couple-style-parent-child-outfit-family-of-three-short-sleeves-1,parameterized
https://www.dresslikemommy.com/products/fashion-casual-dopamine-american-top-love-t-shirt-summer-couple-style-parent-child-outfit-family-of-three-short-sleeves-1?variant=43031728586849&country=US&currency=USD,/products/fashion-casual-dopamine-american-top-love-t-shirt-summer-couple-style-parent-child-outfit-family-of-three-short-sleeves-1,fashion-casual-dopamine-american-top-love-t-shirt-summer-couple-style-parent-child-outfit-family-of-three-short-sleeves-1,parameterized
https://www.dresslikemommy.com/products/fashion-casual-dopamine-american-top-love-t-shirt-summer-couple-style-parent-child-outfit-family-of-three-short-sleeves-1?variant=43031728619617&country=US&currency=USD,/products/fashion-casual-dopamine-american-top-love-t-shirt-summer-couple-style-parent-child-outfit-family-of-three-short-sleeves-1,fashion-casual-dopamine-american-top-love-t-shirt-summer-couple-style-parent-child-outfit-family-of-three-short-sleeves-1,parameterized
https://www.dresslikemommy.com/products/fashion-casual-dopamine-american-top-love-t-shirt-summer-couple-style-parent-child-outfit-family-of-three-short-sleeves-1?variant=43031728652385&country=US&currency=USD,/products/fashion-casual-dopamine-american-top-love-t-shirt-summer-couple-style-parent-child-outfit-family-of-three-short-sleeves-1,fashion-casual-dopamine-american-top-love-t-shirt-summer-couple-style-parent-child-outfit-family-of-three-short-sleeves-1,parameterized
https://www.dresslikemommy.com/products/fashion-casual-dopamine-american-top-love-t-shirt-summer-couple-style-parent-child-outfit-family-of-three-short-sleeves-1?variant=43031728685153&country=US&currency=USD,/products/fashion-casual-dopamine-american-top-love-t-shirt-summer-couple-style-parent-child-outfit-family-of-three-short-sleeves-1,fashion-casual-dopamine-american-top-love-t-shirt-summer-couple-style-parent-child-outfit-family-of-three-short-sleeves-1,parameterized
https://www.dresslikemommy.com/products/fashion-casual-dopamine-american-top-love-t-shirt-summer-couple-style-parent-child-outfit-family-of-three-short-sleeves-1?variant=43031728717921&country=US&currency=USD,/products/fashion-casual-dopamine-american-top-love-t-shirt-summer-couple-style-parent-child-outfit-family-of-three-short-sleeves-1,fashion-casual-dopamine-american-top-love-t-shirt-summer-couple-style-parent-child-outfit-family-of-three-short-sleeves-1,parameterized
https://www.dresslikemommy.com/products/fashion-casual-dopamine-american-top-love-t-shirt-summer-couple-style-parent-child-outfit-family-of-three-short-sleeves-1?variant=43031728750689&country=US&currency=USD,/products/fashion-casual-dopamine-american-top-love-t-shirt-summer-couple-style-parent-child-outfit-family-of-three-short-sleeves-1,fashion-casual-dopamine-american-top-love-t-shirt-summer-couple-style-parent-child-outfit-family-of-three-short-sleeves-1,parameterized
https://www.dresslikemommy.com/products/fashion-casual-dopamine-american-top-love-t-shirt-summer-couple-style-parent-child-outfit-family-of-three-short-sleeves-1?variant=43031728947297&country=US&currency=USD,/products/fashion-casual-dopamine-american-top-love-t-shirt-summer-couple-style-parent-child-outfit-family-of-three-short-sleeves-1,fashion-casual-dopamine-american-top-love-t-shirt-summer-couple-style-parent-child-outfit-family-of-three-short-sleeves-1,parameterized
https://www.dresslikemommy.com/products/fashion-casual-dopamine-american-top-love-t-shirt-summer-couple-style-parent-child-outfit-family-of-three-short-sleeves-1?variant=43031728980065&country=US&currency=USD,/products/fashion-casual-dopamine-american-top-love-t-shirt-summer-couple-style-parent-child-outfit-family-of-three-short-sleeves-1,fashion-casual-dopamine-american-top-love-t-shirt-summer-couple-style-parent-child-outfit-family-of-three-short-sleeves-1,parameterized
https://www.dresslikemommy.com/products/father-son-matching-hawaiian-floral-shirts?variant=40766581276769,/products/father-son-matching-hawaiian-floral-shirts,father-son-matching-hawaiian-floral-shirts,parameterized
https://www.dresslikemommy.com/products/father-son-matching-hawaiian-floral-shirts?variant=40766581604449,/products/father-son-matching-hawaiian-floral-shirts,father-son-matching-hawaiian-floral-shirts,parameterized
https://www.dresslikemommy.com/products/father-son-matching-hawaiian-floral-shirts?variant=40766581997665,/products/father-son-matching-hawaiian-floral-shirts,father-son-matching-hawaiian-floral-shirts,parameterized
https://www.dresslikemommy.com/products/father-son-matching-hawaiian-floral-shirts?variant=40766600380513,/products/father-son-matching-hawaiian-floral-shirts,father-son-matching-hawaiian-floral-shirts,parameterized
https://www.dresslikemommy.com/products/father-son-matching-hawaiian-floral-shirts?variant=40766601625697,/products/father-son-matching-hawaiian-floral-shirts,father-son-matching-hawaiian-floral-shirts,parameterized
https://www.dresslikemommy.com/products/free-shipping-mother-daughter-dresses-summer-colorful-girls-dress-family-matching-outfits-women-girl-holiday-long-vest-dress?utm_source=pinterest&utm_campaign=outfy_sm_1493664530_924&utm_medium=socialmedia_post,/products/free-shipping-mother-daughter-dresses-summer-colorful-girls-dress-family-matching-outfits-women-girl-holiday-long-vest-dress,free-shipping-mother-daughter-dresses-summer-colorful-girls-dress-family-matching-outfits-women-girl-holiday-long-vest-dress,parameterized
http://www.dresslikemommy.com/products/kindstraum-2016-family-matching-outfits-mother-daughter-dresses-striped-clothes-summer-vest-for-mom-gril-kids-mc087?utm_source=pinterest&utm_campaign=outfy_sm_1487239597_799&utm_medium=socialmedia_post,/products/kindstraum-2016-family-matching-outfits-mother-daughter-dresses-striped-clothes-summer-vest-for-mom-gril-kids-mc087,kindstraum-2016-family-matching-outfits-mother-daughter-dresses-striped-clothes-summer-vest-for-mom-gril-kids-mc087,parameterized
https://www.dresslikemommy.com/products/lace-floral-red-dress-mommy-me?variant=8162011644001,/products/lace-floral-red-dress-mommy-me,lace-floral-red-dress-mommy-me,parameterized
https://www.dresslikemommy.com/products/lady-cultivate-dress-autumn-parent-child-outfit-wholesale-mother-and-daughter-dress?utm_source=pinterest&utm_campaign=outfy_sm_1491466849_583&utm_medium=socialmedia_post,/products/lady-cultivate-dress-autumn-parent-child-outfit-wholesale-mother-and-daughter-dress,lady-cultivate-dress-autumn-parent-child-outfit-wholesale-mother-and-daughter-dress,parameterized
https://www.dresslikemommy.com/products/long-sleeved-pajamas-ice-silk-home-wear?variant=40361387491425,/products/long-sleeved-pajamas-ice-silk-home-wear,long-sleeved-pajamas-ice-silk-home-wear,parameterized
https://www.dresslikemommy.com/products/matching-family-christmas-hats-pajamas?variant=31287437295713,/products/matching-family-christmas-hats-pajamas,matching-family-christmas-hats-pajamas,parameterized
https://www.dresslikemommy.com/products/matching-family-christmas-pajamas-fun-grinch-inspired-holiday-set?ref=reachdog,/products/matching-family-christmas-pajamas-fun-grinch-inspired-holiday-set,matching-family-christmas-pajamas-fun-grinch-inspired-holiday-set,parameterized
https://www.dresslikemommy.com/products/matching-family-christmas-pajamas-ho-ho-ho-santa-holiday-set?ref=reachdog,/products/matching-family-christmas-pajamas-ho-ho-ho-santa-holiday-set,matching-family-christmas-pajamas-ho-ho-ho-santa-holiday-set,parameterized
https://www.dresslikemommy.com/products/matching-family-christmas-pajamas-snowflake-nordic-holiday-pj-set-for-all-ages?variant=41885623255137&currency=USD,/products/matching-family-christmas-pajamas-snowflake-nordic-holiday-pj-set-for-all-ages,matching-family-christmas-pajamas-snowflake-nordic-holiday-pj-set-for-all-ages,parameterized
https://www.dresslikemommy.com/products/matching-family-christmas-pajamas-snowflake-nordic-holiday-pj-set-for-all-ages?variant=41885623550049&currency=USD,/products/matching-family-christmas-pajamas-snowflake-nordic-holiday-pj-set-for-all-ages,matching-family-christmas-pajamas-snowflake-nordic-holiday-pj-set-for-all-ages,parameterized
https://www.dresslikemommy.com/products/matching-family-christmas-pajamas-snowflake-nordic-holiday-pj-set-for-all-ages?variant=41885623582817&currency=USD,/products/matching-family-christmas-pajamas-snowflake-nordic-holiday-pj-set-for-all-ages,matching-family-christmas-pajamas-snowflake-nordic-holiday-pj-set-for-all-ages,parameterized
https://www.dresslikemommy.com/products/matching-family-christmas-pajamas-snowflake-nordic-holiday-pj-set-for-all-ages?variant=41885661429857&currency=USD,/products/matching-family-christmas-pajamas-snowflake-nordic-holiday-pj-set-for-all-ages,matching-family-christmas-pajamas-snowflake-nordic-holiday-pj-set-for-all-ages,parameterized
https://www.dresslikemommy.com/products/matching-family-christmas-pajamas-we-are-family-plaid-holiday-set?ref=reachdog,/products/matching-family-christmas-pajamas-we-are-family-plaid-holiday-set,matching-family-christmas-pajamas-we-are-family-plaid-holiday-set,parameterized
https://www.dresslikemommy.com/products/matching-family-christmas-pajamas-with-reindeer-print-plaid-pants-holiday-sleepwear-set-for-the-whole-family-including-pets?variant=32843969757281,/products/matching-family-christmas-pajamas-with-reindeer-print-plaid-pants-holiday-sleepwear-set-for-the-whole-family-including-pets,matching-family-christmas-pajamas-with-reindeer-print-plaid-pants-holiday-sleepwear-set-for-the-whole-family-including-pets,parameterized
https://www.dresslikemommy.com/products/matching-family-christmas-pajamas-with-reindeer-print-plaid-pants-holiday-sleepwear-set-for-the-whole-family-including-pets?variant=32843970379873,/products/matching-family-christmas-pajamas-with-reindeer-print-plaid-pants-holiday-sleepwear-set-for-the-whole-family-including-pets,matching-family-christmas-pajamas-with-reindeer-print-plaid-pants-holiday-sleepwear-set-for-the-whole-family-including-pets,parameterized
https://www.dresslikemommy.com/products/matching-family-christmas-sweater-red-rocking-horse-knit-top?variant=42795946049633&country=US&currency=USD,/products/matching-family-christmas-sweater-red-rocking-horse-knit-top,matching-family-christmas-sweater-red-rocking-horse-knit-top,parameterized
https://www.dresslikemommy.com/products/matching-family-christmas-sweater-red-rocking-horse-knit-top?variant=42795946279009&country=US&currency=USD,/products/matching-family-christmas-sweater-red-rocking-horse-knit-top,matching-family-christmas-sweater-red-rocking-horse-knit-top,parameterized
https://www.dresslikemommy.com/products/matching-family-christmas-sweater-red-rocking-horse-knit-top?variant=42795946344545&country=US&currency=USD,/products/matching-family-christmas-sweater-red-rocking-horse-knit-top,matching-family-christmas-sweater-red-rocking-horse-knit-top,parameterized
https://www.dresslikemommy.com/products/matching-family-christmas-sweater-red-rocking-horse-knit-top?variant=42795946377313&country=US&currency=USD,/products/matching-family-christmas-sweater-red-rocking-horse-knit-top,matching-family-christmas-sweater-red-rocking-horse-knit-top,parameterized
https://www.dresslikemommy.com/products/matching-family-christmas-sweater-red-rocking-horse-knit-top?variant=42795946508385&country=US&currency=USD,/products/matching-family-christmas-sweater-red-rocking-horse-knit-top,matching-family-christmas-sweater-red-rocking-horse-knit-top,parameterized
https://www.dresslikemommy.com/products/matching-family-christmas-sweaters-black-with-festive-red-reindeer-and-snowflake-design?variant=41906116362337&country=US&currency=USD,/products/matching-family-christmas-sweaters-black-with-festive-red-reindeer-and-snowflake-design,matching-family-christmas-sweaters-black-with-festive-red-reindeer-and-snowflake-design,parameterized
https://www.dresslikemommy.com/products/matching-family-christmas-sweaters-black-with-festive-red-reindeer-and-snowflake-design?variant=41906116657249&country=US&currency=USD,/products/matching-family-christmas-sweaters-black-with-festive-red-reindeer-and-snowflake-design,matching-family-christmas-sweaters-black-with-festive-red-reindeer-and-snowflake-design,parameterized
https://www.dresslikemommy.com/products/matching-family-christmas-sweaters-black-with-festive-red-reindeer-and-snowflake-design?variant=41906116722785&country=US&currency=USD,/products/matching-family-christmas-sweaters-black-with-festive-red-reindeer-and-snowflake-design,matching-family-christmas-sweaters-black-with-festive-red-reindeer-and-snowflake-design,parameterized
https://www.dresslikemommy.com/products/matching-family-christmas-sweaters-black-with-festive-red-reindeer-and-snowflake-design?variant=41906116788321&country=US&currency=USD,/products/matching-family-christmas-sweaters-black-with-festive-red-reindeer-and-snowflake-design,matching-family-christmas-sweaters-black-with-festive-red-reindeer-and-snowflake-design,parameterized
https://www.dresslikemommy.com/products/matching-family-christmas-t-shirts-adorable-reindeer-print-with-holiday-wishes?variant=41901828571233&country=US&currency=USD,/products/matching-family-christmas-t-shirts-adorable-reindeer-print-with-holiday-wishes,matching-family-christmas-t-shirts-adorable-reindeer-print-with-holiday-wishes,parameterized
https://www.dresslikemommy.com/products/matching-family-christmas-t-shirts-adorable-reindeer-print-with-holiday-wishes?variant=41901828604001&country=US&currency=USD,/products/matching-family-christmas-t-shirts-adorable-reindeer-print-with-holiday-wishes,matching-family-christmas-t-shirts-adorable-reindeer-print-with-holiday-wishes,parameterized
https://www.dresslikemommy.com/products/matching-family-christmas-t-shirts-adorable-reindeer-print-with-holiday-wishes?variant=41901828636769&country=US&currency=USD,/products/matching-family-christmas-t-shirts-adorable-reindeer-print-with-holiday-wishes,matching-family-christmas-t-shirts-adorable-reindeer-print-with-holiday-wishes,parameterized
https://www.dresslikemommy.com/products/matching-family-christmas-t-shirts-adorable-reindeer-print-with-holiday-wishes?variant=41901828735073&country=US&currency=USD,/products/matching-family-christmas-t-shirts-adorable-reindeer-print-with-holiday-wishes,matching-family-christmas-t-shirts-adorable-reindeer-print-with-holiday-wishes,parameterized
https://www.dresslikemommy.com/products/matching-family-christmas-t-shirts-adorable-reindeer-print-with-holiday-wishes?variant=41901828800609&country=US&currency=USD,/products/matching-family-christmas-t-shirts-adorable-reindeer-print-with-holiday-wishes,matching-family-christmas-t-shirts-adorable-reindeer-print-with-holiday-wishes,parameterized
https://www.dresslikemommy.com/products/matching-family-christmas-t-shirts-adorable-reindeer-print-with-holiday-wishes?variant=41901828833377&country=US&currency=USD,/products/matching-family-christmas-t-shirts-adorable-reindeer-print-with-holiday-wishes,matching-family-christmas-t-shirts-adorable-reindeer-print-with-holiday-wishes,parameterized
https://www.dresslikemommy.com/products/matching-family-christmas-t-shirts-adorable-reindeer-print-with-holiday-wishes?variant=41901828898913&country=US&currency=USD,/products/matching-family-christmas-t-shirts-adorable-reindeer-print-with-holiday-wishes,matching-family-christmas-t-shirts-adorable-reindeer-print-with-holiday-wishes,parameterized
https://www.dresslikemommy.com/products/matching-family-christmas-t-shirts-adorable-reindeer-print-with-holiday-wishes?variant=41901828964449&country=US&currency=USD,/products/matching-family-christmas-t-shirts-adorable-reindeer-print-with-holiday-wishes,matching-family-christmas-t-shirts-adorable-reindeer-print-with-holiday-wishes,parameterized
https://www.dresslikemommy.com/products/matching-family-christmas-t-shirts-adorable-reindeer-print-with-holiday-wishes?variant=41901828997217&country=US&currency=USD,/products/matching-family-christmas-t-shirts-adorable-reindeer-print-with-holiday-wishes,matching-family-christmas-t-shirts-adorable-reindeer-print-with-holiday-wishes,parameterized
https://www.dresslikemommy.com/products/matching-family-christmas-t-shirts-adorable-reindeer-print-with-holiday-wishes?variant=41901829062753&country=US&currency=USD,/products/matching-family-christmas-t-shirts-adorable-reindeer-print-with-holiday-wishes,matching-family-christmas-t-shirts-adorable-reindeer-print-with-holiday-wishes,parameterized
https://www.dresslikemommy.com/products/matching-family-christmas-t-shirts-adorable-reindeer-print-with-holiday-wishes?variant=41901829128289&country=US&currency=USD,/products/matching-family-christmas-t-shirts-adorable-reindeer-print-with-holiday-wishes,matching-family-christmas-t-shirts-adorable-reindeer-print-with-holiday-wishes,parameterized
https://www.dresslikemommy.com/products/matching-family-christmas-t-shirts-adorable-reindeer-print-with-holiday-wishes?variant=41901829193825&country=US&currency=USD,/products/matching-family-christmas-t-shirts-adorable-reindeer-print-with-holiday-wishes,matching-family-christmas-t-shirts-adorable-reindeer-print-with-holiday-wishes,parameterized
https://www.dresslikemommy.com/products/matching-family-christmas-t-shirts-adorable-reindeer-print-with-holiday-wishes?variant=41901829259361&country=US&currency=USD,/products/matching-family-christmas-t-shirts-adorable-reindeer-print-with-holiday-wishes,matching-family-christmas-t-shirts-adorable-reindeer-print-with-holiday-wishes,parameterized
https://www.dresslikemommy.com/products/matching-family-christmas-t-shirts-adorable-reindeer-print-with-holiday-wishes?variant=41901829292129&country=US&currency=USD,/products/matching-family-christmas-t-shirts-adorable-reindeer-print-with-holiday-wishes,matching-family-christmas-t-shirts-adorable-reindeer-print-with-holiday-wishes,parameterized
https://www.dresslikemommy.com/products/matching-family-christmas-t-shirts-adorable-reindeer-print-with-holiday-wishes?variant=41901829324897&country=US&currency=USD,/products/matching-family-christmas-t-shirts-adorable-reindeer-print-with-holiday-wishes,matching-family-christmas-t-shirts-adorable-reindeer-print-with-holiday-wishes,parameterized
https://www.dresslikemommy.com/products/matching-family-christmas-t-shirts-adorable-reindeer-print-with-holiday-wishes?variant=41901829357665&country=US&currency=USD,/products/matching-family-christmas-t-shirts-adorable-reindeer-print-with-holiday-wishes,matching-family-christmas-t-shirts-adorable-reindeer-print-with-holiday-wishes,parameterized
https://www.dresslikemommy.com/products/matching-family-christmas-t-shirts-adorable-reindeer-print-with-holiday-wishes?variant=41901829423201&country=US&currency=USD,/products/matching-family-christmas-t-shirts-adorable-reindeer-print-with-holiday-wishes,matching-family-christmas-t-shirts-adorable-reindeer-print-with-holiday-wishes,parameterized
https://www.dresslikemommy.com/products/matching-family-christmas-t-shirts-adorable-reindeer-print-with-holiday-wishes?variant=41901831225441&country=US&currency=USD,/products/matching-family-christmas-t-shirts-adorable-reindeer-print-with-holiday-wishes,matching-family-christmas-t-shirts-adorable-reindeer-print-with-holiday-wishes,parameterized
https://www.dresslikemommy.com/products/matching-family-christmas-t-shirts-adorable-reindeer-print-with-holiday-wishes?variant=41901831323745&country=US&currency=USD,/products/matching-family-christmas-t-shirts-adorable-reindeer-print-with-holiday-wishes,matching-family-christmas-t-shirts-adorable-reindeer-print-with-holiday-wishes,parameterized
https://www.dresslikemommy.com/products/matching-family-red-heart-sweatshirt-mommy-and-me-valentines-day-outfit?variant=42961480712289&country=US&currency=USD,/products/matching-family-red-heart-sweatshirt-mommy-and-me-valentines-day-outfit,matching-family-red-heart-sweatshirt-mommy-and-me-valentines-day-outfit,parameterized
https://www.dresslikemommy.com/products/matching-family-red-heart-sweatshirt-mommy-and-me-valentines-day-outfit?variant=42961480745057&country=US&currency=USD,/products/matching-family-red-heart-sweatshirt-mommy-and-me-valentines-day-outfit,matching-family-red-heart-sweatshirt-mommy-and-me-valentines-day-outfit,parameterized
https://www.dresslikemommy.com/products/matching-family-red-heart-sweatshirt-mommy-and-me-valentines-day-outfit?variant=42961480777825&country=US&currency=USD,/products/matching-family-red-heart-sweatshirt-mommy-and-me-valentines-day-outfit,matching-family-red-heart-sweatshirt-mommy-and-me-valentines-day-outfit,parameterized
https://www.dresslikemommy.com/products/matching-family-red-heart-sweatshirt-mommy-and-me-valentines-day-outfit?variant=42961480810593&country=US&currency=USD,/products/matching-family-red-heart-sweatshirt-mommy-and-me-valentines-day-outfit,matching-family-red-heart-sweatshirt-mommy-and-me-valentines-day-outfit,parameterized
https://www.dresslikemommy.com/products/matching-family-red-heart-sweatshirt-mommy-and-me-valentines-day-outfit?variant=42961480908897&country=US&currency=USD,/products/matching-family-red-heart-sweatshirt-mommy-and-me-valentines-day-outfit,matching-family-red-heart-sweatshirt-mommy-and-me-valentines-day-outfit,parameterized
https://www.dresslikemommy.com/products/matching-family-red-heart-sweatshirt-mommy-and-me-valentines-day-outfit?variant=42961481007201&country=US&currency=USD,/products/matching-family-red-heart-sweatshirt-mommy-and-me-valentines-day-outfit,matching-family-red-heart-sweatshirt-mommy-and-me-valentines-day-outfit,parameterized
https://www.dresslikemommy.com/products/matching-family-red-heart-sweatshirt-mommy-and-me-valentines-day-outfit?variant=42961481072737&country=US&currency=USD,/products/matching-family-red-heart-sweatshirt-mommy-and-me-valentines-day-outfit,matching-family-red-heart-sweatshirt-mommy-and-me-valentines-day-outfit,parameterized
https://www.dresslikemommy.com/products/matching-family-red-heart-sweatshirt-mommy-and-me-valentines-day-outfit?variant=42961481105505&country=US&currency=USD,/products/matching-family-red-heart-sweatshirt-mommy-and-me-valentines-day-outfit,matching-family-red-heart-sweatshirt-mommy-and-me-valentines-day-outfit,parameterized
https://www.dresslikemommy.com/products/matching-family-red-heart-sweatshirt-mommy-and-me-valentines-day-outfit?variant=42961481138273&country=US&currency=USD,/products/matching-family-red-heart-sweatshirt-mommy-and-me-valentines-day-outfit,matching-family-red-heart-sweatshirt-mommy-and-me-valentines-day-outfit,parameterized
https://www.dresslikemommy.com/products/matching-family-red-heart-sweatshirt-mommy-and-me-valentines-day-outfit?variant=42961481203809&country=US&currency=USD,/products/matching-family-red-heart-sweatshirt-mommy-and-me-valentines-day-outfit,matching-family-red-heart-sweatshirt-mommy-and-me-valentines-day-outfit,parameterized
https://www.dresslikemommy.com/products/matching-family-red-heart-sweatshirt-mommy-and-me-valentines-day-outfit?variant=42961481236577&country=US&currency=USD,/products/matching-family-red-heart-sweatshirt-mommy-and-me-valentines-day-outfit,matching-family-red-heart-sweatshirt-mommy-and-me-valentines-day-outfit,parameterized
https://www.dresslikemommy.com/products/matching-family-red-heart-sweatshirt-mommy-and-me-valentines-day-outfit?variant=42961481269345&country=US&currency=USD,/products/matching-family-red-heart-sweatshirt-mommy-and-me-valentines-day-outfit,matching-family-red-heart-sweatshirt-mommy-and-me-valentines-day-outfit,parameterized
https://www.dresslikemommy.com/products/matching-family-red-heart-sweatshirt-mommy-and-me-valentines-day-outfit?variant=42961481302113&country=US&currency=USD,/products/matching-family-red-heart-sweatshirt-mommy-and-me-valentines-day-outfit,matching-family-red-heart-sweatshirt-mommy-and-me-valentines-day-outfit,parameterized
https://www.dresslikemommy.com/products/matching-family-red-heart-sweatshirt-mommy-and-me-valentines-day-outfit?variant=42961481334881&country=US&currency=USD,/products/matching-family-red-heart-sweatshirt-mommy-and-me-valentines-day-outfit,matching-family-red-heart-sweatshirt-mommy-and-me-valentines-day-outfit,parameterized
https://www.dresslikemommy.com/products/matching-family-red-heart-sweatshirt-mommy-and-me-valentines-day-outfit?variant=42961481367649&country=US&currency=USD,/products/matching-family-red-heart-sweatshirt-mommy-and-me-valentines-day-outfit,matching-family-red-heart-sweatshirt-mommy-and-me-valentines-day-outfit,parameterized
https://www.dresslikemommy.com/products/matching-family-red-heart-sweatshirt-mommy-and-me-valentines-day-outfit?variant=42961481433185&country=US&currency=USD,/products/matching-family-red-heart-sweatshirt-mommy-and-me-valentines-day-outfit,matching-family-red-heart-sweatshirt-mommy-and-me-valentines-day-outfit,parameterized
https://www.dresslikemommy.com/products/matching-family-red-heart-sweatshirt-mommy-and-me-valentines-day-outfit?variant=42961481564257&country=US&currency=USD,/products/matching-family-red-heart-sweatshirt-mommy-and-me-valentines-day-outfit,matching-family-red-heart-sweatshirt-mommy-and-me-valentines-day-outfit,parameterized
https://www.dresslikemommy.com/products/matching-family-red-heart-sweatshirt-mommy-and-me-valentines-day-outfit?variant=42961481597025&country=US&currency=USD,/products/matching-family-red-heart-sweatshirt-mommy-and-me-valentines-day-outfit,matching-family-red-heart-sweatshirt-mommy-and-me-valentines-day-outfit,parameterized
https://www.dresslikemommy.com/products/matching-family-red-heart-sweatshirt-mommy-and-me-valentines-day-outfit?variant=42961481662561&country=US&currency=USD,/products/matching-family-red-heart-sweatshirt-mommy-and-me-valentines-day-outfit,matching-family-red-heart-sweatshirt-mommy-and-me-valentines-day-outfit,parameterized
https://www.dresslikemommy.com/products/matching-family-red-heart-sweatshirt-mommy-and-me-valentines-day-outfit?variant=42961481760865&country=US&currency=USD,/products/matching-family-red-heart-sweatshirt-mommy-and-me-valentines-day-outfit,matching-family-red-heart-sweatshirt-mommy-and-me-valentines-day-outfit,parameterized
https://www.dresslikemommy.com/products/matching-family-red-heart-sweatshirt-mommy-and-me-valentines-day-outfit?variant=42961481793633&country=US&currency=USD,/products/matching-family-red-heart-sweatshirt-mommy-and-me-valentines-day-outfit,matching-family-red-heart-sweatshirt-mommy-and-me-valentines-day-outfit,parameterized
https://www.dresslikemommy.com/products/matching-family-red-heart-sweatshirt-mommy-and-me-valentines-day-outfit?variant=42961481826401&country=US&currency=USD,/products/matching-family-red-heart-sweatshirt-mommy-and-me-valentines-day-outfit,matching-family-red-heart-sweatshirt-mommy-and-me-valentines-day-outfit,parameterized
https://www.dresslikemommy.com/products/matching-family-red-heart-sweatshirt-mommy-and-me-valentines-day-outfit?variant=42961481891937&country=US&currency=USD,/products/matching-family-red-heart-sweatshirt-mommy-and-me-valentines-day-outfit,matching-family-red-heart-sweatshirt-mommy-and-me-valentines-day-outfit,parameterized
https://www.dresslikemommy.com/products/matching-family-red-heart-sweatshirt-mommy-and-me-valentines-day-outfit?variant=42961481924705&country=US&currency=USD,/products/matching-family-red-heart-sweatshirt-mommy-and-me-valentines-day-outfit,matching-family-red-heart-sweatshirt-mommy-and-me-valentines-day-outfit,parameterized
https://www.dresslikemommy.com/products/matching-family-red-heart-sweatshirt-mommy-and-me-valentines-day-outfit?variant=42961481957473&country=US&currency=USD,/products/matching-family-red-heart-sweatshirt-mommy-and-me-valentines-day-outfit,matching-family-red-heart-sweatshirt-mommy-and-me-valentines-day-outfit,parameterized
https://www.dresslikemommy.com/products/matching-family-red-heart-sweatshirt-mommy-and-me-valentines-day-outfit?variant=42961482088545&country=US&currency=USD,/products/matching-family-red-heart-sweatshirt-mommy-and-me-valentines-day-outfit,matching-family-red-heart-sweatshirt-mommy-and-me-valentines-day-outfit,parameterized
https://www.dresslikemommy.com/products/matching-family-red-heart-sweatshirt-mommy-and-me-valentines-day-outfit?variant=42961482252385&country=US&currency=USD,/products/matching-family-red-heart-sweatshirt-mommy-and-me-valentines-day-outfit,matching-family-red-heart-sweatshirt-mommy-and-me-valentines-day-outfit,parameterized
https://www.dresslikemommy.com/products/matching-mommy-me-tutu-skirts?variant=18607416705121,/products/matching-mommy-me-tutu-skirts,matching-mommy-me-tutu-skirts,parameterized
https://www.dresslikemommy.com/products/matching-mother-and-daughter-pajamas-elephant?utm_campaign=outfy_sm_1502887035_543&utm_medium=socialmedia_post&utm_source=pinterest,/products/matching-mother-and-daughter-pajamas-elephant,matching-mother-and-daughter-pajamas-elephant,parameterized
https://www.dresslikemommy.com/products/matching-mother-daughter-long-sleeve-plaid-lace-patchwork-dress?variant=31302926205025,/products/matching-mother-daughter-long-sleeve-plaid-lace-patchwork-dress,matching-mother-daughter-long-sleeve-plaid-lace-patchwork-dress,parameterized
https://www.dresslikemommy.com/products/matching-one-piece-solid-color-swimsuit?variant=8176526426209,/products/matching-one-piece-solid-color-swimsuit,matching-one-piece-solid-color-swimsuit,parameterized
https://www.dresslikemommy.com/products/matching-sequin-heart-shaped-printed-hoodies?variant=39618264629345,/products/matching-sequin-heart-shaped-printed-hoodies,matching-sequin-heart-shaped-printed-hoodies,parameterized
https://www.dresslikemommy.com/products/matching-t-shirt-skirt-mom-and-daughter-dress?variant=21576139077,/products/matching-t-shirt-skirt-mom-and-daughter-dress,matching-t-shirt-skirt-mom-and-daughter-dress,parameterized
https://www.dresslikemommy.com/products/mom-and-baby-matching-knitted-hats-warm-fleece-crochet-beanie-hats-winter-mink-raccoon-fur-kids-children-mommy-headwear-hat-caps-3?variant=21874232069,/products/mom-and-baby-matching-knitted-hats-warm-fleece-crochet-beanie-hats-winter-mink-raccoon-fur-kids-children-mommy-headwear-hat-caps-3,mom-and-baby-matching-knitted-hats-warm-fleece-crochet-beanie-hats-winter-mink-raccoon-fur-kids-children-mommy-headwear-hat-caps-3,parameterized
https://www.dresslikemommy.com/products/mom-baby-white-lace-matching-swimsuit?variant=29213797777505,/products/mom-baby-white-lace-matching-swimsuit,mom-baby-white-lace-matching-swimsuit,parameterized
https://www.dresslikemommy.com/products/mommy-and-me-sleepwear-pajamas?variant=29243797700705,/products/mommy-and-me-sleepwear-pajamas,mommy-and-me-sleepwear-pajamas,parameterized
https://www.dresslikemommy.com/products/mommy-and-me-top-knots-headwrap-set-topknot-headband-mom-and-me-headbands-mom-and-daughter-turban-set-1set-hb536-1?variant=21857967045,/products/mommy-and-me-top-knots-headwrap-set-topknot-headband-mom-and-me-headbands-mom-and-daughter-turban-set-1set-hb536-1,mommy-and-me-top-knots-headwrap-set-topknot-headband-mom-and-me-headbands-mom-and-daughter-turban-set-1set-hb536-1,parameterized
https://www.dresslikemommy.com/products/mommy-me-bohemian-floral-retro-printed-dress?variant=8144440426593,/products/mommy-me-bohemian-floral-retro-printed-dress,mommy-me-bohemian-floral-retro-printed-dress,parameterized
https://www.dresslikemommy.com/products/mommy-me-matching-bohemian-patchwork-dress?variant=7626116988958,/products/mommy-me-matching-bohemian-patchwork-dress,mommy-me-matching-bohemian-patchwork-dress,parameterized
https://www.dresslikemommy.com/products/mommy-me-matching-denim-dress?variant=32330768187489,/products/mommy-me-matching-denim-dress,mommy-me-matching-denim-dress,parameterized
https://www.dresslikemommy.com/products/mommy-me-matching-red-dress?variant=29820650651745,/products/mommy-me-matching-red-dress,mommy-me-matching-red-dress,parameterized
https://www.dresslikemommy.com/products/mommy-me-matching-red-dress?variant=29820650815585,/products/mommy-me-matching-red-dress,mommy-me-matching-red-dress,parameterized
https://www.dresslikemommy.com/products/new-2016-family-matching-clothing-lace-dresses-for-girls-and-mother-family-matching-mother-daughter-clothes-european-girl-dress?variant=24393305797,/products/new-2016-family-matching-clothing-lace-dresses-for-girls-and-mother-family-matching-mother-daughter-clothes-european-girl-dress,new-2016-family-matching-clothing-lace-dresses-for-girls-and-mother-family-matching-mother-daughter-clothes-european-girl-dress,parameterized
https://www.dresslikemommy.com/products/new-years-robe-parent-child-outfit-family-of-three-four-autumn-and-winter-red-2026-year-of-the-horse-natal-year-sweatshirt-new-years-greetings?variant=43031633887329&country=US&currency=USD,/products/new-years-robe-parent-child-outfit-family-of-three-four-autumn-and-winter-red-2026-year-of-the-horse-natal-year-sweatshirt-new-years-greetings,new-years-robe-parent-child-outfit-family-of-three-four-autumn-and-winter-red-2026-year-of-the-horse-natal-year-sweatshirt-new-years-greetings,parameterized
https://www.dresslikemommy.com/products/new-years-robe-parent-child-outfit-family-of-three-four-autumn-and-winter-red-2026-year-of-the-horse-natal-year-sweatshirt-new-years-greetings?variant=43031634182241&country=US&currency=USD,/products/new-years-robe-parent-child-outfit-family-of-three-four-autumn-and-winter-red-2026-year-of-the-horse-natal-year-sweatshirt-new-years-greetings,new-years-robe-parent-child-outfit-family-of-three-four-autumn-and-winter-red-2026-year-of-the-horse-natal-year-sweatshirt-new-years-greetings,parameterized
https://www.dresslikemommy.com/products/one-shoulder-matching-evening-dresses-customize?variant=32490735534177,/products/one-shoulder-matching-evening-dresses-customize,one-shoulder-matching-evening-dresses-customize,parameterized
https://www.dresslikemommy.com/products/one-shoulder-matching-evening-dresses-customize?variant=32490735566945,/products/one-shoulder-matching-evening-dresses-customize,one-shoulder-matching-evening-dresses-customize,parameterized
https://www.dresslikemommy.com/products/one-shoulder-matching-evening-dresses-customize?variant=32490735665249,/products/one-shoulder-matching-evening-dresses-customize,one-shoulder-matching-evening-dresses-customize,parameterized
https://www.dresslikemommy.com/products/one-shoulder-matching-evening-dresses-customize?variant=32490735698017,/products/one-shoulder-matching-evening-dresses-customize,one-shoulder-matching-evening-dresses-customize,parameterized
https://www.dresslikemommy.com/products/vintage-matching-flannel-princess-pjs?ref=reachdog,/products/vintage-matching-flannel-princess-pjs,vintage-matching-flannel-princess-pjs,parameterized
https://www.dresslikemommy.com/wpm@0.0.256@3c84b172wd96a86fep64966476m4d4d6440/sandbox/products/matching-mommy-me-two-piece-swimsuit?variant=39452574875745,/wpm@0.0.256@3c84b172wd96a86fep64966476m4d4d6440/sandbox/products/matching-mommy-me-two-piece-swimsuit,matching-mommy-me-two-piece-swimsuit,parameterized
https://www.dresslikemommy.com/wpm@0.0.261@f6c5cfebw0ef9605dpec92f505mf3672ede/sandbox/products/casual-family-matching-outfits-mother-and-daughter-tees-father-and-son-t-shirts-mommy-and-baby-clothes-family-clothing?variant=21662271365,/wpm@0.0.261@f6c5cfebw0ef9605dpec92f505mf3672ede/sandbox/products/casual-family-matching-outfits-mother-and-daughter-tees-father-and-son-t-shirts-mommy-and-baby-clothes-family-clothing,casual-family-matching-outfits-mother-and-daughter-tees-father-and-son-t-shirts-mommy-and-baby-clothes-family-clothing,parameterized
https://www.dresslikemommy.com/wpm@0.0.264@24271aa3w5f39399apdce3a888m968cefc2/sandbox/products/family-matching-bathing-suits-swimwear?variant=39772839247969,/wpm@0.0.264@24271aa3w5f39399apdce3a888m968cefc2/sandbox/products/family-matching-bathing-suits-swimwear,family-matching-bathing-suits-swimwear,parameterized
https://www.dresslikemommy.com/wpm@0.0.279@518c152fw00918cf1pc7ca055am99284242/sandbox/products/family-matching-dragon-t-shirts?variant=29815595237473,/wpm@0.0.279@518c152fw00918cf1pc7ca055am99284242/sandbox/products/family-matching-dragon-t-shirts,family-matching-dragon-t-shirts,parameterized
https://www.dresslikemommy.com/wpm@0.0.290@9b91aff1w4418c6afpfb9312f0m353e3d83/web-pixel-shopify-custom-pixel@0533/sandbox/products/family-matching-blue-coconut-swimsuits?variant=19593210298465,/wpm@0.0.290@9b91aff1w4418c6afpfb9312f0m353e3d83/web-pixel-shopify-custom-pixel@0533/sandbox/products/family-matching-blue-coconut-swimsuits,family-matching-blue-coconut-swimsuits,parameterized
https://www.dresslikemommy.com/wpm@0.0.290@9b91aff1w4418c6afpfb9312f0m353e3d83/web-pixel-shopify-custom-pixel@0533/sandbox/products/mommy-me-angels-wing-swimsuit?variant=18471275135073,/wpm@0.0.290@9b91aff1w4418c6afpfb9312f0m353e3d83/web-pixel-shopify-custom-pixel@0533/sandbox/products/mommy-me-angels-wing-swimsuit,mommy-me-angels-wing-swimsuit,parameterized
https://www.dresslikemommy.com/wpm@0.0.295@5995fe33we7716795p70e72afbmd3a6af29/web-pixel-shopify-custom-pixel@0538/sandbox/products/cute-mother-daughter-matching-swimsuits?variant=39772475129953,/wpm@0.0.295@5995fe33we7716795p70e72afbmd3a6af29/web-pixel-shopify-custom-pixel@0538/sandbox/products/cute-mother-daughter-matching-swimsuits,cute-mother-daughter-matching-swimsuits,parameterized
https://www.dresslikemommy.com/wpm@0.0.296@b5837980w7bcadfe3p20a28281m8e5071b1/web-pixel-shopify-custom-pixel@0540/sandbox/products/matching-mother-daughter-tankini-swimsuit?variant=39757236011105,/wpm@0.0.296@b5837980w7bcadfe3p20a28281m8e5071b1/web-pixel-shopify-custom-pixel@0540/sandbox/products/matching-mother-daughter-tankini-swimsuit,matching-mother-daughter-tankini-swimsuit,parameterized
