campaign_id,campaign,campaign_status,criterion_type,criterion_status,negative,geo_target_constant,language_constant,keyword,keyword_match_type
23834424182,DLM_AU_SEARCH_NONBRAND_EXACT_PHRASE_PAUSED_20260507,ENABLED,KEYWORD,ENABLED,True,,,doll,BROAD
23834424182,DLM_AU_SEARCH_NONBRAND_EXACT_PHRASE_PAUSED_20260507,ENABLED,KEYWORD,ENABLED,True,,,free,BROAD
23834424182,DLM_AU_SEARCH_NONBRAND_EXACT_PHRASE_PAUSED_20260507,ENABLED,KEYWORD,ENABLED,True,,,used,BROAD
23834424182,DLM_AU_SEARCH_NONBRAND_EXACT_PHRASE_PAUSED_20260507,ENABLED,KEYWORD,ENABLED,True,,,tutorial,BROAD
23834424182,DLM_AU_SEARCH_NONBRAND_EXACT_PHRASE_PAUSED_20260507,ENABLED,KEYWORD,ENABLED,True,,,rental,BROAD
23834424182,DLM_AU_SEARCH_NONBRAND_EXACT_PHRASE_PAUSED_20260507,ENABLED,KEYWORD,ENABLED,True,,,bulk,BROAD
23834424182,DLM_AU_SEARCH_NONBRAND_EXACT_PHRASE_PAUSED_20260507,ENABLED,KEYWORD,ENABLED,True,,,wholesale,BROAD
23834424182,DLM_AU_SEARCH_NONBRAND_EXACT_PHRASE_PAUSED_20260507,ENABLED,KEYWORD,ENABLED,True,,,sexy,BROAD
23834424182,DLM_AU_SEARCH_NONBRAND_EXACT_PHRASE_PAUSED_20260507,ENABLED,KEYWORD,ENABLED,True,,,clipart,BROAD
23834424182,DLM_AU_SEARCH_NONBRAND_EXACT_PHRASE_PAUSED_20260507,ENABLED,KEYWORD,ENABLED,True,,,template,BROAD
23834424182,DLM_AU_SEARCH_NONBRAND_EXACT_PHRASE_PAUSED_20260507,ENABLED,KEYWORD,ENABLED,True,,,costume,BROAD
23834424182,DLM_AU_SEARCH_NONBRAND_EXACT_PHRASE_PAUSED_20260507,ENABLED,KEYWORD,ENABLED,True,,,secondhand,BROAD
23834424182,DLM_AU_SEARCH_NONBRAND_EXACT_PHRASE_PAUSED_20260507,ENABLED,KEYWORD,ENABLED,True,,,fabric,BROAD
23834424182,DLM_AU_SEARCH_NONBRAND_EXACT_PHRASE_PAUSED_20260507,ENABLED,KEYWORD,ENABLED,True,,,crochet,BROAD
23834424182,DLM_AU_SEARCH_NONBRAND_EXACT_PHRASE_PAUSED_20260507,ENABLED,KEYWORD,ENABLED,True,,,knitting,BROAD
23834424182,DLM_AU_SEARCH_NONBRAND_EXACT_PHRASE_PAUSED_20260507,ENABLED,KEYWORD,ENABLED,True,,,diy,BROAD
23834424182,DLM_AU_SEARCH_NONBRAND_EXACT_PHRASE_PAUSED_20260507,ENABLED,KEYWORD,ENABLED,True,,,sew,BROAD
23834424182,DLM_AU_SEARCH_NONBRAND_EXACT_PHRASE_PAUSED_20260507,ENABLED,KEYWORD,ENABLED,True,,,sewing,BROAD
23834424182,DLM_AU_SEARCH_NONBRAND_EXACT_PHRASE_PAUSED_20260507,ENABLED,KEYWORD,ENABLED,True,,,pattern,BROAD
23834424182,DLM_AU_SEARCH_NONBRAND_EXACT_PHRASE_PAUSED_20260507,ENABLED,KEYWORD,ENABLED,True,,,pdf,BROAD
23834424182,DLM_AU_SEARCH_NONBRAND_EXACT_PHRASE_PAUSED_20260507,ENABLED,KEYWORD,ENABLED,True,,,patterns,BROAD
23834424182,DLM_AU_SEARCH_NONBRAND_EXACT_PHRASE_PAUSED_20260507,ENABLED,KEYWORD,ENABLED,True,,,maternity,BROAD
23834424182,DLM_AU_SEARCH_NONBRAND_EXACT_PHRASE_PAUSED_20260507,ENABLED,KEYWORD,ENABLED,True,,,amazon,EXACT
23834424182,DLM_AU_SEARCH_NONBRAND_EXACT_PHRASE_PAUSED_20260507,ENABLED,KEYWORD,ENABLED,True,,,walmart,EXACT
23834424182,DLM_AU_SEARCH_NONBRAND_EXACT_PHRASE_PAUSED_20260507,ENABLED,KEYWORD,ENABLED,True,,,adult costume,PHRASE
23834424182,DLM_AU_SEARCH_NONBRAND_EXACT_PHRASE_PAUSED_20260507,ENABLED,KEYWORD,ENABLED,True,,,alibaba,EXACT
23834424182,DLM_AU_SEARCH_NONBRAND_EXACT_PHRASE_PAUSED_20260507,ENABLED,KEYWORD,ENABLED,True,,,target,EXACT
23834424182,DLM_AU_SEARCH_NONBRAND_EXACT_PHRASE_PAUSED_20260507,ENABLED,KEYWORD,ENABLED,True,,,second hand,PHRASE
23834424182,DLM_AU_SEARCH_NONBRAND_EXACT_PHRASE_PAUSED_20260507,ENABLED,KEYWORD,ENABLED,True,,,sims,EXACT
23834424182,DLM_AU_SEARCH_NONBRAND_EXACT_PHRASE_PAUSED_20260507,ENABLED,KEYWORD,ENABLED,True,,,how to sew,PHRASE
23834424182,DLM_AU_SEARCH_NONBRAND_EXACT_PHRASE_PAUSED_20260507,ENABLED,KEYWORD,ENABLED,True,,,sewing pattern,PHRASE
23834424182,DLM_AU_SEARCH_NONBRAND_EXACT_PHRASE_PAUSED_20260507,ENABLED,KEYWORD,ENABLED,True,,,coloring page,PHRASE
23834424182,DLM_AU_SEARCH_NONBRAND_EXACT_PHRASE_PAUSED_20260507,ENABLED,KEYWORD,ENABLED,True,,,shein,EXACT
23834424182,DLM_AU_SEARCH_NONBRAND_EXACT_PHRASE_PAUSED_20260507,ENABLED,KEYWORD,ENABLED,True,,,temu,EXACT
23834424182,DLM_AU_SEARCH_NONBRAND_EXACT_PHRASE_PAUSED_20260507,ENABLED,KEYWORD,ENABLED,True,,,roblox,EXACT
23834424182,DLM_AU_SEARCH_NONBRAND_EXACT_PHRASE_PAUSED_20260507,ENABLED,KEYWORD,ENABLED,True,,,aliexpress,EXACT
23834424182,DLM_AU_SEARCH_NONBRAND_EXACT_PHRASE_PAUSED_20260507,ENABLED,KEYWORD,ENABLED,True,,,1688,EXACT
23834424182,DLM_AU_SEARCH_NONBRAND_EXACT_PHRASE_PAUSED_20260507,ENABLED,LANGUAGE,ENABLED,False,,languageConstants/1000,,UNSPECIFIED
23834424182,DLM_AU_SEARCH_NONBRAND_EXACT_PHRASE_PAUSED_20260507,ENABLED,LOCATION,ENABLED,False,geoTargetConstants/2036,,,UNSPECIFIED
23834424182,DLM_AU_SEARCH_NONBRAND_EXACT_PHRASE_PAUSED_20260507,ENABLED,DEVICE,ENABLED,False,,,,UNSPECIFIED
23834424182,DLM_AU_SEARCH_NONBRAND_EXACT_PHRASE_PAUSED_20260507,ENABLED,DEVICE,ENABLED,False,,,,UNSPECIFIED
23834424182,DLM_AU_SEARCH_NONBRAND_EXACT_PHRASE_PAUSED_20260507,ENABLED,DEVICE,ENABLED,False,,,,UNSPECIFIED
23834423669,DLM_CA_SEARCH_NONBRAND_EXACT_PHRASE_PAUSED_20260507,ENABLED,KEYWORD,ENABLED,True,,,doll,BROAD
23834423669,DLM_CA_SEARCH_NONBRAND_EXACT_PHRASE_PAUSED_20260507,ENABLED,KEYWORD,ENABLED,True,,,free,BROAD
23834423669,DLM_CA_SEARCH_NONBRAND_EXACT_PHRASE_PAUSED_20260507,ENABLED,KEYWORD,ENABLED,True,,,used,BROAD
23834423669,DLM_CA_SEARCH_NONBRAND_EXACT_PHRASE_PAUSED_20260507,ENABLED,KEYWORD,ENABLED,True,,,tutorial,BROAD
23834423669,DLM_CA_SEARCH_NONBRAND_EXACT_PHRASE_PAUSED_20260507,ENABLED,KEYWORD,ENABLED,True,,,rental,BROAD
23834423669,DLM_CA_SEARCH_NONBRAND_EXACT_PHRASE_PAUSED_20260507,ENABLED,KEYWORD,ENABLED,True,,,bulk,BROAD
23834423669,DLM_CA_SEARCH_NONBRAND_EXACT_PHRASE_PAUSED_20260507,ENABLED,KEYWORD,ENABLED,True,,,wholesale,BROAD
23834423669,DLM_CA_SEARCH_NONBRAND_EXACT_PHRASE_PAUSED_20260507,ENABLED,KEYWORD,ENABLED,True,,,sexy,BROAD
23834423669,DLM_CA_SEARCH_NONBRAND_EXACT_PHRASE_PAUSED_20260507,ENABLED,KEYWORD,ENABLED,True,,,clipart,BROAD
23834423669,DLM_CA_SEARCH_NONBRAND_EXACT_PHRASE_PAUSED_20260507,ENABLED,KEYWORD,ENABLED,True,,,template,BROAD
23834423669,DLM_CA_SEARCH_NONBRAND_EXACT_PHRASE_PAUSED_20260507,ENABLED,KEYWORD,ENABLED,True,,,costume,BROAD
23834423669,DLM_CA_SEARCH_NONBRAND_EXACT_PHRASE_PAUSED_20260507,ENABLED,KEYWORD,ENABLED,True,,,secondhand,BROAD
23834423669,DLM_CA_SEARCH_NONBRAND_EXACT_PHRASE_PAUSED_20260507,ENABLED,KEYWORD,ENABLED,True,,,fabric,BROAD
23834423669,DLM_CA_SEARCH_NONBRAND_EXACT_PHRASE_PAUSED_20260507,ENABLED,KEYWORD,ENABLED,True,,,crochet,BROAD
23834423669,DLM_CA_SEARCH_NONBRAND_EXACT_PHRASE_PAUSED_20260507,ENABLED,KEYWORD,ENABLED,True,,,knitting,BROAD
23834423669,DLM_CA_SEARCH_NONBRAND_EXACT_PHRASE_PAUSED_20260507,ENABLED,KEYWORD,ENABLED,True,,,diy,BROAD
23834423669,DLM_CA_SEARCH_NONBRAND_EXACT_PHRASE_PAUSED_20260507,ENABLED,KEYWORD,ENABLED,True,,,sew,BROAD
23834423669,DLM_CA_SEARCH_NONBRAND_EXACT_PHRASE_PAUSED_20260507,ENABLED,KEYWORD,ENABLED,True,,,sewing,BROAD
23834423669,DLM_CA_SEARCH_NONBRAND_EXACT_PHRASE_PAUSED_20260507,ENABLED,KEYWORD,ENABLED,True,,,pattern,BROAD
23834423669,DLM_CA_SEARCH_NONBRAND_EXACT_PHRASE_PAUSED_20260507,ENABLED,KEYWORD,ENABLED,True,,,pdf,BROAD
23834423669,DLM_CA_SEARCH_NONBRAND_EXACT_PHRASE_PAUSED_20260507,ENABLED,KEYWORD,ENABLED,True,,,patterns,BROAD
23834423669,DLM_CA_SEARCH_NONBRAND_EXACT_PHRASE_PAUSED_20260507,ENABLED,KEYWORD,ENABLED,True,,,maternity,BROAD
23834423669,DLM_CA_SEARCH_NONBRAND_EXACT_PHRASE_PAUSED_20260507,ENABLED,KEYWORD,ENABLED,True,,,amazon,EXACT
23834423669,DLM_CA_SEARCH_NONBRAND_EXACT_PHRASE_PAUSED_20260507,ENABLED,KEYWORD,ENABLED,True,,,walmart,EXACT
23834423669,DLM_CA_SEARCH_NONBRAND_EXACT_PHRASE_PAUSED_20260507,ENABLED,KEYWORD,ENABLED,True,,,adult costume,PHRASE
23834423669,DLM_CA_SEARCH_NONBRAND_EXACT_PHRASE_PAUSED_20260507,ENABLED,KEYWORD,ENABLED,True,,,alibaba,EXACT
23834423669,DLM_CA_SEARCH_NONBRAND_EXACT_PHRASE_PAUSED_20260507,ENABLED,KEYWORD,ENABLED,True,,,target,EXACT
23834423669,DLM_CA_SEARCH_NONBRAND_EXACT_PHRASE_PAUSED_20260507,ENABLED,KEYWORD,ENABLED,True,,,second hand,PHRASE
23834423669,DLM_CA_SEARCH_NONBRAND_EXACT_PHRASE_PAUSED_20260507,ENABLED,KEYWORD,ENABLED,True,,,sims,EXACT
23834423669,DLM_CA_SEARCH_NONBRAND_EXACT_PHRASE_PAUSED_20260507,ENABLED,KEYWORD,ENABLED,True,,,how to sew,PHRASE
23834423669,DLM_CA_SEARCH_NONBRAND_EXACT_PHRASE_PAUSED_20260507,ENABLED,KEYWORD,ENABLED,True,,,sewing pattern,PHRASE
23834423669,DLM_CA_SEARCH_NONBRAND_EXACT_PHRASE_PAUSED_20260507,ENABLED,KEYWORD,ENABLED,True,,,coloring page,PHRASE
23834423669,DLM_CA_SEARCH_NONBRAND_EXACT_PHRASE_PAUSED_20260507,ENABLED,KEYWORD,ENABLED,True,,,shein,EXACT
23834423669,DLM_CA_SEARCH_NONBRAND_EXACT_PHRASE_PAUSED_20260507,ENABLED,KEYWORD,ENABLED,True,,,temu,EXACT
23834423669,DLM_CA_SEARCH_NONBRAND_EXACT_PHRASE_PAUSED_20260507,ENABLED,KEYWORD,ENABLED,True,,,roblox,EXACT
23834423669,DLM_CA_SEARCH_NONBRAND_EXACT_PHRASE_PAUSED_20260507,ENABLED,KEYWORD,ENABLED,True,,,aliexpress,EXACT
23834423669,DLM_CA_SEARCH_NONBRAND_EXACT_PHRASE_PAUSED_20260507,ENABLED,KEYWORD,ENABLED,True,,,1688,EXACT
23834423669,DLM_CA_SEARCH_NONBRAND_EXACT_PHRASE_PAUSED_20260507,ENABLED,LANGUAGE,ENABLED,False,,languageConstants/1000,,UNSPECIFIED
23834423669,DLM_CA_SEARCH_NONBRAND_EXACT_PHRASE_PAUSED_20260507,ENABLED,LOCATION,ENABLED,False,geoTargetConstants/2124,,,UNSPECIFIED
23834423669,DLM_CA_SEARCH_NONBRAND_EXACT_PHRASE_PAUSED_20260507,ENABLED,DEVICE,ENABLED,False,,,,UNSPECIFIED
23834423669,DLM_CA_SEARCH_NONBRAND_EXACT_PHRASE_PAUSED_20260507,ENABLED,DEVICE,ENABLED,False,,,,UNSPECIFIED
23834423669,DLM_CA_SEARCH_NONBRAND_EXACT_PHRASE_PAUSED_20260507,ENABLED,DEVICE,ENABLED,False,,,,UNSPECIFIED
23834425358,DLM_CH_SEARCH_NONBRAND_EXACT_PHRASE_PAUSED_20260507,PAUSED,KEYWORD,ENABLED,True,,,doll,BROAD
23834425358,DLM_CH_SEARCH_NONBRAND_EXACT_PHRASE_PAUSED_20260507,PAUSED,KEYWORD,ENABLED,True,,,free,BROAD
23834425358,DLM_CH_SEARCH_NONBRAND_EXACT_PHRASE_PAUSED_20260507,PAUSED,KEYWORD,ENABLED,True,,,used,BROAD
23834425358,DLM_CH_SEARCH_NONBRAND_EXACT_PHRASE_PAUSED_20260507,PAUSED,KEYWORD,ENABLED,True,,,tutorial,BROAD
23834425358,DLM_CH_SEARCH_NONBRAND_EXACT_PHRASE_PAUSED_20260507,PAUSED,KEYWORD,ENABLED,True,,,rental,BROAD
23834425358,DLM_CH_SEARCH_NONBRAND_EXACT_PHRASE_PAUSED_20260507,PAUSED,KEYWORD,ENABLED,True,,,bulk,BROAD
23834425358,DLM_CH_SEARCH_NONBRAND_EXACT_PHRASE_PAUSED_20260507,PAUSED,KEYWORD,ENABLED,True,,,wholesale,BROAD
23834425358,DLM_CH_SEARCH_NONBRAND_EXACT_PHRASE_PAUSED_20260507,PAUSED,KEYWORD,ENABLED,True,,,sexy,BROAD
23834425358,DLM_CH_SEARCH_NONBRAND_EXACT_PHRASE_PAUSED_20260507,PAUSED,KEYWORD,ENABLED,True,,,clipart,BROAD
23834425358,DLM_CH_SEARCH_NONBRAND_EXACT_PHRASE_PAUSED_20260507,PAUSED,KEYWORD,ENABLED,True,,,template,BROAD
23834425358,DLM_CH_SEARCH_NONBRAND_EXACT_PHRASE_PAUSED_20260507,PAUSED,KEYWORD,ENABLED,True,,,costume,BROAD
23834425358,DLM_CH_SEARCH_NONBRAND_EXACT_PHRASE_PAUSED_20260507,PAUSED,KEYWORD,ENABLED,True,,,secondhand,BROAD
23834425358,DLM_CH_SEARCH_NONBRAND_EXACT_PHRASE_PAUSED_20260507,PAUSED,KEYWORD,ENABLED,True,,,fabric,BROAD
23834425358,DLM_CH_SEARCH_NONBRAND_EXACT_PHRASE_PAUSED_20260507,PAUSED,KEYWORD,ENABLED,True,,,crochet,BROAD
23834425358,DLM_CH_SEARCH_NONBRAND_EXACT_PHRASE_PAUSED_20260507,PAUSED,KEYWORD,ENABLED,True,,,knitting,BROAD
23834425358,DLM_CH_SEARCH_NONBRAND_EXACT_PHRASE_PAUSED_20260507,PAUSED,KEYWORD,ENABLED,True,,,diy,BROAD
23834425358,DLM_CH_SEARCH_NONBRAND_EXACT_PHRASE_PAUSED_20260507,PAUSED,KEYWORD,ENABLED,True,,,sew,BROAD
23834425358,DLM_CH_SEARCH_NONBRAND_EXACT_PHRASE_PAUSED_20260507,PAUSED,KEYWORD,ENABLED,True,,,sewing,BROAD
23834425358,DLM_CH_SEARCH_NONBRAND_EXACT_PHRASE_PAUSED_20260507,PAUSED,KEYWORD,ENABLED,True,,,pattern,BROAD
23834425358,DLM_CH_SEARCH_NONBRAND_EXACT_PHRASE_PAUSED_20260507,PAUSED,KEYWORD,ENABLED,True,,,pdf,BROAD
23834425358,DLM_CH_SEARCH_NONBRAND_EXACT_PHRASE_PAUSED_20260507,PAUSED,KEYWORD,ENABLED,True,,,patterns,BROAD
23834425358,DLM_CH_SEARCH_NONBRAND_EXACT_PHRASE_PAUSED_20260507,PAUSED,KEYWORD,ENABLED,True,,,maternity,BROAD
23834425358,DLM_CH_SEARCH_NONBRAND_EXACT_PHRASE_PAUSED_20260507,PAUSED,KEYWORD,ENABLED,True,,,amazon,EXACT
23834425358,DLM_CH_SEARCH_NONBRAND_EXACT_PHRASE_PAUSED_20260507,PAUSED,KEYWORD,ENABLED,True,,,walmart,EXACT
23834425358,DLM_CH_SEARCH_NONBRAND_EXACT_PHRASE_PAUSED_20260507,PAUSED,KEYWORD,ENABLED,True,,,adult costume,PHRASE
23834425358,DLM_CH_SEARCH_NONBRAND_EXACT_PHRASE_PAUSED_20260507,PAUSED,KEYWORD,ENABLED,True,,,alibaba,EXACT
23834425358,DLM_CH_SEARCH_NONBRAND_EXACT_PHRASE_PAUSED_20260507,PAUSED,KEYWORD,ENABLED,True,,,target,EXACT
23834425358,DLM_CH_SEARCH_NONBRAND_EXACT_PHRASE_PAUSED_20260507,PAUSED,KEYWORD,ENABLED,True,,,second hand,PHRASE
23834425358,DLM_CH_SEARCH_NONBRAND_EXACT_PHRASE_PAUSED_20260507,PAUSED,KEYWORD,ENABLED,True,,,sims,EXACT
23834425358,DLM_CH_SEARCH_NONBRAND_EXACT_PHRASE_PAUSED_20260507,PAUSED,KEYWORD,ENABLED,True,,,how to sew,PHRASE
23834425358,DLM_CH_SEARCH_NONBRAND_EXACT_PHRASE_PAUSED_20260507,PAUSED,KEYWORD,ENABLED,True,,,sewing pattern,PHRASE
23834425358,DLM_CH_SEARCH_NONBRAND_EXACT_PHRASE_PAUSED_20260507,PAUSED,KEYWORD,ENABLED,True,,,coloring page,PHRASE
23834425358,DLM_CH_SEARCH_NONBRAND_EXACT_PHRASE_PAUSED_20260507,PAUSED,KEYWORD,ENABLED,True,,,shein,EXACT
23834425358,DLM_CH_SEARCH_NONBRAND_EXACT_PHRASE_PAUSED_20260507,PAUSED,KEYWORD,ENABLED,True,,,temu,EXACT
23834425358,DLM_CH_SEARCH_NONBRAND_EXACT_PHRASE_PAUSED_20260507,PAUSED,KEYWORD,ENABLED,True,,,roblox,EXACT
23834425358,DLM_CH_SEARCH_NONBRAND_EXACT_PHRASE_PAUSED_20260507,PAUSED,KEYWORD,ENABLED,True,,,aliexpress,EXACT
23834425358,DLM_CH_SEARCH_NONBRAND_EXACT_PHRASE_PAUSED_20260507,PAUSED,KEYWORD,ENABLED,True,,,1688,EXACT
23834425358,DLM_CH_SEARCH_NONBRAND_EXACT_PHRASE_PAUSED_20260507,PAUSED,LANGUAGE,ENABLED,False,,languageConstants/1000,,UNSPECIFIED
23834425358,DLM_CH_SEARCH_NONBRAND_EXACT_PHRASE_PAUSED_20260507,PAUSED,LOCATION,ENABLED,False,geoTargetConstants/2756,,,UNSPECIFIED
23834425358,DLM_CH_SEARCH_NONBRAND_EXACT_PHRASE_PAUSED_20260507,PAUSED,DEVICE,ENABLED,False,,,,UNSPECIFIED
23834425358,DLM_CH_SEARCH_NONBRAND_EXACT_PHRASE_PAUSED_20260507,PAUSED,DEVICE,ENABLED,False,,,,UNSPECIFIED
23834425358,DLM_CH_SEARCH_NONBRAND_EXACT_PHRASE_PAUSED_20260507,PAUSED,DEVICE,ENABLED,False,,,,UNSPECIFIED
23829253812,DLM_CZ_SEARCH_NONBRAND_EXACT_PHRASE_PAUSED_20260507,PAUSED,KEYWORD,ENABLED,True,,,doll,BROAD
23829253812,DLM_CZ_SEARCH_NONBRAND_EXACT_PHRASE_PAUSED_20260507,PAUSED,KEYWORD,ENABLED,True,,,free,BROAD
23829253812,DLM_CZ_SEARCH_NONBRAND_EXACT_PHRASE_PAUSED_20260507,PAUSED,KEYWORD,ENABLED,True,,,used,BROAD
23829253812,DLM_CZ_SEARCH_NONBRAND_EXACT_PHRASE_PAUSED_20260507,PAUSED,KEYWORD,ENABLED,True,,,tutorial,BROAD
23829253812,DLM_CZ_SEARCH_NONBRAND_EXACT_PHRASE_PAUSED_20260507,PAUSED,KEYWORD,ENABLED,True,,,rental,BROAD
23829253812,DLM_CZ_SEARCH_NONBRAND_EXACT_PHRASE_PAUSED_20260507,PAUSED,KEYWORD,ENABLED,True,,,bulk,BROAD
23829253812,DLM_CZ_SEARCH_NONBRAND_EXACT_PHRASE_PAUSED_20260507,PAUSED,KEYWORD,ENABLED,True,,,wholesale,BROAD
23829253812,DLM_CZ_SEARCH_NONBRAND_EXACT_PHRASE_PAUSED_20260507,PAUSED,KEYWORD,ENABLED,True,,,sexy,BROAD
23829253812,DLM_CZ_SEARCH_NONBRAND_EXACT_PHRASE_PAUSED_20260507,PAUSED,KEYWORD,ENABLED,True,,,clipart,BROAD
23829253812,DLM_CZ_SEARCH_NONBRAND_EXACT_PHRASE_PAUSED_20260507,PAUSED,KEYWORD,ENABLED,True,,,template,BROAD
23829253812,DLM_CZ_SEARCH_NONBRAND_EXACT_PHRASE_PAUSED_20260507,PAUSED,KEYWORD,ENABLED,True,,,costume,BROAD
23829253812,DLM_CZ_SEARCH_NONBRAND_EXACT_PHRASE_PAUSED_20260507,PAUSED,KEYWORD,ENABLED,True,,,secondhand,BROAD
23829253812,DLM_CZ_SEARCH_NONBRAND_EXACT_PHRASE_PAUSED_20260507,PAUSED,KEYWORD,ENABLED,True,,,fabric,BROAD
23829253812,DLM_CZ_SEARCH_NONBRAND_EXACT_PHRASE_PAUSED_20260507,PAUSED,KEYWORD,ENABLED,True,,,crochet,BROAD
23829253812,DLM_CZ_SEARCH_NONBRAND_EXACT_PHRASE_PAUSED_20260507,PAUSED,KEYWORD,ENABLED,True,,,knitting,BROAD
23829253812,DLM_CZ_SEARCH_NONBRAND_EXACT_PHRASE_PAUSED_20260507,PAUSED,KEYWORD,ENABLED,True,,,diy,BROAD
23829253812,DLM_CZ_SEARCH_NONBRAND_EXACT_PHRASE_PAUSED_20260507,PAUSED,KEYWORD,ENABLED,True,,,sew,BROAD
23829253812,DLM_CZ_SEARCH_NONBRAND_EXACT_PHRASE_PAUSED_20260507,PAUSED,KEYWORD,ENABLED,True,,,sewing,BROAD
23829253812,DLM_CZ_SEARCH_NONBRAND_EXACT_PHRASE_PAUSED_20260507,PAUSED,KEYWORD,ENABLED,True,,,pattern,BROAD
23829253812,DLM_CZ_SEARCH_NONBRAND_EXACT_PHRASE_PAUSED_20260507,PAUSED,KEYWORD,ENABLED,True,,,pdf,BROAD
23829253812,DLM_CZ_SEARCH_NONBRAND_EXACT_PHRASE_PAUSED_20260507,PAUSED,KEYWORD,ENABLED,True,,,patterns,BROAD
23829253812,DLM_CZ_SEARCH_NONBRAND_EXACT_PHRASE_PAUSED_20260507,PAUSED,KEYWORD,ENABLED,True,,,maternity,BROAD
23829253812,DLM_CZ_SEARCH_NONBRAND_EXACT_PHRASE_PAUSED_20260507,PAUSED,KEYWORD,ENABLED,True,,,amazon,EXACT
23829253812,DLM_CZ_SEARCH_NONBRAND_EXACT_PHRASE_PAUSED_20260507,PAUSED,KEYWORD,ENABLED,True,,,walmart,EXACT
23829253812,DLM_CZ_SEARCH_NONBRAND_EXACT_PHRASE_PAUSED_20260507,PAUSED,KEYWORD,ENABLED,True,,,adult costume,PHRASE
23829253812,DLM_CZ_SEARCH_NONBRAND_EXACT_PHRASE_PAUSED_20260507,PAUSED,KEYWORD,ENABLED,True,,,alibaba,EXACT
23829253812,DLM_CZ_SEARCH_NONBRAND_EXACT_PHRASE_PAUSED_20260507,PAUSED,KEYWORD,ENABLED,True,,,target,EXACT
23829253812,DLM_CZ_SEARCH_NONBRAND_EXACT_PHRASE_PAUSED_20260507,PAUSED,KEYWORD,ENABLED,True,,,second hand,PHRASE
23829253812,DLM_CZ_SEARCH_NONBRAND_EXACT_PHRASE_PAUSED_20260507,PAUSED,KEYWORD,ENABLED,True,,,sims,EXACT
23829253812,DLM_CZ_SEARCH_NONBRAND_EXACT_PHRASE_PAUSED_20260507,PAUSED,KEYWORD,ENABLED,True,,,how to sew,PHRASE
23829253812,DLM_CZ_SEARCH_NONBRAND_EXACT_PHRASE_PAUSED_20260507,PAUSED,KEYWORD,ENABLED,True,,,sewing pattern,PHRASE
23829253812,DLM_CZ_SEARCH_NONBRAND_EXACT_PHRASE_PAUSED_20260507,PAUSED,KEYWORD,ENABLED,True,,,coloring page,PHRASE
23829253812,DLM_CZ_SEARCH_NONBRAND_EXACT_PHRASE_PAUSED_20260507,PAUSED,KEYWORD,ENABLED,True,,,shein,EXACT
23829253812,DLM_CZ_SEARCH_NONBRAND_EXACT_PHRASE_PAUSED_20260507,PAUSED,KEYWORD,ENABLED,True,,,temu,EXACT
23829253812,DLM_CZ_SEARCH_NONBRAND_EXACT_PHRASE_PAUSED_20260507,PAUSED,KEYWORD,ENABLED,True,,,roblox,EXACT
23829253812,DLM_CZ_SEARCH_NONBRAND_EXACT_PHRASE_PAUSED_20260507,PAUSED,KEYWORD,ENABLED,True,,,aliexpress,EXACT
23829253812,DLM_CZ_SEARCH_NONBRAND_EXACT_PHRASE_PAUSED_20260507,PAUSED,KEYWORD,ENABLED,True,,,1688,EXACT
23829253812,DLM_CZ_SEARCH_NONBRAND_EXACT_PHRASE_PAUSED_20260507,PAUSED,LANGUAGE,ENABLED,False,,languageConstants/1000,,UNSPECIFIED
23829253812,DLM_CZ_SEARCH_NONBRAND_EXACT_PHRASE_PAUSED_20260507,PAUSED,LOCATION,ENABLED,False,geoTargetConstants/2203,,,UNSPECIFIED
23829253812,DLM_CZ_SEARCH_NONBRAND_EXACT_PHRASE_PAUSED_20260507,PAUSED,DEVICE,ENABLED,False,,,,UNSPECIFIED
23829253812,DLM_CZ_SEARCH_NONBRAND_EXACT_PHRASE_PAUSED_20260507,PAUSED,DEVICE,ENABLED,False,,,,UNSPECIFIED
23829253812,DLM_CZ_SEARCH_NONBRAND_EXACT_PHRASE_PAUSED_20260507,PAUSED,DEVICE,ENABLED,False,,,,UNSPECIFIED
23834427575,DLM_DE_SEARCH_NONBRAND_EXACT_PHRASE_PAUSED_20260507,PAUSED,KEYWORD,ENABLED,True,,,doll,BROAD
23834427575,DLM_DE_SEARCH_NONBRAND_EXACT_PHRASE_PAUSED_20260507,PAUSED,KEYWORD,ENABLED,True,,,free,BROAD
23834427575,DLM_DE_SEARCH_NONBRAND_EXACT_PHRASE_PAUSED_20260507,PAUSED,KEYWORD,ENABLED,True,,,used,BROAD
23834427575,DLM_DE_SEARCH_NONBRAND_EXACT_PHRASE_PAUSED_20260507,PAUSED,KEYWORD,ENABLED,True,,,tutorial,BROAD
23834427575,DLM_DE_SEARCH_NONBRAND_EXACT_PHRASE_PAUSED_20260507,PAUSED,KEYWORD,ENABLED,True,,,rental,BROAD
23834427575,DLM_DE_SEARCH_NONBRAND_EXACT_PHRASE_PAUSED_20260507,PAUSED,KEYWORD,ENABLED,True,,,bulk,BROAD
23834427575,DLM_DE_SEARCH_NONBRAND_EXACT_PHRASE_PAUSED_20260507,PAUSED,KEYWORD,ENABLED,True,,,wholesale,BROAD
23834427575,DLM_DE_SEARCH_NONBRAND_EXACT_PHRASE_PAUSED_20260507,PAUSED,KEYWORD,ENABLED,True,,,sexy,BROAD
23834427575,DLM_DE_SEARCH_NONBRAND_EXACT_PHRASE_PAUSED_20260507,PAUSED,KEYWORD,ENABLED,True,,,clipart,BROAD
23834427575,DLM_DE_SEARCH_NONBRAND_EXACT_PHRASE_PAUSED_20260507,PAUSED,KEYWORD,ENABLED,True,,,template,BROAD
23834427575,DLM_DE_SEARCH_NONBRAND_EXACT_PHRASE_PAUSED_20260507,PAUSED,KEYWORD,ENABLED,True,,,costume,BROAD
23834427575,DLM_DE_SEARCH_NONBRAND_EXACT_PHRASE_PAUSED_20260507,PAUSED,KEYWORD,ENABLED,True,,,secondhand,BROAD
23834427575,DLM_DE_SEARCH_NONBRAND_EXACT_PHRASE_PAUSED_20260507,PAUSED,KEYWORD,ENABLED,True,,,fabric,BROAD
23834427575,DLM_DE_SEARCH_NONBRAND_EXACT_PHRASE_PAUSED_20260507,PAUSED,KEYWORD,ENABLED,True,,,crochet,BROAD
23834427575,DLM_DE_SEARCH_NONBRAND_EXACT_PHRASE_PAUSED_20260507,PAUSED,KEYWORD,ENABLED,True,,,knitting,BROAD
23834427575,DLM_DE_SEARCH_NONBRAND_EXACT_PHRASE_PAUSED_20260507,PAUSED,KEYWORD,ENABLED,True,,,diy,BROAD
23834427575,DLM_DE_SEARCH_NONBRAND_EXACT_PHRASE_PAUSED_20260507,PAUSED,KEYWORD,ENABLED,True,,,sew,BROAD
23834427575,DLM_DE_SEARCH_NONBRAND_EXACT_PHRASE_PAUSED_20260507,PAUSED,KEYWORD,ENABLED,True,,,sewing,BROAD
23834427575,DLM_DE_SEARCH_NONBRAND_EXACT_PHRASE_PAUSED_20260507,PAUSED,KEYWORD,ENABLED,True,,,pattern,BROAD
23834427575,DLM_DE_SEARCH_NONBRAND_EXACT_PHRASE_PAUSED_20260507,PAUSED,KEYWORD,ENABLED,True,,,pdf,BROAD
23834427575,DLM_DE_SEARCH_NONBRAND_EXACT_PHRASE_PAUSED_20260507,PAUSED,KEYWORD,ENABLED,True,,,patterns,BROAD
23834427575,DLM_DE_SEARCH_NONBRAND_EXACT_PHRASE_PAUSED_20260507,PAUSED,KEYWORD,ENABLED,True,,,maternity,BROAD
23834427575,DLM_DE_SEARCH_NONBRAND_EXACT_PHRASE_PAUSED_20260507,PAUSED,KEYWORD,ENABLED,True,,,amazon,EXACT
23834427575,DLM_DE_SEARCH_NONBRAND_EXACT_PHRASE_PAUSED_20260507,PAUSED,KEYWORD,ENABLED,True,,,walmart,EXACT
23834427575,DLM_DE_SEARCH_NONBRAND_EXACT_PHRASE_PAUSED_20260507,PAUSED,KEYWORD,ENABLED,True,,,adult costume,PHRASE
23834427575,DLM_DE_SEARCH_NONBRAND_EXACT_PHRASE_PAUSED_20260507,PAUSED,KEYWORD,ENABLED,True,,,alibaba,EXACT
23834427575,DLM_DE_SEARCH_NONBRAND_EXACT_PHRASE_PAUSED_20260507,PAUSED,KEYWORD,ENABLED,True,,,target,EXACT
23834427575,DLM_DE_SEARCH_NONBRAND_EXACT_PHRASE_PAUSED_20260507,PAUSED,KEYWORD,ENABLED,True,,,second hand,PHRASE
23834427575,DLM_DE_SEARCH_NONBRAND_EXACT_PHRASE_PAUSED_20260507,PAUSED,KEYWORD,ENABLED,True,,,sims,EXACT
23834427575,DLM_DE_SEARCH_NONBRAND_EXACT_PHRASE_PAUSED_20260507,PAUSED,KEYWORD,ENABLED,True,,,how to sew,PHRASE
23834427575,DLM_DE_SEARCH_NONBRAND_EXACT_PHRASE_PAUSED_20260507,PAUSED,KEYWORD,ENABLED,True,,,sewing pattern,PHRASE
23834427575,DLM_DE_SEARCH_NONBRAND_EXACT_PHRASE_PAUSED_20260507,PAUSED,KEYWORD,ENABLED,True,,,coloring page,PHRASE
23834427575,DLM_DE_SEARCH_NONBRAND_EXACT_PHRASE_PAUSED_20260507,PAUSED,KEYWORD,ENABLED,True,,,shein,EXACT
23834427575,DLM_DE_SEARCH_NONBRAND_EXACT_PHRASE_PAUSED_20260507,PAUSED,KEYWORD,ENABLED,True,,,temu,EXACT
23834427575,DLM_DE_SEARCH_NONBRAND_EXACT_PHRASE_PAUSED_20260507,PAUSED,KEYWORD,ENABLED,True,,,roblox,EXACT
23834427575,DLM_DE_SEARCH_NONBRAND_EXACT_PHRASE_PAUSED_20260507,PAUSED,KEYWORD,ENABLED,True,,,aliexpress,EXACT
23834427575,DLM_DE_SEARCH_NONBRAND_EXACT_PHRASE_PAUSED_20260507,PAUSED,KEYWORD,ENABLED,True,,,1688,EXACT
23834427575,DLM_DE_SEARCH_NONBRAND_EXACT_PHRASE_PAUSED_20260507,PAUSED,LANGUAGE,ENABLED,False,,languageConstants/1000,,UNSPECIFIED
23834427575,DLM_DE_SEARCH_NONBRAND_EXACT_PHRASE_PAUSED_20260507,PAUSED,LOCATION,ENABLED,False,geoTargetConstants/2276,,,UNSPECIFIED
23834427575,DLM_DE_SEARCH_NONBRAND_EXACT_PHRASE_PAUSED_20260507,PAUSED,DEVICE,ENABLED,False,,,,UNSPECIFIED
23834427575,DLM_DE_SEARCH_NONBRAND_EXACT_PHRASE_PAUSED_20260507,PAUSED,DEVICE,ENABLED,False,,,,UNSPECIFIED
23834427575,DLM_DE_SEARCH_NONBRAND_EXACT_PHRASE_PAUSED_20260507,PAUSED,DEVICE,ENABLED,False,,,,UNSPECIFIED
23838969244,DLM_DK_SEARCH_NONBRAND_EXACT_PHRASE_PAUSED_20260507,PAUSED,KEYWORD,ENABLED,True,,,doll,BROAD
23838969244,DLM_DK_SEARCH_NONBRAND_EXACT_PHRASE_PAUSED_20260507,PAUSED,KEYWORD,ENABLED,True,,,free,BROAD
23838969244,DLM_DK_SEARCH_NONBRAND_EXACT_PHRASE_PAUSED_20260507,PAUSED,KEYWORD,ENABLED,True,,,used,BROAD
23838969244,DLM_DK_SEARCH_NONBRAND_EXACT_PHRASE_PAUSED_20260507,PAUSED,KEYWORD,ENABLED,True,,,tutorial,BROAD
23838969244,DLM_DK_SEARCH_NONBRAND_EXACT_PHRASE_PAUSED_20260507,PAUSED,KEYWORD,ENABLED,True,,,rental,BROAD
23838969244,DLM_DK_SEARCH_NONBRAND_EXACT_PHRASE_PAUSED_20260507,PAUSED,KEYWORD,ENABLED,True,,,bulk,BROAD
23838969244,DLM_DK_SEARCH_NONBRAND_EXACT_PHRASE_PAUSED_20260507,PAUSED,KEYWORD,ENABLED,True,,,wholesale,BROAD
23838969244,DLM_DK_SEARCH_NONBRAND_EXACT_PHRASE_PAUSED_20260507,PAUSED,KEYWORD,ENABLED,True,,,sexy,BROAD
23838969244,DLM_DK_SEARCH_NONBRAND_EXACT_PHRASE_PAUSED_20260507,PAUSED,KEYWORD,ENABLED,True,,,clipart,BROAD
23838969244,DLM_DK_SEARCH_NONBRAND_EXACT_PHRASE_PAUSED_20260507,PAUSED,KEYWORD,ENABLED,True,,,template,BROAD
23838969244,DLM_DK_SEARCH_NONBRAND_EXACT_PHRASE_PAUSED_20260507,PAUSED,KEYWORD,ENABLED,True,,,costume,BROAD
23838969244,DLM_DK_SEARCH_NONBRAND_EXACT_PHRASE_PAUSED_20260507,PAUSED,KEYWORD,ENABLED,True,,,secondhand,BROAD
23838969244,DLM_DK_SEARCH_NONBRAND_EXACT_PHRASE_PAUSED_20260507,PAUSED,KEYWORD,ENABLED,True,,,fabric,BROAD
23838969244,DLM_DK_SEARCH_NONBRAND_EXACT_PHRASE_PAUSED_20260507,PAUSED,KEYWORD,ENABLED,True,,,crochet,BROAD
23838969244,DLM_DK_SEARCH_NONBRAND_EXACT_PHRASE_PAUSED_20260507,PAUSED,KEYWORD,ENABLED,True,,,knitting,BROAD
23838969244,DLM_DK_SEARCH_NONBRAND_EXACT_PHRASE_PAUSED_20260507,PAUSED,KEYWORD,ENABLED,True,,,diy,BROAD
23838969244,DLM_DK_SEARCH_NONBRAND_EXACT_PHRASE_PAUSED_20260507,PAUSED,KEYWORD,ENABLED,True,,,sew,BROAD
23838969244,DLM_DK_SEARCH_NONBRAND_EXACT_PHRASE_PAUSED_20260507,PAUSED,KEYWORD,ENABLED,True,,,sewing,BROAD
23838969244,DLM_DK_SEARCH_NONBRAND_EXACT_PHRASE_PAUSED_20260507,PAUSED,KEYWORD,ENABLED,True,,,pattern,BROAD
23838969244,DLM_DK_SEARCH_NONBRAND_EXACT_PHRASE_PAUSED_20260507,PAUSED,KEYWORD,ENABLED,True,,,pdf,BROAD
23838969244,DLM_DK_SEARCH_NONBRAND_EXACT_PHRASE_PAUSED_20260507,PAUSED,KEYWORD,ENABLED,True,,,patterns,BROAD
23838969244,DLM_DK_SEARCH_NONBRAND_EXACT_PHRASE_PAUSED_20260507,PAUSED,KEYWORD,ENABLED,True,,,maternity,BROAD
23838969244,DLM_DK_SEARCH_NONBRAND_EXACT_PHRASE_PAUSED_20260507,PAUSED,KEYWORD,ENABLED,True,,,amazon,EXACT
23838969244,DLM_DK_SEARCH_NONBRAND_EXACT_PHRASE_PAUSED_20260507,PAUSED,KEYWORD,ENABLED,True,,,walmart,EXACT
23838969244,DLM_DK_SEARCH_NONBRAND_EXACT_PHRASE_PAUSED_20260507,PAUSED,KEYWORD,ENABLED,True,,,adult costume,PHRASE
23838969244,DLM_DK_SEARCH_NONBRAND_EXACT_PHRASE_PAUSED_20260507,PAUSED,KEYWORD,ENABLED,True,,,alibaba,EXACT
23838969244,DLM_DK_SEARCH_NONBRAND_EXACT_PHRASE_PAUSED_20260507,PAUSED,KEYWORD,ENABLED,True,,,target,EXACT
23838969244,DLM_DK_SEARCH_NONBRAND_EXACT_PHRASE_PAUSED_20260507,PAUSED,KEYWORD,ENABLED,True,,,second hand,PHRASE
23838969244,DLM_DK_SEARCH_NONBRAND_EXACT_PHRASE_PAUSED_20260507,PAUSED,KEYWORD,ENABLED,True,,,sims,EXACT
23838969244,DLM_DK_SEARCH_NONBRAND_EXACT_PHRASE_PAUSED_20260507,PAUSED,KEYWORD,ENABLED,True,,,how to sew,PHRASE
23838969244,DLM_DK_SEARCH_NONBRAND_EXACT_PHRASE_PAUSED_20260507,PAUSED,KEYWORD,ENABLED,True,,,sewing pattern,PHRASE
23838969244,DLM_DK_SEARCH_NONBRAND_EXACT_PHRASE_PAUSED_20260507,PAUSED,KEYWORD,ENABLED,True,,,coloring page,PHRASE
23838969244,DLM_DK_SEARCH_NONBRAND_EXACT_PHRASE_PAUSED_20260507,PAUSED,KEYWORD,ENABLED,True,,,shein,EXACT
23838969244,DLM_DK_SEARCH_NONBRAND_EXACT_PHRASE_PAUSED_20260507,PAUSED,KEYWORD,ENABLED,True,,,temu,EXACT
23838969244,DLM_DK_SEARCH_NONBRAND_EXACT_PHRASE_PAUSED_20260507,PAUSED,KEYWORD,ENABLED,True,,,roblox,EXACT
23838969244,DLM_DK_SEARCH_NONBRAND_EXACT_PHRASE_PAUSED_20260507,PAUSED,KEYWORD,ENABLED,True,,,aliexpress,EXACT
23838969244,DLM_DK_SEARCH_NONBRAND_EXACT_PHRASE_PAUSED_20260507,PAUSED,KEYWORD,ENABLED,True,,,1688,EXACT
23838969244,DLM_DK_SEARCH_NONBRAND_EXACT_PHRASE_PAUSED_20260507,PAUSED,LANGUAGE,ENABLED,False,,languageConstants/1000,,UNSPECIFIED
23838969244,DLM_DK_SEARCH_NONBRAND_EXACT_PHRASE_PAUSED_20260507,PAUSED,LOCATION,ENABLED,False,geoTargetConstants/2208,,,UNSPECIFIED
23838969244,DLM_DK_SEARCH_NONBRAND_EXACT_PHRASE_PAUSED_20260507,PAUSED,DEVICE,ENABLED,False,,,,UNSPECIFIED
23838969244,DLM_DK_SEARCH_NONBRAND_EXACT_PHRASE_PAUSED_20260507,PAUSED,DEVICE,ENABLED,False,,,,UNSPECIFIED
23838969244,DLM_DK_SEARCH_NONBRAND_EXACT_PHRASE_PAUSED_20260507,PAUSED,DEVICE,ENABLED,False,,,,UNSPECIFIED
23829133584,DLM_ES_SEARCH_NONBRAND_EXACT_PHRASE_PAUSED_20260507,PAUSED,KEYWORD,ENABLED,True,,,doll,BROAD
23829133584,DLM_ES_SEARCH_NONBRAND_EXACT_PHRASE_PAUSED_20260507,PAUSED,KEYWORD,ENABLED,True,,,free,BROAD
23829133584,DLM_ES_SEARCH_NONBRAND_EXACT_PHRASE_PAUSED_20260507,PAUSED,KEYWORD,ENABLED,True,,,used,BROAD
23829133584,DLM_ES_SEARCH_NONBRAND_EXACT_PHRASE_PAUSED_20260507,PAUSED,KEYWORD,ENABLED,True,,,tutorial,BROAD
23829133584,DLM_ES_SEARCH_NONBRAND_EXACT_PHRASE_PAUSED_20260507,PAUSED,KEYWORD,ENABLED,True,,,rental,BROAD
23829133584,DLM_ES_SEARCH_NONBRAND_EXACT_PHRASE_PAUSED_20260507,PAUSED,KEYWORD,ENABLED,True,,,bulk,BROAD
23829133584,DLM_ES_SEARCH_NONBRAND_EXACT_PHRASE_PAUSED_20260507,PAUSED,KEYWORD,ENABLED,True,,,wholesale,BROAD
23829133584,DLM_ES_SEARCH_NONBRAND_EXACT_PHRASE_PAUSED_20260507,PAUSED,KEYWORD,ENABLED,True,,,sexy,BROAD
23829133584,DLM_ES_SEARCH_NONBRAND_EXACT_PHRASE_PAUSED_20260507,PAUSED,KEYWORD,ENABLED,True,,,clipart,BROAD
23829133584,DLM_ES_SEARCH_NONBRAND_EXACT_PHRASE_PAUSED_20260507,PAUSED,KEYWORD,ENABLED,True,,,template,BROAD
23829133584,DLM_ES_SEARCH_NONBRAND_EXACT_PHRASE_PAUSED_20260507,PAUSED,KEYWORD,ENABLED,True,,,costume,BROAD
23829133584,DLM_ES_SEARCH_NONBRAND_EXACT_PHRASE_PAUSED_20260507,PAUSED,KEYWORD,ENABLED,True,,,secondhand,BROAD
23829133584,DLM_ES_SEARCH_NONBRAND_EXACT_PHRASE_PAUSED_20260507,PAUSED,KEYWORD,ENABLED,True,,,fabric,BROAD
23829133584,DLM_ES_SEARCH_NONBRAND_EXACT_PHRASE_PAUSED_20260507,PAUSED,KEYWORD,ENABLED,True,,,crochet,BROAD
23829133584,DLM_ES_SEARCH_NONBRAND_EXACT_PHRASE_PAUSED_20260507,PAUSED,KEYWORD,ENABLED,True,,,knitting,BROAD
23829133584,DLM_ES_SEARCH_NONBRAND_EXACT_PHRASE_PAUSED_20260507,PAUSED,KEYWORD,ENABLED,True,,,diy,BROAD
23829133584,DLM_ES_SEARCH_NONBRAND_EXACT_PHRASE_PAUSED_20260507,PAUSED,KEYWORD,ENABLED,True,,,sew,BROAD
23829133584,DLM_ES_SEARCH_NONBRAND_EXACT_PHRASE_PAUSED_20260507,PAUSED,KEYWORD,ENABLED,True,,,sewing,BROAD
23829133584,DLM_ES_SEARCH_NONBRAND_EXACT_PHRASE_PAUSED_20260507,PAUSED,KEYWORD,ENABLED,True,,,pattern,BROAD
23829133584,DLM_ES_SEARCH_NONBRAND_EXACT_PHRASE_PAUSED_20260507,PAUSED,KEYWORD,ENABLED,True,,,pdf,BROAD
23829133584,DLM_ES_SEARCH_NONBRAND_EXACT_PHRASE_PAUSED_20260507,PAUSED,KEYWORD,ENABLED,True,,,patterns,BROAD
23829133584,DLM_ES_SEARCH_NONBRAND_EXACT_PHRASE_PAUSED_20260507,PAUSED,KEYWORD,ENABLED,True,,,maternity,BROAD
23829133584,DLM_ES_SEARCH_NONBRAND_EXACT_PHRASE_PAUSED_20260507,PAUSED,KEYWORD,ENABLED,True,,,amazon,EXACT
23829133584,DLM_ES_SEARCH_NONBRAND_EXACT_PHRASE_PAUSED_20260507,PAUSED,KEYWORD,ENABLED,True,,,walmart,EXACT
23829133584,DLM_ES_SEARCH_NONBRAND_EXACT_PHRASE_PAUSED_20260507,PAUSED,KEYWORD,ENABLED,True,,,adult costume,PHRASE
23829133584,DLM_ES_SEARCH_NONBRAND_EXACT_PHRASE_PAUSED_20260507,PAUSED,KEYWORD,ENABLED,True,,,alibaba,EXACT
23829133584,DLM_ES_SEARCH_NONBRAND_EXACT_PHRASE_PAUSED_20260507,PAUSED,KEYWORD,ENABLED,True,,,target,EXACT
23829133584,DLM_ES_SEARCH_NONBRAND_EXACT_PHRASE_PAUSED_20260507,PAUSED,KEYWORD,ENABLED,True,,,second hand,PHRASE
23829133584,DLM_ES_SEARCH_NONBRAND_EXACT_PHRASE_PAUSED_20260507,PAUSED,KEYWORD,ENABLED,True,,,sims,EXACT
23829133584,DLM_ES_SEARCH_NONBRAND_EXACT_PHRASE_PAUSED_20260507,PAUSED,KEYWORD,ENABLED,True,,,how to sew,PHRASE
23829133584,DLM_ES_SEARCH_NONBRAND_EXACT_PHRASE_PAUSED_20260507,PAUSED,KEYWORD,ENABLED,True,,,sewing pattern,PHRASE
23829133584,DLM_ES_SEARCH_NONBRAND_EXACT_PHRASE_PAUSED_20260507,PAUSED,KEYWORD,ENABLED,True,,,coloring page,PHRASE
23829133584,DLM_ES_SEARCH_NONBRAND_EXACT_PHRASE_PAUSED_20260507,PAUSED,KEYWORD,ENABLED,True,,,shein,EXACT
23829133584,DLM_ES_SEARCH_NONBRAND_EXACT_PHRASE_PAUSED_20260507,PAUSED,KEYWORD,ENABLED,True,,,temu,EXACT
23829133584,DLM_ES_SEARCH_NONBRAND_EXACT_PHRASE_PAUSED_20260507,PAUSED,KEYWORD,ENABLED,True,,,roblox,EXACT
23829133584,DLM_ES_SEARCH_NONBRAND_EXACT_PHRASE_PAUSED_20260507,PAUSED,KEYWORD,ENABLED,True,,,aliexpress,EXACT
23829133584,DLM_ES_SEARCH_NONBRAND_EXACT_PHRASE_PAUSED_20260507,PAUSED,KEYWORD,ENABLED,True,,,1688,EXACT
23829133584,DLM_ES_SEARCH_NONBRAND_EXACT_PHRASE_PAUSED_20260507,PAUSED,LANGUAGE,ENABLED,False,,languageConstants/1000,,UNSPECIFIED
23829133584,DLM_ES_SEARCH_NONBRAND_EXACT_PHRASE_PAUSED_20260507,PAUSED,LOCATION,ENABLED,False,geoTargetConstants/2724,,,UNSPECIFIED
23829133584,DLM_ES_SEARCH_NONBRAND_EXACT_PHRASE_PAUSED_20260507,PAUSED,DEVICE,ENABLED,False,,,,UNSPECIFIED
23829133584,DLM_ES_SEARCH_NONBRAND_EXACT_PHRASE_PAUSED_20260507,PAUSED,DEVICE,ENABLED,False,,,,UNSPECIFIED
23829133584,DLM_ES_SEARCH_NONBRAND_EXACT_PHRASE_PAUSED_20260507,PAUSED,DEVICE,ENABLED,False,,,,UNSPECIFIED
23838895360,DLM_GB_SEARCH_NONBRAND_EXACT_PHRASE_PAUSED_20260507,ENABLED,KEYWORD,ENABLED,True,,,doll,BROAD
23838895360,DLM_GB_SEARCH_NONBRAND_EXACT_PHRASE_PAUSED_20260507,ENABLED,KEYWORD,ENABLED,True,,,free,BROAD
23838895360,DLM_GB_SEARCH_NONBRAND_EXACT_PHRASE_PAUSED_20260507,ENABLED,KEYWORD,ENABLED,True,,,used,BROAD
23838895360,DLM_GB_SEARCH_NONBRAND_EXACT_PHRASE_PAUSED_20260507,ENABLED,KEYWORD,ENABLED,True,,,tutorial,BROAD
23838895360,DLM_GB_SEARCH_NONBRAND_EXACT_PHRASE_PAUSED_20260507,ENABLED,KEYWORD,ENABLED,True,,,rental,BROAD
23838895360,DLM_GB_SEARCH_NONBRAND_EXACT_PHRASE_PAUSED_20260507,ENABLED,KEYWORD,ENABLED,True,,,bulk,BROAD
23838895360,DLM_GB_SEARCH_NONBRAND_EXACT_PHRASE_PAUSED_20260507,ENABLED,KEYWORD,ENABLED,True,,,wholesale,BROAD
23838895360,DLM_GB_SEARCH_NONBRAND_EXACT_PHRASE_PAUSED_20260507,ENABLED,KEYWORD,ENABLED,True,,,sexy,BROAD
23838895360,DLM_GB_SEARCH_NONBRAND_EXACT_PHRASE_PAUSED_20260507,ENABLED,KEYWORD,ENABLED,True,,,clipart,BROAD
23838895360,DLM_GB_SEARCH_NONBRAND_EXACT_PHRASE_PAUSED_20260507,ENABLED,KEYWORD,ENABLED,True,,,template,BROAD
23838895360,DLM_GB_SEARCH_NONBRAND_EXACT_PHRASE_PAUSED_20260507,ENABLED,KEYWORD,ENABLED,True,,,costume,BROAD
23838895360,DLM_GB_SEARCH_NONBRAND_EXACT_PHRASE_PAUSED_20260507,ENABLED,KEYWORD,ENABLED,True,,,secondhand,BROAD
23838895360,DLM_GB_SEARCH_NONBRAND_EXACT_PHRASE_PAUSED_20260507,ENABLED,KEYWORD,ENABLED,True,,,fabric,BROAD
23838895360,DLM_GB_SEARCH_NONBRAND_EXACT_PHRASE_PAUSED_20260507,ENABLED,KEYWORD,ENABLED,True,,,crochet,BROAD
23838895360,DLM_GB_SEARCH_NONBRAND_EXACT_PHRASE_PAUSED_20260507,ENABLED,KEYWORD,ENABLED,True,,,knitting,BROAD
23838895360,DLM_GB_SEARCH_NONBRAND_EXACT_PHRASE_PAUSED_20260507,ENABLED,KEYWORD,ENABLED,True,,,diy,BROAD
23838895360,DLM_GB_SEARCH_NONBRAND_EXACT_PHRASE_PAUSED_20260507,ENABLED,KEYWORD,ENABLED,True,,,sew,BROAD
23838895360,DLM_GB_SEARCH_NONBRAND_EXACT_PHRASE_PAUSED_20260507,ENABLED,KEYWORD,ENABLED,True,,,sewing,BROAD
23838895360,DLM_GB_SEARCH_NONBRAND_EXACT_PHRASE_PAUSED_20260507,ENABLED,KEYWORD,ENABLED,True,,,pattern,BROAD
23838895360,DLM_GB_SEARCH_NONBRAND_EXACT_PHRASE_PAUSED_20260507,ENABLED,KEYWORD,ENABLED,True,,,pdf,BROAD
23838895360,DLM_GB_SEARCH_NONBRAND_EXACT_PHRASE_PAUSED_20260507,ENABLED,KEYWORD,ENABLED,True,,,patterns,BROAD
23838895360,DLM_GB_SEARCH_NONBRAND_EXACT_PHRASE_PAUSED_20260507,ENABLED,KEYWORD,ENABLED,True,,,maternity,BROAD
23838895360,DLM_GB_SEARCH_NONBRAND_EXACT_PHRASE_PAUSED_20260507,ENABLED,KEYWORD,ENABLED,True,,,amazon,EXACT
23838895360,DLM_GB_SEARCH_NONBRAND_EXACT_PHRASE_PAUSED_20260507,ENABLED,KEYWORD,ENABLED,True,,,walmart,EXACT
23838895360,DLM_GB_SEARCH_NONBRAND_EXACT_PHRASE_PAUSED_20260507,ENABLED,KEYWORD,ENABLED,True,,,adult costume,PHRASE
23838895360,DLM_GB_SEARCH_NONBRAND_EXACT_PHRASE_PAUSED_20260507,ENABLED,KEYWORD,ENABLED,True,,,alibaba,EXACT
23838895360,DLM_GB_SEARCH_NONBRAND_EXACT_PHRASE_PAUSED_20260507,ENABLED,KEYWORD,ENABLED,True,,,target,EXACT
23838895360,DLM_GB_SEARCH_NONBRAND_EXACT_PHRASE_PAUSED_20260507,ENABLED,KEYWORD,ENABLED,True,,,second hand,PHRASE
23838895360,DLM_GB_SEARCH_NONBRAND_EXACT_PHRASE_PAUSED_20260507,ENABLED,KEYWORD,ENABLED,True,,,sims,EXACT
23838895360,DLM_GB_SEARCH_NONBRAND_EXACT_PHRASE_PAUSED_20260507,ENABLED,KEYWORD,ENABLED,True,,,how to sew,PHRASE
23838895360,DLM_GB_SEARCH_NONBRAND_EXACT_PHRASE_PAUSED_20260507,ENABLED,KEYWORD,ENABLED,True,,,sewing pattern,PHRASE
23838895360,DLM_GB_SEARCH_NONBRAND_EXACT_PHRASE_PAUSED_20260507,ENABLED,KEYWORD,ENABLED,True,,,coloring page,PHRASE
23838895360,DLM_GB_SEARCH_NONBRAND_EXACT_PHRASE_PAUSED_20260507,ENABLED,KEYWORD,ENABLED,True,,,shein,EXACT
23838895360,DLM_GB_SEARCH_NONBRAND_EXACT_PHRASE_PAUSED_20260507,ENABLED,KEYWORD,ENABLED,True,,,temu,EXACT
23838895360,DLM_GB_SEARCH_NONBRAND_EXACT_PHRASE_PAUSED_20260507,ENABLED,KEYWORD,ENABLED,True,,,roblox,EXACT
23838895360,DLM_GB_SEARCH_NONBRAND_EXACT_PHRASE_PAUSED_20260507,ENABLED,KEYWORD,ENABLED,True,,,aliexpress,EXACT
23838895360,DLM_GB_SEARCH_NONBRAND_EXACT_PHRASE_PAUSED_20260507,ENABLED,KEYWORD,ENABLED,True,,,1688,EXACT
23838895360,DLM_GB_SEARCH_NONBRAND_EXACT_PHRASE_PAUSED_20260507,ENABLED,LANGUAGE,ENABLED,False,,languageConstants/1000,,UNSPECIFIED
23838895360,DLM_GB_SEARCH_NONBRAND_EXACT_PHRASE_PAUSED_20260507,ENABLED,LOCATION,ENABLED,False,geoTargetConstants/2826,,,UNSPECIFIED
23838895360,DLM_GB_SEARCH_NONBRAND_EXACT_PHRASE_PAUSED_20260507,ENABLED,DEVICE,ENABLED,False,,,,UNSPECIFIED
23838895360,DLM_GB_SEARCH_NONBRAND_EXACT_PHRASE_PAUSED_20260507,ENABLED,DEVICE,ENABLED,False,,,,UNSPECIFIED
23838895360,DLM_GB_SEARCH_NONBRAND_EXACT_PHRASE_PAUSED_20260507,ENABLED,DEVICE,ENABLED,False,,,,UNSPECIFIED
23829232530,DLM_IT_SEARCH_NONBRAND_EXACT_PHRASE_PAUSED_20260507,PAUSED,KEYWORD,ENABLED,True,,,doll,BROAD
23829232530,DLM_IT_SEARCH_NONBRAND_EXACT_PHRASE_PAUSED_20260507,PAUSED,KEYWORD,ENABLED,True,,,free,BROAD
23829232530,DLM_IT_SEARCH_NONBRAND_EXACT_PHRASE_PAUSED_20260507,PAUSED,KEYWORD,ENABLED,True,,,used,BROAD
23829232530,DLM_IT_SEARCH_NONBRAND_EXACT_PHRASE_PAUSED_20260507,PAUSED,KEYWORD,ENABLED,True,,,tutorial,BROAD
23829232530,DLM_IT_SEARCH_NONBRAND_EXACT_PHRASE_PAUSED_20260507,PAUSED,KEYWORD,ENABLED,True,,,rental,BROAD
23829232530,DLM_IT_SEARCH_NONBRAND_EXACT_PHRASE_PAUSED_20260507,PAUSED,KEYWORD,ENABLED,True,,,bulk,BROAD
23829232530,DLM_IT_SEARCH_NONBRAND_EXACT_PHRASE_PAUSED_20260507,PAUSED,KEYWORD,ENABLED,True,,,wholesale,BROAD
23829232530,DLM_IT_SEARCH_NONBRAND_EXACT_PHRASE_PAUSED_20260507,PAUSED,KEYWORD,ENABLED,True,,,sexy,BROAD
23829232530,DLM_IT_SEARCH_NONBRAND_EXACT_PHRASE_PAUSED_20260507,PAUSED,KEYWORD,ENABLED,True,,,clipart,BROAD
23829232530,DLM_IT_SEARCH_NONBRAND_EXACT_PHRASE_PAUSED_20260507,PAUSED,KEYWORD,ENABLED,True,,,template,BROAD
23829232530,DLM_IT_SEARCH_NONBRAND_EXACT_PHRASE_PAUSED_20260507,PAUSED,KEYWORD,ENABLED,True,,,costume,BROAD
23829232530,DLM_IT_SEARCH_NONBRAND_EXACT_PHRASE_PAUSED_20260507,PAUSED,KEYWORD,ENABLED,True,,,secondhand,BROAD
23829232530,DLM_IT_SEARCH_NONBRAND_EXACT_PHRASE_PAUSED_20260507,PAUSED,KEYWORD,ENABLED,True,,,fabric,BROAD
23829232530,DLM_IT_SEARCH_NONBRAND_EXACT_PHRASE_PAUSED_20260507,PAUSED,KEYWORD,ENABLED,True,,,crochet,BROAD
23829232530,DLM_IT_SEARCH_NONBRAND_EXACT_PHRASE_PAUSED_20260507,PAUSED,KEYWORD,ENABLED,True,,,knitting,BROAD
23829232530,DLM_IT_SEARCH_NONBRAND_EXACT_PHRASE_PAUSED_20260507,PAUSED,KEYWORD,ENABLED,True,,,diy,BROAD
23829232530,DLM_IT_SEARCH_NONBRAND_EXACT_PHRASE_PAUSED_20260507,PAUSED,KEYWORD,ENABLED,True,,,sew,BROAD
23829232530,DLM_IT_SEARCH_NONBRAND_EXACT_PHRASE_PAUSED_20260507,PAUSED,KEYWORD,ENABLED,True,,,sewing,BROAD
23829232530,DLM_IT_SEARCH_NONBRAND_EXACT_PHRASE_PAUSED_20260507,PAUSED,KEYWORD,ENABLED,True,,,pattern,BROAD
23829232530,DLM_IT_SEARCH_NONBRAND_EXACT_PHRASE_PAUSED_20260507,PAUSED,KEYWORD,ENABLED,True,,,pdf,BROAD
23829232530,DLM_IT_SEARCH_NONBRAND_EXACT_PHRASE_PAUSED_20260507,PAUSED,KEYWORD,ENABLED,True,,,patterns,BROAD
23829232530,DLM_IT_SEARCH_NONBRAND_EXACT_PHRASE_PAUSED_20260507,PAUSED,KEYWORD,ENABLED,True,,,maternity,BROAD
23829232530,DLM_IT_SEARCH_NONBRAND_EXACT_PHRASE_PAUSED_20260507,PAUSED,KEYWORD,ENABLED,True,,,amazon,EXACT
23829232530,DLM_IT_SEARCH_NONBRAND_EXACT_PHRASE_PAUSED_20260507,PAUSED,KEYWORD,ENABLED,True,,,walmart,EXACT
23829232530,DLM_IT_SEARCH_NONBRAND_EXACT_PHRASE_PAUSED_20260507,PAUSED,KEYWORD,ENABLED,True,,,adult costume,PHRASE
23829232530,DLM_IT_SEARCH_NONBRAND_EXACT_PHRASE_PAUSED_20260507,PAUSED,KEYWORD,ENABLED,True,,,alibaba,EXACT
23829232530,DLM_IT_SEARCH_NONBRAND_EXACT_PHRASE_PAUSED_20260507,PAUSED,KEYWORD,ENABLED,True,,,target,EXACT
23829232530,DLM_IT_SEARCH_NONBRAND_EXACT_PHRASE_PAUSED_20260507,PAUSED,KEYWORD,ENABLED,True,,,second hand,PHRASE
23829232530,DLM_IT_SEARCH_NONBRAND_EXACT_PHRASE_PAUSED_20260507,PAUSED,KEYWORD,ENABLED,True,,,sims,EXACT
23829232530,DLM_IT_SEARCH_NONBRAND_EXACT_PHRASE_PAUSED_20260507,PAUSED,KEYWORD,ENABLED,True,,,how to sew,PHRASE
23829232530,DLM_IT_SEARCH_NONBRAND_EXACT_PHRASE_PAUSED_20260507,PAUSED,KEYWORD,ENABLED,True,,,sewing pattern,PHRASE
23829232530,DLM_IT_SEARCH_NONBRAND_EXACT_PHRASE_PAUSED_20260507,PAUSED,KEYWORD,ENABLED,True,,,coloring page,PHRASE
23829232530,DLM_IT_SEARCH_NONBRAND_EXACT_PHRASE_PAUSED_20260507,PAUSED,KEYWORD,ENABLED,True,,,shein,EXACT
23829232530,DLM_IT_SEARCH_NONBRAND_EXACT_PHRASE_PAUSED_20260507,PAUSED,KEYWORD,ENABLED,True,,,temu,EXACT
23829232530,DLM_IT_SEARCH_NONBRAND_EXACT_PHRASE_PAUSED_20260507,PAUSED,KEYWORD,ENABLED,True,,,roblox,EXACT
23829232530,DLM_IT_SEARCH_NONBRAND_EXACT_PHRASE_PAUSED_20260507,PAUSED,KEYWORD,ENABLED,True,,,aliexpress,EXACT
23829232530,DLM_IT_SEARCH_NONBRAND_EXACT_PHRASE_PAUSED_20260507,PAUSED,KEYWORD,ENABLED,True,,,1688,EXACT
23829232530,DLM_IT_SEARCH_NONBRAND_EXACT_PHRASE_PAUSED_20260507,PAUSED,LANGUAGE,ENABLED,False,,languageConstants/1000,,UNSPECIFIED
23829232530,DLM_IT_SEARCH_NONBRAND_EXACT_PHRASE_PAUSED_20260507,PAUSED,LOCATION,ENABLED,False,geoTargetConstants/2380,,,UNSPECIFIED
23829232530,DLM_IT_SEARCH_NONBRAND_EXACT_PHRASE_PAUSED_20260507,PAUSED,DEVICE,ENABLED,False,,,,UNSPECIFIED
23829232530,DLM_IT_SEARCH_NONBRAND_EXACT_PHRASE_PAUSED_20260507,PAUSED,DEVICE,ENABLED,False,,,,UNSPECIFIED
23829232530,DLM_IT_SEARCH_NONBRAND_EXACT_PHRASE_PAUSED_20260507,PAUSED,DEVICE,ENABLED,False,,,,UNSPECIFIED
23829110118,DLM_NL_SEARCH_NONBRAND_EXACT_PHRASE_PAUSED_20260507,PAUSED,KEYWORD,ENABLED,True,,,doll,BROAD
23829110118,DLM_NL_SEARCH_NONBRAND_EXACT_PHRASE_PAUSED_20260507,PAUSED,KEYWORD,ENABLED,True,,,free,BROAD
23829110118,DLM_NL_SEARCH_NONBRAND_EXACT_PHRASE_PAUSED_20260507,PAUSED,KEYWORD,ENABLED,True,,,used,BROAD
23829110118,DLM_NL_SEARCH_NONBRAND_EXACT_PHRASE_PAUSED_20260507,PAUSED,KEYWORD,ENABLED,True,,,tutorial,BROAD
23829110118,DLM_NL_SEARCH_NONBRAND_EXACT_PHRASE_PAUSED_20260507,PAUSED,KEYWORD,ENABLED,True,,,rental,BROAD
23829110118,DLM_NL_SEARCH_NONBRAND_EXACT_PHRASE_PAUSED_20260507,PAUSED,KEYWORD,ENABLED,True,,,bulk,BROAD
23829110118,DLM_NL_SEARCH_NONBRAND_EXACT_PHRASE_PAUSED_20260507,PAUSED,KEYWORD,ENABLED,True,,,wholesale,BROAD
23829110118,DLM_NL_SEARCH_NONBRAND_EXACT_PHRASE_PAUSED_20260507,PAUSED,KEYWORD,ENABLED,True,,,sexy,BROAD
23829110118,DLM_NL_SEARCH_NONBRAND_EXACT_PHRASE_PAUSED_20260507,PAUSED,KEYWORD,ENABLED,True,,,clipart,BROAD
23829110118,DLM_NL_SEARCH_NONBRAND_EXACT_PHRASE_PAUSED_20260507,PAUSED,KEYWORD,ENABLED,True,,,template,BROAD
23829110118,DLM_NL_SEARCH_NONBRAND_EXACT_PHRASE_PAUSED_20260507,PAUSED,KEYWORD,ENABLED,True,,,costume,BROAD
23829110118,DLM_NL_SEARCH_NONBRAND_EXACT_PHRASE_PAUSED_20260507,PAUSED,KEYWORD,ENABLED,True,,,secondhand,BROAD
23829110118,DLM_NL_SEARCH_NONBRAND_EXACT_PHRASE_PAUSED_20260507,PAUSED,KEYWORD,ENABLED,True,,,fabric,BROAD
23829110118,DLM_NL_SEARCH_NONBRAND_EXACT_PHRASE_PAUSED_20260507,PAUSED,KEYWORD,ENABLED,True,,,crochet,BROAD
23829110118,DLM_NL_SEARCH_NONBRAND_EXACT_PHRASE_PAUSED_20260507,PAUSED,KEYWORD,ENABLED,True,,,knitting,BROAD
23829110118,DLM_NL_SEARCH_NONBRAND_EXACT_PHRASE_PAUSED_20260507,PAUSED,KEYWORD,ENABLED,True,,,diy,BROAD
23829110118,DLM_NL_SEARCH_NONBRAND_EXACT_PHRASE_PAUSED_20260507,PAUSED,KEYWORD,ENABLED,True,,,sew,BROAD
23829110118,DLM_NL_SEARCH_NONBRAND_EXACT_PHRASE_PAUSED_20260507,PAUSED,KEYWORD,ENABLED,True,,,sewing,BROAD
23829110118,DLM_NL_SEARCH_NONBRAND_EXACT_PHRASE_PAUSED_20260507,PAUSED,KEYWORD,ENABLED,True,,,pattern,BROAD
23829110118,DLM_NL_SEARCH_NONBRAND_EXACT_PHRASE_PAUSED_20260507,PAUSED,KEYWORD,ENABLED,True,,,pdf,BROAD
23829110118,DLM_NL_SEARCH_NONBRAND_EXACT_PHRASE_PAUSED_20260507,PAUSED,KEYWORD,ENABLED,True,,,patterns,BROAD
23829110118,DLM_NL_SEARCH_NONBRAND_EXACT_PHRASE_PAUSED_20260507,PAUSED,KEYWORD,ENABLED,True,,,maternity,BROAD
23829110118,DLM_NL_SEARCH_NONBRAND_EXACT_PHRASE_PAUSED_20260507,PAUSED,KEYWORD,ENABLED,True,,,amazon,EXACT
23829110118,DLM_NL_SEARCH_NONBRAND_EXACT_PHRASE_PAUSED_20260507,PAUSED,KEYWORD,ENABLED,True,,,walmart,EXACT
23829110118,DLM_NL_SEARCH_NONBRAND_EXACT_PHRASE_PAUSED_20260507,PAUSED,KEYWORD,ENABLED,True,,,adult costume,PHRASE
23829110118,DLM_NL_SEARCH_NONBRAND_EXACT_PHRASE_PAUSED_20260507,PAUSED,KEYWORD,ENABLED,True,,,alibaba,EXACT
23829110118,DLM_NL_SEARCH_NONBRAND_EXACT_PHRASE_PAUSED_20260507,PAUSED,KEYWORD,ENABLED,True,,,target,EXACT
23829110118,DLM_NL_SEARCH_NONBRAND_EXACT_PHRASE_PAUSED_20260507,PAUSED,KEYWORD,ENABLED,True,,,second hand,PHRASE
23829110118,DLM_NL_SEARCH_NONBRAND_EXACT_PHRASE_PAUSED_20260507,PAUSED,KEYWORD,ENABLED,True,,,sims,EXACT
23829110118,DLM_NL_SEARCH_NONBRAND_EXACT_PHRASE_PAUSED_20260507,PAUSED,KEYWORD,ENABLED,True,,,how to sew,PHRASE
23829110118,DLM_NL_SEARCH_NONBRAND_EXACT_PHRASE_PAUSED_20260507,PAUSED,KEYWORD,ENABLED,True,,,sewing pattern,PHRASE
23829110118,DLM_NL_SEARCH_NONBRAND_EXACT_PHRASE_PAUSED_20260507,PAUSED,KEYWORD,ENABLED,True,,,coloring page,PHRASE
23829110118,DLM_NL_SEARCH_NONBRAND_EXACT_PHRASE_PAUSED_20260507,PAUSED,KEYWORD,ENABLED,True,,,shein,EXACT
23829110118,DLM_NL_SEARCH_NONBRAND_EXACT_PHRASE_PAUSED_20260507,PAUSED,KEYWORD,ENABLED,True,,,temu,EXACT
23829110118,DLM_NL_SEARCH_NONBRAND_EXACT_PHRASE_PAUSED_20260507,PAUSED,KEYWORD,ENABLED,True,,,roblox,EXACT
23829110118,DLM_NL_SEARCH_NONBRAND_EXACT_PHRASE_PAUSED_20260507,PAUSED,KEYWORD,ENABLED,True,,,aliexpress,EXACT
23829110118,DLM_NL_SEARCH_NONBRAND_EXACT_PHRASE_PAUSED_20260507,PAUSED,KEYWORD,ENABLED,True,,,1688,EXACT
23829110118,DLM_NL_SEARCH_NONBRAND_EXACT_PHRASE_PAUSED_20260507,PAUSED,LANGUAGE,ENABLED,False,,languageConstants/1000,,UNSPECIFIED
23829110118,DLM_NL_SEARCH_NONBRAND_EXACT_PHRASE_PAUSED_20260507,PAUSED,LOCATION,ENABLED,False,geoTargetConstants/2528,,,UNSPECIFIED
23829110118,DLM_NL_SEARCH_NONBRAND_EXACT_PHRASE_PAUSED_20260507,PAUSED,DEVICE,ENABLED,False,,,,UNSPECIFIED
23829110118,DLM_NL_SEARCH_NONBRAND_EXACT_PHRASE_PAUSED_20260507,PAUSED,DEVICE,ENABLED,False,,,,UNSPECIFIED
23829110118,DLM_NL_SEARCH_NONBRAND_EXACT_PHRASE_PAUSED_20260507,PAUSED,DEVICE,ENABLED,False,,,,UNSPECIFIED
23829238698,DLM_PL_SEARCH_NONBRAND_EXACT_PHRASE_PAUSED_20260507,PAUSED,KEYWORD,ENABLED,True,,,doll,BROAD
23829238698,DLM_PL_SEARCH_NONBRAND_EXACT_PHRASE_PAUSED_20260507,PAUSED,KEYWORD,ENABLED,True,,,free,BROAD
23829238698,DLM_PL_SEARCH_NONBRAND_EXACT_PHRASE_PAUSED_20260507,PAUSED,KEYWORD,ENABLED,True,,,used,BROAD
23829238698,DLM_PL_SEARCH_NONBRAND_EXACT_PHRASE_PAUSED_20260507,PAUSED,KEYWORD,ENABLED,True,,,tutorial,BROAD
23829238698,DLM_PL_SEARCH_NONBRAND_EXACT_PHRASE_PAUSED_20260507,PAUSED,KEYWORD,ENABLED,True,,,rental,BROAD
23829238698,DLM_PL_SEARCH_NONBRAND_EXACT_PHRASE_PAUSED_20260507,PAUSED,KEYWORD,ENABLED,True,,,bulk,BROAD
23829238698,DLM_PL_SEARCH_NONBRAND_EXACT_PHRASE_PAUSED_20260507,PAUSED,KEYWORD,ENABLED,True,,,wholesale,BROAD
23829238698,DLM_PL_SEARCH_NONBRAND_EXACT_PHRASE_PAUSED_20260507,PAUSED,KEYWORD,ENABLED,True,,,sexy,BROAD
23829238698,DLM_PL_SEARCH_NONBRAND_EXACT_PHRASE_PAUSED_20260507,PAUSED,KEYWORD,ENABLED,True,,,clipart,BROAD
23829238698,DLM_PL_SEARCH_NONBRAND_EXACT_PHRASE_PAUSED_20260507,PAUSED,KEYWORD,ENABLED,True,,,template,BROAD
23829238698,DLM_PL_SEARCH_NONBRAND_EXACT_PHRASE_PAUSED_20260507,PAUSED,KEYWORD,ENABLED,True,,,costume,BROAD
23829238698,DLM_PL_SEARCH_NONBRAND_EXACT_PHRASE_PAUSED_20260507,PAUSED,KEYWORD,ENABLED,True,,,secondhand,BROAD
23829238698,DLM_PL_SEARCH_NONBRAND_EXACT_PHRASE_PAUSED_20260507,PAUSED,KEYWORD,ENABLED,True,,,fabric,BROAD
23829238698,DLM_PL_SEARCH_NONBRAND_EXACT_PHRASE_PAUSED_20260507,PAUSED,KEYWORD,ENABLED,True,,,crochet,BROAD
23829238698,DLM_PL_SEARCH_NONBRAND_EXACT_PHRASE_PAUSED_20260507,PAUSED,KEYWORD,ENABLED,True,,,knitting,BROAD
23829238698,DLM_PL_SEARCH_NONBRAND_EXACT_PHRASE_PAUSED_20260507,PAUSED,KEYWORD,ENABLED,True,,,diy,BROAD
23829238698,DLM_PL_SEARCH_NONBRAND_EXACT_PHRASE_PAUSED_20260507,PAUSED,KEYWORD,ENABLED,True,,,sew,BROAD
23829238698,DLM_PL_SEARCH_NONBRAND_EXACT_PHRASE_PAUSED_20260507,PAUSED,KEYWORD,ENABLED,True,,,sewing,BROAD
23829238698,DLM_PL_SEARCH_NONBRAND_EXACT_PHRASE_PAUSED_20260507,PAUSED,KEYWORD,ENABLED,True,,,pattern,BROAD
23829238698,DLM_PL_SEARCH_NONBRAND_EXACT_PHRASE_PAUSED_20260507,PAUSED,KEYWORD,ENABLED,True,,,pdf,BROAD
23829238698,DLM_PL_SEARCH_NONBRAND_EXACT_PHRASE_PAUSED_20260507,PAUSED,KEYWORD,ENABLED,True,,,patterns,BROAD
23829238698,DLM_PL_SEARCH_NONBRAND_EXACT_PHRASE_PAUSED_20260507,PAUSED,KEYWORD,ENABLED,True,,,maternity,BROAD
23829238698,DLM_PL_SEARCH_NONBRAND_EXACT_PHRASE_PAUSED_20260507,PAUSED,KEYWORD,ENABLED,True,,,amazon,EXACT
23829238698,DLM_PL_SEARCH_NONBRAND_EXACT_PHRASE_PAUSED_20260507,PAUSED,KEYWORD,ENABLED,True,,,walmart,EXACT
23829238698,DLM_PL_SEARCH_NONBRAND_EXACT_PHRASE_PAUSED_20260507,PAUSED,KEYWORD,ENABLED,True,,,adult costume,PHRASE
23829238698,DLM_PL_SEARCH_NONBRAND_EXACT_PHRASE_PAUSED_20260507,PAUSED,KEYWORD,ENABLED,True,,,alibaba,EXACT
23829238698,DLM_PL_SEARCH_NONBRAND_EXACT_PHRASE_PAUSED_20260507,PAUSED,KEYWORD,ENABLED,True,,,target,EXACT
23829238698,DLM_PL_SEARCH_NONBRAND_EXACT_PHRASE_PAUSED_20260507,PAUSED,KEYWORD,ENABLED,True,,,second hand,PHRASE
23829238698,DLM_PL_SEARCH_NONBRAND_EXACT_PHRASE_PAUSED_20260507,PAUSED,KEYWORD,ENABLED,True,,,sims,EXACT
23829238698,DLM_PL_SEARCH_NONBRAND_EXACT_PHRASE_PAUSED_20260507,PAUSED,KEYWORD,ENABLED,True,,,how to sew,PHRASE
23829238698,DLM_PL_SEARCH_NONBRAND_EXACT_PHRASE_PAUSED_20260507,PAUSED,KEYWORD,ENABLED,True,,,sewing pattern,PHRASE
23829238698,DLM_PL_SEARCH_NONBRAND_EXACT_PHRASE_PAUSED_20260507,PAUSED,KEYWORD,ENABLED,True,,,coloring page,PHRASE
23829238698,DLM_PL_SEARCH_NONBRAND_EXACT_PHRASE_PAUSED_20260507,PAUSED,KEYWORD,ENABLED,True,,,shein,EXACT
23829238698,DLM_PL_SEARCH_NONBRAND_EXACT_PHRASE_PAUSED_20260507,PAUSED,KEYWORD,ENABLED,True,,,temu,EXACT
23829238698,DLM_PL_SEARCH_NONBRAND_EXACT_PHRASE_PAUSED_20260507,PAUSED,KEYWORD,ENABLED,True,,,roblox,EXACT
23829238698,DLM_PL_SEARCH_NONBRAND_EXACT_PHRASE_PAUSED_20260507,PAUSED,KEYWORD,ENABLED,True,,,aliexpress,EXACT
23829238698,DLM_PL_SEARCH_NONBRAND_EXACT_PHRASE_PAUSED_20260507,PAUSED,KEYWORD,ENABLED,True,,,1688,EXACT
23829238698,DLM_PL_SEARCH_NONBRAND_EXACT_PHRASE_PAUSED_20260507,PAUSED,LANGUAGE,ENABLED,False,,languageConstants/1000,,UNSPECIFIED
23829238698,DLM_PL_SEARCH_NONBRAND_EXACT_PHRASE_PAUSED_20260507,PAUSED,LOCATION,ENABLED,False,geoTargetConstants/2616,,,UNSPECIFIED
23829238698,DLM_PL_SEARCH_NONBRAND_EXACT_PHRASE_PAUSED_20260507,PAUSED,DEVICE,ENABLED,False,,,,UNSPECIFIED
23829238698,DLM_PL_SEARCH_NONBRAND_EXACT_PHRASE_PAUSED_20260507,PAUSED,DEVICE,ENABLED,False,,,,UNSPECIFIED
23829238698,DLM_PL_SEARCH_NONBRAND_EXACT_PHRASE_PAUSED_20260507,PAUSED,DEVICE,ENABLED,False,,,,UNSPECIFIED
23838970036,DLM_SE_SEARCH_NONBRAND_EXACT_PHRASE_PAUSED_20260507,PAUSED,KEYWORD,ENABLED,True,,,doll,BROAD
23838970036,DLM_SE_SEARCH_NONBRAND_EXACT_PHRASE_PAUSED_20260507,PAUSED,KEYWORD,ENABLED,True,,,free,BROAD
23838970036,DLM_SE_SEARCH_NONBRAND_EXACT_PHRASE_PAUSED_20260507,PAUSED,KEYWORD,ENABLED,True,,,used,BROAD
23838970036,DLM_SE_SEARCH_NONBRAND_EXACT_PHRASE_PAUSED_20260507,PAUSED,KEYWORD,ENABLED,True,,,tutorial,BROAD
23838970036,DLM_SE_SEARCH_NONBRAND_EXACT_PHRASE_PAUSED_20260507,PAUSED,KEYWORD,ENABLED,True,,,rental,BROAD
23838970036,DLM_SE_SEARCH_NONBRAND_EXACT_PHRASE_PAUSED_20260507,PAUSED,KEYWORD,ENABLED,True,,,bulk,BROAD
23838970036,DLM_SE_SEARCH_NONBRAND_EXACT_PHRASE_PAUSED_20260507,PAUSED,KEYWORD,ENABLED,True,,,wholesale,BROAD
23838970036,DLM_SE_SEARCH_NONBRAND_EXACT_PHRASE_PAUSED_20260507,PAUSED,KEYWORD,ENABLED,True,,,sexy,BROAD
23838970036,DLM_SE_SEARCH_NONBRAND_EXACT_PHRASE_PAUSED_20260507,PAUSED,KEYWORD,ENABLED,True,,,clipart,BROAD
23838970036,DLM_SE_SEARCH_NONBRAND_EXACT_PHRASE_PAUSED_20260507,PAUSED,KEYWORD,ENABLED,True,,,template,BROAD
23838970036,DLM_SE_SEARCH_NONBRAND_EXACT_PHRASE_PAUSED_20260507,PAUSED,KEYWORD,ENABLED,True,,,costume,BROAD
23838970036,DLM_SE_SEARCH_NONBRAND_EXACT_PHRASE_PAUSED_20260507,PAUSED,KEYWORD,ENABLED,True,,,secondhand,BROAD
23838970036,DLM_SE_SEARCH_NONBRAND_EXACT_PHRASE_PAUSED_20260507,PAUSED,KEYWORD,ENABLED,True,,,fabric,BROAD
23838970036,DLM_SE_SEARCH_NONBRAND_EXACT_PHRASE_PAUSED_20260507,PAUSED,KEYWORD,ENABLED,True,,,crochet,BROAD
23838970036,DLM_SE_SEARCH_NONBRAND_EXACT_PHRASE_PAUSED_20260507,PAUSED,KEYWORD,ENABLED,True,,,knitting,BROAD
23838970036,DLM_SE_SEARCH_NONBRAND_EXACT_PHRASE_PAUSED_20260507,PAUSED,KEYWORD,ENABLED,True,,,diy,BROAD
23838970036,DLM_SE_SEARCH_NONBRAND_EXACT_PHRASE_PAUSED_20260507,PAUSED,KEYWORD,ENABLED,True,,,sew,BROAD
23838970036,DLM_SE_SEARCH_NONBRAND_EXACT_PHRASE_PAUSED_20260507,PAUSED,KEYWORD,ENABLED,True,,,sewing,BROAD
23838970036,DLM_SE_SEARCH_NONBRAND_EXACT_PHRASE_PAUSED_20260507,PAUSED,KEYWORD,ENABLED,True,,,pattern,BROAD
23838970036,DLM_SE_SEARCH_NONBRAND_EXACT_PHRASE_PAUSED_20260507,PAUSED,KEYWORD,ENABLED,True,,,pdf,BROAD
23838970036,DLM_SE_SEARCH_NONBRAND_EXACT_PHRASE_PAUSED_20260507,PAUSED,KEYWORD,ENABLED,True,,,patterns,BROAD
23838970036,DLM_SE_SEARCH_NONBRAND_EXACT_PHRASE_PAUSED_20260507,PAUSED,KEYWORD,ENABLED,True,,,maternity,BROAD
23838970036,DLM_SE_SEARCH_NONBRAND_EXACT_PHRASE_PAUSED_20260507,PAUSED,KEYWORD,ENABLED,True,,,amazon,EXACT
23838970036,DLM_SE_SEARCH_NONBRAND_EXACT_PHRASE_PAUSED_20260507,PAUSED,KEYWORD,ENABLED,True,,,walmart,EXACT
23838970036,DLM_SE_SEARCH_NONBRAND_EXACT_PHRASE_PAUSED_20260507,PAUSED,KEYWORD,ENABLED,True,,,adult costume,PHRASE
23838970036,DLM_SE_SEARCH_NONBRAND_EXACT_PHRASE_PAUSED_20260507,PAUSED,KEYWORD,ENABLED,True,,,alibaba,EXACT
23838970036,DLM_SE_SEARCH_NONBRAND_EXACT_PHRASE_PAUSED_20260507,PAUSED,KEYWORD,ENABLED,True,,,target,EXACT
23838970036,DLM_SE_SEARCH_NONBRAND_EXACT_PHRASE_PAUSED_20260507,PAUSED,KEYWORD,ENABLED,True,,,second hand,PHRASE
23838970036,DLM_SE_SEARCH_NONBRAND_EXACT_PHRASE_PAUSED_20260507,PAUSED,KEYWORD,ENABLED,True,,,sims,EXACT
23838970036,DLM_SE_SEARCH_NONBRAND_EXACT_PHRASE_PAUSED_20260507,PAUSED,KEYWORD,ENABLED,True,,,how to sew,PHRASE
23838970036,DLM_SE_SEARCH_NONBRAND_EXACT_PHRASE_PAUSED_20260507,PAUSED,KEYWORD,ENABLED,True,,,sewing pattern,PHRASE
23838970036,DLM_SE_SEARCH_NONBRAND_EXACT_PHRASE_PAUSED_20260507,PAUSED,KEYWORD,ENABLED,True,,,coloring page,PHRASE
23838970036,DLM_SE_SEARCH_NONBRAND_EXACT_PHRASE_PAUSED_20260507,PAUSED,KEYWORD,ENABLED,True,,,shein,EXACT
23838970036,DLM_SE_SEARCH_NONBRAND_EXACT_PHRASE_PAUSED_20260507,PAUSED,KEYWORD,ENABLED,True,,,temu,EXACT
23838970036,DLM_SE_SEARCH_NONBRAND_EXACT_PHRASE_PAUSED_20260507,PAUSED,KEYWORD,ENABLED,True,,,roblox,EXACT
23838970036,DLM_SE_SEARCH_NONBRAND_EXACT_PHRASE_PAUSED_20260507,PAUSED,KEYWORD,ENABLED,True,,,aliexpress,EXACT
23838970036,DLM_SE_SEARCH_NONBRAND_EXACT_PHRASE_PAUSED_20260507,PAUSED,KEYWORD,ENABLED,True,,,1688,EXACT
23838970036,DLM_SE_SEARCH_NONBRAND_EXACT_PHRASE_PAUSED_20260507,PAUSED,LANGUAGE,ENABLED,False,,languageConstants/1000,,UNSPECIFIED
23838970036,DLM_SE_SEARCH_NONBRAND_EXACT_PHRASE_PAUSED_20260507,PAUSED,LOCATION,ENABLED,False,geoTargetConstants/2752,,,UNSPECIFIED
23838970036,DLM_SE_SEARCH_NONBRAND_EXACT_PHRASE_PAUSED_20260507,PAUSED,DEVICE,ENABLED,False,,,,UNSPECIFIED
23838970036,DLM_SE_SEARCH_NONBRAND_EXACT_PHRASE_PAUSED_20260507,PAUSED,DEVICE,ENABLED,False,,,,UNSPECIFIED
23838970036,DLM_SE_SEARCH_NONBRAND_EXACT_PHRASE_PAUSED_20260507,PAUSED,DEVICE,ENABLED,False,,,,UNSPECIFIED
23805046526,DLM_US_SEARCH_BRAND_PROTECT_PAUSED_20260429,ENABLED,KEYWORD,ENABLED,True,,,white label,PHRASE
23805046526,DLM_US_SEARCH_BRAND_PROTECT_PAUSED_20260429,ENABLED,KEYWORD,ENABLED,True,,,costumes,EXACT
23805046526,DLM_US_SEARCH_BRAND_PROTECT_PAUSED_20260429,ENABLED,KEYWORD,ENABLED,True,,,embroidery design,PHRASE
23805046526,DLM_US_SEARCH_BRAND_PROTECT_PAUSED_20260429,ENABLED,KEYWORD,ENABLED,True,,,reseller,EXACT
23805046526,DLM_US_SEARCH_BRAND_PROTECT_PAUSED_20260429,ENABLED,KEYWORD,ENABLED,True,,,free,EXACT
23805046526,DLM_US_SEARCH_BRAND_PROTECT_PAUSED_20260429,ENABLED,KEYWORD,ENABLED,True,,,retail job,PHRASE
23805046526,DLM_US_SEARCH_BRAND_PROTECT_PAUSED_20260429,ENABLED,KEYWORD,ENABLED,True,,,work from home,PHRASE
23805046526,DLM_US_SEARCH_BRAND_PROTECT_PAUSED_20260429,ENABLED,KEYWORD,ENABLED,True,,,amazon,EXACT
23805046526,DLM_US_SEARCH_BRAND_PROTECT_PAUSED_20260429,ENABLED,KEYWORD,ENABLED,True,,,careers,EXACT
23805046526,DLM_US_SEARCH_BRAND_PROTECT_PAUSED_20260429,ENABLED,KEYWORD,ENABLED,True,,,same day delivery,PHRASE
23805046526,DLM_US_SEARCH_BRAND_PROTECT_PAUSED_20260429,ENABLED,KEYWORD,ENABLED,True,,,reviews,EXACT
23805046526,DLM_US_SEARCH_BRAND_PROTECT_PAUSED_20260429,ENABLED,KEYWORD,ENABLED,True,,,cheap,EXACT
23805046526,DLM_US_SEARCH_BRAND_PROTECT_PAUSED_20260429,ENABLED,KEYWORD,ENABLED,True,,,used,EXACT
23805046526,DLM_US_SEARCH_BRAND_PROTECT_PAUSED_20260429,ENABLED,KEYWORD,ENABLED,True,,,manufacturer,EXACT
23805046526,DLM_US_SEARCH_BRAND_PROTECT_PAUSED_20260429,ENABLED,KEYWORD,ENABLED,True,,,boden,EXACT
23805046526,DLM_US_SEARCH_BRAND_PROTECT_PAUSED_20260429,ENABLED,KEYWORD,ENABLED,True,,,hiring,EXACT
23805046526,DLM_US_SEARCH_BRAND_PROTECT_PAUSED_20260429,ENABLED,KEYWORD,ENABLED,True,,,donation,EXACT
23805046526,DLM_US_SEARCH_BRAND_PROTECT_PAUSED_20260429,ENABLED,KEYWORD,ENABLED,True,,,private label,PHRASE
23805046526,DLM_US_SEARCH_BRAND_PROTECT_PAUSED_20260429,ENABLED,KEYWORD,ENABLED,True,,,article,EXACT
23805046526,DLM_US_SEARCH_BRAND_PROTECT_PAUSED_20260429,ENABLED,KEYWORD,ENABLED,True,,,gap,EXACT
23805046526,DLM_US_SEARCH_BRAND_PROTECT_PAUSED_20260429,ENABLED,KEYWORD,ENABLED,True,,,nordstrom,EXACT
23805046526,DLM_US_SEARCH_BRAND_PROTECT_PAUSED_20260429,ENABLED,KEYWORD,ENABLED,True,,,pickup,EXACT
23805046526,DLM_US_SEARCH_BRAND_PROTECT_PAUSED_20260429,ENABLED,KEYWORD,ENABLED,True,,,giveaway,EXACT
23805046526,DLM_US_SEARCH_BRAND_PROTECT_PAUSED_20260429,ENABLED,KEYWORD,ENABLED,True,,,macys,EXACT
23805046526,DLM_US_SEARCH_BRAND_PROTECT_PAUSED_20260429,ENABLED,KEYWORD,ENABLED,True,,,walmart,EXACT
23805046526,DLM_US_SEARCH_BRAND_PROTECT_PAUSED_20260429,ENABLED,KEYWORD,ENABLED,True,,,tips,EXACT
23805046526,DLM_US_SEARCH_BRAND_PROTECT_PAUSED_20260429,ENABLED,KEYWORD,ENABLED,True,,,diy,EXACT
23805046526,DLM_US_SEARCH_BRAND_PROTECT_PAUSED_20260429,ENABLED,KEYWORD,ENABLED,True,,,review,EXACT
23805046526,DLM_US_SEARCH_BRAND_PROTECT_PAUSED_20260429,ENABLED,KEYWORD,ENABLED,True,,,goodwill,EXACT
23805046526,DLM_US_SEARCH_BRAND_PROTECT_PAUSED_20260429,ENABLED,KEYWORD,ENABLED,True,,,halloween costume,PHRASE
23805046526,DLM_US_SEARCH_BRAND_PROTECT_PAUSED_20260429,ENABLED,KEYWORD,ENABLED,True,,,adult costume,PHRASE
23805046526,DLM_US_SEARCH_BRAND_PROTECT_PAUSED_20260429,ENABLED,KEYWORD,ENABLED,True,,,alibaba,EXACT
23805046526,DLM_US_SEARCH_BRAND_PROTECT_PAUSED_20260429,ENABLED,KEYWORD,ENABLED,True,,,barbie,EXACT
23805046526,DLM_US_SEARCH_BRAND_PROTECT_PAUSED_20260429,ENABLED,KEYWORD,ENABLED,True,,,sewing,EXACT
23805046526,DLM_US_SEARCH_BRAND_PROTECT_PAUSED_20260429,ENABLED,KEYWORD,ENABLED,True,,,gymboree,EXACT
23805046526,DLM_US_SEARCH_BRAND_PROTECT_PAUSED_20260429,ENABLED,KEYWORD,ENABLED,True,,,bridesmaid,EXACT
23805046526,DLM_US_SEARCH_BRAND_PROTECT_PAUSED_20260429,ENABLED,KEYWORD,ENABLED,True,,,costume,EXACT
23805046526,DLM_US_SEARCH_BRAND_PROTECT_PAUSED_20260429,ENABLED,KEYWORD,ENABLED,True,,,crochet,EXACT
23805046526,DLM_US_SEARCH_BRAND_PROTECT_PAUSED_20260429,ENABLED,KEYWORD,ENABLED,True,,,wholesale,EXACT
23805046526,DLM_US_SEARCH_BRAND_PROTECT_PAUSED_20260429,ENABLED,KEYWORD,ENABLED,True,,,knitting,EXACT
23805046526,DLM_US_SEARCH_BRAND_PROTECT_PAUSED_20260429,ENABLED,KEYWORD,ENABLED,True,,,forum,EXACT
23805046526,DLM_US_SEARCH_BRAND_PROTECT_PAUSED_20260429,ENABLED,KEYWORD,ENABLED,True,,,knitting pattern,PHRASE
23805046526,DLM_US_SEARCH_BRAND_PROTECT_PAUSED_20260429,ENABLED,KEYWORD,ENABLED,True,,,crochet pattern,PHRASE
23805046526,DLM_US_SEARCH_BRAND_PROTECT_PAUSED_20260429,ENABLED,KEYWORD,ENABLED,True,,,embroidery,EXACT
23805046526,DLM_US_SEARCH_BRAND_PROTECT_PAUSED_20260429,ENABLED,KEYWORD,ENABLED,True,,,supplier,EXACT
23805046526,DLM_US_SEARCH_BRAND_PROTECT_PAUSED_20260429,ENABLED,KEYWORD,ENABLED,True,,,kohls,EXACT
23805046526,DLM_US_SEARCH_BRAND_PROTECT_PAUSED_20260429,ENABLED,KEYWORD,ENABLED,True,,,target,EXACT
23805046526,DLM_US_SEARCH_BRAND_PROTECT_PAUSED_20260429,ENABLED,KEYWORD,ENABLED,True,,,how to make,PHRASE
23805046526,DLM_US_SEARCH_BRAND_PROTECT_PAUSED_20260429,ENABLED,KEYWORD,ENABLED,True,,,carters,EXACT
23805046526,DLM_US_SEARCH_BRAND_PROTECT_PAUSED_20260429,ENABLED,KEYWORD,ENABLED,True,,,scam,PHRASE
23805046526,DLM_US_SEARCH_BRAND_PROTECT_PAUSED_20260429,ENABLED,KEYWORD,ENABLED,True,,,american girl,PHRASE
23805046526,DLM_US_SEARCH_BRAND_PROTECT_PAUSED_20260429,ENABLED,KEYWORD,ENABLED,True,,,prom,EXACT
23805046526,DLM_US_SEARCH_BRAND_PROTECT_PAUSED_20260429,ENABLED,KEYWORD,ENABLED,True,,,blog,EXACT
23805046526,DLM_US_SEARCH_BRAND_PROTECT_PAUSED_20260429,ENABLED,KEYWORD,ENABLED,True,,,better business bureau,PHRASE
23805046526,DLM_US_SEARCH_BRAND_PROTECT_PAUSED_20260429,ENABLED,KEYWORD,ENABLED,True,,,images,EXACT
23805046526,DLM_US_SEARCH_BRAND_PROTECT_PAUSED_20260429,ENABLED,KEYWORD,ENABLED,True,,,distributor,EXACT
23805046526,DLM_US_SEARCH_BRAND_PROTECT_PAUSED_20260429,ENABLED,KEYWORD,ENABLED,True,,,free sample,PHRASE
23805046526,DLM_US_SEARCH_BRAND_PROTECT_PAUSED_20260429,ENABLED,KEYWORD,ENABLED,True,,,drop ship,PHRASE
23805046526,DLM_US_SEARCH_BRAND_PROTECT_PAUSED_20260429,ENABLED,KEYWORD,ENABLED,True,,,dropshipping,EXACT
23805046526,DLM_US_SEARCH_BRAND_PROTECT_PAUSED_20260429,ENABLED,KEYWORD,ENABLED,True,,,store locator,PHRASE
23805046526,DLM_US_SEARCH_BRAND_PROTECT_PAUSED_20260429,ENABLED,KEYWORD,ENABLED,True,,,fabric store,PHRASE
23805046526,DLM_US_SEARCH_BRAND_PROTECT_PAUSED_20260429,ENABLED,KEYWORD,ENABLED,True,,,sexy costume,PHRASE
23805046526,DLM_US_SEARCH_BRAND_PROTECT_PAUSED_20260429,ENABLED,KEYWORD,ENABLED,True,,,second hand,PHRASE
23805046526,DLM_US_SEARCH_BRAND_PROTECT_PAUSED_20260429,ENABLED,KEYWORD,ENABLED,True,,,formal wear,PHRASE
23805046526,DLM_US_SEARCH_BRAND_PROTECT_PAUSED_20260429,ENABLED,KEYWORD,ENABLED,True,,,dropship,EXACT
23805046526,DLM_US_SEARCH_BRAND_PROTECT_PAUSED_20260429,ENABLED,KEYWORD,ENABLED,True,,,templates,EXACT
23805046526,DLM_US_SEARCH_BRAND_PROTECT_PAUSED_20260429,ENABLED,KEYWORD,ENABLED,True,,,craft project,PHRASE
23805046526,DLM_US_SEARCH_BRAND_PROTECT_PAUSED_20260429,ENABLED,KEYWORD,ENABLED,True,,,meaning of,PHRASE
23805046526,DLM_US_SEARCH_BRAND_PROTECT_PAUSED_20260429,ENABLED,KEYWORD,ENABLED,True,,,evening gown,PHRASE
23805046526,DLM_US_SEARCH_BRAND_PROTECT_PAUSED_20260429,ENABLED,KEYWORD,ENABLED,True,,,quilting,PHRASE
23805046526,DLM_US_SEARCH_BRAND_PROTECT_PAUSED_20260429,ENABLED,KEYWORD,ENABLED,True,,,walk in,PHRASE
23805046526,DLM_US_SEARCH_BRAND_PROTECT_PAUSED_20260429,ENABLED,KEYWORD,ENABLED,True,,,definition of,PHRASE
23805046526,DLM_US_SEARCH_BRAND_PROTECT_PAUSED_20260429,ENABLED,KEYWORD,ENABLED,True,,,wholesale clothing,PHRASE
23805046526,DLM_US_SEARCH_BRAND_PROTECT_PAUSED_20260429,ENABLED,KEYWORD,ENABLED,True,,,sewing patterns,PHRASE
23805046526,DLM_US_SEARCH_BRAND_PROTECT_PAUSED_20260429,ENABLED,KEYWORD,ENABLED,True,,,dollar store,PHRASE
23805046526,DLM_US_SEARCH_BRAND_PROTECT_PAUSED_20260429,ENABLED,KEYWORD,ENABLED,True,,,thrift store,PHRASE
23805046526,DLM_US_SEARCH_BRAND_PROTECT_PAUSED_20260429,ENABLED,KEYWORD,ENABLED,True,,,simplicity pattern,PHRASE
23805046526,DLM_US_SEARCH_BRAND_PROTECT_PAUSED_20260429,ENABLED,KEYWORD,ENABLED,True,,,zara,EXACT
23805046526,DLM_US_SEARCH_BRAND_PROTECT_PAUSED_20260429,ENABLED,KEYWORD,ENABLED,True,,,hospital gown,PHRASE
23805046526,DLM_US_SEARCH_BRAND_PROTECT_PAUSED_20260429,ENABLED,KEYWORD,ENABLED,True,,,how to sew,PHRASE
23805046526,DLM_US_SEARCH_BRAND_PROTECT_PAUSED_20260429,ENABLED,KEYWORD,ENABLED,True,,,sewing pattern,PHRASE
23805046526,DLM_US_SEARCH_BRAND_PROTECT_PAUSED_20260429,ENABLED,KEYWORD,ENABLED,True,,,vendor,EXACT
23805046526,DLM_US_SEARCH_BRAND_PROTECT_PAUSED_20260429,ENABLED,KEYWORD,ENABLED,True,,,pattern,EXACT
23805046526,DLM_US_SEARCH_BRAND_PROTECT_PAUSED_20260429,ENABLED,KEYWORD,ENABLED,True,,,complaint,PHRASE
23805046526,DLM_US_SEARCH_BRAND_PROTECT_PAUSED_20260429,ENABLED,KEYWORD,ENABLED,True,,,modeling job,PHRASE
23805046526,DLM_US_SEARCH_BRAND_PROTECT_PAUSED_20260429,ENABLED,KEYWORD,ENABLED,True,,,primary,EXACT
23805046526,DLM_US_SEARCH_BRAND_PROTECT_PAUSED_20260429,ENABLED,KEYWORD,ENABLED,True,,,dress pattern,PHRASE
23805046526,DLM_US_SEARCH_BRAND_PROTECT_PAUSED_20260429,ENABLED,KEYWORD,ENABLED,True,,,fashion tips,PHRASE
23805046526,DLM_US_SEARCH_BRAND_PROTECT_PAUSED_20260429,ENABLED,KEYWORD,ENABLED,True,,,consignment,EXACT
23805046526,DLM_US_SEARCH_BRAND_PROTECT_PAUSED_20260429,ENABLED,KEYWORD,ENABLED,True,,,fabric wholesale,PHRASE
23805046526,DLM_US_SEARCH_BRAND_PROTECT_PAUSED_20260429,ENABLED,KEYWORD,ENABLED,True,,,quilt pattern,PHRASE
23805046526,DLM_US_SEARCH_BRAND_PROTECT_PAUSED_20260429,ENABLED,KEYWORD,ENABLED,True,,,wish,EXACT
23805046526,DLM_US_SEARCH_BRAND_PROTECT_PAUSED_20260429,ENABLED,KEYWORD,ENABLED,True,,,return policy,PHRASE
23805046526,DLM_US_SEARCH_BRAND_PROTECT_PAUSED_20260429,ENABLED,KEYWORD,ENABLED,True,,,mini boden,PHRASE
23805046526,DLM_US_SEARCH_BRAND_PROTECT_PAUSED_20260429,ENABLED,KEYWORD,ENABLED,True,,,thrift,EXACT
23805046526,DLM_US_SEARCH_BRAND_PROTECT_PAUSED_20260429,ENABLED,KEYWORD,ENABLED,True,,,ball gown,PHRASE
23805046526,DLM_US_SEARCH_BRAND_PROTECT_PAUSED_20260429,ENABLED,KEYWORD,ENABLED,True,,,cosplay,EXACT
23805046526,DLM_US_SEARCH_BRAND_PROTECT_PAUSED_20260429,ENABLED,KEYWORD,ENABLED,True,,,doll clothes,PHRASE
23805046526,DLM_US_SEARCH_BRAND_PROTECT_PAUSED_20260429,ENABLED,KEYWORD,ENABLED,True,,,local store,PHRASE
23805046526,DLM_US_SEARCH_BRAND_PROTECT_PAUSED_20260429,ENABLED,KEYWORD,ENABLED,True,,,american girl doll,PHRASE
23805046526,DLM_US_SEARCH_BRAND_PROTECT_PAUSED_20260429,ENABLED,KEYWORD,ENABLED,True,,,photo ideas,PHRASE
23805046526,DLM_US_SEARCH_BRAND_PROTECT_PAUSED_20260429,ENABLED,KEYWORD,ENABLED,True,,,janie,EXACT
23805046526,DLM_US_SEARCH_BRAND_PROTECT_PAUSED_20260429,ENABLED,KEYWORD,ENABLED,True,,,embroidery pattern,PHRASE
23805046526,DLM_US_SEARCH_BRAND_PROTECT_PAUSED_20260429,ENABLED,KEYWORD,ENABLED,True,,,dog outfit,PHRASE
23805046526,DLM_US_SEARCH_BRAND_PROTECT_PAUSED_20260429,ENABLED,KEYWORD,ENABLED,True,,,under $10,PHRASE
23805046526,DLM_US_SEARCH_BRAND_PROTECT_PAUSED_20260429,ENABLED,KEYWORD,ENABLED,True,,,in store,PHRASE
23805046526,DLM_US_SEARCH_BRAND_PROTECT_PAUSED_20260429,ENABLED,KEYWORD,ENABLED,True,,,janie and jack,PHRASE
23805046526,DLM_US_SEARCH_BRAND_PROTECT_PAUSED_20260429,ENABLED,KEYWORD,ENABLED,True,,,under $5,PHRASE
23805046526,DLM_US_SEARCH_BRAND_PROTECT_PAUSED_20260429,ENABLED,KEYWORD,ENABLED,True,,,doll dress,PHRASE
23805046526,DLM_US_SEARCH_BRAND_PROTECT_PAUSED_20260429,ENABLED,KEYWORD,ENABLED,True,,,bulk buy,PHRASE
23805046526,DLM_US_SEARCH_BRAND_PROTECT_PAUSED_20260429,ENABLED,KEYWORD,ENABLED,True,,,free clothes,PHRASE
23805046526,DLM_US_SEARCH_BRAND_PROTECT_PAUSED_20260429,ENABLED,KEYWORD,ENABLED,True,,,clothing supplier,PHRASE
23805046526,DLM_US_SEARCH_BRAND_PROTECT_PAUSED_20260429,ENABLED,KEYWORD,ENABLED,True,,,fashion internship,PHRASE
23805046526,DLM_US_SEARCH_BRAND_PROTECT_PAUSED_20260429,ENABLED,KEYWORD,ENABLED,True,,,the children's place,PHRASE
23805046526,DLM_US_SEARCH_BRAND_PROTECT_PAUSED_20260429,ENABLED,KEYWORD,ENABLED,True,,,near me,PHRASE
23805046526,DLM_US_SEARCH_BRAND_PROTECT_PAUSED_20260429,ENABLED,KEYWORD,ENABLED,True,,,doll outfit,PHRASE
23805046526,DLM_US_SEARCH_BRAND_PROTECT_PAUSED_20260429,ENABLED,KEYWORD,ENABLED,True,,,fabric for,PHRASE
23805046526,DLM_US_SEARCH_BRAND_PROTECT_PAUSED_20260429,ENABLED,KEYWORD,ENABLED,True,,,cat outfit,PHRASE
23805046526,DLM_US_SEARCH_BRAND_PROTECT_PAUSED_20260429,ENABLED,KEYWORD,ENABLED,True,,,outfit ideas,PHRASE
23805046526,DLM_US_SEARCH_BRAND_PROTECT_PAUSED_20260429,ENABLED,KEYWORD,ENABLED,True,,,nearby,EXACT
23805046526,DLM_US_SEARCH_BRAND_PROTECT_PAUSED_20260429,ENABLED,KEYWORD,ENABLED,True,,,maternity hospital,PHRASE
23805046526,DLM_US_SEARCH_BRAND_PROTECT_PAUSED_20260429,ENABLED,KEYWORD,ENABLED,True,,,butterick pattern,PHRASE
23805046526,DLM_US_SEARCH_BRAND_PROTECT_PAUSED_20260429,ENABLED,KEYWORD,ENABLED,True,,,fashion designer job,PHRASE
23805046526,DLM_US_SEARCH_BRAND_PROTECT_PAUSED_20260429,ENABLED,KEYWORD,ENABLED,True,,,matching underwear,PHRASE
23805046526,DLM_US_SEARCH_BRAND_PROTECT_PAUSED_20260429,ENABLED,KEYWORD,ENABLED,True,,,bulk order,PHRASE
23805046526,DLM_US_SEARCH_BRAND_PROTECT_PAUSED_20260429,ENABLED,KEYWORD,ENABLED,True,,,accessories only,PHRASE
23805046526,DLM_US_SEARCH_BRAND_PROTECT_PAUSED_20260429,ENABLED,KEYWORD,ENABLED,True,,,pet outfit,PHRASE
23805046526,DLM_US_SEARCH_BRAND_PROTECT_PAUSED_20260429,ENABLED,KEYWORD,ENABLED,True,,,shops near,PHRASE
23805046526,DLM_US_SEARCH_BRAND_PROTECT_PAUSED_20260429,ENABLED,KEYWORD,ENABLED,True,,,youtube,EXACT
23805046526,DLM_US_SEARCH_BRAND_PROTECT_PAUSED_20260429,ENABLED,KEYWORD,ENABLED,True,,,how to match,PHRASE
23805046526,DLM_US_SEARCH_BRAND_PROTECT_PAUSED_20260429,ENABLED,KEYWORD,ENABLED,True,,,free pattern,PHRASE
23805046526,DLM_US_SEARCH_BRAND_PROTECT_PAUSED_20260429,ENABLED,KEYWORD,ENABLED,True,,,near by,PHRASE
23805046526,DLM_US_SEARCH_BRAND_PROTECT_PAUSED_20260429,ENABLED,KEYWORD,ENABLED,True,,,stores near,PHRASE
23805046526,DLM_US_SEARCH_BRAND_PROTECT_PAUSED_20260429,ENABLED,KEYWORD,ENABLED,True,,,refund policy,PHRASE
23805046526,DLM_US_SEARCH_BRAND_PROTECT_PAUSED_20260429,ENABLED,KEYWORD,ENABLED,True,,,shein,EXACT
23805046526,DLM_US_SEARCH_BRAND_PROTECT_PAUSED_20260429,ENABLED,KEYWORD,ENABLED,True,,,reddit,EXACT
23805046526,DLM_US_SEARCH_BRAND_PROTECT_PAUSED_20260429,ENABLED,KEYWORD,ENABLED,True,,,ugly sweater,PHRASE
23805046526,DLM_US_SEARCH_BRAND_PROTECT_PAUSED_20260429,ENABLED,KEYWORD,ENABLED,True,,,temu,EXACT
23805046526,DLM_US_SEARCH_BRAND_PROTECT_PAUSED_20260429,ENABLED,KEYWORD,ENABLED,True,,,photoshoot ideas,PHRASE
23805046526,DLM_US_SEARCH_BRAND_PROTECT_PAUSED_20260429,ENABLED,KEYWORD,ENABLED,True,,,curbside pickup,PHRASE
23805046526,DLM_US_SEARCH_BRAND_PROTECT_PAUSED_20260429,ENABLED,KEYWORD,ENABLED,True,,,aliexpress,EXACT
23805046526,DLM_US_SEARCH_BRAND_PROTECT_PAUSED_20260429,ENABLED,KEYWORD,ENABLED,True,,,trust pilot,PHRASE
23805046526,DLM_US_SEARCH_BRAND_PROTECT_PAUSED_20260429,ENABLED,KEYWORD,ENABLED,True,,,trustpilot,EXACT
23805046526,DLM_US_SEARCH_BRAND_PROTECT_PAUSED_20260429,ENABLED,KEYWORD,ENABLED,True,,,pinterest,EXACT
23805046526,DLM_US_SEARCH_BRAND_PROTECT_PAUSED_20260429,ENABLED,KEYWORD,ENABLED,True,,,zaful,EXACT
23805046526,DLM_US_SEARCH_BRAND_PROTECT_PAUSED_20260429,ENABLED,KEYWORD,ENABLED,True,,,local shop,PHRASE
23805046526,DLM_US_SEARCH_BRAND_PROTECT_PAUSED_20260429,ENABLED,KEYWORD,ENABLED,True,,,style tips,PHRASE
23805046526,DLM_US_SEARCH_BRAND_PROTECT_PAUSED_20260429,ENABLED,KEYWORD,ENABLED,True,,,matching bracelet,PHRASE
23805046526,DLM_US_SEARCH_BRAND_PROTECT_PAUSED_20260429,ENABLED,KEYWORD,ENABLED,True,,,picture ideas,PHRASE
23805046526,DLM_US_SEARCH_BRAND_PROTECT_PAUSED_20260429,ENABLED,KEYWORD,ENABLED,True,,,matching luggage,PHRASE
23805046526,DLM_US_SEARCH_BRAND_PROTECT_PAUSED_20260429,ENABLED,KEYWORD,ENABLED,True,,,quora,EXACT
23805046526,DLM_US_SEARCH_BRAND_PROTECT_PAUSED_20260429,ENABLED,KEYWORD,ENABLED,True,,,formal gown,PHRASE
23805046526,DLM_US_SEARCH_BRAND_PROTECT_PAUSED_20260429,ENABLED,KEYWORD,ENABLED,True,,,matching rings,PHRASE
23805046526,DLM_US_SEARCH_BRAND_PROTECT_PAUSED_20260429,ENABLED,KEYWORD,ENABLED,True,,,wholesale dresses,PHRASE
23805046526,DLM_US_SEARCH_BRAND_PROTECT_PAUSED_20260429,ENABLED,KEYWORD,ENABLED,True,,,mood board,PHRASE
23805046526,DLM_US_SEARCH_BRAND_PROTECT_PAUSED_20260429,ENABLED,KEYWORD,ENABLED,True,,,dog and owner,PHRASE
23805046526,DLM_US_SEARCH_BRAND_PROTECT_PAUSED_20260429,ENABLED,KEYWORD,ENABLED,True,,,free outfits,PHRASE
23805046526,DLM_US_SEARCH_BRAND_PROTECT_PAUSED_20260429,ENABLED,KEYWORD,ENABLED,True,,,bbb complaint,PHRASE
23805046526,DLM_US_SEARCH_BRAND_PROTECT_PAUSED_20260429,ENABLED,KEYWORD,ENABLED,True,,,1688,EXACT
23805046526,DLM_US_SEARCH_BRAND_PROTECT_PAUSED_20260429,ENABLED,KEYWORD,ENABLED,True,,,matching apron,PHRASE
23805046526,DLM_US_SEARCH_BRAND_PROTECT_PAUSED_20260429,ENABLED,KEYWORD,ENABLED,True,,,outfit pattern,PHRASE
23805046526,DLM_US_SEARCH_BRAND_PROTECT_PAUSED_20260429,ENABLED,KEYWORD,ENABLED,True,,,matching jewelry,PHRASE
23805046526,DLM_US_SEARCH_BRAND_PROTECT_PAUSED_20260429,ENABLED,KEYWORD,ENABLED,True,,,patpat,EXACT
23805046526,DLM_US_SEARCH_BRAND_PROTECT_PAUSED_20260429,ENABLED,KEYWORD,ENABLED,True,,,matching socks,PHRASE
23805046526,DLM_US_SEARCH_BRAND_PROTECT_PAUSED_20260429,ENABLED,KEYWORD,ENABLED,True,,,clothing vendor,PHRASE
23805046526,DLM_US_SEARCH_BRAND_PROTECT_PAUSED_20260429,ENABLED,KEYWORD,ENABLED,True,,,is it legit,PHRASE
23805046526,DLM_US_SEARCH_BRAND_PROTECT_PAUSED_20260429,ENABLED,KEYWORD,ENABLED,True,,,free matching,PHRASE
23805046526,DLM_US_SEARCH_BRAND_PROTECT_PAUSED_20260429,ENABLED,KEYWORD,ENABLED,True,,,matching shoes,PHRASE
23805046526,DLM_US_SEARCH_BRAND_PROTECT_PAUSED_20260429,ENABLED,KEYWORD,ENABLED,True,,,christmas sweater ugly,PHRASE
23805046526,DLM_US_SEARCH_BRAND_PROTECT_PAUSED_20260429,ENABLED,KEYWORD,ENABLED,True,,,same day pickup,PHRASE
23805046526,DLM_US_SEARCH_BRAND_PROTECT_PAUSED_20260429,ENABLED,KEYWORD,ENABLED,True,,,how to style,PHRASE
23805046526,DLM_US_SEARCH_BRAND_PROTECT_PAUSED_20260429,ENABLED,KEYWORD,ENABLED,True,,,lingerie matching,PHRASE
23805046526,DLM_US_SEARCH_BRAND_PROTECT_PAUSED_20260429,ENABLED,KEYWORD,ENABLED,True,,,matching underwear set,PHRASE
23805046526,DLM_US_SEARCH_BRAND_PROTECT_PAUSED_20260429,ENABLED,KEYWORD,ENABLED,True,,,hanna andersson,PHRASE
23805046526,DLM_US_SEARCH_BRAND_PROTECT_PAUSED_20260429,ENABLED,KEYWORD,ENABLED,True,,,romwe,EXACT
23805046526,DLM_US_SEARCH_BRAND_PROTECT_PAUSED_20260429,ENABLED,KEYWORD,ENABLED,True,,,used matching,PHRASE
23805046526,DLM_US_SEARCH_BRAND_PROTECT_PAUSED_20260429,ENABLED,KEYWORD,ENABLED,True,,,matching bag,PHRASE
23805046526,DLM_US_SEARCH_BRAND_PROTECT_PAUSED_20260429,ENABLED,KEYWORD,ENABLED,True,,,stitch pattern,PHRASE
23805046526,DLM_US_SEARCH_BRAND_PROTECT_PAUSED_20260429,ENABLED,KEYWORD,ENABLED,True,,,inspiration board,PHRASE
23805046526,DLM_US_SEARCH_BRAND_PROTECT_PAUSED_20260429,ENABLED,KEYWORD,ENABLED,True,,,matching watch,PHRASE
23805046526,DLM_US_SEARCH_BRAND_PROTECT_PAUSED_20260429,ENABLED,KEYWORD,ENABLED,True,,,pattern download,PHRASE
23805046526,DLM_US_SEARCH_BRAND_PROTECT_PAUSED_20260429,ENABLED,KEYWORD,ENABLED,True,,,primary clothing,PHRASE
23805046526,DLM_US_SEARCH_BRAND_PROTECT_PAUSED_20260429,ENABLED,KEYWORD,ENABLED,True,,,style ideas,PHRASE
23805046526,DLM_US_SEARCH_BRAND_PROTECT_PAUSED_20260429,ENABLED,KEYWORD,ENABLED,True,,,celebrity matching,PHRASE
23805046526,DLM_US_SEARCH_BRAND_PROTECT_PAUSED_20260429,ENABLED,KEYWORD,ENABLED,True,,,shoes only,PHRASE
23805046526,DLM_US_SEARCH_BRAND_PROTECT_PAUSED_20260429,ENABLED,KEYWORD,ENABLED,True,,,matching tattoo,PHRASE
23805046526,DLM_US_SEARCH_BRAND_PROTECT_PAUSED_20260429,ENABLED,KEYWORD,ENABLED,True,,,clothing swap,PHRASE
23805046526,DLM_US_SEARCH_BRAND_PROTECT_PAUSED_20260429,ENABLED,KEYWORD,ENABLED,True,,,pet matching,PHRASE
23805046526,DLM_US_SEARCH_BRAND_PROTECT_PAUSED_20260429,ENABLED,KEYWORD,ENABLED,True,,,handmade tutorial,PHRASE
23805046526,DLM_US_SEARCH_BRAND_PROTECT_PAUSED_20260429,ENABLED,KEYWORD,ENABLED,True,,,matching sneakers,PHRASE
23805046526,DLM_US_SEARCH_BRAND_PROTECT_PAUSED_20260429,ENABLED,KEYWORD,ENABLED,True,,,mccalls pattern,PHRASE
23805046526,DLM_US_SEARCH_BRAND_PROTECT_PAUSED_20260429,ENABLED,KEYWORD,ENABLED,True,,,pdf pattern,PHRASE
23805046526,DLM_US_SEARCH_BRAND_PROTECT_PAUSED_20260429,ENABLED,KEYWORD,ENABLED,True,,,instagram outfit,PHRASE
23805046526,DLM_US_SEARCH_BRAND_PROTECT_PAUSED_20260429,ENABLED,KEYWORD,ENABLED,True,,,in-store pickup,PHRASE
23805046526,DLM_US_SEARCH_BRAND_PROTECT_PAUSED_20260429,ENABLED,KEYWORD,ENABLED,True,,,clothing designer job,PHRASE
23805046526,DLM_US_SEARCH_BRAND_PROTECT_PAUSED_20260429,ENABLED,KEYWORD,ENABLED,True,,,craft tutorial,PHRASE
23805046526,DLM_US_SEARCH_BRAND_PROTECT_PAUSED_20260429,ENABLED,KEYWORD,ENABLED,True,,,outfit inspiration,PHRASE
23805046526,DLM_US_SEARCH_BRAND_PROTECT_PAUSED_20260429,ENABLED,KEYWORD,ENABLED,True,,,pet and owner matching,PHRASE
23805046526,DLM_US_SEARCH_BRAND_PROTECT_PAUSED_20260429,ENABLED,KEYWORD,ENABLED,True,,,walmart matching,PHRASE
23805046526,DLM_US_SEARCH_BRAND_PROTECT_PAUSED_20260429,ENABLED,KEYWORD,ENABLED,True,,,legit or not,PHRASE
23805046526,DLM_US_SEARCH_BRAND_PROTECT_PAUSED_20260429,ENABLED,KEYWORD,ENABLED,True,,,wedding matching,PHRASE
23805046526,DLM_US_SEARCH_BRAND_PROTECT_PAUSED_20260429,ENABLED,KEYWORD,ENABLED,True,,,how to coordinate,PHRASE
23805046526,DLM_US_SEARCH_BRAND_PROTECT_PAUSED_20260429,ENABLED,KEYWORD,ENABLED,True,,,matching robe,PHRASE
23805046526,DLM_US_SEARCH_BRAND_PROTECT_PAUSED_20260429,ENABLED,KEYWORD,ENABLED,True,,,matching necklace,PHRASE
23805046526,DLM_US_SEARCH_BRAND_PROTECT_PAUSED_20260429,ENABLED,KEYWORD,ENABLED,True,,,bridesmaid matching,PHRASE
23805046526,DLM_US_SEARCH_BRAND_PROTECT_PAUSED_20260429,ENABLED,KEYWORD,ENABLED,True,,,dog matching,PHRASE
23805046526,DLM_US_SEARCH_BRAND_PROTECT_PAUSED_20260429,ENABLED,KEYWORD,ENABLED,True,,,halloween matching,PHRASE
23805046526,DLM_US_SEARCH_BRAND_PROTECT_PAUSED_20260429,ENABLED,KEYWORD,ENABLED,True,,,matching phone case,PHRASE
23805046526,DLM_US_SEARCH_BRAND_PROTECT_PAUSED_20260429,ENABLED,KEYWORD,ENABLED,True,,,sexy matching,PHRASE
23805046526,DLM_US_SEARCH_BRAND_PROTECT_PAUSED_20260429,ENABLED,KEYWORD,ENABLED,True,,,matching purse,PHRASE
23805046526,DLM_US_SEARCH_BRAND_PROTECT_PAUSED_20260429,ENABLED,KEYWORD,ENABLED,True,,,matching backpack,PHRASE
23805046526,DLM_US_SEARCH_BRAND_PROTECT_PAUSED_20260429,ENABLED,KEYWORD,ENABLED,True,,,photoshoot tips,PHRASE
23805046526,DLM_US_SEARCH_BRAND_PROTECT_PAUSED_20260429,ENABLED,KEYWORD,ENABLED,True,,,clearance only,PHRASE
23805046526,DLM_US_SEARCH_BRAND_PROTECT_PAUSED_20260429,ENABLED,KEYWORD,ENABLED,True,,,gap matching,PHRASE
23805046526,DLM_US_SEARCH_BRAND_PROTECT_PAUSED_20260429,ENABLED,KEYWORD,ENABLED,True,,,old navy matching,PHRASE
23805046526,DLM_US_SEARCH_BRAND_PROTECT_PAUSED_20260429,ENABLED,KEYWORD,ENABLED,True,,,target matching,PHRASE
23805046526,DLM_US_SEARCH_BRAND_PROTECT_PAUSED_20260429,ENABLED,KEYWORD,ENABLED,True,,,old navy mommy and me,PHRASE
23805046526,DLM_US_SEARCH_BRAND_PROTECT_PAUSED_20260429,ENABLED,KEYWORD,ENABLED,True,,,tiktok trend,PHRASE
23805046526,DLM_US_SEARCH_BRAND_PROTECT_PAUSED_20260429,ENABLED,KEYWORD,ENABLED,True,,,wholesale mommy and me,PHRASE
23805046526,DLM_US_SEARCH_BRAND_PROTECT_PAUSED_20260429,ENABLED,KEYWORD,ENABLED,True,,,free shipping only,PHRASE
23805046526,DLM_US_SEARCH_BRAND_PROTECT_PAUSED_20260429,ENABLED,KEYWORD,ENABLED,True,,,matching pajamas silk,PHRASE
23805046526,DLM_US_SEARCH_BRAND_PROTECT_PAUSED_20260429,ENABLED,KEYWORD,ENABLED,True,,,matching face mask,PHRASE
23805046526,DLM_US_SEARCH_BRAND_PROTECT_PAUSED_20260429,ENABLED,KEYWORD,ENABLED,True,,,tiktok outfit,PHRASE
23805046526,DLM_US_SEARCH_BRAND_PROTECT_PAUSED_20260429,ENABLED,KEYWORD,ENABLED,True,,,what is mommy and me,PHRASE
23805046526,DLM_US_SEARCH_BRAND_PROTECT_PAUSED_20260429,ENABLED,KEYWORD,ENABLED,True,,,matching pet,PHRASE
23805046526,DLM_US_SEARCH_BRAND_PROTECT_PAUSED_20260429,ENABLED,KEYWORD,ENABLED,True,,,jewelry only,PHRASE
23805046526,DLM_US_SEARCH_BRAND_PROTECT_PAUSED_20260429,ENABLED,KEYWORD,ENABLED,True,,,carter's matching,PHRASE
23805046526,DLM_US_SEARCH_BRAND_PROTECT_PAUSED_20260429,ENABLED,KEYWORD,ENABLED,True,,,matching onesie adult,PHRASE
23805046526,DLM_US_SEARCH_BRAND_PROTECT_PAUSED_20260429,ENABLED,KEYWORD,ENABLED,True,,,crochet matching,PHRASE
23805046526,DLM_US_SEARCH_BRAND_PROTECT_PAUSED_20260429,ENABLED,KEYWORD,ENABLED,True,,,tutorial sewing,PHRASE
23805046526,DLM_US_SEARCH_BRAND_PROTECT_PAUSED_20260429,ENABLED,KEYWORD,ENABLED,True,,,diy matching outfits,PHRASE
23805046526,DLM_US_SEARCH_BRAND_PROTECT_PAUSED_20260429,ENABLED,KEYWORD,ENABLED,True,,,celebrity mommy,PHRASE
23805046526,DLM_US_SEARCH_BRAND_PROTECT_PAUSED_20260429,ENABLED,KEYWORD,ENABLED,True,,,wholesale matching,PHRASE
23805046526,DLM_US_SEARCH_BRAND_PROTECT_PAUSED_20260429,ENABLED,KEYWORD,ENABLED,True,,,bulk matching,PHRASE
23805046526,DLM_US_SEARCH_BRAND_PROTECT_PAUSED_20260429,ENABLED,KEYWORD,ENABLED,True,,,diy mommy and me,PHRASE
23805046526,DLM_US_SEARCH_BRAND_PROTECT_PAUSED_20260429,ENABLED,KEYWORD,ENABLED,True,,,knit matching,PHRASE
23805046526,DLM_US_SEARCH_BRAND_PROTECT_PAUSED_20260429,ENABLED,KEYWORD,ENABLED,True,,,outfit ideas only,PHRASE
23805046526,DLM_US_SEARCH_BRAND_PROTECT_PAUSED_20260429,ENABLED,KEYWORD,ENABLED,True,,,matching shoes only,PHRASE
23805046526,DLM_US_SEARCH_BRAND_PROTECT_PAUSED_20260429,ENABLED,KEYWORD,ENABLED,True,,,matching hat only,PHRASE
23805046526,DLM_US_SEARCH_BRAND_PROTECT_PAUSED_20260429,ENABLED,KEYWORD,ENABLED,True,,,matching socks only,PHRASE
23805046526,DLM_US_SEARCH_BRAND_PROTECT_PAUSED_20260429,ENABLED,KEYWORD,ENABLED,True,,,matching pajamas baby doll,PHRASE
23805046526,DLM_US_SEARCH_BRAND_PROTECT_PAUSED_20260429,ENABLED,KEYWORD,ENABLED,True,,,prom matching,PHRASE
23805046526,DLM_US_SEARCH_BRAND_PROTECT_PAUSED_20260429,ENABLED,KEYWORD,ENABLED,True,,,graduation matching,PHRASE
23805046526,DLM_US_SEARCH_BRAND_PROTECT_PAUSED_20260429,ENABLED,KEYWORD,ENABLED,True,,,uniform matching,PHRASE
23805046526,DLM_US_SEARCH_BRAND_PROTECT_PAUSED_20260429,ENABLED,KEYWORD,ENABLED,True,,,what are matching outfits,PHRASE
23805046526,DLM_US_SEARCH_BRAND_PROTECT_PAUSED_20260429,ENABLED,KEYWORD,ENABLED,True,,,history of matching,PHRASE
23805046526,DLM_US_SEARCH_BRAND_PROTECT_PAUSED_20260429,ENABLED,KEYWORD,ENABLED,True,,,matching ideas,PHRASE
23805046526,DLM_US_SEARCH_BRAND_PROTECT_PAUSED_20260429,ENABLED,KEYWORD,ENABLED,True,,,instagram matching,PHRASE
23805046526,DLM_US_SEARCH_BRAND_PROTECT_PAUSED_20260429,ENABLED,KEYWORD,ENABLED,True,,,resell matching,PHRASE
23805046526,DLM_US_SEARCH_BRAND_PROTECT_PAUSED_20260429,ENABLED,KEYWORD,ENABLED,True,,,second hand matching,PHRASE
23805046526,DLM_US_SEARCH_BRAND_PROTECT_PAUSED_20260429,ENABLED,KEYWORD,ENABLED,True,,,thrift matching,PHRASE
23805046526,DLM_US_SEARCH_BRAND_PROTECT_PAUSED_20260429,ENABLED,KEYWORD,ENABLED,True,,,consignment matching,PHRASE
23805046526,DLM_US_SEARCH_BRAND_PROTECT_PAUSED_20260429,ENABLED,KEYWORD,ENABLED,True,,,cheapest matching,PHRASE
23805046526,DLM_US_SEARCH_BRAND_PROTECT_PAUSED_20260429,ENABLED,KEYWORD,ENABLED,True,,,matching hats only,PHRASE
23805046526,DLM_US_SEARCH_BRAND_PROTECT_PAUSED_20260429,ENABLED,KEYWORD,ENABLED,True,,,boudoir matching,PHRASE
23805046526,DLM_US_SEARCH_BRAND_PROTECT_PAUSED_20260429,ENABLED,KEYWORD,ENABLED,True,,,clubwear matching,PHRASE
23805046526,DLM_US_SEARCH_BRAND_PROTECT_PAUSED_20260429,ENABLED,KEYWORD,ENABLED,True,,,clothing brand job,PHRASE
23805046526,DLM_US_SEARCH_BRAND_PROTECT_PAUSED_20260429,ENABLED,LANGUAGE,ENABLED,False,,languageConstants/1000,,UNSPECIFIED
23805046526,DLM_US_SEARCH_BRAND_PROTECT_PAUSED_20260429,ENABLED,LOCATION,ENABLED,False,geoTargetConstants/2840,,,UNSPECIFIED
23805046526,DLM_US_SEARCH_BRAND_PROTECT_PAUSED_20260429,ENABLED,DEVICE,ENABLED,False,,,,UNSPECIFIED
23805046526,DLM_US_SEARCH_BRAND_PROTECT_PAUSED_20260429,ENABLED,DEVICE,ENABLED,False,,,,UNSPECIFIED
23805046526,DLM_US_SEARCH_BRAND_PROTECT_PAUSED_20260429,ENABLED,DEVICE,ENABLED,False,,,,UNSPECIFIED
23866096027,DLM_US_SEARCH_EXACT_020_TEST_20260519,ENABLED,KEYWORD,ENABLED,True,,,local,BROAD
23866096027,DLM_US_SEARCH_EXACT_020_TEST_20260519,ENABLED,KEYWORD,ENABLED,True,,,doll,BROAD
23866096027,DLM_US_SEARCH_EXACT_020_TEST_20260519,ENABLED,KEYWORD,ENABLED,True,,,free,BROAD
23866096027,DLM_US_SEARCH_EXACT_020_TEST_20260519,ENABLED,KEYWORD,ENABLED,True,,,used,BROAD
23866096027,DLM_US_SEARCH_EXACT_020_TEST_20260519,ENABLED,KEYWORD,ENABLED,True,,,tutorial,BROAD
23866096027,DLM_US_SEARCH_EXACT_020_TEST_20260519,ENABLED,KEYWORD,ENABLED,True,,,bulk,BROAD
23866096027,DLM_US_SEARCH_EXACT_020_TEST_20260519,ENABLED,KEYWORD,ENABLED,True,,,wholesale,BROAD
23866096027,DLM_US_SEARCH_EXACT_020_TEST_20260519,ENABLED,KEYWORD,ENABLED,True,,,wallpaper,BROAD
23866096027,DLM_US_SEARCH_EXACT_020_TEST_20260519,ENABLED,KEYWORD,ENABLED,True,,,clipart,BROAD
23866096027,DLM_US_SEARCH_EXACT_020_TEST_20260519,ENABLED,KEYWORD,ENABLED,True,,,template,BROAD
23866096027,DLM_US_SEARCH_EXACT_020_TEST_20260519,ENABLED,KEYWORD,ENABLED,True,,,toy,BROAD
23866096027,DLM_US_SEARCH_EXACT_020_TEST_20260519,ENABLED,KEYWORD,ENABLED,True,,,barbie,BROAD
23866096027,DLM_US_SEARCH_EXACT_020_TEST_20260519,ENABLED,KEYWORD,ENABLED,True,,,tracking,BROAD
23866096027,DLM_US_SEARCH_EXACT_020_TEST_20260519,ENABLED,KEYWORD,ENABLED,True,,,costume,BROAD
23866096027,DLM_US_SEARCH_EXACT_020_TEST_20260519,ENABLED,KEYWORD,ENABLED,True,,,printable,BROAD
23866096027,DLM_US_SEARCH_EXACT_020_TEST_20260519,ENABLED,KEYWORD,ENABLED,True,,,walmart,BROAD
23866096027,DLM_US_SEARCH_EXACT_020_TEST_20260519,ENABLED,KEYWORD,ENABLED,True,,,target,BROAD
23866096027,DLM_US_SEARCH_EXACT_020_TEST_20260519,ENABLED,KEYWORD,ENABLED,True,,,diy,BROAD
23866096027,DLM_US_SEARCH_EXACT_020_TEST_20260519,ENABLED,KEYWORD,ENABLED,True,,,sewing,BROAD
23866096027,DLM_US_SEARCH_EXACT_020_TEST_20260519,ENABLED,KEYWORD,ENABLED,True,,,pattern,BROAD
23866096027,DLM_US_SEARCH_EXACT_020_TEST_20260519,ENABLED,KEYWORD,ENABLED,True,,,pdf,BROAD
23866096027,DLM_US_SEARCH_EXACT_020_TEST_20260519,ENABLED,KEYWORD,ENABLED,True,,,coupon,BROAD
23866096027,DLM_US_SEARCH_EXACT_020_TEST_20260519,ENABLED,KEYWORD,ENABLED,True,,,amazon,BROAD
23866096027,DLM_US_SEARCH_EXACT_020_TEST_20260519,ENABLED,KEYWORD,ENABLED,True,,,refund,BROAD
23866096027,DLM_US_SEARCH_EXACT_020_TEST_20260519,ENABLED,KEYWORD,ENABLED,True,,,cosplay,BROAD
23866096027,DLM_US_SEARCH_EXACT_020_TEST_20260519,ENABLED,KEYWORD,ENABLED,True,,,promo code,PHRASE
23866096027,DLM_US_SEARCH_EXACT_020_TEST_20260519,ENABLED,KEYWORD,ENABLED,True,,,second hand,PHRASE
23866096027,DLM_US_SEARCH_EXACT_020_TEST_20260519,ENABLED,KEYWORD,ENABLED,True,,,discount code,PHRASE
23866096027,DLM_US_SEARCH_EXACT_020_TEST_20260519,ENABLED,KEYWORD,ENABLED,True,,,return policy,PHRASE
23866096027,DLM_US_SEARCH_EXACT_020_TEST_20260519,ENABLED,KEYWORD,ENABLED,True,,,shein,BROAD
23866096027,DLM_US_SEARCH_EXACT_020_TEST_20260519,ENABLED,KEYWORD,ENABLED,True,,,near me,PHRASE
23866096027,DLM_US_SEARCH_EXACT_020_TEST_20260519,ENABLED,KEYWORD,ENABLED,True,,,track order,PHRASE
23866096027,DLM_US_SEARCH_EXACT_020_TEST_20260519,ENABLED,KEYWORD,ENABLED,True,,,temu,BROAD
23866096027,DLM_US_SEARCH_EXACT_020_TEST_20260519,ENABLED,KEYWORD,ENABLED,True,,,dress like mommy,PHRASE
23866096027,DLM_US_SEARCH_EXACT_020_TEST_20260519,ENABLED,KEYWORD,ENABLED,True,,,dresslikemommy,PHRASE
23866096027,DLM_US_SEARCH_EXACT_020_TEST_20260519,ENABLED,LANGUAGE,ENABLED,False,,languageConstants/1000,,UNSPECIFIED
23866096027,DLM_US_SEARCH_EXACT_020_TEST_20260519,ENABLED,LOCATION,ENABLED,False,geoTargetConstants/2840,,,UNSPECIFIED
23866096027,DLM_US_SEARCH_EXACT_020_TEST_20260519,ENABLED,DEVICE,ENABLED,False,,,,UNSPECIFIED
23866096027,DLM_US_SEARCH_EXACT_020_TEST_20260519,ENABLED,DEVICE,ENABLED,False,,,,UNSPECIFIED
23866096027,DLM_US_SEARCH_EXACT_020_TEST_20260519,ENABLED,DEVICE,ENABLED,False,,,,UNSPECIFIED
23827590655,DLM_US_SEARCH_NONBRAND_EXACT_PHRASE_PAUSED_20260506,ENABLED,KEYWORD,ENABLED,True,,,doll,BROAD
23827590655,DLM_US_SEARCH_NONBRAND_EXACT_PHRASE_PAUSED_20260506,ENABLED,KEYWORD,ENABLED,True,,,free,BROAD
23827590655,DLM_US_SEARCH_NONBRAND_EXACT_PHRASE_PAUSED_20260506,ENABLED,KEYWORD,ENABLED,True,,,used,BROAD
23827590655,DLM_US_SEARCH_NONBRAND_EXACT_PHRASE_PAUSED_20260506,ENABLED,KEYWORD,ENABLED,True,,,tutorial,BROAD
23827590655,DLM_US_SEARCH_NONBRAND_EXACT_PHRASE_PAUSED_20260506,ENABLED,KEYWORD,ENABLED,True,,,rental,BROAD
23827590655,DLM_US_SEARCH_NONBRAND_EXACT_PHRASE_PAUSED_20260506,ENABLED,KEYWORD,ENABLED,True,,,bulk,BROAD
23827590655,DLM_US_SEARCH_NONBRAND_EXACT_PHRASE_PAUSED_20260506,ENABLED,KEYWORD,ENABLED,True,,,wholesale,BROAD
23827590655,DLM_US_SEARCH_NONBRAND_EXACT_PHRASE_PAUSED_20260506,ENABLED,KEYWORD,ENABLED,True,,,sexy,BROAD
23827590655,DLM_US_SEARCH_NONBRAND_EXACT_PHRASE_PAUSED_20260506,ENABLED,KEYWORD,ENABLED,True,,,clipart,BROAD
23827590655,DLM_US_SEARCH_NONBRAND_EXACT_PHRASE_PAUSED_20260506,ENABLED,KEYWORD,ENABLED,True,,,template,BROAD
23827590655,DLM_US_SEARCH_NONBRAND_EXACT_PHRASE_PAUSED_20260506,ENABLED,KEYWORD,ENABLED,True,,,costume,BROAD
23827590655,DLM_US_SEARCH_NONBRAND_EXACT_PHRASE_PAUSED_20260506,ENABLED,KEYWORD,ENABLED,True,,,secondhand,BROAD
23827590655,DLM_US_SEARCH_NONBRAND_EXACT_PHRASE_PAUSED_20260506,ENABLED,KEYWORD,ENABLED,True,,,fabric,BROAD
23827590655,DLM_US_SEARCH_NONBRAND_EXACT_PHRASE_PAUSED_20260506,ENABLED,KEYWORD,ENABLED,True,,,crochet,BROAD
23827590655,DLM_US_SEARCH_NONBRAND_EXACT_PHRASE_PAUSED_20260506,ENABLED,KEYWORD,ENABLED,True,,,knitting,BROAD
23827590655,DLM_US_SEARCH_NONBRAND_EXACT_PHRASE_PAUSED_20260506,ENABLED,KEYWORD,ENABLED,True,,,diy,BROAD
23827590655,DLM_US_SEARCH_NONBRAND_EXACT_PHRASE_PAUSED_20260506,ENABLED,KEYWORD,ENABLED,True,,,sew,BROAD
23827590655,DLM_US_SEARCH_NONBRAND_EXACT_PHRASE_PAUSED_20260506,ENABLED,KEYWORD,ENABLED,True,,,sewing,BROAD
23827590655,DLM_US_SEARCH_NONBRAND_EXACT_PHRASE_PAUSED_20260506,ENABLED,KEYWORD,ENABLED,True,,,pattern,BROAD
23827590655,DLM_US_SEARCH_NONBRAND_EXACT_PHRASE_PAUSED_20260506,ENABLED,KEYWORD,ENABLED,True,,,pdf,BROAD
23827590655,DLM_US_SEARCH_NONBRAND_EXACT_PHRASE_PAUSED_20260506,ENABLED,KEYWORD,ENABLED,True,,,patterns,BROAD
23827590655,DLM_US_SEARCH_NONBRAND_EXACT_PHRASE_PAUSED_20260506,ENABLED,KEYWORD,ENABLED,True,,,maternity,BROAD
23827590655,DLM_US_SEARCH_NONBRAND_EXACT_PHRASE_PAUSED_20260506,ENABLED,KEYWORD,ENABLED,True,,,amazon,EXACT
23827590655,DLM_US_SEARCH_NONBRAND_EXACT_PHRASE_PAUSED_20260506,ENABLED,KEYWORD,ENABLED,True,,,walmart,EXACT
23827590655,DLM_US_SEARCH_NONBRAND_EXACT_PHRASE_PAUSED_20260506,ENABLED,KEYWORD,ENABLED,True,,,adult costume,PHRASE
23827590655,DLM_US_SEARCH_NONBRAND_EXACT_PHRASE_PAUSED_20260506,ENABLED,KEYWORD,ENABLED,True,,,alibaba,EXACT
23827590655,DLM_US_SEARCH_NONBRAND_EXACT_PHRASE_PAUSED_20260506,ENABLED,KEYWORD,ENABLED,True,,,target,EXACT
23827590655,DLM_US_SEARCH_NONBRAND_EXACT_PHRASE_PAUSED_20260506,ENABLED,KEYWORD,ENABLED,True,,,second hand,PHRASE
23827590655,DLM_US_SEARCH_NONBRAND_EXACT_PHRASE_PAUSED_20260506,ENABLED,KEYWORD,ENABLED,True,,,sims,EXACT
23827590655,DLM_US_SEARCH_NONBRAND_EXACT_PHRASE_PAUSED_20260506,ENABLED,KEYWORD,ENABLED,True,,,how to sew,PHRASE
23827590655,DLM_US_SEARCH_NONBRAND_EXACT_PHRASE_PAUSED_20260506,ENABLED,KEYWORD,ENABLED,True,,,sewing pattern,PHRASE
23827590655,DLM_US_SEARCH_NONBRAND_EXACT_PHRASE_PAUSED_20260506,ENABLED,KEYWORD,ENABLED,True,,,coloring page,PHRASE
23827590655,DLM_US_SEARCH_NONBRAND_EXACT_PHRASE_PAUSED_20260506,ENABLED,KEYWORD,ENABLED,True,,,shein,EXACT
23827590655,DLM_US_SEARCH_NONBRAND_EXACT_PHRASE_PAUSED_20260506,ENABLED,KEYWORD,ENABLED,True,,,temu,EXACT
23827590655,DLM_US_SEARCH_NONBRAND_EXACT_PHRASE_PAUSED_20260506,ENABLED,KEYWORD,ENABLED,True,,,roblox,EXACT
23827590655,DLM_US_SEARCH_NONBRAND_EXACT_PHRASE_PAUSED_20260506,ENABLED,KEYWORD,ENABLED,True,,,aliexpress,EXACT
23827590655,DLM_US_SEARCH_NONBRAND_EXACT_PHRASE_PAUSED_20260506,ENABLED,KEYWORD,ENABLED,True,,,1688,EXACT
23827590655,DLM_US_SEARCH_NONBRAND_EXACT_PHRASE_PAUSED_20260506,ENABLED,LANGUAGE,ENABLED,False,,languageConstants/1000,,UNSPECIFIED
23827590655,DLM_US_SEARCH_NONBRAND_EXACT_PHRASE_PAUSED_20260506,ENABLED,LOCATION,ENABLED,False,geoTargetConstants/2840,,,UNSPECIFIED
23827590655,DLM_US_SEARCH_NONBRAND_EXACT_PHRASE_PAUSED_20260506,ENABLED,DEVICE,ENABLED,False,,,,UNSPECIFIED
23827590655,DLM_US_SEARCH_NONBRAND_EXACT_PHRASE_PAUSED_20260506,ENABLED,DEVICE,ENABLED,False,,,,UNSPECIFIED
23827590655,DLM_US_SEARCH_NONBRAND_EXACT_PHRASE_PAUSED_20260506,ENABLED,DEVICE,ENABLED,False,,,,UNSPECIFIED
23802638621,DLM_US_STANDARD_SHOPPING_TEST_PAID_READY,ENABLED,KEYWORD,ENABLED,True,,,white label,PHRASE
23802638621,DLM_US_STANDARD_SHOPPING_TEST_PAID_READY,ENABLED,KEYWORD,ENABLED,True,,,costumes,EXACT
23802638621,DLM_US_STANDARD_SHOPPING_TEST_PAID_READY,ENABLED,KEYWORD,ENABLED,True,,,embroidery design,PHRASE
23802638621,DLM_US_STANDARD_SHOPPING_TEST_PAID_READY,ENABLED,KEYWORD,ENABLED,True,,,reseller,EXACT
23802638621,DLM_US_STANDARD_SHOPPING_TEST_PAID_READY,ENABLED,KEYWORD,ENABLED,True,,,free,EXACT
23802638621,DLM_US_STANDARD_SHOPPING_TEST_PAID_READY,ENABLED,KEYWORD,ENABLED,True,,,retail job,PHRASE
23802638621,DLM_US_STANDARD_SHOPPING_TEST_PAID_READY,ENABLED,KEYWORD,ENABLED,True,,,work from home,PHRASE
23802638621,DLM_US_STANDARD_SHOPPING_TEST_PAID_READY,ENABLED,KEYWORD,ENABLED,True,,,amazon,EXACT
23802638621,DLM_US_STANDARD_SHOPPING_TEST_PAID_READY,ENABLED,KEYWORD,ENABLED,True,,,careers,EXACT
23802638621,DLM_US_STANDARD_SHOPPING_TEST_PAID_READY,ENABLED,KEYWORD,ENABLED,True,,,ebay,EXACT
23802638621,DLM_US_STANDARD_SHOPPING_TEST_PAID_READY,ENABLED,KEYWORD,ENABLED,True,,,same day delivery,PHRASE
23802638621,DLM_US_STANDARD_SHOPPING_TEST_PAID_READY,ENABLED,KEYWORD,ENABLED,True,,,reviews,EXACT
23802638621,DLM_US_STANDARD_SHOPPING_TEST_PAID_READY,ENABLED,KEYWORD,ENABLED,True,,,cheap,EXACT
23802638621,DLM_US_STANDARD_SHOPPING_TEST_PAID_READY,ENABLED,KEYWORD,ENABLED,True,,,used,EXACT
23802638621,DLM_US_STANDARD_SHOPPING_TEST_PAID_READY,ENABLED,KEYWORD,ENABLED,True,,,manufacturer,EXACT
23802638621,DLM_US_STANDARD_SHOPPING_TEST_PAID_READY,ENABLED,KEYWORD,ENABLED,True,,,boden,EXACT
23802638621,DLM_US_STANDARD_SHOPPING_TEST_PAID_READY,ENABLED,KEYWORD,ENABLED,True,,,hiring,EXACT
23802638621,DLM_US_STANDARD_SHOPPING_TEST_PAID_READY,ENABLED,KEYWORD,ENABLED,True,,,donation,EXACT
23802638621,DLM_US_STANDARD_SHOPPING_TEST_PAID_READY,ENABLED,KEYWORD,ENABLED,True,,,private label,PHRASE
23802638621,DLM_US_STANDARD_SHOPPING_TEST_PAID_READY,ENABLED,KEYWORD,ENABLED,True,,,article,EXACT
23802638621,DLM_US_STANDARD_SHOPPING_TEST_PAID_READY,ENABLED,KEYWORD,ENABLED,True,,,gap,EXACT
23802638621,DLM_US_STANDARD_SHOPPING_TEST_PAID_READY,ENABLED,KEYWORD,ENABLED,True,,,nordstrom,EXACT
23802638621,DLM_US_STANDARD_SHOPPING_TEST_PAID_READY,ENABLED,KEYWORD,ENABLED,True,,,discount,EXACT
23802638621,DLM_US_STANDARD_SHOPPING_TEST_PAID_READY,ENABLED,KEYWORD,ENABLED,True,,,pickup,EXACT
23802638621,DLM_US_STANDARD_SHOPPING_TEST_PAID_READY,ENABLED,KEYWORD,ENABLED,True,,,giveaway,EXACT
23802638621,DLM_US_STANDARD_SHOPPING_TEST_PAID_READY,ENABLED,KEYWORD,ENABLED,True,,,macys,EXACT
23802638621,DLM_US_STANDARD_SHOPPING_TEST_PAID_READY,ENABLED,KEYWORD,ENABLED,True,,,walmart,EXACT
23802638621,DLM_US_STANDARD_SHOPPING_TEST_PAID_READY,ENABLED,KEYWORD,ENABLED,True,,,tips,EXACT
23802638621,DLM_US_STANDARD_SHOPPING_TEST_PAID_READY,ENABLED,KEYWORD,ENABLED,True,,,review,EXACT
23802638621,DLM_US_STANDARD_SHOPPING_TEST_PAID_READY,ENABLED,KEYWORD,ENABLED,True,,,goodwill,EXACT
23802638621,DLM_US_STANDARD_SHOPPING_TEST_PAID_READY,ENABLED,KEYWORD,ENABLED,True,,,halloween costume,PHRASE
23802638621,DLM_US_STANDARD_SHOPPING_TEST_PAID_READY,ENABLED,KEYWORD,ENABLED,True,,,adult costume,PHRASE
23802638621,DLM_US_STANDARD_SHOPPING_TEST_PAID_READY,ENABLED,KEYWORD,ENABLED,True,,,alibaba,EXACT
23802638621,DLM_US_STANDARD_SHOPPING_TEST_PAID_READY,ENABLED,KEYWORD,ENABLED,True,,,barbie,EXACT
23802638621,DLM_US_STANDARD_SHOPPING_TEST_PAID_READY,ENABLED,KEYWORD,ENABLED,True,,,sewing,EXACT
23802638621,DLM_US_STANDARD_SHOPPING_TEST_PAID_READY,ENABLED,KEYWORD,ENABLED,True,,,gymboree,EXACT
23802638621,DLM_US_STANDARD_SHOPPING_TEST_PAID_READY,ENABLED,KEYWORD,ENABLED,True,,,bridesmaid,EXACT
23802638621,DLM_US_STANDARD_SHOPPING_TEST_PAID_READY,ENABLED,KEYWORD,ENABLED,True,,,costume,EXACT
23802638621,DLM_US_STANDARD_SHOPPING_TEST_PAID_READY,ENABLED,KEYWORD,ENABLED,True,,,crochet,EXACT
23802638621,DLM_US_STANDARD_SHOPPING_TEST_PAID_READY,ENABLED,KEYWORD,ENABLED,True,,,wholesale,EXACT
23802638621,DLM_US_STANDARD_SHOPPING_TEST_PAID_READY,ENABLED,KEYWORD,ENABLED,True,,,knitting,EXACT
23802638621,DLM_US_STANDARD_SHOPPING_TEST_PAID_READY,ENABLED,KEYWORD,ENABLED,True,,,forum,EXACT
23802638621,DLM_US_STANDARD_SHOPPING_TEST_PAID_READY,ENABLED,KEYWORD,ENABLED,True,,,knitting pattern,PHRASE
23802638621,DLM_US_STANDARD_SHOPPING_TEST_PAID_READY,ENABLED,KEYWORD,ENABLED,True,,,crochet pattern,PHRASE
23802638621,DLM_US_STANDARD_SHOPPING_TEST_PAID_READY,ENABLED,KEYWORD,ENABLED,True,,,embroidery,EXACT
23802638621,DLM_US_STANDARD_SHOPPING_TEST_PAID_READY,ENABLED,KEYWORD,ENABLED,True,,,promo code,PHRASE
23802638621,DLM_US_STANDARD_SHOPPING_TEST_PAID_READY,ENABLED,KEYWORD,ENABLED,True,,,supplier,EXACT
23802638621,DLM_US_STANDARD_SHOPPING_TEST_PAID_READY,ENABLED,KEYWORD,ENABLED,True,,,kohls,EXACT
23802638621,DLM_US_STANDARD_SHOPPING_TEST_PAID_READY,ENABLED,KEYWORD,ENABLED,True,,,target,EXACT
23802638621,DLM_US_STANDARD_SHOPPING_TEST_PAID_READY,ENABLED,KEYWORD,ENABLED,True,,,how to make,PHRASE
23802638621,DLM_US_STANDARD_SHOPPING_TEST_PAID_READY,ENABLED,KEYWORD,ENABLED,True,,,carters,EXACT
23802638621,DLM_US_STANDARD_SHOPPING_TEST_PAID_READY,ENABLED,KEYWORD,ENABLED,True,,,scam,PHRASE
23802638621,DLM_US_STANDARD_SHOPPING_TEST_PAID_READY,ENABLED,KEYWORD,ENABLED,True,,,coupon,PHRASE
23802638621,DLM_US_STANDARD_SHOPPING_TEST_PAID_READY,ENABLED,KEYWORD,ENABLED,True,,,american girl,PHRASE
23802638621,DLM_US_STANDARD_SHOPPING_TEST_PAID_READY,ENABLED,KEYWORD,ENABLED,True,,,prom,EXACT
23802638621,DLM_US_STANDARD_SHOPPING_TEST_PAID_READY,ENABLED,KEYWORD,ENABLED,True,,,blog,EXACT
23802638621,DLM_US_STANDARD_SHOPPING_TEST_PAID_READY,ENABLED,KEYWORD,ENABLED,True,,,better business bureau,PHRASE
23802638621,DLM_US_STANDARD_SHOPPING_TEST_PAID_READY,ENABLED,KEYWORD,ENABLED,True,,,distributor,EXACT
23802638621,DLM_US_STANDARD_SHOPPING_TEST_PAID_READY,ENABLED,KEYWORD,ENABLED,True,,,free sample,PHRASE
23802638621,DLM_US_STANDARD_SHOPPING_TEST_PAID_READY,ENABLED,KEYWORD,ENABLED,True,,,drop ship,PHRASE
23802638621,DLM_US_STANDARD_SHOPPING_TEST_PAID_READY,ENABLED,KEYWORD,ENABLED,True,,,dropshipping,EXACT
23802638621,DLM_US_STANDARD_SHOPPING_TEST_PAID_READY,ENABLED,KEYWORD,ENABLED,True,,,store locator,PHRASE
23802638621,DLM_US_STANDARD_SHOPPING_TEST_PAID_READY,ENABLED,KEYWORD,ENABLED,True,,,fabric store,PHRASE
23802638621,DLM_US_STANDARD_SHOPPING_TEST_PAID_READY,ENABLED,KEYWORD,ENABLED,True,,,sexy costume,PHRASE
23802638621,DLM_US_STANDARD_SHOPPING_TEST_PAID_READY,ENABLED,KEYWORD,ENABLED,True,,,second hand,PHRASE
23802638621,DLM_US_STANDARD_SHOPPING_TEST_PAID_READY,ENABLED,KEYWORD,ENABLED,True,,,formal wear,PHRASE
23802638621,DLM_US_STANDARD_SHOPPING_TEST_PAID_READY,ENABLED,KEYWORD,ENABLED,True,,,discount code,PHRASE
23802638621,DLM_US_STANDARD_SHOPPING_TEST_PAID_READY,ENABLED,KEYWORD,ENABLED,True,,,dropship,EXACT
23802638621,DLM_US_STANDARD_SHOPPING_TEST_PAID_READY,ENABLED,KEYWORD,ENABLED,True,,,craft project,PHRASE
23802638621,DLM_US_STANDARD_SHOPPING_TEST_PAID_READY,ENABLED,KEYWORD,ENABLED,True,,,meaning of,PHRASE
23802638621,DLM_US_STANDARD_SHOPPING_TEST_PAID_READY,ENABLED,KEYWORD,ENABLED,True,,,coupon code,PHRASE
23802638621,DLM_US_STANDARD_SHOPPING_TEST_PAID_READY,ENABLED,KEYWORD,ENABLED,True,,,evening gown,PHRASE
23802638621,DLM_US_STANDARD_SHOPPING_TEST_PAID_READY,ENABLED,KEYWORD,ENABLED,True,,,quilting,PHRASE
23802638621,DLM_US_STANDARD_SHOPPING_TEST_PAID_READY,ENABLED,KEYWORD,ENABLED,True,,,promo,EXACT
23802638621,DLM_US_STANDARD_SHOPPING_TEST_PAID_READY,ENABLED,KEYWORD,ENABLED,True,,,walk in,PHRASE
23802638621,DLM_US_STANDARD_SHOPPING_TEST_PAID_READY,ENABLED,KEYWORD,ENABLED,True,,,definition of,PHRASE
23802638621,DLM_US_STANDARD_SHOPPING_TEST_PAID_READY,ENABLED,KEYWORD,ENABLED,True,,,wholesale clothing,PHRASE
23802638621,DLM_US_STANDARD_SHOPPING_TEST_PAID_READY,ENABLED,KEYWORD,ENABLED,True,,,sewing patterns,PHRASE
23802638621,DLM_US_STANDARD_SHOPPING_TEST_PAID_READY,ENABLED,KEYWORD,ENABLED,True,,,dollar store,PHRASE
23802638621,DLM_US_STANDARD_SHOPPING_TEST_PAID_READY,ENABLED,KEYWORD,ENABLED,True,,,thrift store,PHRASE
23802638621,DLM_US_STANDARD_SHOPPING_TEST_PAID_READY,ENABLED,KEYWORD,ENABLED,True,,,simplicity pattern,PHRASE
23802638621,DLM_US_STANDARD_SHOPPING_TEST_PAID_READY,ENABLED,KEYWORD,ENABLED,True,,,zara,EXACT
23802638621,DLM_US_STANDARD_SHOPPING_TEST_PAID_READY,ENABLED,KEYWORD,ENABLED,True,,,hospital gown,PHRASE
23802638621,DLM_US_STANDARD_SHOPPING_TEST_PAID_READY,ENABLED,KEYWORD,ENABLED,True,,,how to sew,PHRASE
23802638621,DLM_US_STANDARD_SHOPPING_TEST_PAID_READY,ENABLED,KEYWORD,ENABLED,True,,,sewing pattern,PHRASE
23802638621,DLM_US_STANDARD_SHOPPING_TEST_PAID_READY,ENABLED,KEYWORD,ENABLED,True,,,vendor,EXACT
23802638621,DLM_US_STANDARD_SHOPPING_TEST_PAID_READY,ENABLED,KEYWORD,ENABLED,True,,,complaint,PHRASE
23802638621,DLM_US_STANDARD_SHOPPING_TEST_PAID_READY,ENABLED,KEYWORD,ENABLED,True,,,modeling job,PHRASE
23802638621,DLM_US_STANDARD_SHOPPING_TEST_PAID_READY,ENABLED,KEYWORD,ENABLED,True,,,primary,EXACT
23802638621,DLM_US_STANDARD_SHOPPING_TEST_PAID_READY,ENABLED,KEYWORD,ENABLED,True,,,dress pattern,PHRASE
23802638621,DLM_US_STANDARD_SHOPPING_TEST_PAID_READY,ENABLED,KEYWORD,ENABLED,True,,,fashion tips,PHRASE
23802638621,DLM_US_STANDARD_SHOPPING_TEST_PAID_READY,ENABLED,KEYWORD,ENABLED,True,,,consignment,EXACT
23802638621,DLM_US_STANDARD_SHOPPING_TEST_PAID_READY,ENABLED,KEYWORD,ENABLED,True,,,fabric wholesale,PHRASE
23802638621,DLM_US_STANDARD_SHOPPING_TEST_PAID_READY,ENABLED,KEYWORD,ENABLED,True,,,quilt pattern,PHRASE
23802638621,DLM_US_STANDARD_SHOPPING_TEST_PAID_READY,ENABLED,KEYWORD,ENABLED,True,,,wish,EXACT
23802638621,DLM_US_STANDARD_SHOPPING_TEST_PAID_READY,ENABLED,KEYWORD,ENABLED,True,,,return policy,PHRASE
23802638621,DLM_US_STANDARD_SHOPPING_TEST_PAID_READY,ENABLED,KEYWORD,ENABLED,True,,,reviews,PHRASE
23802638621,DLM_US_STANDARD_SHOPPING_TEST_PAID_READY,ENABLED,KEYWORD,ENABLED,True,,,review,PHRASE
23802638621,DLM_US_STANDARD_SHOPPING_TEST_PAID_READY,ENABLED,KEYWORD,ENABLED,True,,,mini boden,PHRASE
23802638621,DLM_US_STANDARD_SHOPPING_TEST_PAID_READY,ENABLED,KEYWORD,ENABLED,True,,,thrift,EXACT
23802638621,DLM_US_STANDARD_SHOPPING_TEST_PAID_READY,ENABLED,KEYWORD,ENABLED,True,,,ball gown,PHRASE
23802638621,DLM_US_STANDARD_SHOPPING_TEST_PAID_READY,ENABLED,KEYWORD,ENABLED,True,,,cosplay,EXACT
23802638621,DLM_US_STANDARD_SHOPPING_TEST_PAID_READY,ENABLED,KEYWORD,ENABLED,True,,,doll clothes,PHRASE
23802638621,DLM_US_STANDARD_SHOPPING_TEST_PAID_READY,ENABLED,KEYWORD,ENABLED,True,,,local store,PHRASE
23802638621,DLM_US_STANDARD_SHOPPING_TEST_PAID_READY,ENABLED,KEYWORD,ENABLED,True,,,american girl doll,PHRASE
23802638621,DLM_US_STANDARD_SHOPPING_TEST_PAID_READY,ENABLED,KEYWORD,ENABLED,True,,,photo ideas,PHRASE
23802638621,DLM_US_STANDARD_SHOPPING_TEST_PAID_READY,ENABLED,KEYWORD,ENABLED,True,,,janie,EXACT
23802638621,DLM_US_STANDARD_SHOPPING_TEST_PAID_READY,ENABLED,KEYWORD,ENABLED,True,,,embroidery pattern,PHRASE
23802638621,DLM_US_STANDARD_SHOPPING_TEST_PAID_READY,ENABLED,KEYWORD,ENABLED,True,,,dog outfit,PHRASE
23802638621,DLM_US_STANDARD_SHOPPING_TEST_PAID_READY,ENABLED,KEYWORD,ENABLED,True,,,under $10,PHRASE
23802638621,DLM_US_STANDARD_SHOPPING_TEST_PAID_READY,ENABLED,KEYWORD,ENABLED,True,,,in store,PHRASE
23802638621,DLM_US_STANDARD_SHOPPING_TEST_PAID_READY,ENABLED,KEYWORD,ENABLED,True,,,janie and jack,PHRASE
23802638621,DLM_US_STANDARD_SHOPPING_TEST_PAID_READY,ENABLED,KEYWORD,ENABLED,True,,,under $5,PHRASE
23802638621,DLM_US_STANDARD_SHOPPING_TEST_PAID_READY,ENABLED,KEYWORD,ENABLED,True,,,doll dress,PHRASE
23802638621,DLM_US_STANDARD_SHOPPING_TEST_PAID_READY,ENABLED,KEYWORD,ENABLED,True,,,bulk buy,PHRASE
23802638621,DLM_US_STANDARD_SHOPPING_TEST_PAID_READY,ENABLED,KEYWORD,ENABLED,True,,,free clothes,PHRASE
23802638621,DLM_US_STANDARD_SHOPPING_TEST_PAID_READY,ENABLED,KEYWORD,ENABLED,True,,,clothing supplier,PHRASE
23802638621,DLM_US_STANDARD_SHOPPING_TEST_PAID_READY,ENABLED,KEYWORD,ENABLED,True,,,fashion internship,PHRASE
23802638621,DLM_US_STANDARD_SHOPPING_TEST_PAID_READY,ENABLED,KEYWORD,ENABLED,True,,,the children's place,PHRASE
23802638621,DLM_US_STANDARD_SHOPPING_TEST_PAID_READY,ENABLED,KEYWORD,ENABLED,True,,,near me,PHRASE
23802638621,DLM_US_STANDARD_SHOPPING_TEST_PAID_READY,ENABLED,KEYWORD,ENABLED,True,,,doll outfit,PHRASE
23802638621,DLM_US_STANDARD_SHOPPING_TEST_PAID_READY,ENABLED,KEYWORD,ENABLED,True,,,fabric for,PHRASE
23802638621,DLM_US_STANDARD_SHOPPING_TEST_PAID_READY,ENABLED,KEYWORD,ENABLED,True,,,cat outfit,PHRASE
23802638621,DLM_US_STANDARD_SHOPPING_TEST_PAID_READY,ENABLED,KEYWORD,ENABLED,True,,,outfit ideas,PHRASE
23802638621,DLM_US_STANDARD_SHOPPING_TEST_PAID_READY,ENABLED,KEYWORD,ENABLED,True,,,nearby,EXACT
23802638621,DLM_US_STANDARD_SHOPPING_TEST_PAID_READY,ENABLED,KEYWORD,ENABLED,True,,,maternity hospital,PHRASE
23802638621,DLM_US_STANDARD_SHOPPING_TEST_PAID_READY,ENABLED,KEYWORD,ENABLED,True,,,butterick pattern,PHRASE
23802638621,DLM_US_STANDARD_SHOPPING_TEST_PAID_READY,ENABLED,KEYWORD,ENABLED,True,,,fashion designer job,PHRASE
23802638621,DLM_US_STANDARD_SHOPPING_TEST_PAID_READY,ENABLED,KEYWORD,ENABLED,True,,,competitor,PHRASE
23802638621,DLM_US_STANDARD_SHOPPING_TEST_PAID_READY,ENABLED,KEYWORD,ENABLED,True,,,matching underwear,PHRASE
23802638621,DLM_US_STANDARD_SHOPPING_TEST_PAID_READY,ENABLED,KEYWORD,ENABLED,True,,,bulk order,PHRASE
23802638621,DLM_US_STANDARD_SHOPPING_TEST_PAID_READY,ENABLED,KEYWORD,ENABLED,True,,,accessories only,PHRASE
23802638621,DLM_US_STANDARD_SHOPPING_TEST_PAID_READY,ENABLED,KEYWORD,ENABLED,True,,,pet outfit,PHRASE
23802638621,DLM_US_STANDARD_SHOPPING_TEST_PAID_READY,ENABLED,KEYWORD,ENABLED,True,,,shops near,PHRASE
23802638621,DLM_US_STANDARD_SHOPPING_TEST_PAID_READY,ENABLED,KEYWORD,ENABLED,True,,,youtube,EXACT
23802638621,DLM_US_STANDARD_SHOPPING_TEST_PAID_READY,ENABLED,KEYWORD,ENABLED,True,,,how to match,PHRASE
23802638621,DLM_US_STANDARD_SHOPPING_TEST_PAID_READY,ENABLED,KEYWORD,ENABLED,True,,,free pattern,PHRASE
23802638621,DLM_US_STANDARD_SHOPPING_TEST_PAID_READY,ENABLED,KEYWORD,ENABLED,True,,,near by,PHRASE
23802638621,DLM_US_STANDARD_SHOPPING_TEST_PAID_READY,ENABLED,KEYWORD,ENABLED,True,,,stores near,PHRASE
23802638621,DLM_US_STANDARD_SHOPPING_TEST_PAID_READY,ENABLED,KEYWORD,ENABLED,True,,,refund policy,PHRASE
23802638621,DLM_US_STANDARD_SHOPPING_TEST_PAID_READY,ENABLED,KEYWORD,ENABLED,True,,,shein,EXACT
23802638621,DLM_US_STANDARD_SHOPPING_TEST_PAID_READY,ENABLED,KEYWORD,ENABLED,True,,,etsy,EXACT
23802638621,DLM_US_STANDARD_SHOPPING_TEST_PAID_READY,ENABLED,KEYWORD,ENABLED,True,,,reddit,EXACT
23802638621,DLM_US_STANDARD_SHOPPING_TEST_PAID_READY,ENABLED,KEYWORD,ENABLED,True,,,ugly sweater,PHRASE
23802638621,DLM_US_STANDARD_SHOPPING_TEST_PAID_READY,ENABLED,KEYWORD,ENABLED,True,,,temu,EXACT
23802638621,DLM_US_STANDARD_SHOPPING_TEST_PAID_READY,ENABLED,KEYWORD,ENABLED,True,,,photoshoot ideas,PHRASE
23802638621,DLM_US_STANDARD_SHOPPING_TEST_PAID_READY,ENABLED,KEYWORD,ENABLED,True,,,curbside pickup,PHRASE
23802638621,DLM_US_STANDARD_SHOPPING_TEST_PAID_READY,ENABLED,KEYWORD,ENABLED,True,,,aliexpress,EXACT
23802638621,DLM_US_STANDARD_SHOPPING_TEST_PAID_READY,ENABLED,KEYWORD,ENABLED,True,,,trust pilot,PHRASE
23802638621,DLM_US_STANDARD_SHOPPING_TEST_PAID_READY,ENABLED,KEYWORD,ENABLED,True,,,trustpilot,EXACT
23802638621,DLM_US_STANDARD_SHOPPING_TEST_PAID_READY,ENABLED,KEYWORD,ENABLED,True,,,pinterest,EXACT
23802638621,DLM_US_STANDARD_SHOPPING_TEST_PAID_READY,ENABLED,KEYWORD,ENABLED,True,,,zaful,EXACT
23802638621,DLM_US_STANDARD_SHOPPING_TEST_PAID_READY,ENABLED,KEYWORD,ENABLED,True,,,local shop,PHRASE
23802638621,DLM_US_STANDARD_SHOPPING_TEST_PAID_READY,ENABLED,KEYWORD,ENABLED,True,,,style tips,PHRASE
23802638621,DLM_US_STANDARD_SHOPPING_TEST_PAID_READY,ENABLED,KEYWORD,ENABLED,True,,,matching bracelet,PHRASE
23802638621,DLM_US_STANDARD_SHOPPING_TEST_PAID_READY,ENABLED,KEYWORD,ENABLED,True,,,picture ideas,PHRASE
23802638621,DLM_US_STANDARD_SHOPPING_TEST_PAID_READY,ENABLED,KEYWORD,ENABLED,True,,,matching luggage,PHRASE
23802638621,DLM_US_STANDARD_SHOPPING_TEST_PAID_READY,ENABLED,KEYWORD,ENABLED,True,,,quora,EXACT
23802638621,DLM_US_STANDARD_SHOPPING_TEST_PAID_READY,ENABLED,KEYWORD,ENABLED,True,,,formal gown,PHRASE
23802638621,DLM_US_STANDARD_SHOPPING_TEST_PAID_READY,ENABLED,KEYWORD,ENABLED,True,,,matching rings,PHRASE
23802638621,DLM_US_STANDARD_SHOPPING_TEST_PAID_READY,ENABLED,KEYWORD,ENABLED,True,,,wholesale dresses,PHRASE
23802638621,DLM_US_STANDARD_SHOPPING_TEST_PAID_READY,ENABLED,KEYWORD,ENABLED,True,,,mood board,PHRASE
23802638621,DLM_US_STANDARD_SHOPPING_TEST_PAID_READY,ENABLED,KEYWORD,ENABLED,True,,,dog and owner,PHRASE
23802638621,DLM_US_STANDARD_SHOPPING_TEST_PAID_READY,ENABLED,KEYWORD,ENABLED,True,,,free outfits,PHRASE
23802638621,DLM_US_STANDARD_SHOPPING_TEST_PAID_READY,ENABLED,KEYWORD,ENABLED,True,,,bbb complaint,PHRASE
23802638621,DLM_US_STANDARD_SHOPPING_TEST_PAID_READY,ENABLED,KEYWORD,ENABLED,True,,,1688,EXACT
23802638621,DLM_US_STANDARD_SHOPPING_TEST_PAID_READY,ENABLED,KEYWORD,ENABLED,True,,,matching apron,PHRASE
23802638621,DLM_US_STANDARD_SHOPPING_TEST_PAID_READY,ENABLED,KEYWORD,ENABLED,True,,,outfit pattern,PHRASE
23802638621,DLM_US_STANDARD_SHOPPING_TEST_PAID_READY,ENABLED,KEYWORD,ENABLED,True,,,matching jewelry,PHRASE
23802638621,DLM_US_STANDARD_SHOPPING_TEST_PAID_READY,ENABLED,KEYWORD,ENABLED,True,,,patpat,EXACT
23802638621,DLM_US_STANDARD_SHOPPING_TEST_PAID_READY,ENABLED,KEYWORD,ENABLED,True,,,matching socks,PHRASE
23802638621,DLM_US_STANDARD_SHOPPING_TEST_PAID_READY,ENABLED,KEYWORD,ENABLED,True,,,clothing vendor,PHRASE
23802638621,DLM_US_STANDARD_SHOPPING_TEST_PAID_READY,ENABLED,KEYWORD,ENABLED,True,,,is it legit,PHRASE
23802638621,DLM_US_STANDARD_SHOPPING_TEST_PAID_READY,ENABLED,KEYWORD,ENABLED,True,,,free matching,PHRASE
23802638621,DLM_US_STANDARD_SHOPPING_TEST_PAID_READY,ENABLED,KEYWORD,ENABLED,True,,,matching shoes,PHRASE
23802638621,DLM_US_STANDARD_SHOPPING_TEST_PAID_READY,ENABLED,KEYWORD,ENABLED,True,,,christmas sweater ugly,PHRASE
23802638621,DLM_US_STANDARD_SHOPPING_TEST_PAID_READY,ENABLED,KEYWORD,ENABLED,True,,,same day pickup,PHRASE
23802638621,DLM_US_STANDARD_SHOPPING_TEST_PAID_READY,ENABLED,KEYWORD,ENABLED,True,,,how to style,PHRASE
23802638621,DLM_US_STANDARD_SHOPPING_TEST_PAID_READY,ENABLED,KEYWORD,ENABLED,True,,,lingerie matching,PHRASE
23802638621,DLM_US_STANDARD_SHOPPING_TEST_PAID_READY,ENABLED,KEYWORD,ENABLED,True,,,matching underwear set,PHRASE
23802638621,DLM_US_STANDARD_SHOPPING_TEST_PAID_READY,ENABLED,KEYWORD,ENABLED,True,,,hanna andersson,PHRASE
23802638621,DLM_US_STANDARD_SHOPPING_TEST_PAID_READY,ENABLED,KEYWORD,ENABLED,True,,,romwe,EXACT
23802638621,DLM_US_STANDARD_SHOPPING_TEST_PAID_READY,ENABLED,KEYWORD,ENABLED,True,,,used matching,PHRASE
23802638621,DLM_US_STANDARD_SHOPPING_TEST_PAID_READY,ENABLED,KEYWORD,ENABLED,True,,,matching bag,PHRASE
23802638621,DLM_US_STANDARD_SHOPPING_TEST_PAID_READY,ENABLED,KEYWORD,ENABLED,True,,,stitch pattern,PHRASE
23802638621,DLM_US_STANDARD_SHOPPING_TEST_PAID_READY,ENABLED,KEYWORD,ENABLED,True,,,inspiration board,PHRASE
23802638621,DLM_US_STANDARD_SHOPPING_TEST_PAID_READY,ENABLED,KEYWORD,ENABLED,True,,,matching watch,PHRASE
23802638621,DLM_US_STANDARD_SHOPPING_TEST_PAID_READY,ENABLED,KEYWORD,ENABLED,True,,,pattern download,PHRASE
23802638621,DLM_US_STANDARD_SHOPPING_TEST_PAID_READY,ENABLED,KEYWORD,ENABLED,True,,,primary clothing,PHRASE
23802638621,DLM_US_STANDARD_SHOPPING_TEST_PAID_READY,ENABLED,KEYWORD,ENABLED,True,,,style ideas,PHRASE
23802638621,DLM_US_STANDARD_SHOPPING_TEST_PAID_READY,ENABLED,KEYWORD,ENABLED,True,,,celebrity matching,PHRASE
23802638621,DLM_US_STANDARD_SHOPPING_TEST_PAID_READY,ENABLED,KEYWORD,ENABLED,True,,,shoes only,PHRASE
23802638621,DLM_US_STANDARD_SHOPPING_TEST_PAID_READY,ENABLED,KEYWORD,ENABLED,True,,,matching tattoo,PHRASE
23802638621,DLM_US_STANDARD_SHOPPING_TEST_PAID_READY,ENABLED,KEYWORD,ENABLED,True,,,clothing swap,PHRASE
23802638621,DLM_US_STANDARD_SHOPPING_TEST_PAID_READY,ENABLED,KEYWORD,ENABLED,True,,,pet matching,PHRASE
23802638621,DLM_US_STANDARD_SHOPPING_TEST_PAID_READY,ENABLED,KEYWORD,ENABLED,True,,,handmade tutorial,PHRASE
23802638621,DLM_US_STANDARD_SHOPPING_TEST_PAID_READY,ENABLED,KEYWORD,ENABLED,True,,,matching sneakers,PHRASE
23802638621,DLM_US_STANDARD_SHOPPING_TEST_PAID_READY,ENABLED,KEYWORD,ENABLED,True,,,mccalls pattern,PHRASE
23802638621,DLM_US_STANDARD_SHOPPING_TEST_PAID_READY,ENABLED,KEYWORD,ENABLED,True,,,pdf pattern,PHRASE
23802638621,DLM_US_STANDARD_SHOPPING_TEST_PAID_READY,ENABLED,KEYWORD,ENABLED,True,,,instagram outfit,PHRASE
23802638621,DLM_US_STANDARD_SHOPPING_TEST_PAID_READY,ENABLED,KEYWORD,ENABLED,True,,,in-store pickup,PHRASE
23802638621,DLM_US_STANDARD_SHOPPING_TEST_PAID_READY,ENABLED,KEYWORD,ENABLED,True,,,clothing designer job,PHRASE
23802638621,DLM_US_STANDARD_SHOPPING_TEST_PAID_READY,ENABLED,KEYWORD,ENABLED,True,,,craft tutorial,PHRASE
23802638621,DLM_US_STANDARD_SHOPPING_TEST_PAID_READY,ENABLED,KEYWORD,ENABLED,True,,,outfit inspiration,PHRASE
23802638621,DLM_US_STANDARD_SHOPPING_TEST_PAID_READY,ENABLED,KEYWORD,ENABLED,True,,,pet and owner matching,PHRASE
23802638621,DLM_US_STANDARD_SHOPPING_TEST_PAID_READY,ENABLED,KEYWORD,ENABLED,True,,,walmart matching,PHRASE
23802638621,DLM_US_STANDARD_SHOPPING_TEST_PAID_READY,ENABLED,KEYWORD,ENABLED,True,,,legit or not,PHRASE
23802638621,DLM_US_STANDARD_SHOPPING_TEST_PAID_READY,ENABLED,KEYWORD,ENABLED,True,,,wedding matching,PHRASE
23802638621,DLM_US_STANDARD_SHOPPING_TEST_PAID_READY,ENABLED,KEYWORD,ENABLED,True,,,how to coordinate,PHRASE
23802638621,DLM_US_STANDARD_SHOPPING_TEST_PAID_READY,ENABLED,KEYWORD,ENABLED,True,,,matching robe,PHRASE
23802638621,DLM_US_STANDARD_SHOPPING_TEST_PAID_READY,ENABLED,KEYWORD,ENABLED,True,,,matching necklace,PHRASE
23802638621,DLM_US_STANDARD_SHOPPING_TEST_PAID_READY,ENABLED,KEYWORD,ENABLED,True,,,bridesmaid matching,PHRASE
23802638621,DLM_US_STANDARD_SHOPPING_TEST_PAID_READY,ENABLED,KEYWORD,ENABLED,True,,,dog matching,PHRASE
23802638621,DLM_US_STANDARD_SHOPPING_TEST_PAID_READY,ENABLED,KEYWORD,ENABLED,True,,,halloween matching,PHRASE
23802638621,DLM_US_STANDARD_SHOPPING_TEST_PAID_READY,ENABLED,KEYWORD,ENABLED,True,,,matching phone case,PHRASE
23802638621,DLM_US_STANDARD_SHOPPING_TEST_PAID_READY,ENABLED,KEYWORD,ENABLED,True,,,sexy matching,PHRASE
23802638621,DLM_US_STANDARD_SHOPPING_TEST_PAID_READY,ENABLED,KEYWORD,ENABLED,True,,,matching purse,PHRASE
23802638621,DLM_US_STANDARD_SHOPPING_TEST_PAID_READY,ENABLED,KEYWORD,ENABLED,True,,,matching backpack,PHRASE
23802638621,DLM_US_STANDARD_SHOPPING_TEST_PAID_READY,ENABLED,KEYWORD,ENABLED,True,,,photoshoot tips,PHRASE
23802638621,DLM_US_STANDARD_SHOPPING_TEST_PAID_READY,ENABLED,KEYWORD,ENABLED,True,,,clearance only,PHRASE
23802638621,DLM_US_STANDARD_SHOPPING_TEST_PAID_READY,ENABLED,KEYWORD,ENABLED,True,,,gap matching,PHRASE
23802638621,DLM_US_STANDARD_SHOPPING_TEST_PAID_READY,ENABLED,KEYWORD,ENABLED,True,,,old navy matching,PHRASE
23802638621,DLM_US_STANDARD_SHOPPING_TEST_PAID_READY,ENABLED,KEYWORD,ENABLED,True,,,target matching,PHRASE
23802638621,DLM_US_STANDARD_SHOPPING_TEST_PAID_READY,ENABLED,KEYWORD,ENABLED,True,,,old navy mommy and me,PHRASE
23802638621,DLM_US_STANDARD_SHOPPING_TEST_PAID_READY,ENABLED,KEYWORD,ENABLED,True,,,tiktok trend,PHRASE
23802638621,DLM_US_STANDARD_SHOPPING_TEST_PAID_READY,ENABLED,KEYWORD,ENABLED,True,,,wholesale mommy and me,PHRASE
23802638621,DLM_US_STANDARD_SHOPPING_TEST_PAID_READY,ENABLED,KEYWORD,ENABLED,True,,,free shipping only,PHRASE
23802638621,DLM_US_STANDARD_SHOPPING_TEST_PAID_READY,ENABLED,KEYWORD,ENABLED,True,,,matching pajamas silk,PHRASE
23802638621,DLM_US_STANDARD_SHOPPING_TEST_PAID_READY,ENABLED,KEYWORD,ENABLED,True,,,matching face mask,PHRASE
23802638621,DLM_US_STANDARD_SHOPPING_TEST_PAID_READY,ENABLED,KEYWORD,ENABLED,True,,,tiktok outfit,PHRASE
23802638621,DLM_US_STANDARD_SHOPPING_TEST_PAID_READY,ENABLED,KEYWORD,ENABLED,True,,,what is mommy and me,PHRASE
23802638621,DLM_US_STANDARD_SHOPPING_TEST_PAID_READY,ENABLED,KEYWORD,ENABLED,True,,,matching pet,PHRASE
23802638621,DLM_US_STANDARD_SHOPPING_TEST_PAID_READY,ENABLED,KEYWORD,ENABLED,True,,,jewelry only,PHRASE
23802638621,DLM_US_STANDARD_SHOPPING_TEST_PAID_READY,ENABLED,KEYWORD,ENABLED,True,,,carter's matching,PHRASE
23802638621,DLM_US_STANDARD_SHOPPING_TEST_PAID_READY,ENABLED,KEYWORD,ENABLED,True,,,matching onesie adult,PHRASE
23802638621,DLM_US_STANDARD_SHOPPING_TEST_PAID_READY,ENABLED,KEYWORD,ENABLED,True,,,crochet matching,PHRASE
23802638621,DLM_US_STANDARD_SHOPPING_TEST_PAID_READY,ENABLED,KEYWORD,ENABLED,True,,,tutorial sewing,PHRASE
23802638621,DLM_US_STANDARD_SHOPPING_TEST_PAID_READY,ENABLED,KEYWORD,ENABLED,True,,,diy matching outfits,PHRASE
23802638621,DLM_US_STANDARD_SHOPPING_TEST_PAID_READY,ENABLED,KEYWORD,ENABLED,True,,,celebrity mommy,PHRASE
23802638621,DLM_US_STANDARD_SHOPPING_TEST_PAID_READY,ENABLED,KEYWORD,ENABLED,True,,,wholesale matching,PHRASE
23802638621,DLM_US_STANDARD_SHOPPING_TEST_PAID_READY,ENABLED,KEYWORD,ENABLED,True,,,bulk matching,PHRASE
23802638621,DLM_US_STANDARD_SHOPPING_TEST_PAID_READY,ENABLED,KEYWORD,ENABLED,True,,,diy mommy and me,PHRASE
23802638621,DLM_US_STANDARD_SHOPPING_TEST_PAID_READY,ENABLED,KEYWORD,ENABLED,True,,,knit matching,PHRASE
23802638621,DLM_US_STANDARD_SHOPPING_TEST_PAID_READY,ENABLED,KEYWORD,ENABLED,True,,,outfit ideas only,PHRASE
23802638621,DLM_US_STANDARD_SHOPPING_TEST_PAID_READY,ENABLED,KEYWORD,ENABLED,True,,,matching shoes only,PHRASE
23802638621,DLM_US_STANDARD_SHOPPING_TEST_PAID_READY,ENABLED,KEYWORD,ENABLED,True,,,matching hat only,PHRASE
23802638621,DLM_US_STANDARD_SHOPPING_TEST_PAID_READY,ENABLED,KEYWORD,ENABLED,True,,,matching socks only,PHRASE
23802638621,DLM_US_STANDARD_SHOPPING_TEST_PAID_READY,ENABLED,KEYWORD,ENABLED,True,,,matching pajamas baby doll,PHRASE
23802638621,DLM_US_STANDARD_SHOPPING_TEST_PAID_READY,ENABLED,KEYWORD,ENABLED,True,,,prom matching,PHRASE
23802638621,DLM_US_STANDARD_SHOPPING_TEST_PAID_READY,ENABLED,KEYWORD,ENABLED,True,,,graduation matching,PHRASE
23802638621,DLM_US_STANDARD_SHOPPING_TEST_PAID_READY,ENABLED,KEYWORD,ENABLED,True,,,uniform matching,PHRASE
23802638621,DLM_US_STANDARD_SHOPPING_TEST_PAID_READY,ENABLED,KEYWORD,ENABLED,True,,,what are matching outfits,PHRASE
23802638621,DLM_US_STANDARD_SHOPPING_TEST_PAID_READY,ENABLED,KEYWORD,ENABLED,True,,,history of matching,PHRASE
23802638621,DLM_US_STANDARD_SHOPPING_TEST_PAID_READY,ENABLED,KEYWORD,ENABLED,True,,,matching ideas,PHRASE
23802638621,DLM_US_STANDARD_SHOPPING_TEST_PAID_READY,ENABLED,KEYWORD,ENABLED,True,,,instagram matching,PHRASE
23802638621,DLM_US_STANDARD_SHOPPING_TEST_PAID_READY,ENABLED,KEYWORD,ENABLED,True,,,resell matching,PHRASE
23802638621,DLM_US_STANDARD_SHOPPING_TEST_PAID_READY,ENABLED,KEYWORD,ENABLED,True,,,second hand matching,PHRASE
23802638621,DLM_US_STANDARD_SHOPPING_TEST_PAID_READY,ENABLED,KEYWORD,ENABLED,True,,,thrift matching,PHRASE
23802638621,DLM_US_STANDARD_SHOPPING_TEST_PAID_READY,ENABLED,KEYWORD,ENABLED,True,,,consignment matching,PHRASE
23802638621,DLM_US_STANDARD_SHOPPING_TEST_PAID_READY,ENABLED,KEYWORD,ENABLED,True,,,cheapest matching,PHRASE
23802638621,DLM_US_STANDARD_SHOPPING_TEST_PAID_READY,ENABLED,KEYWORD,ENABLED,True,,,matching hats only,PHRASE
23802638621,DLM_US_STANDARD_SHOPPING_TEST_PAID_READY,ENABLED,KEYWORD,ENABLED,True,,,boudoir matching,PHRASE
23802638621,DLM_US_STANDARD_SHOPPING_TEST_PAID_READY,ENABLED,KEYWORD,ENABLED,True,,,clubwear matching,PHRASE
23802638621,DLM_US_STANDARD_SHOPPING_TEST_PAID_READY,ENABLED,KEYWORD,ENABLED,True,,,clothing brand job,PHRASE
23802638621,DLM_US_STANDARD_SHOPPING_TEST_PAID_READY,ENABLED,LOCATION,ENABLED,False,geoTargetConstants/2840,,,UNSPECIFIED
23802638621,DLM_US_STANDARD_SHOPPING_TEST_PAID_READY,ENABLED,DEVICE,ENABLED,False,,,,UNSPECIFIED
23802638621,DLM_US_STANDARD_SHOPPING_TEST_PAID_READY,ENABLED,DEVICE,ENABLED,False,,,,UNSPECIFIED
23802638621,DLM_US_STANDARD_SHOPPING_TEST_PAID_READY,ENABLED,DEVICE,ENABLED,False,,,,UNSPECIFIED
23802638621,DLM_US_STANDARD_SHOPPING_TEST_PAID_READY,ENABLED,LISTING_SCOPE,ENABLED,False,,,,UNSPECIFIED
18154132278,PMax: Shopping ads (United States),PAUSED,LOCATION,ENABLED,True,geoTargetConstants/2156,,,UNSPECIFIED
18154132278,PMax: Shopping ads (United States),PAUSED,LOCATION,ENABLED,True,geoTargetConstants/2356,,,UNSPECIFIED
18154132278,PMax: Shopping ads (United States),PAUSED,LOCATION,ENABLED,True,geoTargetConstants/2360,,,UNSPECIFIED
18154132278,PMax: Shopping ads (United States),PAUSED,LOCATION,ENABLED,True,geoTargetConstants/2586,,,UNSPECIFIED
18154132278,PMax: Shopping ads (United States),PAUSED,LOCATION,ENABLED,True,geoTargetConstants/2608,,,UNSPECIFIED
18154132278,PMax: Shopping ads (United States),PAUSED,LOCATION,ENABLED,True,geoTargetConstants/2702,,,UNSPECIFIED
18154132278,PMax: Shopping ads (United States),PAUSED,LOCATION,ENABLED,False,geoTargetConstants/2840,,,UNSPECIFIED
18154132278,PMax: Shopping ads (United States),PAUSED,DEVICE,ENABLED,False,,,,UNSPECIFIED
18154132278,PMax: Shopping ads (United States),PAUSED,DEVICE,ENABLED,False,,,,UNSPECIFIED
18154132278,PMax: Shopping ads (United States),PAUSED,DEVICE,ENABLED,False,,,,UNSPECIFIED
18154132278,PMax: Shopping ads (United States),PAUSED,DEVICE,ENABLED,False,,,,UNSPECIFIED
18154132284,PMax: USA Google Shopping T-Shirts,PAUSED,LOCATION,ENABLED,True,geoTargetConstants/2156,,,UNSPECIFIED
18154132284,PMax: USA Google Shopping T-Shirts,PAUSED,LOCATION,ENABLED,True,geoTargetConstants/2356,,,UNSPECIFIED
18154132284,PMax: USA Google Shopping T-Shirts,PAUSED,LOCATION,ENABLED,True,geoTargetConstants/2360,,,UNSPECIFIED
18154132284,PMax: USA Google Shopping T-Shirts,PAUSED,LOCATION,ENABLED,True,geoTargetConstants/2586,,,UNSPECIFIED
18154132284,PMax: USA Google Shopping T-Shirts,PAUSED,LOCATION,ENABLED,True,geoTargetConstants/2608,,,UNSPECIFIED
18154132284,PMax: USA Google Shopping T-Shirts,PAUSED,LOCATION,ENABLED,True,geoTargetConstants/2702,,,UNSPECIFIED
18154132284,PMax: USA Google Shopping T-Shirts,PAUSED,LOCATION,ENABLED,False,geoTargetConstants/2840,,,UNSPECIFIED
18154132284,PMax: USA Google Shopping T-Shirts,PAUSED,DEVICE,ENABLED,False,,,,UNSPECIFIED
18154132284,PMax: USA Google Shopping T-Shirts,PAUSED,DEVICE,ENABLED,False,,,,UNSPECIFIED
18154132284,PMax: USA Google Shopping T-Shirts,PAUSED,DEVICE,ENABLED,False,,,,UNSPECIFIED
18154132284,PMax: USA Google Shopping T-Shirts,PAUSED,DEVICE,ENABLED,False,,,,UNSPECIFIED
23609373008,Remarketing - Cart Abandoners & Checkout Starters,PAUSED,CONTENT_LABEL,ENABLED,True,,,,UNSPECIFIED
23609373008,Remarketing - Cart Abandoners & Checkout Starters,PAUSED,CONTENT_LABEL,ENABLED,True,,,,UNSPECIFIED
23609373008,Remarketing - Cart Abandoners & Checkout Starters,PAUSED,CONTENT_LABEL,ENABLED,True,,,,UNSPECIFIED
23609373008,Remarketing - Cart Abandoners & Checkout Starters,PAUSED,CONTENT_LABEL,ENABLED,True,,,,UNSPECIFIED
23609373008,Remarketing - Cart Abandoners & Checkout Starters,PAUSED,CONTENT_LABEL,ENABLED,True,,,,UNSPECIFIED
23609373008,Remarketing - Cart Abandoners & Checkout Starters,PAUSED,CONTENT_LABEL,ENABLED,True,,,,UNSPECIFIED
23609373008,Remarketing - Cart Abandoners & Checkout Starters,PAUSED,CONTENT_LABEL,ENABLED,True,,,,UNSPECIFIED
23609373008,Remarketing - Cart Abandoners & Checkout Starters,PAUSED,CONTENT_LABEL,ENABLED,True,,,,UNSPECIFIED
23609373008,Remarketing - Cart Abandoners & Checkout Starters,PAUSED,CONTENT_LABEL,ENABLED,True,,,,UNSPECIFIED
23609373008,Remarketing - Cart Abandoners & Checkout Starters,PAUSED,CONTENT_LABEL,ENABLED,True,,,,UNSPECIFIED
23609373008,Remarketing - Cart Abandoners & Checkout Starters,PAUSED,CONTENT_LABEL,ENABLED,True,,,,UNSPECIFIED
23609373008,Remarketing - Cart Abandoners & Checkout Starters,PAUSED,LANGUAGE,ENABLED,False,,languageConstants/1000,,UNSPECIFIED
23609373008,Remarketing - Cart Abandoners & Checkout Starters,PAUSED,LOCATION,ENABLED,True,geoTargetConstants/2156,,,UNSPECIFIED
23609373008,Remarketing - Cart Abandoners & Checkout Starters,PAUSED,LOCATION,ENABLED,True,geoTargetConstants/2356,,,UNSPECIFIED
23609373008,Remarketing - Cart Abandoners & Checkout Starters,PAUSED,LOCATION,ENABLED,True,geoTargetConstants/2360,,,UNSPECIFIED
23609373008,Remarketing - Cart Abandoners & Checkout Starters,PAUSED,LOCATION,ENABLED,True,geoTargetConstants/2586,,,UNSPECIFIED
23609373008,Remarketing - Cart Abandoners & Checkout Starters,PAUSED,LOCATION,ENABLED,True,geoTargetConstants/2608,,,UNSPECIFIED
23609373008,Remarketing - Cart Abandoners & Checkout Starters,PAUSED,LOCATION,ENABLED,True,geoTargetConstants/2702,,,UNSPECIFIED
23609373008,Remarketing - Cart Abandoners & Checkout Starters,PAUSED,LOCATION,ENABLED,False,geoTargetConstants/2840,,,UNSPECIFIED
23609373008,Remarketing - Cart Abandoners & Checkout Starters,PAUSED,DEVICE,ENABLED,False,,,,UNSPECIFIED
23609373008,Remarketing - Cart Abandoners & Checkout Starters,PAUSED,DEVICE,ENABLED,False,,,,UNSPECIFIED
23609373008,Remarketing - Cart Abandoners & Checkout Starters,PAUSED,DEVICE,ENABLED,False,,,,UNSPECIFIED
23609373008,Remarketing - Cart Abandoners & Checkout Starters,PAUSED,DEVICE,ENABLED,False,,,,UNSPECIFIED
23609373008,Remarketing - Cart Abandoners & Checkout Starters,PAUSED,LISTING_SCOPE,ENABLED,False,,,,UNSPECIFIED
23810101344,Search-105DLM_US_SEARCH_NONBRAND_20260503,PAUSED,LANGUAGE,ENABLED,False,,languageConstants/1000,,UNSPECIFIED
23810101344,Search-105DLM_US_SEARCH_NONBRAND_20260503,PAUSED,LOCATION,ENABLED,False,geoTargetConstants/2840,,,UNSPECIFIED
23810101344,Search-105DLM_US_SEARCH_NONBRAND_20260503,PAUSED,DEVICE,ENABLED,False,,,,UNSPECIFIED
23810101344,Search-105DLM_US_SEARCH_NONBRAND_20260503,PAUSED,DEVICE,ENABLED,False,,,,UNSPECIFIED
23810101344,Search-105DLM_US_SEARCH_NONBRAND_20260503,PAUSED,DEVICE,ENABLED,False,,,,UNSPECIFIED
